Welsh lawmakers are worried they will "look like Muppets"
Some Assembly Members (AM) were sympawned by a proposal to be invoked by members of the Welsh Parliament (Member of the Welsh, MWP).
This is due to plans to rename the assembly to the Welsh Parliament.
MPs from all political spectra are concerned that they could become the subject of mockery.
A parliamentarian from the Labursina party stated that his group is concerned that this name is “rumilting with Twp and Pwp”.
For readers outside of Wales: in Welsh twp it means stupid, and pwp govance.
A Member of Parliament of the Party of Wales (velš. Plaid Cymru) stated that the group as a whole is “not satisfied” and proposed alternative solutions.
The Welsh Conservative stated that its group is "open" to change the name, but that MWP can be quickly turned into Muppet.
In this backdangFive letter “w” is pronounced similarly to the pronunciation of the letter “in” in York.
The Parliamentary Committee, which is currently preparing the law for the imposition of a name-regulation, said: “Of course, a final decision on how parliamentarians will be titulated themselves.”
The 2017 Law of the Government of Wales has given to the Welsh Parliament the power to change its name.
In in June, the Committee published the results of a public consultation on the proposals encountered widespread support for a change in the name of the congress in the Welsh Parliament.
When it Comes to what MEPs will be known, the Committee was inclined to "Member Members of the Neighbour Parliament" or MWP, but the MWP option has received the most support during a public consultation.
MPs are proposposing alternative options, but the struggle to reach a consensus could bring headaches to the Speaker of Parliament Elin Jones who is expected to submit a bill on change within a few weeks.
Legislature on reforms will include other changes in the functioning of the parliament, including rules on disqualification of parliamentarians and the establishment of a system of committees.
During the debate on the bill, parliamentarians will have a decisive vote in connection with a question about how they want to be called.
Macedonians hold referendum on changing country names
Voters on Sunday will vote on whether they want to change their country's name to "Republika North Macedonia".
Dedicating the vote is to unresolve a decades-long dispute with neighboring Greece where there's a province called Macedonia
Athena has long insisted that the name of its northern neighbor constitutes a retrieval of Greek territory and has repeatedly opposed the initiation of the process of its accession to the EU and NATO.
Macedonian President Gjorge Ivanov, an adversary for plebiscite about changing his name, has said he will not recognise the referendum decision.
But supporters of the referendum, including Prime Minister Zoran Zaev, argue that a name change is simply a price to be paid to join the EU and NATO.
The bells of St. Martians were silent as churches in Harlem fight for survival
"The elderly people I spoke to said there could be a bar and a church on every corner in the past," Adams said.
“There’s nothing else today.”
Said the disappearance of bars was understandable.
“Ye people are socializing in a different way today,” he said.
“The bars don’t represent the living rooms of the neighborhood where people regularly reside.”
When it comes to churches, it is concerned that the money from the sale of property will not last for as long as ecclesiastical leaders think and “earlier or later it will be found again at the beginning.”
He added that the churches could replace residential buildings with apartments inhaiating people who won't help the remaining churches in the neighborhood.
"The vast majority of people who buy apartments in these buildings will be white people," he said, "so a day will come faster when these churches will be completely closed because it is unlikely that residents who move into these dwellings will become members of these churches."
Both churches were built by white congregations before Harlem became a black metropolo, Metropolitan Community in 1870 and St. Martin ten years later.
The original Belarusian Methodological Congregation emigrated in the 1930s.
The black congregation, which kept worship nearby, took ownership of the building.
The church of St. Martin was taken over by black congregation with Reverend John Howard Johnson at the helm who was also led by a boycott of retailers in the 125th-a-century, main shopping street in Harlem, who opposed hiring or advancing Negroes.
The 1939 wildfire severely damaged the building, but since Religious Johnson parishioners planned its re-growth, ordered a series of bells, the so-called carillon.
Remaining David Johnson, the son of Johnson's father and successor in St. Martin, proudly called Carillon "the bells of poor people."
An expert who played on carvillon in July used a different name: “cultural treasure” and an “indisputable historical instrument”.
Tiffany Ng, an expert at the University of Michigan, noted that it was also the first carillallon in the world to be played by black musician Dionisio A. Lind, who has been playing for 18 years at a major carillan at the Riverside church.
Mr. Merriweather said he didn't replace it.
What takes place in St. Martin over the past few months is a complex story about the architects and performers of construction works, some of which have brought in the lay leaders of the church and other episcopal dioceses.
Sacristies, the governing body of the parish made up of the laity, was written by the diocese in July due to concerns that the diocese would "try to transfer the costs" to a sacristy, although sacristy was not involved in hiring architect architects and construction contractors sent by the diocese.
Some pregnant women complained of a lack of transparency on the side of diocese.
Shark Injutes 13-Year-Old Man While Diving for Lobsters in Caucasian
According to an official statement, a shark attacked and injured a 13-Year-Old boy on Saturday while dived for a lobster in California on the opening day the lobster hunting season was opened.
The attack occurred just before 7 a.m. near Beacon Beach in Encinitas.
Chad Hammel told San Diegu's KSWB-TV station that he dived with his friends about an hour-and-and-a-half-a-half on Saturday morning when he heard the boy's distress call, and then with the group he draped the scene of the attack to help get him out of the water.
Hammel said that at first he thought it was an excitement about the lobster caught, but then he realised he was shouting "He bit me!
"He bitten me!"
Hammel said that when he approached the boy, he noticed that his entire key bone was torn.
“I’ve yelled for everyone to get out of the water: “There's a shark in the water,” Hammel added.
The boy was transported by a helicopter to the Rady Children's Hospital in San Diegu and is still in a critical condition.
A shark species responsible for the attack is unknown.
Saving team captain Larry Giles told a press conference that a shark had been spotted in the area a few weeks earlier, but it was determined it wasn't a dangerous shark species.
Giles added that the victim had suffered traumatic injuries to his upper body.
At 48 o'clock, authorities sealed access from Ponto beach in Casabland to Swami in Ecinitas to conduct an investigation and the safety of swimmers.
Giles noted that there are more than 135 shark species in the area, but most of them do not be considered dangerous.
Sainsbury's plans to enter the UK beauty market
Sainsbury's becomes a competition with chains such as Boots, Superdrug and Debenhams by introducing cosmetic desks in the style of department stores and hiring specialized sellers.
As part of a major entry into the U.K UK beauty market worth £2.8bn, which continues to grow in parallel with a decline in sales in the clothing and home furnace market, larger beauty desks will be tested in 11 stores across the country and expand to additional stores next year if they prove successful.
Investing in cosmetic products is one of the ways in which supermarkets are trying to take advantage of space on the shelving that was once intended for televisions, microwave ovens and home equipment.
Sainsbury's representatives said they will double the size of the cosmetic product offering to 3000 products, including first-time brands such as Revlon, Essie, Tweezerman and Dr. PawPaw.
And the existing assortment of L‘Oreal, Maybelline and Burt's Bees will also gain more space with areas for specific brands similar to stores such as Boots.
The Supermarket is also restarting its assortment of Decorative Cosmetics Boutique, so most products will be suitable for vegans, and this is what younger customers are increasingly looking for.
In Addition, Parfunce Shop perfume dealer will try to use concessions at two Sainsbury's stores, the first that opened last week in Croydon in southern London and the second that opens in Selly Oauk in Birmingham later this year.
Online shopping and restorcaving for the daily purchase of small amounts of food in local foodstuff stores means that supermarkets need to try harder to attract people.
Mike Coupe, Sainsbury's director-general said the outlets would increasingly look like department stores while the supermarket chain seeks to respite affordable stores such as Aldi and Lidl by offering more services and non-food products.
Sainsbury's has introduced Argo outlets into hundreds of stores, as well as a large number of Habitats wards because it bought both chains two years ago, prompting groceries sales and making these acquisitions more profitable.
Preliminary pre-tournament of the supermarket to freshen up its departments of cosmetic and pharmaceutical products has not been successful.
Sainsbury's entered into a joint venture with Boots in early 2000, but it ended in a quarrel over the distribution of income from pharmacies in his supermarkets.
The new strategy came after Sainsbury's sold its pharmaceutical business three years ago for £125 million in £281 of Celesie, the Lloyds Pharmacy owner.
Lloydds will have a role in the plan to include an assortment of luxury skincaurers, including La Roche-Posay and Vichy in four stores.
Sainsbury's Bachelors said: "We've seen the look and impressions of our coscosal-producing departments to provide our customers with a more comfortable environment.
We've also invested in the special training of colleague who's going to be at hand to the customers and give them advice.
“Our range of brands is designed to suit all your needs, and an attractive environment and available locations mean that we are now an attractive destination to buy cosmetic products, which will lead to a change in old shopping habits.”
Peter Jones 'outraged' after Holly Willoughby backed away £11m contract
Dragon's star Den Peter Jones left to “coast outrage” after TV presenter Holly Willoughby gave up £112 million contract with his brand to focus on her new deals with Marks & Spencer and ITV
Willughby doesn't have time for their brand of home clothes and Truly fashion accessories.
Their brand has been compliant compared to the Goop Gwyneth Paltrow brand.
The show's presenter This Morning, 37, announced on Instagram that she was leaving.
Holly Willughby has left the star of Dragon's De Peter Jones that she's brewing from fury at the last minute withdrew from a shared profitable deal to focus on her own new glossy deals with Marks & Spencer and ITV.
Sources say Jones was “outrageous” when a golden girl of television during a tense-in-half-and-tuge meeting on Tuesday at his business empire headquarters in Marlow, Buckinghamshire, admitted that her new contracts worth up to £1.5 million mean she doesn't have enough time to dedicate any more to their home-and-compliant brand and Truly fashion accessories.
This deal was compared to the Goop Gwyneth Paltrow brand and was supposed to recougate Willughby's wealth estimated at £11 million.
When Willoughby (37) announced on Instagram that she was leaving Truly, Jones flew from Britain into one of his holiday homes.
"Truly was one of Hollywood's biggest priorities.
It's supposed to be a long-running investment in the future that it would have secured for the next few decades.
Her decision to rejuvenate smashed everyone involved in the deal.
No one was able to believe what was going on Tuesday so close to launching an entire line.
There is a lot of merchandise ready-to-issue merchandise at Marlow headquarters.”
Experts believe that due to the departure of this Morning's presenter, one of the stars in Britain where it is most cost-effective, the company could suffer a million-dollar losses due to large-occupied funds invested in products ranging from cushions and candlesticks to clothes and home clothes, as well as a possible additional delay to starting the line.
And this could mean the end of a long-standing friendship.
Mother-of-threes Willoughby and her husband Dan Baldwin have been close friends with Jones and his wife, Tara Capp.
Willoughby founded Truly with the Capp in 2016, and Jones (52) joined them as CEO in March.
Pairs together spend their vacations and Jones has a 40% stake in Baldwin's televised production company.
Willughby will become an M&S brand ambassador and will replace Ant McPartlin as the presenter of ITV show I‘m a celebrity.
A source close to Jones last night stated, “We don’t want to comment on his business activities.”
Difficult Negotiations, and then we fell in love
He joked about the crutches he would receive in the newspapers for comments that some might consider “unworthy of the president” and for having such a positive tribute to North Korea's leader.
“Why did President Trump give so many concessions?”
said Trump, impersonating the head of the news anchor.
“I didn’t make any concessions.”
He noted that Kim is interested in a second meeting after Trump called their first meeting in Singapore in June a major step toward North Korea's denuclearization.
Negotiations on denuclearization are stuck.
More than three months after a meeting in June in Singapore, North Korea's top diplomat, Ri Yong Ho, told World Leaders at the U.N. General Assembly that the north didn’t notice a “appropriate U.S.-responding response to North Korea disarpairing activities.
He noted that instead the U.S. still did not lift sanctions aimed at further pressure.
Trump took a more optimistic queue at the rally.
"It's going great with North Korea," he said.
“We were threatened by the war with North Korea.
Millions of people would have been killed.
“We have a great relationship now.”
He said that his efforts to improve relations with Kim have had positive results - a cessation of missile test launches, assistance in liberating the hostages and restoring the remaining U.S. troops at home.
He also debuked his uncommon approach to explaining relations with Kim.
"It's how it's easy to behave like a president, but instead of having 10,000 people in front of this busy arena, we'd have about 200 people out there," Trump said, pointing to a bunch of people right in front.
Manauty and earthquake in Indo-Edonesia devastate the island and killed hundreds
For example, after an Earthquake on Lombok foreign non-governmental organizations it was said that they did not need it.
Although more than 10 percent of Lombok's culmination has been dismantled, a national catastrophe has not been denominated, which is a pre-contribution for the use of international aid's resources.
"Unfortunately, in many cases, they have been very clear about not asking for international help, so it's all a bit problematic," Ms. Sumbung said.
"While Save the Children is drafting a team to travel to Palo, it's not yet certain that foreign staff will be able to work in the field.
Mr. Sutopo, a spokeswoman for national catastrophe's office, said Indonesian officials are assessing the situation in Palu to see whether international agencies will be allowed to engage in efforts to provide assistance.
Considering the constant trembling of soil in Indo-Edonesia, this country remains unduly unprepared to cope with the wrath of nature.
Although shelters in the tsunami case were built in Aceho, it is not something that is common in other parts of the coastal line.
The absence of siren for tsunami warnings in Palu, even though the warning was in effect, it probably contributed to the loss of life.
And at the best of the best journey between many Indonesian islands it's not easy.
Natural catastrophes further complicate logistics.
The ship of the hospital that was anchored in Lombok in order to take care of earthquake victims is on its way to Palo, but it takes at least three days to reach a new catastrophic site.
Improving the Indonesian disintegration structure was the foundation of President Joko Widodo's election campaign and a lot of money was invested in roads and railways.
But state administration under Joko is grueling with a lack of financial resources, and new elections are being held next year.
Joko also faces pressure from the remaining sectarian tensions in Indo-Ednezia, where members of the Muslim majority embraced a more Conservative form of faith.
More than 1000 people have been killed and dozens of thousands displaced from their homes as Christian and Muslim gangs fight in the streets of machetes, bows and arrows and other primitive weapons.
Watch: Liverpool player Daniel Sturridge has scored to equalise against Chelsea
Daniel Sturridge salvaged Liverpool on Saturday from defeat in the Premier League match against Chelsea with a goal in the 89th minute at Stamford Bridge in London.
Sturridge received an addition from Xherdan Shaqiri while he was at roughly 30 yards from a goal by Chelsea at a 1:0 result for Chelsea.
He switched the ball to his left leg before kicking her towards the opposite tripod.
The ball hovered high above the goal towards the right upper corner of the net.
The ball eventually escaped Kepaj Arrizabalaga who jumped towards it and entered the net.
"It's been challenging to get to that position, get to the ball, and players like Shaq are always striving to get as close as possible, so I've tried to give myself as much time as possible," Sturridge told LiverpoolFC.com
"I've seen Kante come and I've only touched the ball once. I didn't think too much about it and I'm just shooting."
Chelsea led at half-time with 1:0 after a goal by Belgian star Eden Hazard in the 25th minute.
The blue-and-advanded striker passed the ball back to Mateo Kovacic during that match before turning somewhere in the middle of the field and rushing into Liverpool's midfield.
Kovacic performed a quick pass in the middle of the field.
He then instructed a beautiful passing-fly ball that led Hahazard to the goal.
Hazard circumfereed the defence with his left-footed the ball into the net on the opposite tripod past Liverpool goalkeeper Alisson Becker.
Liverpool play a club competition match against Napoli in the Champions League at 3pm on Wednesday at the Sao Paolo Stadium in Naples, Italy.
Chelsea are greeted by Videoton at the UEFA Europa League at 3pm in London on Thursday.
The death toll in Indonesian tsunami rises to 832
Indo-Endiea earthquake-detected death toll has risen to $82, the state's catastrophe's office said early Sunday.
Sutopo Purwo Nugroho, a spokesperson told a news conference that it had been reported that a large number of people had been trapped in the rubble of buildings after a magnitude 7.5 earthquake that was felt on Friday and caused waves of up to 6 meters high.
The town of Palu, which has more than 380,000 inhabitants, is littered with remains of demolished buildings.
Police have arrested a man, 32, on suspicion of murder after a woman was fatally stabbed.
Investigation into the murder was triggered after a woman's body was found in Birkenhead in Merseyside this morning.
The 44-year-old was found at 07:55 with stab wounds on Grayson Mews in John Street, and a 32-year-old man has been arrested on suspicion of manslaughter.
Police have called on people from the area to come forward if they have seen or heard anything.
Detective Inspectorate Brian O'Hogan said: "The verse is still beginning, but I'd like everyone who's been near John Street in Birkenhead and they've seen or heard anything suspicious.
“I’d also like to urge everyone, especially taxi riders, who may have filmed something on their car cameras to contact us because they may have information that is crucial for our investigation.”
A curfew has confirmed that a woman whose body has been a resident of Birkenhead has been found and that she has been planted in a building.
This afternoon, friends arrived on the scene who feel they know this woman to ask questions about where she was found this morning.
Investigations are ongoing, and police have stated that the procedure for informing the victim's closest relatives is also underway.
A taxi rider who lives at Grayson Mews had just tried to go back to his apartment, but the officers told him that no one was allowed to enter the building or get out of it.
He was speechless when he found out what Happened.
Occupiers have now been told they'll take a few hours until they've been able to get back into their apartments.
The police officer reportedly told someone that the whole area is now being considered a crime scene.
The woman showed up at the crime scene in tears.
He constantly repeats: "It's so terribly."
At 14:00, there were two police vans in the enclosed area and another was parked just outside.
A large number of comrades stood within the encircled area and oversaw a residential bloc.
Of all who have any information, it has been requested to send a direct message to @MerPolCC, call them 101, or anonymously contact the Crimestoppers on 0800 555 111, citing minutes 247 from September 30.
Cromwell's Statue in Parliament is the latest monument that has found itself in the midst of a “reconfining of history”
Its persecution would be poetic justice for the near-Otalian destruction of so many English cultural and religious artifacts carried out by its fanatical Puritan followers.
But Cromwell's company called Mr Crick an “death” attempt and an “attempt to overcome history.”
John Goldsmit, president of Cromwell's company, said: "In the debate that is currently taking place in connection with the removal of the statues, it was inevitably that Oliver Cromwell's character in front of Westminster's Palace became the subject of debate.
An iconocclamation of English civil wars is not something Cromwell has ordered or carried out.
Perhaps the errosive Cromwell would have been sacrificed for the actions of his ancestor Thomas in the previous century.
A beautiful revival of Cromwell Sir William Hamo Thorneycroft is a testament to a 19th-century way of thinking and part of the historiography of a person that many still consider to be honorable.
Mr. Goldsmith told The Sunday Telegraph: "Cromwell is considered by many, perhaps more at the end of the 19th century than today, a defender of the parliament from external pressure. Of course, in his case it was the pressure of the monarchy.
Whether this is a completely credible opinion is the subject of a historical debate that goes on.
What's for sure is the mid-19th-century clash shaped the subsequent development of our nation, and Cromwell is an individual recognisable figure representing one side of that division.
“His accomplishments in the role of Lord Protector continue to pay tribute and commute.”
Pig killer Kills Chinese Farmer
According to local media reports, the pig attacked and killed a farmer at a market in south-west China.
A man named "Yuan alone" has been found dead slicked arteries and covered with blood near a stop at the Liupanshui market, Guizhou province, published Jutarnji list of southern China on Sunday.
A pig breeder prepared to vaccinate porcine boutiques on May 30, 2005 in Xining in China's Qinghai province.
Allied on Wednesday, he arrived with his cousin from neighboring Yunnan province to sell 15 pigs at the market.
The next morning, his cousin found him dead, and the doors of an adjoining pork were open.
Said there was a large male of pigs with blood on his mouth in the barn.
According to the report, a forensic trial confirmed that a pig weighing 250 pounds bitten a breeder to death.
Guiyang's queues state that a relative who is surnamed “Wu” stated: “My cousin’s legs were bloody and masculated.”
Security camera footage showed Yuan entered the market at 4:40 a.m. on Thursday to feed the pigs.
His body was found about an hour later.
The animal that killed Yuan didn't even belong to his cousin.
Caucasian warlord told Vecernje Novosti that a pig was locked to prevent it from attacking someone else while police are gathering evidence at the scene.
Yuan's family and market management are reportedly reluctant to remuneline for his death.
Although this rarely happens, attacks of pigs on humans have already been recorded before.
A pig attacked a woman and her husband at their Massachusetts farm in 2016 and her husband suffered life-threatening injuries.
Deapproximate ten years earlier, a 300-pound porcine pig pinned a Welsh farmer alongside a tractor until his wife chased the animal away.
In 2012, the pigs were eaten by a farmer in Oregon, a Manitoba farmer told CBC News that the pigs are not usually aggressive, but that the taste of the blood could act as a “trigger”.
“They’re just playful.
They're snacking, they're very keen... they don't want to hurt anyone.
They just need to show their respect," he said.
Remains of Hurricane Rosa Bring Severe Rains to Southwest U.S.
Pronounced, Hurricane Rosa is weakening over the colder waters of the northern coast of Mexico.
But in the coming days, Rosa will bring flood-floating rains across northern Mexico and south-west of the U.S.
At 05:00 east-weater, Rosa blew at 140 km/h, which makes it a hurricane of category 1, located 620 km south-west of Punta Eugenia in Mexico.
Rosa is expected to relocated north on Sunday.
In the meantime, an area of low pressure is created above the Pacific and moves towards the U.S. West Bank. When Rosa approaches the Tropical Storm-shaped Baja Peninsula on Monday, it will start suppressing a deep layer of tropical moisture in the direction of the north toward the southwest of the U.S.
Rosa on Monday will bring up to 250 mm of rain in parts of Mecca.
Subsequent, tropical humidity interacts with an approximate area of low-clatiment will cause severe precipitation on a large part of the south-west.
In local areas 25 to 100 mm of rain will cause dangerous torrential torrential floods, muddy torrents and possible landslides in the desert.
A deep streak of tropical moisture will cause precipitation that will amount to approximately 50 to 75 mm per hour in some places, especially in parts of southern Nevada and Arizona.
It is expected as much as 25 to 100 mm of rain in some parts in the south-west, particularly above much of Arizona.
Torrential Floods are possible with a rapidly deteriorating conditions due to the scattered nature of tropical rain.
There is by no means advised to go to the desert on foot due to the risk of tropical precipitation.
Strong rain could turn the canyons into wild rivers, and thunderstorms will bring local stormy winds and a burgundy shrew.
An approximation of a low-pressure area will bring local heavy rainfall on parts of the coast of Southern California.
Precipitation in an amount of more than 12 mm is possible, which can cause less muddy torches and slippery roads.
It's going to be precipguided precipitation in a wet season in this region.
Scattered Tropical Flush will start approaching Arizona on Sunday late in the evening and on Monday early in the morning before at the end of the day on Monday and cover the wider area on Tuesday.
Severe rain will spread on Tuesday to an area where the borders of Arizona, Colorado, New Mexico and Utah are touched and last all day on Wednesday.
In October, major temperature changes are possible across the U.S. as the Arctique cools, but tropical parts will remain quite warm.
Sometimes this leads to dramatic changes in temperature at short distances.
Sunday is a shiny example of dramatic temperature differences in the central U.S.
The temperature difference between Kansas City in Missouri, Omaha in Nebraska and St. Louis and Des Moins in Iowa stands at nearly 20 degrees.
Over the next few days, the residual summer heat will continue to grow and spread again.
In most central and eastern U.S., the beginning of October is expected to be warm with 27 degrees from the Southern Plains to parts of the north-east.
The city of New York could reach 27 degrees on Tuesday, which would be approximately 10 degrees above average.
Our long-term terrestrial prognosis indicates a high possibility of above-average U.S.-laden temperatures during the first mid-Octoice.
More than 20 million people watched Brett Kavanaugh hearing
More than 20-million-murd people on Thursday watched on six television broadcasters with a taut-cleared convict Bret Kavanaugh and Christina Blasey Ford, a woman who accused him of a sexual assault that allegedly took place in the 1980s.
In the meantime, a political showdown went on, with reporters interrupting a regular program to notify a last-minute turnaround of that Friday: an agreement reached by Jeff Flake, an Arizona senator, that the FBI would conduct a one-week investigative of the allegations.
Ford told the Senate's junction that she was entirely sure Kavanaugh had drunkenly drunk her and tried to take her clothes off at a high-scorial party.
Kavanaugh stated in fervent testimony that he was completely sure it didn't happen.
The hearing on Friday was probably accompanied by more than 20.4 million people, the number listed in a Nielsen report.
The company accounted for an average number of spectators on CBS, ABC, NBC, CNN, Fox News Channel and MSNBC.
The number of spectators did not immediately be available for other networks transmitting the hearing, including PBS, C-SPAN and the Fox Business Network.
Nielsen usually also has difficulty measuring the number of people looking at content in offices.
In order to better evoke it, it is an audience that is similar in number to the one who is watching the play-off of American football or the Academy Awards.
Fox News Channel, whose studio guests strongly supported Kavanaugh's appointment, had the largest number of spectators with an average of $5.69 million during an all-haul hearing, Nielsen said in a statement.
ABC ranked second with 3.26 million spectators.
Nielsen said CBS had 3.1 million spectators, NBC 2.94 million, MSNBC $2.89 million and CNN 2.52 million.
Occupary remained great even after the hearing.
Flake played a central role in the drama that unfolded on Friday.
"Since that moderate Republican's office issued a communiquory announcement that he would vote in favor of Kavanaugh, CNN and CBS cameras on Friday morning filmed him yelling demonstrators as he was attempting an elevator to go to a Justice Committee hearing.
For a few minutes there was a broken gaze as he was unmarried in person in front of the CNN hausting cams demonstrators with funerals.
"I'm here in front of you," said a woman.
“Did you say the truth to this country?”
They told him: “You have the power while so many women are helpless.”
Flake said his office had issued a statement even before the elevator door closed that they would say more at a committee hearing.
A couple of hours later, all cable and television networks watched live when the Judiciary Committee was supposed to vote to send Kavanaugh's nomination to the entire Senate.
But Flake said he would only do so on the condition that the FBI investigate allegations against a candidate over the next week, demanded by Democrats who are in the minority.
Flake was partially relegated by talks with a friend, Democratic Senator Chris Coons.
After talks with Coons and then a few other senators, Flake made a decision.
Flake's decision was important because it was obvious that Republicans didn't have enough votes to approve Kavanaugh without an investigation.
President Trump has pawnished the FBI's investigation into allegations against Kavanaugh.
British Prime Minister May Accuses Critics of ‘playing Policies’ With Brexit
In an interview with the Sunday Times, Prime Minister Theresa May has accused critics of her plan to get out of the European bloc for “playing policies” with the UK's future and undermining national interest.
British Prime Minister Theresa May arrived on September 29, 2018 at a Conservative Party conference in Birmingham in the United Kingdom.
Boris Johnson, her former foreign minister, in a second interview in the same edition with her on the front page continued to criticize her so-called Cheques Brexit plan, saying the proposal that the United Kingdom and the EU should charge each other customs levies is “complete nonsense”.
Wayde Sims Killer: Police Arrest Dyteon Simpson Succeed Suspect for LSU Player's Death
The police have arrested a suspect in the killing of a gunman of Waysea Sims, a 20-year-old LSU basketball player.
Dyteon Simpson, 20, has been arrested and detained on charges of involuntary manslaughter, Baton Rouge Police Department said in a statement.
Officers released a video of a clash between Sims and Simpsons, and police said Sims had lost glasses in the altercation.
The police found glasses at the crime scene and said they had found Simpson's DNA on them, WAFB, a CBS subsidiary reported.
After interrogating Simpson, police said they had confessed that he was shot in the Wayde and killed him.
A $350,000 bail has been demanded.
East Baton Rouge's coroner's coroner on Friday released a preliminary report stating that the cause of death was a gunshot head wound through the neck.
The Police Department would like to commute the Louisiana Federal Civil Police Task Force, the U.S.-state police department, the Southern University police force and the area's citizens for assisting in an investigation that led to the arrest.
LSU athletic director Joe Alleva thanked local law enforcement authorities for "perseverance and looking for the truth."
Sims was 20 years old.
A 183-cm whale player grew up in Baton Rouge, where his father Wayne also played basketball for the LSU.
He averaged 5.6 points and 2.6 rebounds per game last season.
On Friday in the morning, LSU Basketball Coach Will Wade said the team was “desperate” also “in shock” because of Wayde's death.
"That's what we're always worried about," Wade said.
Volcano ejects ashes at Mexico City
The ash expelled by Popocatapetl volcano has reached the southern parts of Mexico's capital.
The National Disaster Prevention Center on Saturday warned Mexicans not to approach the volcano after heightened activity in the crater and registered 183 gas and ash emissions over 24 hours.
The center was accompanied by multiple rumbling and trepidation.
Images on social media showed thin layers of ashes on windshield car's religions in Mexico City neighborhoods like Xochimilco.
Geophysicists have been seeing an enlarged volcanic activity located 72 kilometers southeast of the capital since a 7.1-magnitude quake shook central Mexico in 2017.
Volcano Known as "Don Goyo" has been active since 1994.
Conflict between police and Catalan separatists hampers anniversary of independence vote
Six people were arrested in Barcelon on Saturday after demonstrators opposing independence clash with rioting police and after thousands of people joined anti-demonstration to commemorate Catalonia's polarizing secrecy vote.
A group of masculinated riots by rioting with rioting police have begun hitting egg-and-pouter cops, creating dark clouds of dust on the streets that would otherwise be overwhelmed by tourists.
The brawls erupted later in the day police used batons to calm the brawl.
Over the course of several hours, groups advocating for independence chanted “There is no forgiveness, there is no forgiveness”, and against them unionists shouted “Long lived Spain”.
Fourteen people have been admitted to the hospital due to minor injuries sustained during the demonstrations, the local press said.
Tweezers in the region of striving for independence did not subside even a year after a referendum on October 1 that was declared illegal by the Catalan separatists.
The vast majority of voters opted for independence even though the turnout was small because those who against secrecy mostly boycotted the vote.
According to Catalonia's authorities, nearly 1000 people were injured in vehement clash last year after police tried to halt voting at polling stations across the region.
Opposite-Aggresative groups spent the night in the street on Friday to prevent demonstrations from supporting national police.
Demonstrations took place but demonstrators were compelled to embark on a different route.
Narcis Termes (68), an electror who attended separatist demonstrations along with his wife, said he was no longer hoping Catalonia would gain independence.
“Last last year we experienced one of the best moments.
"I've been watching my parents weaving with the luck they've been able to vote, but now we're stuck," he said.
Despite achieving a pivotal, albeit sworn victorious victory in last-Deceased regional elections, Catalonia's pro-independence parties find it difficult to maintain momentum this year because their most-known leaders are in self-imposed exile or in custody awaiting refereeing for their role in organising a referendum and a subsequent declaration of independence.
Joan Puig, a 42-year-old mezzanist who filmed demonstrations on his phone in support of police, said the clique-induced by politicians of both sides.
“The stimulus is growing,” he said.
Oriol Junqueras, one of the Nine Catalan leaders who has been in pre-trial imprison since the end of last year that he would run for next year's European Parliament elections.
“Candidating for the European elections is the best way we can announce the regression of democratic values and the repression we have experienced from the Spanish government,” he said.
London-derry: men arrested after scoring a car at a house
Thousand men, aged 33, 34 and 39, have been arrested after repeatedly pounding into a house in Londonderry.
The incident took place on Thursday around 19.30 BST in Ballynagard Crescent.
Inf. Bob Blemmmings said the courtyard door and the building itself were damaged.
It's possible that at some point an eyelash arrow was fired at some point.
Menge goal brings Livingstone victory over the Rangers with a score of 1:0
Dolly's First Goal for Livingston Brought the Win
A new Scottish Premier League club Livingston surprised Rangers and forced Steven Gerrard to conceigrate only his second defeat of eighteen games at the he-host-leading club's Ibrox Stadium.
Dolly Menge's goal turned out to be decisive as Gary Holt's team aligned with Iberian in a second.
Gerrard's team is still without a win in the Premiership this season, and next Saturday they play against Hearts, a leading club in the league for which they are eight points behind.
Previously, Rangers will host Rapid Vienna Club as part of the Europa League as part of the Europa League on Thursday.
Livingston, meanwhile, increased his streak of victories to six games, and head coach Holt has still not suffered a defeat since replacing Kenny Miller last month.
Livingston missed opportunities against nurtimed guests
Holto's team should have led even before they scoring that goal, given that their livelihood in attack caused a whole range of problems for the Rangers.
Scott Robinson broke through, but was too slow on his way to the goal, and after that Alan Lithgow could only broadly direct the ball after slipping to intercoastate Craig Halkett's head-to-goal.
The hosts are happy to let Rangers play in front of them, knowing they can cause difficulties to guests
And that's exactly how a key goal has been scored.
Rangers failed to halt a free-sleep, and Livingston devised an opening-up, with Declan Gallagher and Robinson together assisting Mengi who hit in the middle of the goal.
By that point the Rangers were mostly in control of the ball, but they were confronted with an impenetrable domestic defence, so goalkeeper Liam Kelly mostly had no job.
This continued in the second-half, although Alfredo Morelos forced Kelly to defend a kick.
Rangers Goalkeeper Allan McGregor's legs hompered with Scott Pittman and Lithgow sent a wide-brimmed blow from another organised Livingston attack.
Debt additions have not been able to cross a goal line of Livingston, and two penalty shootouts have not been awarded – after Halkett's clap with replacement player Glen Middleton and one to play with his hand.
“Greater” by Livingston – analysis
Alasdar Lamont from the Scottish BBC Arena Tony Macaroni
An excellent game and the result of Livingston.
They were all superficial, thus continuing to exceed expectations on that entry trajectory.
Their style of play and staff have barely changed since their return among the great clubs, but great credit goes to Holta and the way he has united the team since their arrival.
He's had so many heroes.
Captain Halkett was terrific at the forefront of an excellently organized defense, and Menga did not allow Connor Goldson and Joe Worral to take a break.
But the Rangers lacked inspiration.
They've been far from the standards they've set a good game under Gerrard.
Failing to refine the ball until the end. They only once opened a hole in the home team and it's a kind of call to swirling for Rangers who are in the middle of the ladder.
Erdogan greeted with mixed feelings in Cologne
On Saturday (September 29th), everything was full of smiles under a clear sky when the leader of Turkey and Germany encountered breakfast in Berlin.
It's the last day of President Erdogan's controversial visit to Germany - aimed at fixing relations between NATO allies.
They diverged in opinions on issues involving human rights, liberties of printing and Turkey's accession to the EU.
Erdogan then headed to Cologne to open a huge new mosque.
There's Turkey's largest population outside of Turkey in the city.
For security reasons, the police blocked a gathering of a mass of 25,000 people outside the mosque, but a large number of the president's supporters who came to see him appeared nearby.
Hundreds of demonstrators against Erdogan – a large number of Kurds – raised their voice by condemning Erdogan's policies and the German government's decision to welcome him.
Conflicting demonstrations reflect the division caused by a visitor whom some German Turks fade as a hero, while others in turn attack as an autocrat.
Deptford road collided: cyclided cyclist killed in collision with car
A cyclist was fatally shot with a car in London.
Collisions took place near the crossroads of Bestwood and Evelyn, on a road with heavy traffic in Deptford in south-east town at about 10:15 BST.
The driver of the car stopped and an ambulance arrived, but the man died on the spot.
The collision took place a few months after the death of another cyclist after colliding and fleeing the rider from the scene from the accident in Chiders Street, about a kilometre-and-a-half-and-a-half from Saturday's crash site.
The city's police said police officers were trying to identify a man and inform his closest relatives.
Due to an accident, roads are closed and bus traffic has been diverted, and motor vehicle riders are advised to evade the area.
Proceeding Long Lartin: Six Police Officers Injured in Unfortunate
The prison administration said six police officers were injured in unsettled unspoiled in a man-closed blasphemy.
The unspoils broke out at Long Martin Prison in Worcestershire around 09:30 BST on Sunday and are still ongoing.
Special “Tornado” units have been brought to curb turmoil involving eight inmates and confiscated on a single flank.
Police officers were assisted on the spot due to minor facial injuries.
Primorje-commissioned spokeswoman said: "A specially trained prison staff have been hired to resolve an ongoing incident at Long Lartin Prison.
Six members of the staff received assistance due to injuries.
“We don’t tolerate violence in our prisons and we clearly want to make it clear that all those responsible will be handed over to the police and to be able to spend a long time behind bars.”
There are more than 500 detainees at Long Lartin Prison, Including some of the country's most dangerous feminicators.
In June it was announced that the prison warlord ended up in the hospital after being assaulted by an imprisoner.
And infrequent last October, rioting police were summoned to prison to resolve a serious situation in which personnel were attacked with billiard balls.
Hurricane Rosa Threatens Phoenix, Las Vegas, Salt Lake City Torrential Flood (possible benefit for dry areas)
It's a rarrence for tropical depression to hit Arizona, but that's exactly what will happen early next week when Hurricane Rosa moves across the Desert's southwest and brings the risk of torrential Flossing.
The National Hydrometeorological Service has already issued warnings about torrential Floods for Monday and Tuesday in an area from Western Arizona, across southern and eastern Nevada, southeastern California and Utah, including the cities of Phoenix, Flagstaff, Las Vegas and Salt Lake City.
Rosa is scheduled to get closer to Phoenix late on Monday with the rain and get straight across it on Tuesday.
The National Hydrometeorological Service in Phoenix said in a statement that “since 1950 only ten tropical cyclones have brought a tropical storm or depression within 320 kilometers from Phoenix!
Hurricane Katrina (1967) has travelled 40 miles since the Arizona border.”
The latest model of the National Hurricane Center predicts 50 to 100 mm of precipitation, with insulated quantities of up to 150 mm on the Mogolloni edge of Arizona.
In other areas of the Desert South-Weapon including Plajenjak and the Large Basin precipitation from 25 to 50 mm, with possibly insulated total quantities of up to 100 mm.
For those beyond the risk of torrential Floods, Rosa could come as a rescue because the region is affected by the drought.
Although flooding is a great danger, some of these precipitation could be useful because there is currently a drought in the southwest.
“According to the U.S.-accommodation of Austerent Areas, a little more than 40 per cent of Arizona has been hit by at least an extreme drooow, the second-highest category.”
Hurricane trajectms first approached the coast along Mexico's Baja California Peninsula.
On Sunday morning, Rosa still had hurricanes with a maximum wind speed of 130 km per hour and was located 620 kilometers south of Punta Eugenia in Mexico and moved to the north at a speed of 20 km per hour.
The Storm came across cooler waters of Pacifik and therefore weakened.
Therefore, it is expected that on Monday afternoon or in the evening it will get close to the coast of Mexico by the force of a tropical thunderstorm.
The rain in parts of Mexico could be severe and posed a significant risk of flooding.
“The amount of total precipitation that is expected in the Baja Caucasian Peninsula to northwestern Sonora is from 75 to 150 mm, a maximum of 250 mm.”
Rosa will then head north across Mexico as Tropical Storm before reaching the Arizzone border early Tuesday as a tropical depression that will then pass through Arizona and to southern Utah until late Tuesday.
"The main danger expected from Rose or its remains are very heavy rains on the Baja California Peninsula, in north-west Sonora and the U.S. desert southwest," the National Hurricane Center said in a statement.
These rains are expected to Cause life-threate-threatening torrential torrential blemish and mud flashes in deserts and landslides on mountainous terrain.
Midsomer Norton Attack: Four People Arrested for Attempted Murder
Three teens and a 20-year-old man have been arrested on suspicion of attempted murder after a 16-year-old man with stab wounds was found in Somerset.
At about 04.00 BST on Saturday, an Injured teen was found in the Excelsior Terrace in Midsomer Norton.
He was rushed to a hospital and is in a stable condition.
Avon-Somerett Police Department said a 17-year-old, 2 18-year-old and a 20-years-old man were arrested overnight in the Radstock area.
curfews have been urged to come forward by anyone who has footage of the event.
Trump Says Kavanaugh Tribushes Controversy and Faucet of the Democratic Party
"Voice for referee Kavanaugh's vote is to dismiss the Democratic Party's cruel and embarrassmental tactics," Trump said at a campaign rally in Wheeling in West Virginia.
Trump said Kavanaugh “surfed malice and outrage” of the Democratic side during the nomination process.
Kavanauh testified before Congress on Thursday and firmly and emotionally rejected Christina Blasey Ford's allegations of sexual assault dozens of years ago when they were teenagers.
And Christine Ford testified at the hearing about the allegation she made.
The president said on Saturday that day “the U.S. people saw brilliancity, quality and courage” Kavanaugh.
"Voice to confirm Judge Kavanaugh's vote is to validate one of the most successful legal minds of our time, a referee with an impeccable caucarrier in public service," he told the assembled supporters in West Virginia.
The president touched Kavanaugh's nominations as he spoke about the importance of Republicans' mid-seat elections.
"Five weeks separate us from one of the most important choices in our lives.
'I'm not a nominee, but in fact I did," he said.
That's why I'm fighting everywhere for great contenders."
“Treaty said it’s the Democrat’s mission to “create resistance and obstructions.”
An accompliant's Republican leadership told CNN that the first crucial Senate-compliant vote on Kavanaugh's nomination is expected at the latest on Friday.
Hundreds of fatalities in the Indonesian quake and tsunami, and the number continues to rise
Responsible authorities said on Saturday that at least 384 people were killed, of which a large number were dragged away by huge surge wagons that storaged the coast when a major quake and tsunami struck the Indonesian island of Sulawesi.
Hundreds of people gathered at a beach festival in Palo's town of Palo on Friday when waves of up to six meters high stung on the coast, dragging many of them to their deaths and demolisking everything on their way.
Cunami was followed by a 7.5-magnitude quake.
“When the tsunami threat occurred yesterday, people were still on the beach and did not immediately run and they perished,” Sutop Purwo Nugroho, a spokesperson for the Indonesian disaster mitigation agency, told a press conference in Jakarta.
“Cunami didn’t come alone, he dragged the cars, the trunks, the houses, he hit everything on land,” Nugroho said, adding that tsunami had crossed the open sea at a speed of 800km/h before hitting the coast.
“Some people pebbed on trees to get away from tsunamis and survived,” he said.
Approximately 16,700 people were evacuated to 24 centers in Palo.
Aerial photographs released by the disaster agency show a number of devastated buildings and shops, distorted and demolished bridges and a mosque surrounded by water.
Subsequential coups continued shaking this coastal town on Saturday.
A series of quashes could be felt in an area of 2.4 million people.
The Indonesian Technology Assessment and Reavanction Agency (BPPT) said in a communiqué in a statement that Friday's energy-relieved earthquake corresponded to a two-hundred-three-magnculent-derived nuclear bomb at Shirosim in World War II.
It states that the geographical position of the city located at the end of a long and narrow bay may have increased the power of tsunami.
Nugroho described the "expensuuine" damage and said thousands of homes, hospitals, shopping malls and hotels were demolished.
He also said the bodies of some of the victims had been found trapped under the rubble of buildings and added that 540 people had been injuvenated and 29 were thought to be missing.
According to Nugroh, the number of casualties and damage may be larger along the coast 300 km north of Palu, in an area called Donggala and which is closer to the epicenter of the quake.
“Communications have been completely interrupted and we don’t have information from Donggal.”
“More than 300,000 people live in this area,” the Red Cross said in a statement, adding that staff and volunteers headed to the affected areas.
"This is already a tragedy, but the situation could deteriorate very badly," it said in a statement.
On Saturday, the agency received a plethora of criticism for not providing information that tsunami had hit Palo, though officials say the waves came at a time when a warning was issued.
In an amateur snaps shared on social media, a man on the upper cadet of a building is panicked to warn people down in the street about the oncoming tsunami.
Within a few minutes, the water wall crashed ashore, carrying buildings and cars.
The Reuters news agency could not immediately validate the originality of the footage.
Earthquake and tsunami have caused a power outage that caused a disruption of communications around Palu, making it difficult for the authorities to coordinate rescue operations.
According to the authorities, the army has started to send cargo aeroplanes with assistance from Jakarta and other cities, but evacuees still need food and other necessary necessities.
The city's airport was reopened only for humanitarian activities and will remain closed by October.
President Joko Widodo will visit evacuation centres in Palu on Saturday.
Cunami in Indonesia claimed more than 800 lives.
Situation is extremely bad.
“Although World Vision staff from Donggal have successfully arrived in the city of Palo where employees were sheltered in tarpaulin tents set up in the backyard of their office, they forwarded scenes of destruction on the way,” Doseba said.
"They told me they saw a number of devastated houses," he declared.
Situation is extremely difficult.
Although the humanitarian groups have triggered catastrophe's aid wheels, some have complained that foreign humanitarians with great expertise are prevented from coming to Palo.
According to the Indonesian regulations, the financing, supply and hiring of cavities from other countries can only be started if the crash site is declared a national disaster zone.
It hasn't happened yet.
"It's still a land-level catastrophe," said Aulia Arriani, a spokesman for the Indonesian Red Cross.
“Having the government says “Okay, it’s a national catastrophe”, we can receive international assistance, but such a situation has not yet been proclaimed.”
On Palo, the second night of the quarries and tsunameric fell on Friday, friends and families of those who are still considered missing were still hoping that their loved ones would be one of those wonders alleviating black scenarios of natural catastrophes.
On Saturday, the little boy was rescued from the sewage.
Residents on Saturday freed a woman who had been captivated for two days under rubble next to his mother's body.
Gendon Subandono, the coach of the Indonesian Paragliding team, trained two missing paragliders for the Asian Games held earlier this month in Indonesia.
Some among those trapped in the Roa Roa Hotel, including Petra Mandagi, were his disciples.
"Given the many years spent in paragliding, I bear my own emotional burden," he said.
Gendon recalled that after news of the demolition of the Roa Roa Hotel that spread to the paraglider community, he desperately sent WhatsApp messages to contestants from Palu who took part in a beach festival.
But his messages are still tagged with a gray clutch, instead of two blue ticks.
"I don't think that means the messages aren't delivered," he said.
Thieves took $26,750 while refueling an ATM at Newport on the Levee
The thief stole $26,750 on Friday morning from Brink's employee who was filling an ATM at Newport on the Levee center, according to a press release from the Newport Police Department.
Detective Dennis McCarthy's statement said the car driver emptied an ATM at an amusement complex and preparing to refill it with a new amount of money.
While he was busy with it, the second man “reached Brin's employee behind his back” and stole a sack with the money that was supposed to be put in an ATM machine.
Witnesses spotted multiple suspects escaping from the place of the theft, but police did not cite the number of people involved in the incident.
Anyone who has any information about their identities should be contacted by police in Newport at 859-292-3680.
Kanye West: rapper changes his name to Ye
Raper Kanye West will change his name to Ye.
Tweezers on Twitter in which he announced the change, he said: “Living will be officially known as Kanye West.”
West, 41, has been nicknamed Ye for some time and has used it as the title of his eighth album released in June.
The change comes on the eve of his guest appearance on Saturday Night Live in which he is expected to releasing his new album Yandhi.
"The show's authors have said he replaced singer Arianu Grande who canceled for "emotional reasons."
In addition to being an abbreviation of his current artistic name, West has previously stated that this word has a religious significance for him.
"I think 'ye' is the most commonly used word in the Bible, and in the Bible it's "you," West said earlier this year in an interview about his album's title with radio presenter Big Boy.
"So it's you, it's me, it's us. It's us.
It's started from Kanya, which means "unit," in just Ye - it's a reflection of a good, impaired, confuckery, everything in us.
The album itself is actually a reflection of who we are.”
He's one in a series of celebrity rappers who changed their name.
Sean Combs is known as Puff Daddy, P. Diddy or Diddy, but announced this year that he wants to be called Love and Brother Love.
And the one-year-old West collaborator, JAY-Z, was playing with versions of his name without a dash and a dash and written in capital letters.
Mestical AMLO Pledges Will Not Use the Army Against Citizens
Mexican presidential candidacy Andres Manuel Lopez Obrador has pledged that he will never use a military force against citizens as the country approaches the 50th anniversary of bloody retaliation against students.
Lopez Obrador vowed in Tutelolco Square on Saturday to “neither they will never use an army against the Mexican people.”
Military units burst during peaceful demonstrations in the square on October 2, 1968, and killed as many as 300 people at a time when left-leaning student movements began to spread to Latin America.
Lopez Obrador has pledged to entourage young Mexicans by giving monthly grants to those who are graduating and by opening a large number of free public universities.
He said Unemployment and a lack of educational opportunities were attracting young crime gangs.
The U.S. is expected to dull investment in artificial intelligence (AI)
"Since China is becoming increasingly active in artificial intelligence, the U.S. needs to double the amount it invests in research in the field," an AI promoter and an expert in this area, Kai Fu Lee, who worked for Google, Microsoft and Apple, said in a statement.
This comment came after various parts of the U.S. government announced plans regarding artificial integency even though the U.S. in principle lacks a formal strategy in relation to artificial integration.
In the meantime, China unveiled its plan last year: it aims to become the first country by the number of AI innovations by 2030.
“Two-temporary Urgc-increased U.S.-to-U.Sc. would be a good start since all other countries far behind the U.S. and we’re looking for the next big breakthrough in artificial intelligence,” Lee said in a statement.
“Tunity increase in investment could double the chances that the next major achievement in the field of artificial intelligence will take place in the United States,” Lee told CNBC in an interview with CNBC this week.
Lee, whose book: “Ai superpower: China, Silicon Valley and the New World Order” was published this month by Houghtton Mifflin Harcourt, the CEO of Sinovation Ventures, which invests in one of China's most prominent AI companies, Face++.
In the 1980s at Carnegie Mellon University, he worked on an AI system that defeated America's best-beautiful Othello player, and was later a director at Microsoft's research department and chairman of Google's Chinese Branch.
Lee praised previous U.S.-government tech competitions, such as Defense Advanced Research Projects, Agency’s Robotics Challenge, and raised the question of when it will take place next to find new visionaries.
According to Lee Researchers in the U.S. often have to work hard to receive government scholarships.
"It's not China that's draining academia, it's corporations," Lee said.
Facebook, Google and other tech companies have hired the brightest minds from the university to work on artificial intelligence research in recent years.
Lee said immigration policy changes could also help the U.S. encourage its efforts in the field of artificial intelligence.
"I believe that doctors in the field of artificial intelligence should automatically offer green maps," he said.
China's National Council published the Next Generation Artificial Intelligence Development Plan in July of 2017.
"China's National Natural Science Concluding Financial Contributions to people in academic institutions similarly to the National Science Foundation and other state-of-governmental organizations provide financial resources to U.S. explorers, but the quality of academic work is lower in China," Lee said in a statement.
Earlier this year, the U.S. Department of Defense set up a Joint Artificial Integious Intensification Center, the purpose of which is to include partners from activities and academia, and the White House announced the establishment of a Committee on Artificial Intelligence.
DARPA announced an investment worth U.S. U.S.$2 billion this month in an initiative titled AI Next.
When it comes to NSF, it currently invests more than $100 million a year in artificial intelligence research.
In the meantime, the U.S. legislature that has wanted to set up a National Security Commission on artificial intelligence has not done anything for months.
Macedonians Vote in Referendum to Relaunch Your Country's Name Change
Macedonian citizens voted in a referendum on Saturday if they wanted to change their country's "Republika of North Macedonia". It is a move that could resolve a dispute with Greece that has been going on for several decades and for which Greece has blocked the opening negotiations for accession to the European Union and NATO.
In Greece, there's a province called Macedonia and Greece argues that the name of its northern Neighbour represents a claim of its territory and has vested a vet for the country's entry into NATO and the EU.
In June, the two governments agreed on a proposed new name, but nationalist opponents argue that the change would undermine the ethnic identity of Macedonia's majority Slavic population.
President Gjorge Ivanov has stated that he will not vote in the referendum, and the campaign to boycott the vote has cast doubt on whether the turnout will meet the minimum 50 per cent needed in order for the referendum to be valid.
The question in the voting ballot said: "Are you in favour of membership in NATO and the EU with the acceptance of a deal with Greece?"
Consents of the name change, including Prime Minister Zoran Zaev, argue that it is a price worth paying in order to enable Macedonia, one of the countries created after the break-wregation of Yugoslavia, to join bodies such as the EU and NATO.
"Today I came to vote for the future of the country, for the youth of Macedonia so that we can live freely under the auspices of the European Union because it means safer lives for all of us," Olivera Georgijevska, 79, said in Skopje.
"While the result of the ballot is not legally binding, it has been said that members of parliament will respect it to be considered decisive.
The name change requires a two-three-magnificent majority in parliament.
The State Electoral Commission said no irregularities had been reported until 1 p.m.
But the turnout was only 16 per cent, compared with 34 per cent during the last mid-laden midterm elections in 2016, when 66 per cent of registered voters voted.
"I have come to vote because of my children, it's our place in Europe," Gjose Tanevski, a 62-year-old voter from Skopje's capital, said.
Macedonian Prime Minister Zoran Zaev, his wife Zorica and son Dusko in Strumica, took a referendum to change the name of the country on September 30, 2018, which would pave the way for joining the NATO alliance and the European Union.
54-year-old Vladimir Kavardarkov in front of parliament in Skopulje set up a small stage and received chairs in front of tents set up by those boycotting the referendum.
“We are in favor of NATO and the EU, but we want to join the eclipsed heads, not as servants,” Kavadarkov said.
“We are a poor country, but we have dignity.
“Unfortunately they don’t want to receive us under the name of Macedonia, we can turn to others like China and Russia and become part of Euro-Asian integration.”
Prime Minister Zaev has said that NATO membership will bring much-neied investment to Macedonia, a country where the unemployment rate exceeds 20 per cent.
"I believe that the vast majority will support the referendum, since more than 80 percent of our citizens are supported by the EU and NATO," Zaev said.
Said a "positive" result would represent a "confirmation of our future."
A survey released last Monday by the Macedonian Institute of Political Research shows that between 30 and 43 per cent of voters will join the remanument, which is below the necessary turnout.
Another poll, carried out by Macedonia's Telma TV, showed 57 per cent of respondents intend to vote on Sunday.
Of that number, 70 per cent said they would support the referendum.
In order for the referendum to be successful, the turnout must be 50 per cent plus one vote.
Failed a referendum would be the first serious blow to a pro-Western-composuscity policy since it took office in May last year.
Watch: Manchester City player Sergio Aguero goes through entire Brighton's defence to scoring a goal
Sergio Aguero and Raheem Sterling on Saturday at the Etihad Stadium in Manchester in England breached Brighton's defence and claimed victory for Manchester City with a score of 2: 0.
Aguero made the victory insuasively simple, scoring a goal in the 65th minute.
The Argentinian striker received an add-on midfield at the start of the attack.
Broke through three players of Brighton's defence and then got on the open turf.
Aguero then found himself surrounded by four opposing players in green T-shirts.
He byabbed one defender and then overthrown a few others on the outskirts of Brighto's space.
He then added the ball left towards Sterling.
The English striker from a first-seeled try returned the ball to Aguer who threw the right-foot ball into the right-hand side of the net and scorched Brighton goalkeeper Matthew Ryan.
"Aguero's having some problems with his foot," Manchester City's manager Pep Guardiola told reporters.
"We planned to play 55, 60 minutes.
It's what's happened.
"We're lucky he scored at that point."
But Sterling was the one who gave the Sky Blues a starting advantage in the Premier League clash.
That goal was scored in the 29th minute.
Aguero got the ball deep on Brighton's queue during that game.
He beautifully added the ball to Leroy Sane along his left flank.
Sane pushed the ball several times before leading Sterling towards the tripod.
The Sky Blues striker threw the ball into the net just before slid into the car.
Manchester City are battling Hoffenheim in a Champions League troupe on Tuesday at 12:55 a.m. at Rhein-Neckar-Arena Stadium in Sinsheim.
Scherzer Wants to Disable Rockies Advance
As Nationals players have been eliminated from play-offs, there was not too much reason to insist on a new start.
But the ever-comcompetitive Scherzer is hoping for Sunday's victory against the Colorado Rockies, but only if the Rockies, who have one-game advantage over the Los Angeles Dodgers in the West National League, get into the playoffs.
The Rockies at least secured a place in the wild-card play-offs on Friday night with a 5 :2 victory over the Nationals, but they still are hoping to win their first title.
“Although we are playing for nothing, we can at least throw away knowing what the atmosphere is like here in Denver with a lot of fans, and the other team would play at the highest level I would witness this year.
“Why wouldn’t I want to compete?”
The nationals have yet to unleanify Sunday's starter, but are reportedly inclined to offer Scherser to play.
Scherzer, who will make his 34th start, warmed up on Thursday in the throwing space and will play on Sunday, when he usually rests.
In this season, right-hander from D.C. has achieved a score of 18 : 7, an average of 2.53 and 300 strikeouts in 220 two-three modifications this season.
Trump at a rally in West Virginia
The president, during a speech about the importance of Republican voter turnout in the general election, repeatedly commented on his choice of Bret Kavanaugh as a Supreme Court judge.
"Everything we have done will be tried in November.
There's another five weeks until one of the most important choices in our lives.
"These are one of the big, the big ones - I didn't run, but I'm actually in a race and that's why I'm everywhere, to fight for great contenders," he said.
“See this horrific, appeasant Radical Democrat group, you see that this is happening right now.
Their intention is to take power again in any way; you see malice, wickedness.
They don't care who they have to hurt, who they have to overwrite in order to seize power and control; that's why they want power and control.
Democrats, he says, have a mission to “dry and interfere.”
"You've seen this over the last four days," he said, calling the Democracies "angfruits, evil, crunk and lying."
He addressed Democratic Senator Dianne Feinstein of the Senate Judiciary's Judiciary Committee, prompting a loud disgrace to the audience.
"Do you remember her answer?
- Have you released the document in public?
Uh, uh, what?
No, uh, no, I'm waiting for a document - it really was bad body language, the worst body language I've ever seen."
The Labour Party no longer respects different opinions.
It doesn't tolerate taking personal attitudes
It didn't surprise me too much when Momentum activists in my local party voted to census.
In the end, I am the last in a series of Laburitist Party deputies who have been told that they are not welcome - all because we have said what is in our mind.
According to my contributor Joan Ryan behaved similarly because she resolually opposed anti-Semitism.
They criticized me in the censorship proposal because I didn't agree with Jeremy Corbyn.
In connection with the importance of responsible economic policy, national security, Europe, ironicly similar topics that Jeremy Corbyn did not agree with previous leadership.
A notice of a meeting of the Parliament of the Nottingham Eastern Labour Party on Friday stated that "we want the meetings to be inclusive and productive".
Most of the eight years during which I work as a local lawmaker of the Labour Party meetings on Friday nights were just like that.
“Unfortunately, a lot of meetings are elapsed in a different tone today, and the promise of a more “kind, tender” policy has long been forgotten if its fulfillment has ever begun.
It's become increasingly obvious that different views are not tolerated in the Laburian party, and each opinion is judged on the basis of whether it's admissible to party leadership.
This began shortly after Jeremy became a leader, since the associates I felt we share similar political opinions from me began to demand a drastic change of opinions and taking positions that I would otherwise have never agreed - whether it was national security or a single EU single market.
“While I’m talking to the public – and it doesn’t really matter what I’m saying—leaking a torrent of offensive on social media that invokes my impeachment, they renounce the center's policies and tell me that I shouldn’t be a member of the Labour Party.
It's not just my experience.
I truly know that I've been more fortunate than some of my colleagues because the comments that have been addressed to me are mostly political.
I relieving the professionalisms and determinations of colleague who face an avalanche of sexist or racist comments every day, but never falter.
One of the aspects of this political verse that disappointed me the most is tolerating an aggravating speech.
Jeremy Corbyn stated last week that the Labour Party should foster a culture of tolerance.
The reality tells us that we no longer take into account different opinions and that with each no-confidence or change of electoral rules, we are becoming an increasingly narrow-minded party.
Many times in the last two years I've been adjudicating to bow my head, not to be so loud and told me that then everything will be fine."
I didn’t get into politics.
Ever since, 32 years ago as a disciple I have joined the Labour Party, driven by disrepanied Margaret Thatcher's presumption, which left my school multi-multi-reserve classroom to decay, I've wanted to provide better public services for those who need them - either as a local councillor or a cabinet minister.
I've never hid my policies, not even in my last election.
No one in the Nottingham branch east could be misleading about my political stance and areas of dissatisfaction with the current leadership.
All I'd like to say to those who supported the proposal on Friday is that, at a point at which the country is rebuking towards Brexit that will negatively affect households, businesses and public services, I don't understand the desire that time and the energy are being lost on my loyalty to the leadership of the Labour Party.
But in fact, the only message I have is not for Nottingham Momentum, but for my congregation units, whether they are members of the Laburitza party or not: I'm proud to serve you and I promise I'm going to deduce any threats of impeachment or the political benefit I'm gonna deter me from acting the way I think it's in your best-interest.
Chris Leslie is MP for Nottingham East
Ayr – Melrose: 38 : 17 undefeated Ayr heads to the top
Two late attempts may have somewhat influenced the final result, but there is no doubt that Ayr deserved to win this extremely interesting game of the day in the Tennt's Premiership league.
They've now reached the top of the ladder and are the only undefeated of ten teams.
After all, a superficial comfy defence and a better-sharing of chances led them to victory, and coach Peter Murchie certainly had a reason to be satisfied.
“So far, they have tested us at every game and we are still undefeated, so I have to be happy,” he said.
Robyn Christie of Melrose said: "Each honour to Ayro, they have seized opportunities better than us."
An attempt by Grant Anderson in the 14th minute realised by Frazier Climo put Ayr in the lead, but a yellow card for Scottish player Rory Hughes, who was ruled out by the Warriors, gave Melrose a chance to elevate the result, and Jason Baggot used an unrealized attempt.
Climo increased Ayra's lead with a penalty shootout before, at half-Patience, scoring a goal and realising an independent try to change the score for Ayr in 17 : 5 on the eve of the break.
"But Melrose's second-half began a good-flight try by Patrick Anderson, who was realised by Gabgot, shrouded the advantage to five points.
Then there was a long pause due to a serious injury to Ruaridh Knot, whom they swept away on the troupe, and when the game continued, Ayr went on a good game attempt by Stafford McDowall who realised Climo.
Captain Ayra Blair MacPherson then received a yellow card and Melrose once again forced an extra player to pay for, in an unrealised attempt by Bruce Colvin at the end of the game under heavy pressure.
The side player, however, came back, and when Struan Hutchinson was given a yellow-threatening card to demolish Clima who didn't have the ball; from the penalty kick-off line, MacPherson performed a lay-off behind Ayra in a full swing of a breakthrough.
Climo realised, as he has done so almost from a resurgence, after Kyle Rowe conceded a high-profile shot by David Armstrong and sent a lateral player, Gregor Henry in his fifth home-grown attempt.
The Still Game series star seems ready for a new career in a restaurant business
Ford Kiernnan, star of the Still Game series, seems ready to continue working in service industries after it was found to have been appointed CEO of licensed restaurants.
The 56-year-old actor plays Jack Jarvis in a favorite BBC series whose screenwriter and one of the stars, along with his long-time comedy partner, Greg Hemphill.
The duo have announced that the upcoming ninth season will be the last to be shown, and Kiernan appears to be planning to dedicate his life after Craiglang.
According to an official record, he's CEO of Adriftmorn Limited.
The actor declined to comment on the story, although a source for Scottish Sun hinted that Kiernan wanted to get involved in "growing restaurants in Glasgow."
"Sea is ours": Bolivia, which has no access to the sea, is hoping that the court will allocate the exit to the Silent Ocean
Sailors are patrolled by a naval centre full of cranes in La Paz.
An ocean-coloured flag was hinted on public buildings.
Naval bases from Lake Titincica to the Amazon are motled: “We have the right to the sea.
"It's our duty to get him back."
Throughout Bolivia, which doesn't have access to the sea, the remembrance of a lost sea coast in the favor of Chile during conflict due to resources in the 19th-century is still alive - just like the longing for rejoises by the Pacific.
While Bolivia is awaiting a ruling by the International Court of Justice on October 1, after a five-year trial, and hopes are perhaps at its highest level in decades.
"Bolivia has a momentum, a spirit of unity and peace and, of course, is optimistically awaiting the outcome," said Roberto Calzadilla, a Bolivian diplomat.
Plenty of Bolivians across the country will watch the International Court of Justice's ruling on large screens and hope that a court in The Hague will decide in favor of Bolivia's view that Chile, after decades of demanding negotiations, is obliged to negotiate the provision of a sovereign exit to the Sea of Bolivia.
Evo Morales, a Bolivian charismatic autochthonous president who faces a controversial battle to be re-elected next year, can also benefit from Monday's verdict.
"We are within the return of the Pacific Ocean," he pledged at the end of August.
But some analysts don't believe the court is unlikely to rule in favor of Bolivia and that little would change if it did.
The U.N. governing body based in the Netherlands doesn't authorise Chilean territory and has stated that it will not determine the outcome of possible negotiations.
The fact that the judgment of the International Court of Justice comes just six months after the final hearings means that the case "has not been complex", said Paz Zárate, a Chilean expert on international law.
Instead of embarrassing the interests of Bolivia, the last four years may have devastated.
"The trajectory of access to the sea has been appropriated by the current Bolivian leadership," Ms. Zárate said.
Morale's belligerent rhetoric cultivated every good will of Chile, he believes.
Bolivia and Chile will continue the dialogue at some point, but after this it will be extremely difficult to negotiate.
These two countries have not exchanged ambassadors since 1962.
Ex-president Eduardo Rodríguez Veltzé, a Bolivian representative in The Hague, does not agree with the view that the court made the decision uncharacteristically quickly.
On Monday, Bolivia will bring an "surprisible opportunity to start a new period in relations with Chile" and the opportunity to "interrule 139 years of disagreement with mutual benefit," he said.
Calzadilla also said Morales - still one of the most beloved presidents in Latin America - used the maritime issue as a political crutsp.
"Bolivia will never renounce the right to access the Pacific Ocean," he added.
"The verdict is an opportunity for us to realize that we need to overcome the past."
North Korea says there won't be nuclear disarmament unless it's able to trust U.S.
North-Korean Foreign Minister Ri Yong Ho said his people would never dismay nuclear if they couldn't trust Washington.
On Saturday, Ri addressed the United Nations General Assembly.
He called on the United States to keep promises given during a meeting of the leaders of the two opposing countries in Singapore.
Commented at a time where U.S. Secretary of State Mike Pompeo appears to be pronounced to restart diplomatic talks on nuclear issues, arriving more than three months after a Singapore meeting with North Korean leader Kim Jong Un.
Ri says the sanctions continued for “deliberating fantasies” and that U.S. opposing the declaration about ending the Korean War would by no means bring the North to its knees.
Washington is not inclined to endorse a declaration without Pyongyang taking concrete steps for disarmament.
Kim and U.S. President Donald Trump are keen to hold their second summit.
But there's a widely present scepticism about Pyongyang's entourage to renounce an arsenal that the country probably sees as the only guarantee of its security.
Pompeo plans to visit Pyongyang next month to prepare for a second meeting between Kim and Trump.
Paris Fashion Shows Reveals The Last Shall Lingering Lik Line On Their Way for a Luxury Store in Your Neighbourhood
If you want to improve your hat collection or completely obscure the sun, do not look further.
Designers Valentino and Thom Browne on the catwalk unveiled huge headlamp lines for their spring and summer collection in 2019 and delighted style enthusiasts at Paris Fashion Week.
Extremely imperceptible hats swept through Instagram this summer, and these designers have sent their creations that draw attention to the runway.
A specimen that stood out was devised by Valentino, and it's a big beige hat adorned with a wide feather-like circumferee that completely "took" the heads of the model.
Other glaminous additions included watermelons adorned with jewellery, a sorcery hat and even pineapples, but these accessories are not designed to keep your head.
Thom Browne also unveiled a bizarre-mascue collection – just in time for Halloween.
A lot of colorful masks had sensuved lips and they resembling Hannibal Lecter more than pieces of high-climation.
One creation resembled a diving suit with a scoundrel and a mascot, and the other looked like cornet with melted ice cream.
If you are following a great fashion expression – happiness is on your side.
Stylists predict that huge caps could come to luxury stores in your neighborhood.
Huge hats fit perfectly with the heels "La Bomba", a straw hat culmination of approximately 60 cm wide that has been seen on many celebrities and celebrities, from Rihanna to Emily Ratajkowski.
The iconic brand behind an extremely impractical hat that has conquered social mesh on the catwalk has sent another big creation – a straw beach bag almost as big as the model in the swimsuit that wore it.
A slim orange rafi bag, adorned with raffy raffles and a white leather handle, was an exhibition figure in the 2019 Jacquemus' La Riviera summer collection at Paris Fashion Week.
A stylist of celebrities and celebrities, Luke Armitage, told FEMAIL: "I'm expecting big hats and beach bags in luxury stores for next summer. Since the designer made such a strong impression, it would be difficult to disrecommend the demand for big fashion accessories."
John Edward: the language skills that the citizens of the world need
Scottish independent schools have a tradition of academia, which continued in 2018 with another package of outstanding exam results, and additional weight is given by individual and joint achievements in sports, arts, music and other activities in the community.
With more than 30,000 students across Scotland, this school represented by the Scottish Council of Independent Schools (SCIS), they are striving to provide the best level of service to their students and their parents.
Indecent schools aim to prepare students for further education and higher education, a career they want and make them citizens of the world.
As an education sector that can design and implement this school curricula, we see that modern languages continue to be a favorite and preferred subject of choice in schools.
Nelson Mandela stated: "If you turn to a man in a language he understands, it goes into his head.
“Educating himself in his mother’s tongue, it goes into his heart.”
This statement is a stark reminder that we cannot only be used in English if we want to build trust and relationships with people from other countries.
The most recent results of the final exams this year show that the highest grades in the languages were achieved by the participants of independent schools.
A total of 68% of students who learned foreign languages received excellent grades.
Data collected in 74 SCIS member schools show that 72% of pupils received an excellent tabernatic grade, while 72% of students learning German, 69% of pupils learning French and 63% of Spanish students also received the highest possible grade.
This shows that independent schools in Scotland support foreign languages as a key skill that children and young people will certainly need in the future.
Today, languages as elective subjects are considered as important as STEM subjects (scientuality, technology, engineering and mathematics) in the curricula of independent schools, as well as in other places.
A survey carried out by the U.K (WF&Ma7 % of Employergies in 2014 has found that 17% of employers are unable to fill jobs due to a lack of language skills.
Therefore, language skills are increasingly becoming an imperative for the preparation of young people for their careers.
Since more and more jobs are looking for knowledge of languages, these skills are crucial in the globalized world.
Regardless of the choice of a career, people who have learned to speak a foreign language in the future will feel the benefits of such a long-term skill.
A multi-speaking person can directly communicate with strangers, and this prioritizes them in relation to the competition.
According to a YouGov survey in which more than 4000 adults participated in 2013, 75% of respondents in the United Kingdom don't know a foreign language well enough to be able to communicate on it, and French is the only language spoken by a double-digit percentage of respondents, namely 15 %.
Therefore, investing in language learning is very important for today's children.
If children learn multiple languages, in particular the languages of the developing economy, there will be more opportunities to find a good job.
In Scotia, every school offers a variety of languages.
Some schools will include classic, modern languages in its program, while others will opt for languages that are thought to be most important in the United Kingdom in 2020, for example Mandarin or Japanese.
Regardless of the interests of your child, in independent schools it will always have a diverse choice, as well as teaching staff who are professional in the area.
Scottish-essential schools provide children with an environment in which, by learning, they will refine the skills needed to succeed, no matter what the future saves us.
It cannot be ignored the fact that in today's global business knowledge of language is very important for the future of every country so it must also be reflected in education.
Thus, the knowledge of modern languages should indeed be viewed as "international communication skills".
Appropriate schools will continue to offer language selection, diversity and excellence to young Scots.
Il fout bien le faire.
John Edward Director of the Scottish Independent School Council
LeBron to play in Lakers jersey for the first time in San Dieg
Fans are about to welcome LeBron James's first appearance for the Los Angeles Lakers.
Lakers coach Luke Walton have announced that James will play in the first pre-season game against the Denver Nuggets in San Diego.
You don’t yet know how many minutes they’ll play.
"More than one and less than 48 minutes," Walton told Lakers.
Lakers rapporteur Mike Trudell posted a tweet that James probably won't play the whole game.
After a workout earlier this week, James responded to questions about his pre-season plans in the Lakers, which consists of six games.
"At this stage of my career I don't really need pre-season games," he said.
Trump Holds Meeting in West Virginia, a YouTube channel
U.S. President Donald Trump is launching a multi-ravescent rallies tonight in Wheeling in West Virginia.
It's the first of five planned rallies that Trump will hold next week, including brief visits to Tennessee and Mississippi.
Trump has not yet given his vote for a new Supreme Court judge and plans to increase his support for the upcoming election because there is a risk that Republicans will lose a majority in Congress after a vote in November.
How many hours does tonight's Trump rally begin in West Virginia and how can you look at it online?
Trump's rally in Wheeling in West Virginia is scheduled for 7 p.m. Eastern weather, tonight, Saturday, September 29, 2018.
You can be viewed by Trump's rallies in West Virginia online via a live-to-tuge stream on YouTube.
Trump is likely to comment on this week's hearings of Supreme Court Supreme Judge Brett Kavanaugh who has sparked controversy over allegations of sexual misfortune. The Senate's affirmative decision has been on hold for a week until an FBI investigation ends.
But the primary goal of this series of rallies is to help Republicans gain an advantage for the November election.
“Throughout from Trump's presidential campaign headquarters said five rallies scheduled for next week aim to “stimulate volunteers and supporters because Republicans are trying to maintain and increase the majority in the Senate and the House of Representatives,” Reuters reports.
"Most in Congress are so important for the president's plans to travel to as many countries as we enter the tumultuous campaign," an anonymity spokesperson told Reuters.
Tonight's rage at Wesbanco Arena in Wheeling could attract supporters from "Ohi and Pennsylvania, as well as Pittsburgh media," West Virginia Metro News reports.
On Saturday, Trump will visit West Virginia for the second time in the past month. He wind more than 40 percentage points in that state in 2016.
Trump is trying to help a Senate Republican nominee, Patrick Morrisey of West Virginia, who are lagging behind in the polls.
"It's not a good sign for Morrisey that the president needs to help him improve his rank in the polls," politiciologist Simon Haedar of the University of West Virginia told Reuters.
Ryder Cup in 2018: U.S. crew left their hearts on the pitch before individual skirmishes on Sunday
After three one-sided sessions a couple's skirmish on a Sunday afternoon is perhaps exactly what it took to reverse the Ryder Cup.
"Feel of Happiness Turns" is a saying that is especially true in the sport that athletes believe in, and especially in competitions such as this.
To whom's the martissy wheel is inclined now?
"They've had a six-point advantage, and now they've got four. So, I think luck is currently on our side," Jordan Spieth said at the end of the day.
The Europeans are advantaged with four points, while there are still 12 points left until the end of the game.
Spieth says the Americans got a little wind in their backs and an embroidery of his game in a row with Justin Thomas, with whom he won three of four points after a full-day game.
Spieth played deadly from tees to greens and can serve as an example for the others.
Cheerleading celebratory exclamations grew louder when Spieth and Thomas came up with a two-stack backlog, all culminated in a key path that gave Spieth a draw.
After the trip with which he won the 15-pouge game, there was a similar cheerleading urlica in which one can recognize the hope and belief that the Americans can reverse everything.
"You just have to concentrate and think about your game," Spieth stated.
These players have just left that now.
18 Holes and I Can Celebrate.
The only players who have scored more from Spieth and Thomas in the past two days are Francesco Molinari and Tommy Fleetwood, the Ryder Cup sensation.
A European quarrell, but irresistible pair has a maximum number of points and can't make a mistake.
"Moliwood" is the only couple who didn't lose a point on a Saturday afternoon, but he also evaded bogey on a Saturday morning, Friday afternoon, as well as a nine-fight on Friday morning.
This winning streak, as well as the incredible energy linking Fleetwood and Molinarium show that they are just the players to win on Sunday. There is no more popular player than the two of them who can seal a victory for Europeans as the sun goes over Paris' Le Golf National.
Maybe they'revicting both winning at the same time on different holes.
However, it is too early to talk about the victory of the Europeans.
Bubba Watson and Webb Simpson quickly settled Alex Noren and Sergio Garcia who had a glimpse in this morning's doubles game.
One bogey and two double bogey on the first nine holes in the playground buried the Spaniard and Swede in a hole from which they failed to dig themselves up.
However, there won't be anyone on Sunday to help individuals digging out of their hole.
Fascinating is to watch double-block games because you can see the interactions of players in pairs, hear the advice they give and those they don't give, as well as study the strategy that can change in the moment.
So far, the Europeans have played better as a team, and on the last day they enter with a significant preference, but this doubles game also showed that the U.S. team has the necessary combativeness, in which some, in particular States, doubted.
Europeans on Ryder's last day of the Ryder Cup enter with a lead of 10 : 6
After Saturday's doubles games in the Ryder Cup on the last day of the Ryder Cup enter with a significant advantage over the U.S. at 10 : 6.
Dinamic duo Tommy Fleetwood and Francesco Molinari with two victories over Tiger Woods led with a four-point difference at Le Golf National.
Thomas Bjorno's European team in an effort to win a trophy eluded in Hazeltine two years ago was superior to the U.S.-strong team in the morning games in doubles achieving a score of 3 : 1.
The U.S.-strong team showed a greater double-trust winning two games, but the difference in points has already been great.
Jim Furyk's trophy needs to garnate eight points in 12 individual games taking place on Sunday.
Fleetwood is the first debutant from a European team to win four points in a row, while he and Molinari, known as Molliwood, after a sensational weekend is only the second pair that won four points in a double-game game in Ryder Cup history.
Having defeated Woods and Patrick Reed in the fourballs, they proved to be overwhetched in the game against Woods and U.S. debutant Bryson Dechambau with a 5&4 victory.
Woods who haven't shown the best performance in Saturday's two-game has made some ingenious moves, but he now has a 19-stroke defeat of 29 games in four-balls and doubles and seven losses in a row.
Justin Rose paused the morning fourballs to get back into the doubles with partner Henriko Stenson and suffered a 2&1 defeat by Dustin Johnson and Brooks Koepki, the world's first and third-leading best player.
But it didn't exactly go to the Europeans as lubricated during a cozy day southeast of Paris.
Three-time winner Jordan Spieth and Justin Thomas clicked two points on Sunday and thus set up a high-climate to their U.S.-strong team.
At first they defeated Spaniard Jon Rahma and Ian Poulter with 2&1 in four-balls, after which they defeated Poulter and Rory McCllroy 4&3 in the doubles after losing the first two holes.
Twice across the history of the Ryder Cup, a team that has been behind four points managed to come back in individual games, although Furyko's squad needs only a draw to keep the trophy.
After two days in arrogance, it looks like Sunday's counter-attack is going to fall hard for them.
North Korea says "there's no chance" of unilateral disarmament without trust
North Korea's foreign minister told the U.S. on Saturday that further sanctions increase distrust in the United States and there's no way North Korea would unilaterally disarmament and give up its nuclear weapons in such circumstance.
Ri Yong Ho told the U.N. General Assembly that North Korea took "significant goodwill measures" last year, for example halting nuclear and missile tests, dismantling a nuclear testing station and made a decision to halt the development of nuclear technology and weapons.
"However, we didn't get a satisfying reaction from the U.S.," he added.
“If we have no confidence in the U.S. don’t, we don’t have faith in our national security. Under such circumvention, there’s no prospect of unilaterally dismantling.”
"Although Ri reiterated North-Serbie-densified complaints about Washington's endorsement of a "complective" approach of denuclearization in which North Korea would gradually repeal the sanction, its statement is significant because it has not rejected unilateral denuclearization as Pyongyang did in the past.
Ri referred to a joint statement by Kim Jong Un and Donald Trump at the first meeting in the history of the incumbent U.S. president and North Korean leader in Singapore on June 12, when Kim made a promise to work to "denuclearize the Korean Peninsula," while Trump assured North Korea's security.
North Korea wants to formally end the Korean War that lasted from 1950 to 1953, but the U.S. conditioned Pyongyang to renounce nuclear weapons beforehand.
Washington has also ignored calls to reduce strict international sanctions on North Korea.
"The U.S. insists that denuclearization be carried out beforehand and increasing pressure by means of sanitisers in order to forcibly achieved its goal, and even opposes "declaration of an end to war," Ri added.
“Perceistance that sanctions can bring us to their knees is just a misconception of people who don't know anything about us.
The main problem is that the continuation of sanction increases milieu."
Ri didn't mention whether there are plans for a second meeting between Kim and Trump that the U.S. president was talking about earlier this week at the U.N.
But the minister pointed out that Kim and the leader of South Korea Moon Jae-in held as many as three meetings in the last five months and added: "If denuclearization had been demanded by South Korea, not the U.S., the denuclearization of the Korean Peninsula would not have reached such a stalemate."
Nonetheless, the tone of Minister Rio's speech differed greatly from last year when he spoke before the U.N.'s General Assembly and stated that targeting the continental U.S. missiles was unavoidable after evil President Trump called Kim a "human rocket" on a suicidal mission.
Trump, who threatened North Korea "complete demise" last year at the United Nations, praised Kim for his courage to disarmament, but added that there was a lot of work awaiting them and that sanctions must remain in place until North Korea exerts denuclearization.
On Wednesday, Trump said there is no timeline for denuclearization and added: "It doesn't matter whether it's going to last for two years, three years or five months."
China and Russia have expressed a tribute that the U.N. Security Council should reward Pyongyang for measures taken.
But U.S. Secretary of State Mike Pompeo to the U.N. Security Council said on Thursday: "Improfessibility of the Sanctions of the Security Council must strictly continue until there is a complete, definitive and vet-verified denuclearization."
The Security Council unanimously imposed sanctions on North Korea in 2006 in an attempt to halt funding for nuclear and ballistic missile programs in Pyongyang.
Pompeo met with Rio at the U.N.'s general meeting and then stated that he would visit Pyongyang again next month to prepare for a second meeting.
Pompeo visited North Korea three times this year, but his last visit did not go well.
Pyongyang left Pyongyang in July that progress had been made, but North Korea called it out after a few o'clock because of "gangster demands."
North-Centrus has agreed a meeting with the Moon this month to dismantle a missile site and a nuclear-sealing complex if the U.S. takes "appropriate measures."
He added that Kim had revealed that these “approprietary measures” were related to the security guarantees that Trump had promised in Singapore and certain steps towards stabilising relations with Washington.
Students at Harvard take a course to learn how to get a good rest
A new course at Harvard University has made it possible for all students to get a good sleep in trying to combat an increasingly widespread culture of learning alongside caffeine and sleepless nights.
The academician found that students at the world's best universities often have no idea about the basics of self-care.
Charles Czeisler, a professor of sleeping science at Harvard School of Medicine and a specialist at Brigham and Women's Hospital, devised a course he considers to be the first of its kind in the U.S.
He came up with the idea of the course after giving a speech about the effect of sleep deprivation on learning.
At the end of the lecture, I was approached by a girl and said: “Why didn’t I find this out right now, at the last year of college?”
'She said she didn't tell her how important the dream was, which surprised me," he told The Telegraph.
For the first time this year's course, explains to students that good sleep habits help in academic and sporting success and generally improve health.
Psychiatric Physicism at Harvard Medical School and Paul Barreira Healthcare Healthcare Service executive says that the University has decided to introduce a course after a serious lack of sleep has been spotted in students during the week.
A one-hour course consists of a series of interactive tasks.
One of these quests involves a picture of a dormitory on which students have to lew coffee cups, curtains, sneakers and books to find out the effects of caffeine and light, how the lack of sleep affects success and how important sleep routine is.
During the lecture, students also find out that long-term lack of sleep can increase the risk of heart attacks, strokes, depression and cancer.
Subsequently, a campus map with interactive icons is displayed that encourages students to reflect on their daily routine.
“We don’t know that student behavior will not change immediately.
But we think they have the right to know, just as you have the right to know how cigarettes affect your health," Professor Czeisler added.
The culture of pride on all-night learning before the exam still exists, says the professor and adds that modern technology and the increasing pressure on students prove that lack of sleep is a growing problem.
The professor says that a secret weapon of students against stress, exhaustion and anguish should be a good and high-quality sleep. Sleep also helps to combat weight gain because the lack of sleep affects the brain, throws it into a state of starvation and causes constant faculties.
Raymond So, a 19-year-old chemistry and biology student from California, helped Professor Czeisler devise a course after attending his lectures at Harvard's first year.
He says that the course opened his eyes and imprisoned him at extending the course to the entire campus.
As the next step, he plans to ask all postgraduates to complete a similar study course prior to joining a competitor.
Professor Czeisler advises students to turn on the alarm during sleep, as well as during waking up. They need to be aware of the harmful effects of "blue light" emitted by displays of electronic devices, as well as LED lights that can disrupt the circadian rhythm and cause sleep problems.
Livingston – Rangers 1 : 0 : Mengin naked to defeat Gerrard's guys
Rangers suffered another defeat after Dolly Menga's goal mowed down Steven Gerrard's deft defence and ended the match with Livingston's victory with a score of 1 : 0.
Ibrox's Ibrox team was keen to achieve their first-choice victory after a triumph in February and a score of 4 : 1 at St. Johnstone, but Gary Holt's team caused Gerrard's second defeat in 18 games, so his team now lags eight points in the Ladbrokes Premiership for leading Hearts.
Menga scoring a goal seven minutes before half-time and the Rangers seem to have run out of inspiration and didn't appear to level the score.
While the Rangers have now fallen into sixth place, Livingston has climbed to the third with just one goal difference behind Hibernian.
There could be new problems for the Rangers after line referee Calum Spence sustained a head injury when an object was thrown from a distance.
Gerrard made an eight-changing on the flanks and thus rumbled past Ayro to the semi-finals of the Betfred Cup.
Holt, on the other hand, went with the same line-up of Livingston who took a measure to the Hearts last week and would be delighted as his well-conceited line-up stifled every opponent's attempt.
Rangers may have had the ball in possession more, but Livingston's achieved more with it.
They've had a chance to score two minutes after Menga was knocked out of the game for the first time, which opened Scott Pittman's space to move towards Allan McGregor's goal, however, the midfielder missed that opportunity.
Keaghan Jacobs' deep-repaired free-kick was intersected by captain Craig Halkett, but his defensive teammate Alan Lithgow could only pass an imprecise shot toward the back rows.
Rangers took control at one point, but in the final third of the game they seemed to play with hope instead of conviction.
Alfredo Morelos certainly felt the referee should have judged a penalty in the 15th minute after his colleague with Steven Lawless, but referee Steven Thomson didn't take into account Colombia's request.
The Rangers managed only two balls towards the goal in the first half, but former Ibrox Goalkeeper Liam Kelly didn't pose a big problem with Lassana Coulibaly's first-leading head.
Even though Livingston's 34-minute play-off slowed the game, no one is able to deny their efforts.
Rangers once again failed to take advantage of Jacobs's deep-repaired ball.
Scott Arfield didn't unresponsive when Declan Gallagher added the ball to Scott Robinson who retained the composure and chose Menga for an easy-to-stop strike.
Gerrard reacted during the pause and swapped Coulibaly with Ryan Kent. The replacement almost had an immediate effect because the winger added the ball to Morelos, but an impressive Kelly blocked it from his line.
But Livingston continued dragged visitors into exactly the game they enjoy, while Lithgow and Halkett made one long shot after the other.
Holto's side was able to extend the lead in the closing moments, but McGregor effectively disassembled Jacobs before Lithgow made a wide-ranging intrusion.
Rangers substitut Glenn Middleton once again sought a penalty shoot-out because he clapped with Jacobs, but Thomsson took a glitch this time.
Almanah: Inventor Geiger counter
And now there's a page from our Almanah in "Sunday Morning": September 30, 1882, 136 years and a few days ago ...the day of the birth of future physicist Johannes Wilhelm "Hans" Geiger in Germany.
Geiger has developed a method for detecting and measuring radioactivity, and from this invention later developed a device known as Geiger's counter.
The main stronghold of science from this time, Geiger's counter has also become the main stronghold of pop culture, for example in the 1950 film "Bells of Colorado", starring seemingly implied scientists Roy Rogers and Dale Evans:
“What’s it for God?”
Rogers: "It's a Geiger counter, and it's used to detect radioactive minerals, like uranium.
“When you put on these headphones, you’ll actually hear atoms responding to radioactivity in minerals.”
"Hook to you, you can hear it!"
"Hans" Geiger died in 1945, just a few days before his 63rd birthday.
But the invention that bears his name still lives.
A New Cancer Vaccine Can Teach The Immune System to 'see' Bad Cells
A New Cancer Vaccine Can Teach the Immune System to "see" bad cells and Destroy them
“Cinderella teaches the immune system to recognize bad cells as a part of the treatment
The procedure involves the extraction of cells of the immune system from the patient and their modification in the laboratory
Cells are being treated so they can 'recognize' a protein that is common to many types of cancer and are then re-injeduced into a patient
Examination vaccine shows promising results in patients with various types of cancer.
In one woman treated with a vaccine that teaches the immune system to recognize bad cells, ovarian cancer has withdrawn for more than 18 months.
The procedure involves the extraction of cells of the immune system from the patient, their modification in the laboratory to know how to "recognize" a protein called HER2 that is common to many types of cancer and cell re-injection.
Professor Jay Berzofsky of the U.S.-National Cancer Institute in Bethesda, Maryland, said: "Our results show that we have a very promising vaccine."
HER2 stimulates the growth of several types of cancer, including breast, ovarian, lung cancer and colon cancer," explains Professor Berzofsky.
A secrential approach of extracting immune system cells from the patient and their "learing" how to recognize cancer cells has been successful in the treatment of a type of leukaemia.
Kanye West, after a guest appearance on Saturday's Night Live, got involved in discussions about Trump and supported him, wearing a cap emblazoned "Let's Make America Great Again".
It didn't go well
Kanye West bounced in the studio during Saturday's Night's Live show after starking with breakups practising U.S. President Donald Trump and announced he would run for president in 2020.
After performing the third song of the evening named Ghost Town during which he wreath his cap with the cap, "Let's Make America Great Again", he continued to talk against the Democrat and reiterated that he was supporting Trump.
“I talk so often to white people, and they tell me: As you might like Trump, he’s a racist.”
"Well, if I'm worried about racism, I'd have moved out of America for a long time," he said.
Saturday's Night Live began a satirical skate in which Matt Damon ridiculed Brett Kavanaugh's testimony before the U.S. Senate Judiciary's Judiciary Committee about Christine Blasey Ford's claims for sexual misfortune.
Even though it wasn't aired, footage of West's speech was uploaded to social media by comedian Chris Rock.
I don't know if Rock was trying to mock West.
Also, West complained to the audience that they were relocating behind the stage because of the cap he wore.
“They were whisking behind the stage.
"Don't go anywhere with that cap."
They harassed me.
"They said I sank," Washington Examiner reports.
West continued: "You want to see the bottom?" and said he's going to wear his Superman mantle because it means I couldn't tell him what he was doing.
“Exercise with love.”
Variety magazine wrote that his comments provoked audience disbunishing at least twice, and members of Saturday Night Live appeared embarrassed, while one person told the magazine: "The whole studio was silenced."
West was summoned at the last minute as a substitute for singer Ariana Grande, whose ex-boyfriend, rapper Mac Miller passed away a few days earlier.
With the performance of the song "I love it", dressed like a bottle of Perrier's mineral water stunned many.
West was backed by Candace Turner, head of the Conservative group TPUSA, who tweeted: "One of the people with the bravest spirit: THOU THANK YOU FOR LOADING YOUR MAFIA."
But the show's presenter Karen Hunter tweeted that West simply "was her own and that it's absolutely wonderful."
“But I don’t choose to reward someone (buying his music, clothes, or by supporting his “art”) that I believe to embrace and spread ideology that is harmful to my community.
- He's free.
“We’re too,” she added.
Prior to the show, the rapper tweeted that it had changed its name, saying it was now "being officially known as Kanye West."
He's not the first artist who changed his name and follows Diddy's footsteps, which is also known as Puff Diddy, Puffy and P Diddy.
His colleague, rapper Snoop Dogg, was called Snoop Lion, and of course, the deceased music legend Prince changed its name to a symbol, and then into an artist previously known as Prince.
Accused of attempted murder with a knife at a restaurant in Belfast
A 45-year-old man has been accused of attempting to assassinate a man at a restaurant in eastern Belfast on Friday.
Police said the incident took place in Ballyhackamore.
The Defendant is scheduled to appear before a Misdemeancéal Trial in Belfast on Monday.
Accusations will be considered by the prosecution.
"Whist Game of Thrones Kit Hargington Feas like a toxic masculinity
Kit Harington is known for the role of Jon Snow who barts with a sword at HBO's violent medieval fantasy Game of Thrones.
But a 31-year-old actor turned on a stereotypical macho hero, saying that due to such televised roles, boys often feel they have to be firm to gain respect.
Speaking to The Sunday Times of Culture, Kit said he believed "something has gone wrong" and wondered how to deal with the problem of toxic masculinity in the #MeToo era.
Kit, who recently married 31-year-old colleague Rose Leslie of Game of Thrones, admitted he wanted to "greatly resolutely" face this problem.
“Personally I’m very resoluable at the moment—where did we make a mistake with masculinity?” he wondered.
"What have we taught men, when they grew up, compared to the problem we're seeing right now?"
The womb believes television, thanks to very masculine characters on screens, could be partly responsible for the rise of toxic masculinity.
He continued: "What is congenital and what has been learned?
What do you learn via TV and on the streets, and that the boys make them feel that they have to have these specific features of a man?
I don't think it's actually one of the great questions of our time - how can we change that?
'Cause it's obvious for the boys something went wrong."
In an injunction, he also confessed that he would not be filming sequels of Game of Thrones at the end of next summer and said he had "finished with battlefields and horses."
As of Nov. November, Kit will star in a new play by True West by Sam Shepard, a story about a movie producer and his brother a robber.
The actor recently revealed that he thought meeting his wife, Rose, was the best thing that happened to him during the filming of Game of Thrones.
"I met my wife by filming this series, which so gave me a family and a future life," he revealed.
In the fantasy series that won an Emmy Award, Rose played the role of Ygritte, the love of Whale Character Jon Snow.
The couple got married in June 2018 at Leslie's family estate in Scotland.
HIV/SIDA: China reported 14% increase in new cases
China said 14% has risen populations living with HIV and AIDS.
Healthcare workers say more than 820,000 people in the country have been infected.
Approximately 40,000 new cases occurred in the second quarter of 2018.
The vast majority of new cases of contagion have been conveyed by sex, a change in relation to the past.
In the past, HIV was rapidly transmitting across some parts of China as a result of transffusions of infected blood.
Chinese health authorities said at the Yunnan region that people who become infected with HIV in this way are almost non-existent.
However, each year the number of people living with HIV and AIDS increases by 100,000 people.
Transition of the HIV virus through sex is a constant problem among China's LGBT community.
Homosexuality was decriminalized in China in 1997, but it is rumcratic that discrimination against LGBT people is great.
Research estimates that due to conservative values in the country, 70-90% of men who have sexual intercourse with other men will eventually marry a woman.
A lot of cases of transmission of the disease in such relationships occur due to inadequate protection during sex.
As part of efforts to cope with this problem, the Chinese government pledged free access to HIV drugs in 2003.
Maxine Waters refuses that a public staff member clinched GOP Senate information, calling it "dangerous lies" and "conspiracy theories"
U.S. lawmaker Maxine Walters on Saturday said a member of its staff had released personal information from three Republican U.S. senators on Wikipedia.
Deviser from Los Angeles assures that these claims are circulated by "ultrehionage of the right-wHistorical", as well as websites.
"Fakes, lies and even more distracting lies," Waters said on Twitter.
Publish the data allegedly contained home addresses and phone numbers by U.S. Senator Lindsey Graham from South Carolina and Mike Lee and Orrin Hatch, both from Utah.
The information appeared online on Thursday by an unknown person from Capitol Hill during a Senate committee hearing in connection with allegations of sexual transgression by Supreme Supreme Court nominee Britt Kavanaugh.
The information was leaked after three senators examined Kavanaugh.
Conservative websites such as Gateway Pundit and RedState have announced that an IP address that reveals the source of publication of this data belongs to the office of Reverend Waters, as well as information about a staff member's representative, The Hill newspaper reported.
"These unfounded allegations are completely erroneous and absolutely false," Waters continued.
"A member of my staff - whose identity, personal data and security have been compromised as a result of these fraudulent and untrue allegations - is by no means responsible for leaking this data.
"These unfounded assertions are completely erroneous and absolutely false."
Ms. Waters' statement quickly attracted critics on the internet, including a former White House spokesman Ario Fleischer.
"It's an angry denial," Fleischer wrote.
"It shows that Waters doesn't have the temperament to be a member of Congress.
Someone who has been accused of something he didn't't have to be annoyed.
It must not be defiant.
He can't re-examinate the accuser's motives.
It has to be calm and calm.”
Fleischer appeared to be comparing Barbara Walters' reaction to criticism the Democrats refer to Judge Kavanaugh, whom they accused of appearing too angry during Thursday's hearing.
Omar Navarro, a Republican nominee who competes against Waters in a general election, has also tweeted.
"That's important if it's true," he wrote.
Watersova stated in a statement that her office had informed ‘calibrian authorities and order authorities’ of this false claims.
“We’re going to make sure that the perpetrators are being discovered and that they bear the legal consequences for all actions that are harmful and hazardous to my entire Cabinet,” she continued.
Reaching "Johnny English: Back on Task" - Insufficient Rowan Atkinson Struggles
It is now customarily in every new British film to look for messages about Brexit, and it also seems in the new screenplay of the action series “Johnny English”, whose first sequelae titled “Johnny English” was first screened in 2003 and in 2011 it returned to the big screens with the title “Johnny English mows again”.
Will our own satire twisted about how clearly reluctant we are to become a new national export opportunity?
Incompetent Johnny English with his eyescuttered eyes and a rubber face again has a license to complicate the situation, while his name says more than anything that it is a comical creation for a wide audience designed for countries in which kinematography isn’t in English.
He's, of course, an outspoken secret agent who despite his bizarre pretense pretensions to "Diluted" glamour resembles Inspector Clouseau, has a whiff of Mr Bean and somewhat reminiscent of that guy who sang one note of the introductory-introduced song "Chariots of Fire" at the opening ceremony of the 2012 London Olympic Games.
His character is also inspired by a traveller and a mysterious world man whom Atkinson once played in the now-forgivated TV commercials for Barclaycard and which is the embodiment of chaos.
There's one or two handsome moments in this most recent edition of the film.
I liked when Johnny English approached a helicopter clinched in medieval armor and a propellar was briefly kicking in his helmet.
Atkinson's Talent for Physical Comedy is Visible, but the humour appears rather uninteresting and unusually redundant, especially now that “serious” film titles like “007” and “Mission Impossible” themselves offer elements of comedy.
Humor seems to be intended for children, not adults. In my opinion, the waiving events of Johnny English are not as innovative and focused as Atkinson's silent gigs embodied in Mr Bean.
The presumption that the United Kingdom is in serious distress is now a well-prevented fact.
Haker has entered Britain's homician's tabernacle and revealed the identities of all British agents, to the horror of an agent on duty, played sadly by Kevin Eldon.
This poured a glass of the prime minister's uptight-to-supplies and a belligerent character experiencing a complete disintegration of the system because he is politically hated: Emma Thompson strives to faithfully portray the character that should represent Theresa May, but he didn't really get the material to do something.
Administrators on intelligence issues tell her that all active spies have been compromised and will therefore have to rehabilitate a retired agent.
And this person will be the careless Johnny English head and a beard who is currently employed as the headmaster of a poking school, but he secretly teaches how to become a secret agent: there are several handsome gigs here because English teaches spying in a rock style.
They are quickly brought into government premises for an emergency meeting, where he reunites with Bough, an ex-partner and his eternal sacrifice, played by Ben Miller.
Bough is now married to an over-the-tusisy submarine commander played by Vicki Pepperdine, whose potential has been largely suppressed.
And so the two members of Her Majesty's Secret Service who are doing everything completely wrongly re-returned into action and meet a beautiful fatal woman Ophelia Bulletov who was embodied by Olga Kurylenko.
In the meantime, the prime minister falls dangerously under the influence of a charismatic tech billionaire who claims to be able to solve British computancy problems, the vicious Jason Volta played by Jake Lacy.
English and Bough begin their exciting journey with absurd and hilarious events: disguised in the waiters, a burse-fast French rioter, challenging a huge mess smuggling on Volta's luxury yacht, and English provocably pronounce an anarchy by attempting to harness a virtual reality headphones to find out what the interior of Volta's house looks like.
Everything has been done properly for this last sequelament, but no matter how attractive and oarable the film, it still contains quite a lot of children's elements.
Quite mediocre realization.
And just as it was the case with other films about Johnny English, I again wondered if the British film industry couldn't give Rowan Atkinson a role to suit his talent?
Laburian party denies evading a plan for Britons to work four days a week and be paid in five days
Jeremy Corbyn's Labour Party will look at a radical plan under which Britons would work four days a week and be paid for a five-day work.
The party reportedly wants company bosses for workers to farote the savings achieved through the artificial intelligence (AI) revolution and give them an added day off.
It would mean that employees would be entitled to a three-day weekend with an equal salary.
Relevance that the idea could "intify" into the party's economic agenda and plans to favor the country's interests of workers.
A trade union congress has subtracted to a four-day working week as a way for workers to benefit from changes in the economy.
A high-profile Laburshistorian party source told The Sunday Times newspaper: "The policy review is expected to be published by the end of the year.
"The four-day working week shall not be realised overnight, but it represents an aspiration that fits into the approach that this party has towards balancing the economy in favour of workers, as well as in this party's overall industrial strategy."
The Labour Party wouldn't be the first to provide its support to such an idea, as the Green Party also pledged a four-day working week during its 2017 general election campaign.
The Labour Party, however, does not accept this aspiration in its entirety.
Laburitist party spokesperson said: "The four-day working week is not a party's policy and the party does not contemplate it."
Chancellor in Shadow, John McDonnell, took advantage of last week's Labour Party conference to work out his vision of a socialist revolution in the economy.
McDonnell said he had decided to seize the power out of the hands of "improper-free directors" and "profiters" in utilities.
Shadow chancellor's plans also mean that current shareholders in plumbing enterprises may not be able to regain their overall stake because the Labour government could "refugees" based on observed irregularities.
He also reaffirmed plans to include workers in the governing boards of companies and the creation of inclusive proprietary funds in order to give 10 per cent of private companies employees, who would earn annual dividends of up to £500.
Lindsey Graham and John Kennedy are speaking for "60 Minutes" on whether an FBI Investigation about Kavanaweight could change their opinion
The FBI's allegation of charges against referee Brett Kavanaugh has postponed a final ballot to his Supreme Court bid for at least a week, raising questions whether the agency's conclusion could affect Republican senators to withdraw their support.
In an interview airing on Sunday, "60 Minutes" correspondent Scott Pelley asked Republican Senator John Kennedy and Lindsey Graham if there'd be an opportunity for the FBI to reveal something that would make them change their minds.
Kennedy seemed more open than his South Caroline colleague.
"I mean, of course," Kennedy said.
“I was going back to the discussion, I said, I spoke with Judge Kavanaugh.
"I've called him after it happened, after they've been put forward, and he asked, 'Have you done that?'
"He's been resolute, unwavering, unequivocous."
Graham's voice, however, it's as if it's engravened in the stone.
"I'm reluctant about Brtt Kavanaugh and it would really take a strong accusation of changing that," he said.
"Dr. Ford, I don't know what happened, but I don't know: Brett denoutuly denounced everything," Graham added, referring to Christine Blasey Ford.
"None of the persons they have been imponsored has been able to confirm its claims.
Of these, it's been 36 years.
I don’t think anything has changed.”
What is the Global Citizen Festival and has it achieved anything in terms of poverty reduction?
This sabbath, New York will host the Global Citizen Festival, an annual music event with an ultra-impressive list of stars and an equally immersive mission – ending poverty in the world.
For the seventh year in a row Global Citizen Festival will bring together tens of thousands of people in the Central Park to enjoy not only the performances of stars, such as Janet Jackson, Cardi B and Shawn Mendes, but also to raise awareness of the real goal of the event, ending extreme poverty by 2030.
Global Citizen Festival, which began in 2012, is an extension of the Global Poverty Project, an international advocacy groups hoping to end poverty by increasing the number of people who are actively battling it.
In order to obtain a free ticket for an event (unless they were willing to pay for a VIP ticket), concert visitors had to carry out a series of assignments or "workings" such as volunteering, e-mail to the world leader, phone calls or any other meaningful ways to raise awareness of their goal of ending poverty.
But how successful does Global Citizen really take into account that it has 12 years left to achieve the goal?
Whether the idea of rewarding people with a free-concert is a real way of persuading people to demand an invitation to act, or just another case of so-called “clinctivisms” – where people feel that by signing an online petition or by sending a tweet they really change something?
Since 2011, Global Citizen has claimed that it has recorded more than 19 million “actions” of its supporters who have strived to achieve a range of different goals.
He argues that these actions were an impetuary for world leaders to announce commitments and policies that will lead to more than $37 billion that will have an impact on the lives of more than 2.25 billion people by 2030.
At the beginning of 2018, the group listed 390 commitments and announcements stemming from its activities, at least $10 billion of which had already been disbursed or collected.
The group estimates that the secured funds so far have directly affected almost 649 million people around the world.
Some of the key complications include "The Power of Nutrition", a partnership between investors and enforcers in the U.K. who are committed to "helping children to develop to their full potential", with the promise that after receiving more than 4700 Tvatoes from citizens of the world, it will provide $35 million to assist Rwanda with the aim of ending malnutrition in this area.
"With the help of the United Kingdom government, donors, national governments and the citizens of the world, such as you, we can only achieve that social malnutrition of malnutrition becomes only a footnote in history," said Tracey Ullman, embass of The Power of Nutrition at a concert in London in April 2018.
The group also stated that after more than 5000 actions taken with the aim of improving nutrition for mothers and children, the Government has announced the financing of the "The Power of Nutrition" project that will provide food interventions for 5 million women and children.
In the answer to one of the most common questions on your website, which read: "Why do you think we can end extreme poverty?"
“It’s going to be a long and difficult journey – we’re going to fail.
But we're going to succeed, just as great civil rights movements have succeeded and against apartheid before us, because together we're stronger.
Features of Janet Jackson, Weeknd, Shawn Mendes, Cardi B, Janelle Monáe are among some of the performances at this year's New York event to be led by Deborra-Lee Furness and Hugh Jackman.
The U.S. could use the navy as a “blockade” to thwart Russian energy exports – interior minister
D.C. may, "if necessary," use its navy to prevent Russian energy from reaching markets, including the Middle East, U.S. Interior Secretary Ryan Zinke, according to the Washington Examiner.
Zinke stated that Russia's engagement in Syria  – especially where it acts on the call of a legitimate government – an excuse to explore new energy markets.
"I believe that the reason Russia is in the Middle East is because it wants to sell energy in this area as it does in Eastern Europe, the southern part of Europe," he says.
But, in his opinion, there are ways and means to deal with this problem.
"The United States with the help of the navy can ensure the openness of naval paths and blockade, if necessary, in order to occupe that their energy doesn’t reach the market,” he said.
Zinke turned to the attendees at an event hosted by the non-profit Consumer Energy Alliance, posed as a "voice of energy consumers" in the United States.
He cross-referenced Washington's approaches to Russia and Iran, noting that they are actually the same.
"The economic option of Iran and Russia is more or less the exploitation and replacement of fuels," he said, and told Russia that it is “served by the same trick” in fossil fuel-associated economies.
Statements were made at the simultaneously with the Trump administration's increment of its liquefied liquefied natural gas exports to Europe, thereby replacing Russia, a far cheaper option for European consumers.
In this regard, U.S. administration officials, including U.S. U.S. U.S. President Donald Trump, are trying to relieprove Germany to reliepro from a "unsuitable" Nord Stream 2 (Northern Tok 2), which, according to Trump, made Berlin a “traffic man” of Moscow.
Moscow has repeatedly stressed that the Nord Stream 2 gas pipeline, worth $11 billion, which will double its existing pipeline's capacity of up to $11bn cubic meters, is a purely economic project.
The Kremlin argues that Washington's vehement opportunization to the project is simply driven by economic reasons and is an example of dishonest competitor.
"I believe that we share an opinion that energy cannot be a means of exerting pressure and that consumers should be able to choose suppliers," U.S. Energy Minister Aleksandr Novak said after a meeting with U.S. Energy Minister Rick Perry in Moscow in September.
The U.S. position provoked a reaction from Germany which reaffirmed its commitment to the project.
Germany's leading industrial organization, the Federation of German Industries (BDI), has called on the U.S. to stay away from EU energy policies and bilateral agreements between Berlin and Moscow.
"I have a big problem when a third country interferes with our energy supply," Dieter Kempf, head of the Federation of German Industries (BDI), said after a recent meeting between German Chancellor Angela Merkel and Russian President Vladimir Putin.
Elizabeth Warren will "seriously recontemplage" the possibility of running for president in 2020, says Massachusetts senator
Massachusetts Senator Elizabeth Warren said on Saturday she would "seriously consider" his nominee after the mid-mortem election.
During an imminent meeting with citizens in Holyoke, Massachusetts, Warren confirmed she was contemplating running herself.
"It's time for women to go to D.C. D.C.
"Following November 6, I will seriously consider the possibility to run for president."
Warren made an opinion on President Donald Trump during a meeting with citizens, saying that “this country leads in the erroneous direction.”
"I'm terribly worried that Donald Trump is doing our democracy," she said.
Warren has openly criticized Trump and his nominee for the Supreme Judiciary, Brett Kavanaugh.
In a tweet released on Friday, Warren says: "Of course we need an FBI investigation prior to a vote."
But a poll released on Thursday found that a majority of Warrene voters don't think they should run in 2020.
According to a study by the Suffolk/ Boston Globe University's Political Research Center, Fifty-threatendteily “probably” voters in Massachusetts said the senator shouldn't run.
Thirty-two per cent supported the candidacy.
The Poll showed greater support for former Governor Deval Patrick's candidacy, with 38 per cent of the vote for a potential candidacy and 48 per cent against.
Remaining prominent names Democrats discussed in relation to a potential race for president in 2020 are former Vice-President Joe Biden and Vermont Senator Bernie Sanders.
Biden has said he will make an official decision by January, the Associated Press reports.
Sarah Palin Recommends PTSD Track Palin at Donald Trump's Stake
Track Palin, 26, spent a year in Iraq after signing up in September.
Detained and accused of an incident of domestic violence that took place on Monday night
"What my son is going through, what she is going through after a comeback, is comparable to other families who feel the effects of PTSD and the other wounds with which our soldiers are coming back," she told an audience at a Donald Trump rally in Tulsi, Oklahoma.
Palin called his arrest a general problem that is kept quiet about and for her son and other war veterans said that they "repeated a little differently, come back hardened, they come back wondering if there is any respect for what their fellow soldiers and the pilots, and all other members of the military, gave for this country."
Arrested Monday in Wasill, Alaska, and has been accused of domestic violence against a woman, obstructing domestic violence reporting and possession of weapons in an alcoholic state, says Dan Bennett, a spokesman for the Losille Police Department.
18 states and D.C. support the re-examination of the new asylum policy
Eighteen states and the District of Colombia support a legal challenge to a new U.S. policy that denies asylum to victims flee gangs or domestic violence.
Representatives of the 18 federal states and districts filed an auggregious report in Washington on Friday to provide support for an asylum seeker who disputes politics, NBC News reports.
The full-lemense name of the prosecutor in Grace v Se Sessions filed by the U.S. Civil Liberties Union in August has not been undiscovered.
She said that her partner "has and violent members of his gang" abused her, but U.S. officials rejected her application for asylum on July 20.
She's been arrested in Texas.
Government attorneys who backed Grace have described El Salvador, Honduras and Guvatemala, from which a large number of asylum seekers in the U.S. come, as countries facing ubiquitous problems with gangs and domestic violence.
A new U.S. asylum policy has reversed Immigration Committee's decision made in 2014, allowing immigrants who don't have documents and run away from domestic violence.
U.S. Lawmaker Karl Racine said in a communiqué in a statement on Friday that the new policy "ignores decades of state, federal and international law."
"Federal law dictates that all asylum applications be dealt with on the basis of concrete facts and the circumstances of the application, and such an impediment infringes this principle," the court's friend report said.
Lawyers further argued that a policy depriving immortancy harms the U.S. economy, arguing that it is more likely to become entrepreneurs and "ensure the necessary workforce".
U.S. Attorney General Jeff Sessions has instructed Immigration Supicions in June to endorse asylum victims fleeing domestic violence and gang-talking.
"Azil is accessible to those who leave their homeland because of persecution or fear over race, religion, nationality or affiliation to a particular social group or a political opinion," Sessions said in a June 11 policy statement.
The purpose of asylum has never been to alleviate any problems – not all serious problems – which people face every day around the world.
Desperate sacrificing Efforts in Palo while the death toll doubles in the race to find survivors
For survivors, the situation was getting tougher.
“The stimulus is very tense,” said Risa Kusuma’s 35-year-old mammary, while comforting her boy who shrended a fever at an evacuation center in the devastated city of Palu.
Ambulance vehicles are transporting bodies every minute.
“Coague scarcity of clean water.”
Residents have been seen returning to their destroyed homes, shuffling through flooded things, trying to save everything they can find.
Hundreds of people were injured and hospitals, damaged by a 7.5-magnitude quake, were packed.
Some of the injured, including Dwi Haris, who suffered a back and shoulder fracture, were resting in front of Palua's Military Hospital, where patients were treated outdoors because of continuous strong aftershocks.
Tears filled his eyes as he talked about the feeling of a violent earthquake shaking a fifth-century-flight hotel room he shared with his wife and daughter.
“There wasn’t a time to save ourselves.
"I think I've been crushed inside the rubbish walls," Haris told The Associated Press, adding that his family had come to town for a wedding.
“I’ve listened to my wife calling for help, but then there was silence.
- I don't know what happened to her and my child.
"I hope they're safe."
US ambassador accuses China of "limatering" through "propaganda advertisements"
A week after an official Chinese newspaper published a four-season-based debt advertisement in a U.S. daily that promoted reciprocating the U.S.-and-China trade bidebrella, the U.S. ambassador to China accused Beijing of abusing the U.S. lynx for spreading propaganda.
U.S. U.S. President-US President Donald Trump on Wednesday referred to a mercenary approximate addition to the China-based newspaper in Iowa's best-selling, Des Moines Refurbishment, after accusing China of seeking to interfere in the U.S. U.Number U.S. U.Next U.N.
Trump's accusation of Beijing trying to interfere in the U.S. election marked what U.S. officials in a statement denominated to Reuters as a new escalation of Washington's escalating campaign to exert pressure on China.
While it's normal for foreign governments to plant advertisements to promote commerce, Beijing and Washington are currently locked in an escalating comrade war that led to high import tariffs.
Retaliations from China at the beginning of a trade war are designed to hit exporters in states such as Iowa supporting Trump's Republican Party, Chinese and U.S. experts say.
Terry Branstad, the U.S. ambassador to China and former long-running Iowa's long-ruly governor, China's main exporter of agricultural products, has said Beijing has harmed U.S. workers, farmers and businesses.
"In an article in Sunday's edition of Des Moines Register, Branstad alleges that China "has now doubles that harass by launching propaganda advertisements in our own free press."
“Through the expansion of its propaganda, the Chinese government uses the U.S. tradition of Free Speech and Free Press by putting a paid advertisement in Des Moines Register,” Branstad wrote.
"Contactly, you'll find limited voices of opposition at a newsstand-to-scouge newspaper on the streets of Beijing and you'll not see any true reflection of different opinions that the Chinese people may have about a disturbing Chinese economic trajectory because the media are under tough pressure from the Communist Party of China," he wrote.
He added that "one of China's most prominent newspapers have declined an offer to publish" his article, although he didn't say which newspaper it was at stake.
Kavanaugh's debacle was repelled by Republicans ahead of the medium-to-term election, analysts warn
As many Republicans stand with Supreme Court justice candidate Brett Kavanaugh and are defending him for several allegations of sexual misfortune, analysts warn that this will lead to negative reactions during the upcoming mid-term elections, especially among women.
Emotions circulated by this event were very stirred, and most Republicans have already shown that they still want to give their vote.
Such things can't come back," Grant Reeher, a professor of political science at the University of Syracuse, told an article published on Saturday.
Reeher expressed doubt that Senator Jeff Flake (R-Arizon's latest insistence to conduct an FBI investigation will be enough to reassure furious voters.
“Women won’t forget what happened yesterday—will not be forgotten either tomorrow or in November,” Karine Jean-Pierre, Senior Advisor and National Spokeswo-Speaking Spokeswoman MoveOn, according to a newspaper in D.C.
On Friday morning, protesters sang: "November is Coming!", protesting in a Senate corridor as Republicans controlling the Judiciary Committee were preparing to resume Kavanaugh's appointment despite testimony from Dr. Christine Blasey Ford, Mic reports.
Enthusiasm and Motivation of the Democrat will be out of all expectations," Stu Rothenberg, a non-partisan political analyst, told the news.
"People say they're already at a high level, which is true.
But they could also be taller, especially among women in the suburbs and younger voters, aged 18-29, who, although they don't like the president, often don't go to the polls."
Even prior to public testimony, Ford's testimony detailing her allegations of sexual assault by a Supreme Candidate, analysts hinted that there could be a negative reaction if the Republicans proceed with a certificate.
"It's a real contension for the Great Old Party," said Michael Steele, a former chairman of the Republican National Committee, at the beginning of last week, according to NBC News.
"It's not just a vote in the committee or a final vote or whether Kavanaugh has been sent to the reserve bench, it's about how Republicans approached all this and how they treated it," Guy Cecil, director of Priorities USA, a group that helps elect a Democrat, told the news.
However, it seems that the Americans are somewhat divided by whom they will believe after the testimonies Ford and Kavanaugh, with them leaning a little bit more to him.
A new poll published by YouGov shows that 41 per cent of respondents defiicily or probably believe the veracity of Ford's testimonies, while 35 p.m per cent said they certainly or probably trusted Kavanaugh.
In addition, 38 per cent said Kavanaugh thought Kavanaugh probably or definitely lied during his testimony, while only 30 per cent argued the same for Ford's.
After Flake's pressure, the FBI is currently investigating allegations made by Ford, along with at least one other prosecutor, Debor Ramirez, reports The Guardian.
Fordova testified before the Senate Judiciary's Occurrence last week that Kavanaugh attacked her in a drunken state when she was 17.
Ramirez alleges that a Supreme Court judge's nominee showed her his genitals at a party during studies at Yale in the 1980s.
Inventor of the World Wide Web plans to launch a new internet to download Google and Facebook
Berners-Lee, an inventor of the World Wide Web, is launching a new company that aims to become a computation to Facebook, Amazon and Google.
The most recent project of this technology legend, Inrupt, is a company that develops based on Berners-Lee's open platform Solid.
Solid allows users to choose a place of storage of their data and people who will be allowed access to certain information.
In an exquisi-in-command for Fast Company, Berners-Lee joked that the intention behind Inruption was "world dominance."
"We have to do it now," he said, referring to a startup.
"It's a historic moment."
The application uses Solid's technology to enable people to create their own "personal network data storage" or FER.
It may contain contact lists, comresponsibilities lists, a calendar, a music library and other personal and professional tools.
It's like Google Drive, Microsoft Outlook, Slack and Spotify are all available on one browser at the same time at the same time.
What's unambiguous when it comes to personal online data storage is that it's a decision on who is able to access what information fully users.
The company calls it "personal empowerment through data".
The Idea for Inrupt, according to John Bruce's chief executive, is for the company to provide resources, processes, and appropriate skills to help Solid be accessible to everyone.
The company currently consists of Berners-Lee, Bruce, a security platform purchased by IBM, several engineers who have signed a contract to work on the project, as well as a community of voluntary developers.
Beginning from this week, developers from around the world were able to create their own decentralized applications using tools available on the Inrupt website.
Berners-Lee said that he and his team do not talk to Facebook and Google about whether or not to impose a complete change in which all of their business models would be completely reversed overnight.
“We don’t ask for their permit.”
In a post at Medium published on Saturday, Berners-Lee wrote that Inrupt's "mission is to provide commercial energy and an ecosystem in order to protect the integrity and quality of a new network built on Solidarity."
In 1994. Berners-Lee transformed the internet when he founded a Conservation of the World Wide Web at the Massachusetts (MIT).
In recent months Berners-Lee has had an influential voice in the network's neutrality debate.
Even as it launches Inrupt, Berners-Lee will remain the founding and director of the Consortium of the World Wide Web, the World Wide Web Foundation.
"I am incredibly optimistic about the next era of the network," Berners-Lee added.
Bernard Vann: Celebration on the decoration of priests from the First World War Via Viktoria's Cross
Celebration in the honor of the only Priest of the Anglican Church that was decorated with Viktoria's cross as a fighter in the First World War was organized in his hometown 100 years later .
Lieutenant-madie Religious Bernard Vann won an award on September 29, 1918 in an attack on Bellenglise and Lehaucourt.
However, four days later he was killed by a sniper and he never found out that he had received Britain's biggest military tribute.
A memorial plaque was unveiled by two of his grandchildren at a parade in Rushden, Northamptonshire on Saturday.
One of his grandchildren, Michael Vann, said it was "unbelievably symbolic" that the stone will be revealed exactly 100 years after his grandfather's comvro's feat for which he received this recognition.
According to a report by the Official Gazette of the London Gazette, on September 29, 1918, Lieutenant Colonel Vann led his battalion across the channel of St. Quentin "through very dense fog and under a strong firing coming from the direction of the battlefield and the machine gun."
He later rushed into the front rows and with "incredible courage" led the unit forward before he rushed to a Polish cannon without any help and mowed down three from a military detachment.
Lieutenant Colonel Vanna was assassinated by a German sniper on October 4, 1918 – a little more than a month before the end of the war.
Michael Vann, 72, said his grandfather's actions were "something I know I would never have been able to achieve, which arouses humility."
He and his brother Dr. James Vann also laid a wreath after the parade, which was hosted by the Brentwood Imperial Youth Band Parade Orchestra.
Michael Vann said he "feel very honored to participate in the parade" and added that "couragement of a true hero is shown through the support given by a lot of people."
Lovers of mixed martial arts remained awake all night to watch Bellator 206, and instead they got Dust Pepp
Imagine this – you stay awake all the night to look up a series of Bellator 206 matches to eventually make it impossible for you to follow the main event.
The San Jose program featured 13 fights, including six in the main census, and in the U.K. were shown at night live on Channel 5.
At six o'clock in the morning, just as Gegard Mousasi and Rory MacDonald were preparing for each other, viewers in the United Kingdom were left in shock when Pepp's Pigetch was interrupted.
Many were unimpressed at all after they remained awake until the early hours of the morning because of the fight.
One lover of interrupting the transmission to the children's cartoon on Twitter he described it as a "some kind of sick joke."
"According to state regulations, this content is not suitable for broadcasting at 6 a.m., so they had to switch to a children's program," Dave Schwartz, a senior vice-prestigator on Bellator's marketing and communications, said when asked about the broadcast.
"Jupi, Pimple Peppa."
Bellator's president, Scott Coker, has said he will reconcile their schedules to include viewers from the UK in the future.
“Once I consider reprisals, I think we can probably handle something,” Coker said.
"But the transfer is there at six in the morning on Sunday and we won't be able to realize anything until there's Sunday in our country, when there will already be Monday.
But we're working on it.
Believe me, when the transmission was interrupted, there were many correspondences circulated that weren't friendly.
We've been trying to fix it, we thought it's a technical problem.
But it hasn't been, it's the problem of a state nature.
I can promise you they won't happen next time.
We're going to keep five fights instead of six - whatever we normally do. We've tried to give more to our fans, but we've overreacted.
“There are unfortunate circumstances.”
Dessert Island Disks: Tom Daley felt 'inferior' about sexuality
Tom Daley's Olympic bourgeoer says he grew up with a sense of inferiority compared to the others because of his sexuality – but that gave him the motivation to become successful.
Twenty-four-year-old stated that as long as he didn't go to high school he was unaware that "everyone is just like me."
In a statement to Radio 4 Desert Island Disks, led by Lauren Laverne, he said he was talking about the rights of homosexuals to give others a "help."
He has also said that victories at the Olympics is less important to him since he became a father.
Sergeant-general presenter Kirsty Young has taken a few months of retire due to her illness.
Appearing as an amphithex on Laverna's first-team show, Daley said he felt “less valuable” compared to the others because “it wasn’t socially acceptable to love both boys and girls.”
"To this day, these feelings of inferiority and diversity in relation to the rest were the right things that gave me power and strength so that I could succeed."
He says he wanted to provise "it's "some and something," so he wouldn't disappoint anyone when they eventually found out about his sexuality.
A two-profile Olympic bronze medalist has become a prominent person advocating for LGBT people and used his performance at this year's Commonwealth Games - in Australia to appeal to multiple countries to decriminalize homosexuality.
He said that he spoke publicly because he believes that he is happy to be able to be able to live openly without repercussions and because he wanted to give "once others."
A three-pronged world champion said he was amazed that he fell in love with a man – American filmmaker Dustin Lance Black, whom he met in 2013.
Daley marred a Oscar-his-appressor, who was 20 years older than him, last year, but said the age difference had never posed a problem for him.
“When you’re doing so young people going through so much” – he looked back at his first Olympics when he was 14, and his father died of cancer three years later—he said it’s hard to find someone of the same age and he experienced similar ups and downs.
In June, they became parents to a son named Robert Ray Black-Daley and Daley said his “full perspective” had changed.
“If you’d asked me last year, all the story would have been about ‘having to win a gold medal,’” he said.
"You know what, there are bigger things than golden Olympic medals.
Robbie is my Olympic gold medal.”
His son has the same name as his father Robert, who died in 2011 at the age of 40 after he was diagnosed with a brain tumour.
Daley said his father didn't accept that he was going to die, and one of the last things he asked was whether they had procured tickets to London in 2012 because he wanted to be in the forefront.
“I couldn’t tell him: ‘Dad, you won’t be here long enough to be in the front row,” he said.
"I held him by the hand when he exhaled, and it wasn't until he quit to breathe and died, I finally became aware that he wasn't invincible," he said.
The following year, Daley competed at the 2012 Olympics and won bronze.
"I just knew it was what I've dreamed of all my life  -- to jump in front of a domestic audience at the Olympics, there wasn't a better feeling," he said.
This was also an inspiration for selecting the first song “Proud” by singer Heather Small  – who echoed in it during preparations for the Olympic Games and which it is always errided .
Dessert Island Discs is broadcast on BBC Radio 4 Sundays at 11:15 BST.
Mickelson out of form on bench at the Ryder Counch on Saturday
American Phil Mickelson will set a record on Sunday when he plays his 47th Ryder Cup match, but will have to fully relent a form to evade an inconvenient fountain.
Mickelson, who plays a record twelfth-times in this two-year-round competition, was sent to the bench by captain Jim Furyk in Saturday's four-thleading games and quadruple.
Instead of being at the center of action, as it often was for the United States, a five-time victor was spent a day cheering and evicting his game at a training ground in the hope of rectifying what's bothering him.
"Never-precising player, even at the peak of his career, this 48-year-old isn't ready for the demanding Le Golf National pitch, where a long unflattering pitch routinely punishes imprecise punches.
And if the pitch itself isn't terrifying enough, Mickelson is in the ninth match on Sunday's ninth-majority match Francesco Molinari, who has beaten in all four matches this week.
If the U.S., who start 12 individual matches with four points less, reach a hot start, Mickelson's match could prove to be absolutely pivotal.
Furyk said he had confidence in his man—he couldn't have said it.
"He completely understood the role he played today, patted on my back, hugged me and said he would be ready tomorrow," Furyk said.
"There's a lot of self-confidence."
He's celebrities and has contributed a lot to the teams in the past, and this week.
I didn't imagine playing two games.
I've imagined there's more of them, but that's how it turned out and we thought that's what we should do.
He wants to be on the field, just like everyone else.”
Mickelson will overwrecutch Nick Falad's record on Sunday in the number of Ryder Cup matches.
This could mark the end of his career in the Ryder Cup that has never truly reached the level of his personal accomplishments.
Mickelson has 18 victories, 20 defeats and seven-half-time, although Furyk said his presence also brought certain intangible values into the team.
"It's fluctuous, sarcastic, witty, he likes joking with people and he's a shiny guy for it," he explained.
“I don’t think it’s been amused for the younger players this week, which was fun to watch.
“He's giving a lot more than a game."
European captain Thomas Bjorn knows a great advantage can soon go away
Thomas Bjorn, the captain of the European team, knows from the experience that a huge advantage in the last day of individual Ryder Cup matches can be easily turned into an embarrassing race.
Danac debuted in Valderrami's match in 1997, where a team of captain Seve Ballesteronos had a five-point advantage over the Americans, but the game ended with their victory with a tight difference of 141⁄2 – 131⁄2.
"You are constantly reminded that we had a great advantage in Valderrami; we had a great advantage in Brookline, where we lost, both in Valderrami, where we won, but with a tight difference," Bjorn said, in the picture, after observing the team in 2018 who won the result 5 ‒ 3 p.m. and yesterday with a score of 10  – 6 at Le Golf National.
Therefore, history will show me and everyone in the team that this isn't over.
Tomorrow you will play at full strength.
Go to the field and do everything right.
There's nothing over until the floors on the board are advertised.
We have a goal, and it's trying to win this trophy, and there's a focus on that.
I've been saying all the time, I'm focusing on the 12 players who are on our side, but we're well aware of who's right against us - the biggest players in the world."
Detripped by the performance of his players on a difficult golf course, Bjorn added: "I would never run in front of an ore.
There's gotta be confronted with a different beast tomorrow.
Tomorrow are the main individual performances, and this is something completely different.
It's great to play with a partner when everything's going well, but when you're out there as an individual, they're on the ultimate test of your golfer's abilities.
It's a message that you have to convey to the players, and it's that tomorrow they have to give their best.
Now leave your teammate because he has to do his best.”
Unlike Bjorn, his colleague on the opposing side, Jim Furyk, will ask his players to play better individually than they played with teammates, excluding Jordan Spieth and Justin Thomas, who have picked up three-tier than four.
Furyk himself was at both ends of those big twists on the last day, since he was part of a winning team in Brookline before he finished as a loser after Europe performed "miracle at Medina".
"I remember every damned word," he said in response to the question of how Ben Crenshaw, captain in 1999, encouraged his players before the last day.
"Tomorrow we have 12 important matches, but you should strive to achieve excellent results at the very beginning like what you've ever seen in Brookline, as you've seen in Medina.
When that hinterland moves in a certain direction, it put a lot of pressure on the midfield matches.
Accordingly, we organized our line-of-the-catch and placed the boys as if, you know, we're going to try to perform magic tomorrow."
Thomas was tasked with trying to spear counter-attack and confront Rory McIlroya in the main match, and Paul Casey, Justin Rose, Jon Rahm, Tommy Fleetwood and Ian Poulter to deal with other Europeans in the top half.
"I've Determined that this group of guys are going in this order because I think it's encompassing everything," Bjorn said of selected players for individual matches.
Germany's new warship re-attached on hold
The German navy's rehearsal was supposed to be commissioned in 2014 to replace old warships from the Cold War, but it won't be ready until at least next year due to faulty systems and cost-rise, local media reported.
Putting into the traffic of ‘Rheinland-Pfalz, the leading ship of all-new Baden-Wuerttemberg class frigates, has now been delayed until the first half of 2019, the Die Zeit newspaper citing a military spokeswoman.
The ship was supposed to join the navy in 2014, but troubling problems after delivery struck the fate of an ambitious project.
Four Baden-Wuerttemberg-Baden-Wuerttemberg-class vessels, commissioned as far back in 2007, will be replaced by old Bremen class frigates.
As far as it is, it will have a powerful cannon, a series of anti-aircraft and anti-ship missiles, as well as some invisibility technologies, such as reduced radar, infrared and acutic signatures.
Other important features include a longer maintenance period  – it should be possible to allocate the latest frigates over a period of up to a two-year without returning to their home ports.
Continuous delays, however, mean that state-of-the-art warships – which are said to allow Germany to be able to show power abroad – by the time of entry into service, Die Zeit notes.
Unfortunate F125 frigate last year peaked on all front pages, when the German navy officially refused to put the ship into service and returned it to the Blohm & Voss shipyard in Hamburg.
It's the first time the navy has repatriated the ship after delivery.
There was little known about the reasons for the return, but the German media cited a number of key "software and hardware gaps" that would make the warship useless if it were sent on a combat mission.
Software gaps were particularly important because Baden-Wuerttemberg-class ships will be operated by a crew of about 120 sailors – half less than on older Bremen class frigates.
It has also been shown that the ship is dramatically too severe which reduces its efficiency and limits the Navy's ability to add future upgrades.
"Rheinland-Pfalz" of 7000 tons is believed to be twice heavier than ships of a similar class used by the Germans in the Second World War.
In addition to malfunctional hardware, the price of the entire project – including crew training – it also becomes a problem.
It is said that the price reached a staggering €3.1 billion ($3.6bn) – compared to an initial €2.2bn.
Problems affecting the latest frigates are becoming particularly important in the light of recent warnings that Germany's naval force is shrinking.
Earlier this year, Hans-Peter Bartels, head of Germany's Defense Parliament's Committee, acknowledged that the navy "disappears ships capable of deploying."
The official said this problem increased over time, because the old ships were deteriorated, and there were no replacement vessels.
He expressed regression that none of Baden-Württemberg class frigates can join the Navy.
National Foundation eavesdropping on the secret life of a bat
The new research conducted on an estate in the Scottish Highlands aims to find out how the bats use the landscape in food hunting.
There's a hope that the results will clarify the behaviour of these unique flying mammals and help guide future conservation activities.
A study carried out by scientists at the Scottish (NTS National Foundation) will be followed by ordinary and swamp dwarf bats, as well as brown-mannered long-earned and river bats at Inverewe gardens in Wester Ross.
Special recorders will be placed in key places around the property to monitor bat activities throughout the season.
NTS staff and volunteers will also carry out mobile previews using handheld detectors.
An expert analysis of the sounds of all the recordings will determine the frequency of bat voting and what species does.
A habitat map and a report will then be created to create a detailed picture of their behavior.
Rob Dewar, NTS Nature Conservation Advisor, is hoped the results will reveal which habitat areas are most important for bats and how each species uses them.
This information will help determine the benefits of working on habitat management, such as the formation of meadows, and how to best maintain forest areas for bats and other related species.
Bat populations in Scotia and across the United Kingdom have declined significantly over the last century.
They are jeopardized by the construction and renovation works that affect shelters and habitat loss.
Victurbs and lighting can also pose a danger, as well as muchloches and certain chemical treatments of building materials, as well as pet cat attacks.
Bats aren’t really blind.
However, because of their hunting habits at night, their ears are more useful from the eyes when it comes to grabbing prey.
They use a sophisticated echolocation technique to find bugs and obstacles on the trajectory of their flight.
The NTS, which is responsible for caring for more than 270 historic buildings, 38 important gardens and 76,000 acres of land throughout the country, are taking bats very seriously.
There are ten trained specialists, who regularly carry out researches, shelter inspections and sometimes save.
The organization has even set up the first and only reserve for bats in Scotia at Threave in Dumfries and Galloway, home to eight out of ten bat species that inhabit Scotiska.
Warden, David Thompson, he's saying the property is the ideal area for them.
"Here in Treave, we've got a lot of space for bats," he said.
"We've got old buildings, a lot of old trees and all good habitats.
However, there's still a lot that we don't even know about bats, so the work we're doing here and on other facilities will help us better understand what they need for progress."
Emphasizes the importance of verifying the presence of bats before starting maintenance work inside the buildings, since the unintentional destruction of one litter can kill up to 400 females and young, thus probably destroying the entire local population.
Shrifters are protected and illegal to kill, torture or harass or destroy their shelters.
Elisabeth Ferrell, a representative for the Scottish Association for the Protection of Bats, encouraged the public to help.
“There’s still a lot to learn about our bats and we simply don’t know how their population is progressing.”
Ronaldo denies rape claims as lawyers prepare to sue German magazine
Cristiano Ronaldo characterized the accusations of rapprochement made against him as "fairy news", saying people "want to promote themselves" using his name.
His lawyers will sue German magazine Der Spiegel, announcing those allegations.
An attacker of Portugal and Juventus has been accused of raping an American named Kathryn Mayorga in a hotel room in Las Vegas in 2009.
Allegedly he then paid her $375 000 to remain silent about the incident, Der Spiegel reported on Friday.
In a live-and-tucute video he posted on his 142 million followers hours after reporting the charges, Ronaldo, 33, criticised the allegations as “fake news.”
"No, no, no, no, no.
What they have said today is fake news," says a five-time Golden Ball contestant into the camera.
"They want to be promoted using my name.
- It's normal.
They want to be celebrities to pronounce my name, but it's part of the job.
I'm a lucky man and everything's fine," the footballer added with a smile.
Ronaldo's lawyers are bracing to sue Der Spiegel over allegations they have dubbed "unacceptable non-response reporting in the field of privacy," according to Reuters.
Lawyer Christian Schertz said the footballer would seek compensation for "moral damage in an amount that corresponds to the severity of the misdemeanour, which is probably one of the most serious violations of personal rights in recent years."
The alleged incident took place in June 2009 in an apartment at a hotel and Palms casino in Las Vegas.
After a meeting at a nightclub, Ronaldo and Mayorga reportedly returned to the footballer's room, where he reportedly aggravated her, according to documents filed at Clark District Court in Nevada in Nevada.
Mayorga says Ronaldo fell to his knees after an alleged incident and told her that "99 per cent" the "hello-good guy" who had been betrayed by "one per cent."
The documents allege that Ronaldo confirmed that the couple had sexual interrelationship, but that he was amicable.
Mayorga also claims that she went to the police and was photographing her injuries at the hospital, but that she later agreed to an out-of-court settlement because she “feared retributions” and cared to be “publicly humiliated”.
Thirty-four-year-old says she now wants to unmascure the settlement because she is still traumatised by an alleged incident.
Ronaldo was on the verge of transferring to Real Madrid from Manchester United at the time of the alleged attack, and this summer he switched to the Italian giant Juve as part of a €100-million receivating.
Brexit: The UK will 'regret forever' what they've lost automakers
The UK will "difpen forever" if it loses the status of a world leader in car production after Brexit, Business Secretary Greg Clark has said.
He added that "contracting" it is that Toyota UK has told the BBC that, in the event that Britain leaves the EU without a deal, it will temporarily halt production at its Burnaston plant, near Derby.
"We need a deal," Clark said.
Japan's carmaker has said the impact of queues at borders in case of a no-debate Brexit could cause job losses.
Burnaston plant – produced by Toyota Auris and Avensis – produced almost 150 000 cars last year, 90% of which were exported to the remainder of the European Union.
"It is my stance that if Britain comes out without a deal at the end of March, we will experience production stalemases at our factory," said Marvin Cooke, Toyotin's director-general at Burnaston.
Other car makers in the U.S. have voiced fears about deliberating an unfamiliar EU for possible consequences for the functioning of cross-cross-border trade including Honda, BMW and Jaguar Land Rover.
BMW, for example, says it will close its Mini factory in Oxford for a month after Brexit.
The automaker's main concern relates to supply chain risks in the event of a no-death without reaching a deal.
Toyota's production line works according to the "just in time", where parts arrive every 37 minutes from suppliers in the UK and the EU for custom-made cars.
If the UK leaves the EU without an agreement on March 29, there could be a break at the border that the industry says could lead to delays and a lack of parts.
Toyota at its factory in Derbyshire would not be able to hold more supplies than those needed for a day, the company said, so production would be halted.
Mr. Clark said the "Chequers" plan offered by Theresa May for future relations with the EU was "precisely calibrated to avoid those border checks."
"We need to agree. We would like to reach the best possible agreement that will allow, as I say, not only to maintain the present success, but also to take this opportunity," he told the BBC Radio 4.
"Eventions not only of Toyote but other manufacturers show that we must absolutely be able to continue this very successful series of supply chains."
At Toyota, they couldn't say how long production could be halted, but they warned that in the long-term, additional costs would reduce the factory's competitiveness and eventually lead to job losses.
Peter Tsouvallaliris, who has been working at Burnaston for 24 years and who is a member of Unite's trade union, said his members are increasingly concerned: "According to my experience, after these jobs leave, they never come back again."
A government spokeswoman said: "We have presented a precise and credible plan for our future relationship with the EU."
Trump meeting with Rosenstein may be postponed again, White House says
An important meeting of Donald Trump with Deputy Attorney General Rod Rosenstein could "deceased by another week" that the fight over Supreme Court Judge Britt Kavanaugh will continue, the White House said.
Rosenstein overshaded the work of special lawyer Robert Mueller, who is investigating Russia's meddling in the election, ties between Trump's associates and Russia, and possibly obstructing justice by the president.
The question of whether Trump will displicate the deputy attorney-general and thereby jeopardize Mueller's independence, has been stirring his gossip in Washington for months.
Earlier this month, the New York Times reported that Rosenstein was discussing wielding to record conversations with Trump and the ability to remove the president via the 25th amendment.
Rosenstein turned down these statements.
But last Monday he went to the White House amid announcing he was about to resign.
Subsequently, a meeting with Trump was announced for Thursday, which was then at the United Nations in New York.
Trump said he "wouldn't want to" sack Rosenstein, but the meeting had been postponed to avoid overlapsing the Senate Judiciary Committee in which Kavanaugh testimonates and one of the women accused him of sexual misfortune, Dr Christine Blaysey Ford.
On Friday, Trump ordered a one-week FBI investigation into lawsuits against Kavanaugh, which further delayed a full Senate ballot.
Trump's press secretary, Sarah Sanders, appeared on Fox News television on Sunday.
When asked about a meeting with Rosenstein, she said: "The date has not been determined, it could be this week; and it could be delayed for another week taking into account everything else that's going on with the Supreme Court.
"We'll see, and I've always liked to keep the press about everything."
Some journalists would challenge that claim: Sanders hadn't held a press conference at the White House on September 10.
Presenter Chris Wallace asked her why.
Sanders said the lack of press conferences wasn't due to arrogance towards "theatrial behaviour" by television reporters, though she said: "I'm not going to oppose the fact that they're shattering."
She then hinted that direct contacts between Trump and the press would increase.
"The president is organising more meetings to answer questions than any president before him," she said, adding without providing the evidence: "We've been analysing the numbers."
"Smart addresses will continue to take place, Sanders said, "if journalists have the opportunity to directly ask the president of the U.S., it is infinitely better than talking to me.
"We're trying to make it often possible, and you've been able to see that in the last few weeks, and it's just that you can talk to the President of the U.S. he's going to replace brief speeches to reporters."
Trump regularly gives answers to questions when he leaves the White House or participates in open-minded meetings or press conferences with visiting dignitaries.
Self-contained press conferences are rare.
This week in New York, the president might have shown why, a free and sometimes bizarre performance in front of the assembled journalists.
Healthcare Minister Writes Workers from EU Employers at the National Health Service (NHS) in Scotland for Festivities
The health minister sent a letter to EU staff employed in the Scottish NHS to express her gratitude and the desire to stay after Brexit.
Jee Freeman, a member of the Scottish parliament, sent a letter less than six months before the UK's withdrawal was withdrawn from the EU.
The Scottish government has already pledged to cover the costs of applying for EU citizens working in its decentralised public services.
Ms Freeman wrote: "During the summer, negotiations between the United Kingdom and the European Union on Withdrawal have resumed, which are moving towards expected decisions this autumn.
But the U.S. government is also stepplining preparations for a no-deal scenario.
I'm sure it's a very difficult period for all of you.
That's why I'd now like to point out again how much I appreciate the contribution of every staff member, regardless of their nationality.
Colleagues from all over the EU and beyond bring valuable experience and skills that strengthen and improve the work of health services and help patients and communities we serve.
“Scotland is absolutely your home and we really want you to stay here.”
Christion Abercrombie undergoes emergency surgery after head injury
The Tennessee State Tigers team's in-line player Christion Abercrombie has underwent emergency surgeries after suffering a head injury in Saturday's defeat to Vanderbilt Commodores with a score of 31 - 27, reports Mike Organ of Tennessean.
Tennessee's head coach, Rod Reed, told reporters that the injury took place just before half-time.
"He's reached the line of the playground and he just collapsed," Reed said.
Coaches and medical staff gave Abercrombie oxygen on the outskirts of the field before placing him on a stretcher and sent for further tests.
Tennessee State University representative told Chris Harris from WSMV in Nashville, Tennessee that Abercrombie had walked out of surgery at Vanderbilt hospital.
Harris added that there were no "details about the type/obsessisy injury" and that Tennessee State was trying to detect when the injury occurred.
Abercrombie, a three-year-old student with a two-year-fashion experience, is playing his first season for Tennessee State after switching from Illinois.
On Saturday, he had a total of five undercutting before leaving the game, reaching a total of 18 undercutting in the season.
Foreign buyers will be levied on a larger levy when buying a property in the United Kingdom
According to New Conservative Plans, foreign buyers will be levied a higher levy when buying a real estate in the United Kingdom, and additional money will be used to help homeless
This step will neutralise the success of Corbyn's endeavor to deprive young voters
Increasing levies will be imposed on those who don't lend taxes in the United Kingdom.
Treasury Expects to Raise Up to £120 Million a Year to Help the Homeless
Theresa May will announce today that foreign buyers will be levied a higher levy when buying real estate in the United Kingdom – and additional money will be used to help the homeless.
This move will be understood as an attempt to neutralize Jeremy Corbyn's bivalve streak efforts to demise young voters with promises to provide more favourable housing solutions and focus on high-wage ones.
Rate increases will be levied from individuals and non-tax-paying companies in the United Kingdom, and additional money will contribute to the Government's efforts to combat homelessness.
Additional levies  – which is added to the current fee, including an increase imposed two years ago on other homes and real estate purchased for the purpose of issuance – it can be up to three per cent.
The treasury expects that this move will collect £120 million a year.
An estimated 13 per cent of newly-constructed real estate in London is bought by residents who do not reside in the U.C., which raises prices and makes it difficult for buyers who buy their first property to get involved in the company of those who have their own home.
Many wealthy areas in the country – especially in the capital – become “ghost cities” due to a large number of foreign buyers who spend most of their time outside the country.
The new policy came just a few weeks after Boris Johnson called for levies to help more young people reach their first home.
He accused major construction companies of maintaining high real estate prices by seizing but not exploiting the country, and urged Ms. May to abandon quotas on affordable real estate in order to repair "shame over the housing situation" in Britain.
Corbyn has announced to propose a series of attractive housing reforms, including hiccups controls and an end to unprovoked ergence.
He is also keen to give councils greater powers to build new homes.
Ms. May said: “Over the last year I’m going to dedicate my edifice to renew the British dream – that the life of every new generation should be better.
And this entails fixing our deteriorating housing market.
Britain will always be open to people who want to live, work and build their lives here.
However, it can't be right that individuals who don't live in the United Kingdom, as well as companies established abroad, can buy homes as easily as hard-working Britons.
“The dream of owning a home to a large number of people has gone too far, and the embarrassment of homelessness remains very real.”
"It's my ultimate ambition to manage Scotland"
Sunderland's Boss says his "exterior ambition" is one day to become Scottish manager.
Scot (42) enjoys the challenge of reviving the northeastern club, which currently occupies a third-tier spot in the Premier League, with three points less than leading.
This summer he moved to the Stadium Lights after he again led St. Mirrren last season at the Scottish Soccer Championships.
"I wanted to perform for my country as a player.
I've got a B cap and that's it," Ross told BBC Scotland.
"But I grew up watching Scotland in Hampden with my dad as a kid, and it's always dragging me back.
However, this opportunity could only be realised if I was successful in managing the club.”
The Ross Pregnant Prostitutes as Sunderland manager include Dick Advocaat, David Moyes, Sam Allardyce, Martin O'Neill, Roy Keane, Gusa Poyet and Paula Di Cania.
The ex-scorer of Alloa Athletica says he didn't feel fear because he inherits such famous names at such a big club, having previously bounced calls to Barnsley and Ipswich Town.
“Success for me at the moment will be measured according to whether I will be able to get this club back to the Premier League.
Because of its structure and content, this club undoubtedly belongs to the Premier League," he said.
"It's not easy to get there, but I'd probably consider myself successful only if I could take the club there again."
Ross finishes only the third year of his stencioling career, after a period during which he was an assistant boss in Dumbarton and a 15-month-half-scenning experience as part of Hearts coaching staff.
He then helped Alloi recover from relegation into the third-ranking category and took St Mirren from the brink of relegation to the winner of the championship next season.
And Ross says he now feels more enjoyable than ever during his playing career in Clyde, Hartlepool, Falkirk, St. Mirren and Hamilton Academical.
“Probably, it was the right crossroads,” he recalled the take-up of Alloe.
“I’ve really believed that managing is what suits me is more than playing.
It sounds odd because I was coping very well, earning myself solidly and enjoying quite successful moments.
But the game can be difficult.
There's a lot of things you need to get through every week.
I'm still going through this in terms of stress and job pressure, but management seems like the right thing.
"I've always wanted to manage, and now I'm doing it. I'm feeling more comfortable in my own skin than I've ever felt."
The entire interview can be listened to at Sportsound on Sunday, September 30, at Scotland Radio between 12:00 a.m. and 13:00 BST
The perfect time for a pinot is at 17:30 on Saturday, as shown by the research
The summer heatwave has boosted revenue to UK pubs that have struggled with their finances, but has increased pressure on restaurant chains.
Data shows pubs and bars generated a 2.7 per cent increase in revenue in July, but restaurant revenues declined 4.8 per cent by 4.8 per cent.
"Continuing beautiful weather time and England's participation in the World Cup that lasted a long-duration by the World Cup that lasted a long-than-expected office, said: "Continuing England's good time at the World Championships lasting longer than expected it meant that July would be similar in the previous month of June, when pub revenues rose by 2.8 per cent, with restaurants now being even more affected.
A 1.8 per cent fall in restaurant revenue in June only deteriorated in July.
Pubs and bars where drinks are mainly used have made much greater gains on equal terms compared to the losses suffered by restaurants.
Puppies where food is mostly served were also damaged by the heat, albeit not as dramatically as restaurants.
Looks like people just wanted to go out for a drink.
In steered brewezzles and bars, beverage sales increased by 6.6 per cent during the month and food sales declined by three per cent."
Paul Newman, RSM analyst for vacation and hospitality, said: "These results continue the trend we've been seeing since the end of April.
The timing and impact of major social or sporting events remain the biggest factors when it comes to sales in the external market.
Unsurprised that groups of restaurants continue to contend with difficulties, although a 4.8 per cent year-on-year sluggish will be particularly painful due to constant cost pressure.
A long-chot summer couldn't have come at a brink-to-date for food-protechnators, and the weather will show whether the more moderate temperatures we've experienced in August will provide a much-needed respite."
Total sales growth in pubs and restaurants, including newly opened, stood at 2.7 per cent in July, reflecting a slowdown in brand share growth.
Coffer Peach Tracker's sales monitoring system for the UK pub, bars and restaurants sector collects and analyss data on the efficiency of 47 operating groups, with a total turnover of over £9bn, and an industrial benchmark has been established.
One in five children has secret social media accounts hiding from their parents
The research reveals that one in five children, some of whom are only 11 years old, have secret social media accounts that they hide from their parents and teachers
Execution of 20,000 high school students has shown an increase in ‘fake Insta’ sites
The news has heightened the fear of posting sexual content
Twenty-plus students say they have an 'major-major' account to show their parents
One-fifth-of-two-and-a-half-of-year-of-four-year-of-four-year-of-a-year-old, some of whom are just 11 years old, are opening secret social media accounts hiding
A survey of 20 000 high school students showed a rapid increase in the number of “fake Instas” accounts – a photo-sharing website.
The news has intensified the fear of releasing sexual content.
Twenty-per-percenic students said they were using a purgible "major-cauge" account to show their parents, and at the same time have private accounts.
One mother who came across her 13-year-old daughter's secret website found a teenager who instigated others by “peaking me”.
The research, conducted by Digital Awareness UK and the College of Principals (HMC), showed that 40 per cent of pupils aged 11 to the age of 18 have two profiles, half of whom acknowledge that they own private accounts.
HMC's boss, Mike Buchanan, said: "It's worrying that many teens are trying to create online spaces where parents and teachers can't find them."
Eilidh Doyle will be "athlete-athlete vote" in the Scottish Athletics Board
Eilidh Doyle was elected to the Scottish Athletics Board as non-executive director at an annual meeting of the governing body.
Doyle is Scottish athletic and President Ian Beattie has described the move as a major opportunity for those who run the sport to harness its wide-leaving experience gained internationally over the past decade.
"Eilidh enjoys a lot of respect in the Scottish, British and global athletic communities and we're confident athletics in Scotia will benefit greatly by making it a board member," Beattie said.
Doyle said: "I want to be the voice of an athlete and I hope that I can really contribute to the sport in Scotland."
The American, who won a 200-400-metre race in 1996 in Atlanta from his total four Olympic golds, and is now a regular BBC expert, could no longer walk after a transient ischemic attack.
He tweeted: "A month ago I suffered a brain coup d'état.
I couldn't walk.
Physicians have said that only time will tell whether I will recover and to what extent.
It's been tiring, but he's re-reduced, he's learned to walk again and today do agility exercises!
“Thank you’ll be thankful for the messages of encouragement!”
Divided opinions online about a trawler advertisement that compares mothers to cows
With its advertisement-producing company, which compares mothers who breastfeed their children to dairy cows aroused divided opinions on the Internet.
To commemorate the launch of a product claimed to be "the world's "first-width wearable dealer," Elvie for consumer technology released a advertisement inspired by an ironic music video to show the freedom the new transmitter gives to mothers.
"Yeah, the four mothers dance in a barn filled with hay and cogs next to music whose text reads: "Yes, I'm milking myself, but don't you see any rap" and "In case you haven't noticed, this isn't udder, it's my boobs."
Then there is a chorus: “Spump, exhaustion, I feed the baby with it, the pumpkin, the musk of my lady.”
However, the advertisement, which was posted on the firm's Facebook page, sparked controversy online.
With 77,000 previews and hundreds of comments, the video has received mixed-haired spectator reactions, and many say it illuminates "horrors" of the dairy industry.
"It's a very bad decision to use coves for the advertisement of this product.
“Like us, they need to conceive and give birth to produce milk, in addition to stealing their children a few days after giving birth," one person wrote.
The Elvie trawler discreetly fits into a nursing bra (Elvie/Mother)
Another person comments: “Undercomparably traumatically for a mother and a child.
"Yes, why don't you use them to advertise dilactors for mothers who will be able to keep their babies?"
“Fully laureate advertising.”
Others were defending an advertisement, where one woman confessed that her song was “exquisite”.
“I don’t think it’s an ingenious idea.
Leather, I'd buy one.
The betrayal of milk has made me feel just like a cow.
The advertisement is a little insane, but I figured it out the way it is.
It's an ingenious product," she said.
The other person commented: "This is amusing advertisement focused on moms who give milk (infrequently at their workplaces or in toilets) and they feel like 'cows'.
“This isn’t an advertisement practising or denouncing the dairy industry.”
At the end of the video, a group of women reveal that they all danced with discreet traitors placed in bras.
The concept of the campaign is based on coexistence that many milk-boring women say that they feel like cows.
The Elvie's travertant, however, is completely silent, there are no wires or tubes and fits discreetly into a breastfeeding bra, allowing women to move freely, hold their babies, and even come out during treasuration.
Ana Balarin, partner and executive creative director of the Mother agency, commented: "The Elvie Gauge is such a revolutionary product that she deserves a bold and provocative launch.
A real parallel between the depictions of women and cows, we wanted to focus the betrayal and all its challenges, and at the same time in a fun and comprehensible way to demonstrate an incredible sense of freedom that a new traitor will bring.
This isn't the first time a trawler Elvie has made headlines.
During the London Fashion Week, the mother of two appeared on the catwalk for designer Marta Jakubowski while using the product.
Hundreds of migrant children quietly transported to tent camp at Texas border
Migrant-and-contained children has increased, although the number of monthly border crossings has remained relatively unnecessarily unchanged, in part because the difficult rhetoric and policies introduced by the Trump administration made it difficult to place children under the care of sponsors.
Prettiationally, most of the sponsors themselves were undocumented immigrated and were afraid to jeopardize their ability to remain in the country by stepping up and taking responsibility for the child.
The risk increased in June, when federal authorities announced that potential sponsors and other adult members of their households would have to give fingerprints and that the data would be shared with immigration authorities.
Last week, Matthew Albence, a senior Immigration and Tariff official, testified before the congress that the agency had arrested dozens of people applying to sponsor unaccompanied minors.
The agency later confirmed that 70 per cent of those arrested had not previously been recorded in criminal records.
“Neverely 80 per cent of individuals who are either sponsors or members of the country's household are illegal, and a large part of them are criminal foreigners.
That's why we're continuing the search for these individuals," Mr Albence said.
According to shelter workers, with the aim of carrying out the procedure for children faster, officials have introduced new rules that will require some of them to appear in the court within a month of detention, and not after 60 days, which has previously been the standard.
Many will appear via a videoconferencing call rather than in person, in order to present their case before the immigration court to obtain legal status.
Those who don't meet help criteria will be quickly deported.
According to workers in the shelter and the reports that have arisen from the system in recent months, the longer the children remain in custody, the more likely it is to become anxious or depressing, which can lead to violent outbursts or attempts to escape.
Advocates said those concerns were expressed in larger facilities such as Tornillo, where, because of its size, it is very likely that signs that a child is being tormented will overwhelm.
They added that relocating children to a tent city without enough time to prepare them emotionally or to say goodbye to friends can cause a trauma that many children are already battling with.
Syrmia orders U.S., French and Turkish ‘occupitional forces’ to retire immediately
Speaking to the U.N. General Assembly, Walid al-Moualem, he also called on Syrian refugees to return home, even though the war in the country has been going on for eight years.
Moualem, who is also a deputy prime minister, stated that foreign forces were on Syrian soil illegally, under the precaution of counter-terrorism, and would "compliably be dealt with".
"They have to retire immediately and unconditionally," he told parliament.
Moualem insisted that "the war on terrorism is almost complete" in Syria, where more than 360,000 people have died since 2011, while millions have lost their homes.
Damascus said Damascus would "fight in this sacred battle until all Syrian territories are cleared" from terrorist groups and "any illegal presence of foreigners."
The U.S. has about 2000 troops in Syria, who are largely rehearsed and advising both the Kurdish forces and the Syrian Arapians who oppose President Bashar al-Assad.
France has more than 1000 troops on the ground in war-destroyed country.
As for the refugees, Moualem said the conditions for their return have been met and blamed "some Western countries" for “spreading irraditional fears” that have prompted refugees not to come back.
"We have called on the international community and humanitarian organizations to facilitate these returns," he said.
"They politicize what should be a purely charitable issue."
The U.S. and the European Union have warned there would be no help to rebuild Syria until there is a political agreement between Assad and the opposition to end the war.
U.N. diplomats say a recent agreement between Russia and Turkey to establish a tampon-response zone in Idlib's last major insurgency insurgency created an opportunity to retween political talks.
A Russian-Turkish agreement has been thwarted by a massive attack by Syrian forces backed by Russia on a provincial where three million people live.
Moualem, however, stressed that the agreement had "clear deadlines" and voiced hope that the military action would be aimed at jihadists, including Al-Qaeda-linked Nusra fighters, "which will be eradicated".
U.N. envoy Staffan de Mistura hopes to connounce the first meetings of a new committee consisting of members of the government and the opposition to form a post-war constitution for Syria and pave the way for elections.
Moualem set the conditions for the participation of the Syrian government in the committee, saying the commission's work should be limited "to revisiting articles of the current constitution" and warned against meddling.
Why will Trump win a second term
According to this logic, Mr. Trump should win a re-election in 2020 unless, which many Liberal spectators probably hope for, the impepeachment and scandal prematurely end his presidency.
What would undoubtedly be “the most dramatic final of the presidency ever.”
At the moment, there are no signs of spectator fatigue.
As of 2014, impact ratings have more than doubled to 1.05 million on CNN and nearly tripled to 1.6 million at MSNBC.
According to Nielsen, Fox News has an average of 2.4 million impact viewers, up from 1.7 million four years ago, and MSNBC's "The Rachel Madow Show" surpassed viewership with as many as 3.5 million spectators by night broadcasts.
"It's a fire that attracts people because it's something we don't understand," said Neal Baer producer of ABC drama "Designated Survivor," about the secretary of the government who becomes president after an attack ravaging Capitol.
Nell Scovell, author of the comedy 'Just the Funny Parts: And a Few Hard Truths About Sneaking Into the Hollywood Boys' Club, has a different theory.
He remembers a taxi ride in Boston before an election in 2016.
The rider told her he was going to vote for Mr. Trump.
"Why?" she asked.
He replied: "Because she makes me laugh," said Ms. Scovell.
There's amusing value in the chaos.
Of course, as opposed to anything else on television, stories coming from Washington can determine the future of abortion laws resulting from Roe v Wade, whether immigrant families can reunite the health of the global economy.
Excluding is a luxury that can only be afforded by the most privileged spectators.
However, however, you outweigh the level of an informed Citizen when you are grasping to watch a group of experts for the sixth hour discuss how Bob Woodward used sources of a “deceased background” for his book “Fear”, about Paul Manafort's 19-000-dollar-bodied-eyed jacket ("a clothing-fuction-fused arrogance," writes the Washington Post) and the implications of intimate descriptions, this, Mr. Trump's anatomy.
I, for example, I'll never watch Super Maria with the same eyes again.
"Part of what it makes you experience it as a reality show is that it feeds you of something every night," said Brent Montgomery, CEO of Wheelhouse Entertainment and the creator of "Passation," about a rotating acting line-up and the day-to-day entanglements of the Trump show (fight with N.F.L., Kim Jong-un bragging).
You can't afford to miss a single episode because you'll be lagging behind.
When I reached Mr. Fleissa this week, in front of his house on the north coast of Kauai Island it was sunny with a temperature of 80 degrees (approximately 27°C), but he was inside watching MSNBC and at the same time filmed CNN.
He couldn't dismantle himself from the television, not until Brett Kavanaugh was face-to-face with the Senate Judiciary Committee, and the Supreme Court's future hinged at the end.
"I remember when in the past we've been doing all these crazy shows and people were saying, 'It's the beginning of the end of Western civilization,'" Mr. Fleiss told me.
“It’s a joke but it turns out they were right.”
Amy Chozick, a writer for The Times who writes about business, politics and the media, is the author of "Chasing Hillary" memoir.
Money from the outside pouring into the most uncertain mid-term-term election race for the congress
It's not unsurprised that Pennsylvania's 17-strong district is experiencing a flood of money, thanks to a reshuffle of congressional districts resulting in two contenders in the race for the same place.
This recently rescheduled district of Pittsburg's rejoining Democrat Conor Lamb  – who last spring won a second-strong district in a special election.
Lamb competes against second incumbent representative Keith Rothfus, who is currently unveiling the age of Pennsylvania's 12th district, which largely overlaps with a new 17th district.
The maps were drawn again after the Pennsylvania Supreme Court decided in January that the old incitements were unconstitutionally tailored in favour of Republicans.
Racing in the New 17th District has launched a fight to fund a campaign between main party fundraisers, a committee that raises funds for a democratic campaign (DCCC) and the Republican National Convention Committee (PRCC).
Lamb became a well-known name in Pennsylvania after a close victory in a widely watched special March election for Pennsylvania's 18th congress district.
This position has been held by a Republican for more than a decade, and President Donald Trump has conquered the district with a 20-point advantage.
Political analysts prioritised Democracies.
The U.S. queues whether they should punish El Salvador for providing support to China and then retiring
Diplomats noted that the Dominican Republic and Panama have already recognized Beijing, with little resistance from Washington.
In June 2017, Mr. Trump had an acquimious meeting with President Juan Carlos Varela from Panama and owned a hotel in Panama until the partners kicked off the Trump organization's management team.
State Department officials have decided to urge U.S. heads of diplomatic missions from El Salvador, the Dominican Republic and Panama for "recent decisions to no longer recognise Taiwan," spokeswoman Heather Nauert said.
But the fines were only considered against El Salvador, which received an estimated $140 million in U.S. aid in 2017 for, among others, narcotic control, development and economic support.
Proposed penalties, which include reducing financial aid and targeted visa restrictions, would be painful for the Central American country and high rates of unemployment and murder.
As incompetent meetings thrived, officials from North America and Central America have postponed a high-evaluated conference aimed at security and economic well-tourism to continue on a gloss last-ago-skinned gathering, which was seen as progress in efforts to thrive the movement of migrants toward the United States.
By mid-September of mid-September, senior administration officials had made it clear that they wanted the conference to be held and thus actually interrupted every consideration of penalties for El Salvador.
Vice-president Mike Pence should address the conference, which is now scheduled for mid-October mid-October, as a sign of the importance the administration attaches to the meeting, diplomats said.
And three U.S. envoys quietly returned to El Salvador, Panama and the Dominican Republic without new heavy messages or punishments from Washington.
A White House spokeswoman on behalf of Mr. Bolton declined to comment on the details of the discussion described by three U.S. officials, including two diplomats, who agreed to discuss internal discussions on condition of anonymity.
Their reports were confirmed by an out-of-the-accompanied by an analyst who also wished to remain anonymity.
History
What's up to next could be special counsel Robert Muecher's report on Trump's possible obstruction of the judiciary, of which there's now very substantial publicly available evidence.
Mr. Mueller reportedly also focused his inquest on whether Mr. Trump's campaign was secretly negotiated with Russia as part of its attack on our election.
If a majority is changed in Congress, Mr. Trump will face accountability in that body, just when he's prepared to come forward in front of the electorate again, and perhaps in the end of the Jury to him.
There's a lot of these "if" and I don't want to suggest there's an unavoidable fall of Mr. Trum - nor those similar to him in Europe.
All of Us must make decisions on both sides of the Atlantic that will affect how long the fighting will last.
In 1938, German officers were ready to carry out a co-question effort against Hitler, only for the West to oppose it and supported the Czechoslovakians in Munich.
We didn't make it and we missed the opportunity to avoid the years of carnage that ensued.
History revolves around inflection points, and an indomitable marsh of democracies accelerating or lating.
U.S. is now confronted with a few of these points of inflection.
What are we going to do if Mr. Trump sack Deputy Attorney General Rod Rosenstein, a man who controls Mr. Mueller's prosecution?
Rosenstein has been in Trouble Ever Since the Newspaper reported that last year he secretly proposed filming the president and speculated about his incapacity for service.
Mr. Rosenstein says the Times report is inaccurate.
"How are we going to respond if a recently commissioned FBI investigation on Brett Kavanaugh isn't complete or fair - or if it's confirmed to the Supreme Court despite plausible sexual assault accusations and unfair testimony?"
And above all, are we going to vote a mid-term controversy for a congress that will hold Mr. Trump accountable?
If we fall at these tests, the democracy will sleep a long winter dream.
But I don't think we're going to fall because of the lessons I've learned in Prague.
My mother was a Jew from Czechoslovakia who was deported to Auschwitz by the same Nazi regime who once sat in my ambassador's home.
She survived, emigrated to America and, 60 years later, sent me lit candles for whispers on that table with a hooked cross.
With such a legacy, how can I not be optimistic about our future?”
Norman Eisen, a senior collaborator at the Brookingss Institute, is the president of Citizens for Responsibility and Ethics in D.C. D.C. and "The Last Palace: Europe's Turbulent Century in Five Lives and One Legendary House."
Graham Dorrans from Rangers optimistic before facing Rapid from Vienna
Rangers host Rapid from Vienna on Thursday, knowing that victories against the Austrians, after an impressive draw in Spain against Villarrel earlier this month, will put them in a strong position to qualify from Group G of the Europa League.
Knee Injury prevented Graham Dorran's midfielder from appearing for the first time in a season until a 2-time draw with Villarreal, but he believes Rangers can use that result as a boutique banner for bigger things.
"It's been a good result for us because Villarreal is a good opponent," the 31-year-old said.
“We’ve come into the game believing that we can achieve something and we've got a point.
Perhaps in the end we were able to steal the match, but, in general, the draw score is probably fair.
They've probably been better in the first half but we've been better in the second.
There's another big European night on Thursday.
Let's hope that we can score three points, but it's going to be a difficult match because they had a good result in the last game, but with the support of the fans, I'm sure we can attack and achieve a positive result.
Last year has definitely been difficult, between everything that has happened with my injuries and changes at the club itself, but now there's a good feeling.
The team's good and the lads are really enjoying themselves; training is good.
"Let's be hopeful that we will be able to continue now, leave last season and be successful."
Women can't sleep for fear of retire resuscitation
In spite of the fact that the participants of the research had a clear idea of what kind of care they wanted, few people talked about it with members of their family.
Approximately clemers of the Nationwide study said they talked to their spouses about long-term sheccer care costs.
Only 10 per cent said they talked about it with their children.
"People want a family member to take care of them but don't take steps to start a conversation," said Holly Snyder, Nationwide, vice-president.
There's where to start.
Talk to your spouse and children: You can't prepare your family to provide care if you don't express your wishes in advance.
Collaborate with your advisor and your family to talk about where and how to receive care, as these choices can be a significant factor in cost-determining.
Incorporate your Financial Advisor: Your Advisor can also help you figure out how to pay these expenses.
Your long-to-favoured funding choices may include long-running long-stay insurance, a $400, a $3 client insurance policy that will help you cover these costs or self-indulgence with your own wealth – as long as you have the money.
Arcuate your legal documents: At the root you prevent legal battles.
Engage healthcare professionals to designate a trusted person to oversaw your medical care and ensure that professionals meet your preferences in case you can't communicate.
Also, consider giving the power of attorney to manage your finances.
You would like to choose a trusted person to make financial decisions on your behalf and to secure the payment of your bills if you are unable to do so.
Don't forget small details: Imagine that your aging parent is in a situation that requires urgent medical intervention and is on its way to the hospital.
Would you be able to answer questions about medicines and allergies?
Specify the details in the written plan to be ready.
"It's not just about financiers, it's also who the doctors are?" Martin asked.
"What are the medications?
- Who's gonna take care of the dog?
"Contain this plan at hand."
The man was shot multiple times from an Ilfracombe air rifle
The man was repeatedly shot with shots from an air rifle as he returned home after a night out.
Victim, in her forties, was located in Oxford Grove in Ilfracombe, Devon, when he was shoved into the chest, abdomen and arm.
The officers described the shooting, which took place at about 02:30 BST, as an "random act."
Victim hasn't seen the assailant.
His injuries aren't life-threatening and police are looking for witnesses.
Earthquake and tsunami in Indonesia
At least 384 people have been killed in a powerful quarsus and tsunami that hit the Indonesian city of Palu on Friday, officials said, and the death toll is expected to rise.
Since the communications were interrupted, aid officials were unable to obtain any information from Donggale province, areas north of Palu which is closer to the epicenter of a 7.5-magnitude quake.
More than 16,000 people were evacuated in Palu after the catastrophe.
Here are some key facts about Palu and Dongga, on the island of Sulawesi:
Palu is the capital of Sulawesi province, located at the end of a narrow cove on the west coast of Sulawesia Island, with an estimated population of 379 800 in 2017.
The city glorified its 40th anniversary when it was hit by the quake and tsunami.
Donggala is a district that stretches along more than 300 km of coastline in the north-west island of Sulawesia.
The district, an administrative region lower than the province, had an estimated population of 299 200 in 2017.
Fishing and agriculture are the foundation of the Sulawesi province's economy, especially the coastal region of Donggal.
Nickel mines are also important in the province, but are mostly concentrated in Morowali, the opposing Sulawesi coast.
Palu and Donggala have been plagued by tsunami several times in the last 100 years, according to the Indonesian Disaster Mitigation Agency.
In 1938 tsunami killed more than 200 people and devastated hundreds of houses in Dongga.
Tsunami also hit western Donggal in 1996, killing nine people.
Indonesia is located on a Seismic Pacific Fire Circuit and is regularly plagued by earthquakes.
Here are some of the major earthquakes and tsunamis in recent years:
2004: A large earthquake on the west coast of the Aceh province in northern Sumatra on December 26 sparked a tsunami that struck 14 countries, killing 226,000 people along the Indian Ocean coast, more than halve in Aceho.
2005: A series of powerful earthquakes struck the west coast of Sumatra in late March and the beginning of April.
Hundreds of people were killed on Nias Island, off the coast of Sumatra.
2006: 6.8 deteriorated south of Java, Indonesia's most pono-neighbouring island, sparking a tsunami that slammed the southern coast, killing nearly 700 people.
2009: A 7.6-magnitude quarreout struck the town of Padang, West Sumatra province.
More than 1100 people were killed.
2010: A 7.5-magnitude quarries hit one of Mentawai islands, near Sumatra, provoking a tsunami of up to 10 meters that destroyed dozens of villages and killed about 300 people.
2016: Shallow quake hit Pidie Jaya region in Aceh, causing destruction and panic as it reminded people of the devastration of a deadly earthquake and tsunami in 2004.
There hasn't been a tsunami this time, but more than 100 people have been killed a result of falling buildings.
2018: Huge quarrels hit the Indonesian tourist island of Lombok, killing more than 500 people, mostly on the north side of the island.
The quake devastated thousands of buildings and temporarily blockged thousands of tourists.
Sarah Palin's eldest son Arrested on Domestic Violence Charges
Track Palin, the eldest simultaneous explanetary of Alaska's ex-guarantee and vice-president's vice-president Sara Palin, has been arrested on assault charges.
Palin (29), from the town of Wasill, Alaska, has been arrested on suspicion of domestic violence, intertwitching domestic violence and resisting arrest, according to a report released Saturday by Alaska's state police officer.
According to a police report, when an acquaintance tried to summon the police to report the alleged atrocities, he took her phone.
Palin is being held in Mat-Su custody and stays on an unsecured $500 bond, KTUU reports.
He appeared in the court on Saturday, where a question about a plea of culpability pleaded "innocent, of course," the network reported.
Palina is charged with three class A offences, which means he could be jailed for up to a year and fined $250,000.
He was also accused of a class B misdemeanor, which is punished one day in prison and a fine of $2000.
It's not the first time criminal charges have been filed against Palin.
In December 2017, he was accused of attacking his father, Todd Palina.
His mother, Sarah Palin, urged police to report an alleged attack.
The case's currently before the Alaska Veterinary Court.
In January 2016, he was accused of domestic violence, impedimental reporting of domestic violence, and possession of alcohol-fuelled weapons related to the incident.
His girlfriend stated that he punched her in the face.
Sara Palin was criticized by veterans' groups in 2016 after linking her son's violent behavior to PTSD after his service in Iraq.
Tsunami and earthquake in Indo-Econsidere: Hundreds killed
At least 384 people have been killed after Friday's quarrelling Indonesian island of Sulawesi.
A 7.5-magnitude quarries triggered tsunami and devastated thousands of homes.
Electricity and communication networks have been interrupted, and in the coming days the death toll is expected to rise.
The quake stumbled an imminent proximity to central Sulawesija, northeast of Indonesia's Jakarta capital.
On social networks, videos circulated showing a moment of impact.
Hundreds of people were assembled at a festival on a beach in the town of Palu when a tsunami crashed into the coast.
Federal Prosecutors Seek Rare Death Penalty for Suspect for New York Terrorist Assault
Federal prosecutors in New York are demanding the death penalty for Sayfull Saipov, a suspect in a New York terrorist attack that killed eight people—an rare sentence unveiled in the state since 1953.
Saipov (30) reportedly used a Home Depot store rental truck to carry out an attack on a bicycle path along the West Side road in Donji Manhattan, where he mowed pedestrians and cyclists who were on his way in October
In order to justify the death penalty, the plaintiffs will have to prove that Saipov has “deliberately” killed eight victims and “deliberately” inflicted serious bodily injury, according to a notice of intent to seek the death penalty, which was filed in the Southern District of New York.
Both of these points lead to an eventual death penalty, in accordance with a judicial document.
A couple of weeks after the attack, a federal grand-flight Saipov slammed a 22-strong indictee that involved eight murder and extortion charges that federal plaintiffs typically use in organised crime cases, and allegations of violence and destruction of motor vehicles.
The assault required “significant planning and premeditation,” the plaintiffs said, blasphesing how Saipov performed it as ‘angular, ruthless and corrupt’.
"Sayfullo Habibullaevic Saipov caused injuries, damage and losses to families and friends of Dieg Enrique Angelini, Nicholas Cleves, Ann-Laura Decadt, Dareren Drake, Ariel Eryli, Hernan Ferruchi, Hernan Diego Mendoza and Alejandra Damiano Pagnucco," the statement said.
Five of the casualties were tourists from Argentine.
It's been a decade since New York's southern district last prosecuted the death penalty.
Accused Khalid Barnes has been convicted of murdering two drug suppliers but was eventually sentenced to life in prison in September 2009.
The Death Penitentiary was last carried out in New York, in 1953, when married couple Julius and Ethel Rosenberg were executed after they were convicted of spying for the Soviet Union during the Cold War two years earlier.
Both Rosenbergs were executed on June 19, 1953 on an electric mall.
According to judicial documents, Saipov, a native of Uzbekistan, showed a lack of regression in the days and months after the attack.
He told investigators he was feeling good about what he had done, police said.
Saipov told the authorities that after viewing a video of ISIS on his phone he was inspired to carry out an attack, according to the indictment.
He also demanded that he clinch the ISIS flag in his hospital room, police said.
He pleaded not guilty on 22 counts.
David Patton, one of the federal public defenders representing Saipov, said they were “obviously disillusioned” by a prosecution decision.
"We believe that the decision to seek the death penalty, and not to accept the plea of guilt for life in the prison without the possibility of relieving, will only prolong the trauma of these events for everyone involved," Patton said.
Saipov's defense team had previously asked the accuser not to seek the death penalty.
Conservative member of parliament says NIGEL FARAGE should be tasked with Brexit negotiations
Nigel Farage promised today to "mobilize the People's Army" during protests at the Conservative Conference.
The party's former leader of the United Kingdom's Independence Party said politicians had to "feel the pressure" of Eurosceptics - as one of Theres May's members suggested that he should be indebted to negotiations with the European Union.
Conservative MEP Peter Bone has stated the processions in Birmingham that the United Kingdom would "get out" so far if Mr. Farage had been secretary for Brexit.
But the challenge faced by Ms. May in reconciling her deeply-dividuable ranks is underscored by Tories prosecuting stays joining a special anti-Brexercise protest in the city.
The Prime Minister seeks to maintain her "Chequers" compromise plan amid attacks by supporters of Brexit supporters, supporters of staying and the EU.
The Allies have insisted that it will continue their attempts to conclude an agreement with Brussels despite the reaction - and force Eurosceptics and Labour to choose between its package and "cookies".
Mr. Bone said at a rally of the "Leave Means Leave" campaign in Solihullen that he wants to "reject Chequers."
He co-pronounced that Mr. Farage should have obtained the title and be held accountable for negotiations with Brussels.
"If he had been in charge, by now we'd have come out," he said.
A member of parliament from Wellingborough added: "I will fight for Brexit, but we have to throw out Chequers."
Making his opposition to the EU, he said: "We didn't fight in world wars to be subordinate.
"We want to make our own laws in our country."
Mr Bone relieved allegations that the public opinion has changed since the vote in 2016: "The idea that the British have changed their minds and that they want to stay is completely inaccurate."
Conservative and Brexit supporter Andrea Jenkyns was also in a parade, addressing reporters: "I'm just saying: Prime Minister, listen to people.
The Cheques plan isn't popular in the general public, the opposition won't vote for it, it's not popular in our party and among our activists who were actually the ones who took to the streets and elected us.
“Please discard Chequers and start listening.”
In a prominent message, Mrs. May added: “Primaries retain their jobs when they meet their promises.”
Phague told the crowd that politicians must be forced to "feel the pressure" if they are about to fail the decision made in a 2016 referendum.
"It's now about the issue of trust between us  -- people - and our political class," he said.
"They're trying to betray Brexit and we're here today to tell 'it won't pass you'.
"I want our political cree, which is on the verge of expulsion of Brexit, to feel pressure.
"We're mobilizing the people's army of this country that's vivictined in Brexit and we won't relent until we become an independent, self-governing, proud United Kingdom."
In the meantime, supporters of staying marched through Birmingham before holding a two-hour rage in the city center.
Plenty of activists waving banners "Tories against Brexit" following the group's launched this weekend.
Laurist Lord Adonis mocked the Conservatives due to security concerns they have endured with the party's application during the opening of the conference.
"These are people who are telling us that they can have IT systems and all the technology for "Canada Plus" plan, for the uninterrupted situation at the borders, for free trade without borders in Ireland," he added.
"It's a complete farce.
There's not a good Brexit," he added.
Warren plans 'seriously considering' to run for president
U.S. Senator Elizabeth Warren said she would "seriously reconsider to run for president" after the November election.
Boston Globe reports a Democrat from Massachusetts spoke about her future on Saturday at an immediate get-together with citizens in western Massachusetts.
Warren, President Donald Trump's congratular critic is running for re-election in November against Republican Geoff Diehl, who co-Chair of Trump's campaign in Massachusetts in 2016.
For some time there has been at the centre of speculation that it could stand up to Trump in 2020.
The meeting Saturday afternoon in Holyoke was her 36th meeting with citizens since Trump took office.
The participant asked her if he plans to run for president.
Warren replied that it's time for women to go to D.C. and to fix our broken government, and that implies a woman at the forefront."
Arguments for the Murder of LSU's Sims
Baton Rouge police said on Saturday they had arrested a suspect in the fatal shooting of Louisiana State University (LSU) basketball player Wayde Sims that took place on Friday.
Baton Rouge police released information about Dyteon Simpson (20), at 11 a.m
On Friday, they unveiled footage of the killing, seeking help in identifying a man from the footage.
Sims, 20, was assassinated early on Friday near Southern University campus.
"Wayde Sims suffered a bullet-to-main wound and eventually died as a result," Police Chief Murphy J. Paul told the media on 247-sports on Saturday.
Wayde got involved to defend his friend and Simpson shot him.
Simpson was interrogated and conceded that he was at the crime scene and possessed a weapon and that he killed Wayda Sims.
Simpson was arrested without incident and taken into custody at East Baton Rouge County Police.
Sims, a 198cm-greag-high student who grew up in Baton Rouge, played in 32 games in his 10 first line-ups last season with an average of 17.4-minute and scored 5.6 points and 2.9 rebounds per game.
Russian Grand Prix: Lewis Hamilton is approaching a world title after the ranking secures him victory over Sebastian Vettel
From the moment Valtteri Bottas qualifies in front of Lewis Hamilton on Saturday it became clear that the timing order would "play a major role in the race."
From the starting position, Bottas had a good start and almost left Hamilton behind while defending his position in the first two laps and urged Vettel to attack a member of his team.
Vettel first went to the pits and left Hamilton to get into traffic at the forefront, something that was supposed to be decisive.
The Mercedes entered the pits one lap later and came out behind Vettel, but Hamilton went ahead after action the wheel wheel that made the Ferrari driver reluctantly leave the free interior at risk of arrogance after a two-go-shoust in defending a third curve.
Max Verstappen started from the last row and was the seventh until the end of the first round on his 21st birthday.
He then led a large portion of the race while relimiting his tires to scoring a quick finish and overtaking Kimii Raikkonen for fourth place.
He finally arrived in boxing in the 44th round, but failed to accelerate his pace in the remaining eight laps while Raikkonen ranked fourth.
The day was difficult because Valtteri was doing a fantastic job all the weekend and he's a real gentleman for letting me get through.
The team has done a truly remarkable job to achieve a formation finish," Hamilton said.
It's been very bad body language
President Donald Trump mocked Senator Diane Feinstein at a rally on Saturday over her insistence that she hadn't released a letter from Christina Blasey Ford accusing Brett Kavanaugh Supreme Court nominee of sexual misappropriation.
Commenting at a rally in West Virginia, the president did not directly address Ford's testimony before the Senate Judiciary, but commented that what was going on in the Senate showed that people were "evil and dismayful."
"The only thing that can happen and a nice thing that's been going on over the last few days in the Senate, when you've seen anger, when you see people who are angry and vicious, nasty and insincere," he said.
"When you look at the publication and leaks of information to the public and then they say: 'Oh, I didn't do that.
“I didn’t do this.”
Do you remember?
Dianne Feinstein, did you release the information?
Remind yourself of her answer...have you let the document into the public - 'a, what?
- Oh, no.
I didn’t.”
- Wait a minute.
Have we released ... no, we didn't," he added imitating the senator.
Senator Feinstein was texted in July detailing Ford's allegations against Kavanaugh, and was leaked earlier in September - but Feinstein denated that information had arrived from her office.
“I didn’t hid Dr. Ford allegations, I didn’t release her story,” Feinstein told the committee.
"She asked me to keep her a secret, and I kept it in a secrecy, which she was looking for."
However, her disputation did not meet the approval of the president, who commented at a rally on Saturday night: "Let me tell you something - it was a very bad body language.
“It’s not, but I’ve never seen worse body language.”
Continuing his defense of a Supreme Court nominee, who has been accused by three women of sexual misfortune, the president has suggested that Democrats use those accusations for their own ends.
“They are determined to repatriate power at all costs.
“Waill the malice, the abomination, don’t care who they’re going to hurt who they have to overtake to reach power and control.”
Elite League: Dundee Stars 5 – 3 Belfast Giants
Patrick Dwyer scoring two-goals for the Giants are against Dundee
Dundee's Stars reimbursed their defeat to Belfast Giants in the Elite League on Friday with a win in Dundee on Saturday with a score of 5 – 3.
The Giants came in the early minutes to a two-go-go-alpouting goal with punches by Patrick Dwyer and Francis Beauvillier.
Mike Sullivan and Jordan Crownie led the hosts to an equaliser and then Dwyer put Giantse in the lead.
Francois Bouchard equalised for Dundee before Lukas Lludvaldo Nielsen secured a victory.
It's been a third-competition in the Elite Liga for Adam Keefe's team, who came from the background and beat Dunde with a score of 2 – 1 in Belfast on Friday night.
It's been the fourth match of the season of the two teams, and the Giants have beaten into the previous three games.
Dwyer's opening match came in the fourth minute, namely at 3:35, an assist by Kendala McFaull, with David Rutherford's assist to dulute the Voutschation with Beauvillier four minutes later.
In a heccinsive opening of the match, Sullivan brought the home team back into the game at 13:10 a minute before Matt Marquardt allowed Cowennie's equaliser at 15:16.
Dwyer made sure that the Giantsti finished the first third with the lead when he yielded his second goal that night at the end of the first-third.
The home players regrouped and Bouchard once again led them to an equaliser in measuring the forces with a goal at 27:37.
Crownie and Charles Corcoran helped Nielsen together for Dundee's first-leading lead at the end of the second-third, and he took care of the win when his team was already half-threatening to victory for the last third of the match.
The Giants, who have lost four of their last five games, are hosting the Milton Keynes team in the next game on Friday.
Air Traffic Controller Dyshooup to Ensure Hundreds of Aircraft Evade Earthquake
Indo-Enghair's air traffic controller has been declared a herald after he died while securing a safe take-off of an aircraft with hundreds of passengers.
More than 800 people have been killed and many are missing after a major earthquake that struck the island of Sulawesi on Friday and caused a tsunami.
Strong quarrels continue to hit an area, and many are trapped in the rubble in the town of Palu.
But despite his colleagues fleeing to save their lives, 21-year-old Anthonius Gunawan Agung declined to leave his post at Mutiara Sis Al Jufri airport's control tower that was swinging vigorously.
Remained to ensure a safe take-off of the Batik Air jet on Flight 6321, which was then on the runway.
He then jumped off a control tower when he thought he was collapsing.
He passed away later in the hospital.
Yohanes Sirait, a spokeswoman for Air Navigation Indonesia, said his decision may have saved hundreds of lives, according to Australian ABC News.
"We've prepared a helicopter from Balikpapan in Kalimantan to transfer it to a larger hospital in another city.
Sadly, we lost it this morning before the helicopter reached Palu.
"Our heart breaks because of it," he added.
In the meantime, authorities fear the death toll could reach thousands of people, and the state-run Disaster Religation Agency says access to the cities of Dongga, Sigia and Boutong is limited.
“The death toll is believed to continue to increase, as many bodies are still under the rubble, and there could not have even been reached,” Sutopo Purwo Nugroho, a spokesperson for the agency, said.
Waves that reached altitude and up to six meters devastated Palo in which a mass burial will take place on Sunday.
Military and commercial jets bring aids and supplies.
Risa Kusuma, a 35-year-old mother, told Sky News: "Employee vehicles bring bodies every minute.
There's a scarcity of clean water.
“There’s small shops looting everywhere.”
Jan Gelfand, head of the International Red Cross in Indonesia, told CNN: "The Indonesian Red Cross is rushing to help survivors, but we don't know what they will find there.
"It's already a tragedy, but it could get much worse."
Indonesian President Joko Widodo arrived in Palo on Sunday and told the country's army: "Please all of you work day and night in order to complete all evacuabilities.
“Aren’t you ready?”
Indonesia was hit earlier this year by earthquakes in Lombok, killing more than 550 people.
Decreased aircraft in Micronesia: Air Niugini now says one man is missing after a plane crash in the lagoon
An aerial company that owns an aircraft that crashed into a Pacific lagoon in Micronesia is now claiming that one man is missing, after it was previously said that all 47 passengers and crew members had been safely evacuated from an aircraft sinking.
In his statement, Air Niugini stated that from Saturday afternoon they cannot trace one of the occupants.
The aerial company says it is working with local authorities, hospitals and investigators in attempts to find the person concerned.
The aeronautical company did not immediately respond to requests for additional information about the passenger, such as his age or nationality.
Local ships helped save the other passengers and crew after the plane fell into the water while trying to land at Chuuk island's airport.
Officials on Friday said seven people had been rushed to hospital.
The airline said six passengers had been kept in the hospital on Saturday and that they were all in a stable condition.
What caused the fall and the exact sequence of events remain unknown.
The airline and the U.S. navy said the plane landed in a lagoon near the runway.
Some eyewitnesses thought the plane missed the runway.
Bill Jaynes, a traveller from America, said the plane was flowing very low.
"It's very good," Jaynes said.
Jaynes said that he and others managed to break through the water that stretched to their waist-to-strick-adminided extinguishes in the event of an aircraft that was sinking.
He said flight attendants were panicked and shouted, and that he had suffered a minor head injury.
The U.S. navy stated that sailors who worked nearby to repair dowry had also assisted the rescue using an inflatable inflatable boat to transport people on the mainland before the plane sank in about 30 meters of water.
According to the Aviation Safety Network, 111 people have been killed in PNG-received car accidents in PNG registered in the last two decades, but that Air Niugini has not been involved.
Analyst exhibits a time-consuming night in which a woman is burned alive
On Saturday, the prosecutor's office ended up filing a re-trial by a man who was accused of incorporating Mississippi women in 2014.
Paul Rowlett, a U.S. Department of Justice analyst, testified for hours as an expert on intelligence analysis.
Poroti described how he used cell phone data to stack a jigsaw puzzle about 29-year-old indictee Quinton Tellis and a 19-year-old victim, Jessica Chambers, on the night of her death.
Rowlett said location data was obtained from several cell phones showing that Tellis was from Chambers an evening when he was killed, contradicting his previous claims, reports The Clario Ledger.
When the data showed that his mobile phone was at the same location as ChamberSin at a time when according to his own claims he was with his friend Michael Sanford, police went to interrogate Sansford.
Sanford testified on Saturday and stated that he had not been to the city that day.
When academies asked him if Tellis was telling the truth when he said he had been in Sanford's truck that night, Sanford said he “said because his truck was in Nashville.”
Another inconsistency was because Tellis said he met Chambers about two weeks before her death.
Data from the cell phone pointed out that they had only known each other for a week.
Rowlett said Tellis, for a certain period of time after Chambers's death, deleted her messages, calls and contact details from the phone.
“He erased her from his life,” Hale said.
The defense is scheduled to start its final word on Sunday.
The referee said he expects the trial to be suffocated later that day by a jury.
The High Breed: What's Conscious hip-hop?
The hip-hop trio wants to provoke a negative attitude towards the genre by filling their music with positive messages.
“The High Breed” from Bristol claims that hip-hop music has distanced itself from its beginnings filled with political messaging and looking back on social issues.
They want to go back to their roots and make hip-hop re-awaited.
Artists like Fugees and Commons are reproduced in the UK through artists such as Akala and Lowkey.
- Another black woman?!
Nanny from New York suing a pair for dismissal after 'racist' message
A babysitter from New York sues the couple for discriminatory dismissal after receiving a misguided message from a mother in which she calls her "another black woman."
The couple denies being racist, comparing the accusation with an extortion. "extortion."
Lynsey Plasco-Flaxman, a mother of two, expressed dissatisfaction when, upon her arrival on the first working day of 2016, she found out to be a new nanny of her children, Giselle Maurice, a black woman.
"NEEE ANOTHER BLACKBER," Ms Plasco-Flaxman wrote in a message to her husband.
However, instead of sending it to her husband, she sent it to Ms. Maurice twice.
After scooling her mistake, Ms Plasco-Flaxman found herself in an “indispensable” situation and fired Ms. Maurice, because, as she argues, their former nanny, who was an African-American, was doing a bad job and expecting a Filipina in her place.
Ms. Maurice was given a salary for a day of work and then she went home.
Now Maurice sues the couple for a cancellation fee and seeks $350 per day for a six-month period for which she was originally hired, albeit without a contract.
"I want to show them I can't do things like that," she told the Post on Friday, adding: "I know it's discrimination."
The couple retaliated against claims that the racists, saying the end of Maurica's employment was reasonable to do, amid fears they wouldn't be able to be trusted because of an insult.
"My wife didn't mean what she sent her in a message.
- She's not racist.
We are not racist," husband Joel Plasco told the Post.
“Would you confrrerect your children to the person you were russentiary, even if it was a mistake?
- Your baby?
“Compli.”
Plasco said that his wife received only two months of maternity leave after the birth of the child and was in a “very difficult situation”.
"You'll sue someone who's in such a situation
"It's not very nice," added an investment banker.
Although court proceedings are still underway, a public opinion court has quickly denounced the couple on social media, criticizing them for their behavior and logic.
Paddington publishers have feared that readers won't comply with a talking teddy teddy bear reveals itself in a new letter
Bond's Daughter, Karen Jankel, who was born shortly after the book was accepted, said in the letter: "It's hard to put yourself in the skin of someone who'll read the book for the first time.
"It's very fun what we now know about Paddington's tremendous success."
Said that her father, who worked as a BBC cinematographer before a little teddy bear inspiring him to write a child's book, would be optimistic if his work was rejected, adding that the 60th anniversary of the book's publication had been filled with luck and sadness after his death last year.
About Paddington, whom she describes as a "very important member of the family," she added that her father was quietly proud of his ultimate success.
"He's been quite these people and he wasn't a brag," she said.
"But because Paddington was so real for him, it's all been seen as an accomplishment of his own child: you're proud of him, even though none of it's really your work.
I think Paddington's accompaniment viewed that way.
“Whether it’s about his work and his imagination, he has always attributed his credit exclusively to Paddington.”
My Daughter Died and we had to say good-by-by-name
After landing, her daughter was urgently transported to Louis Pasteur 2 Hospital in Nica, where doctors tried in vain to save her life.
“Guited us regularly to say it was really unwell and to believe they wouldn't get away with it," Ms Ednan-Laperouse said.
"Then Nad invited me to tell me that she would die in the next two minutes and that I had to say good-bye with her.
- What I did.
I said, "Tashi, honey, I love you very much.
I'll join you very soon.
- I'll join you.
The drugs that doctors gave her to maintain the work of the heart have slowly lost the effect and abandoned her body's system.
She died shortly before boarding and then it all went out.
I only had to sit and wait knowing what was going to happen.
I didn't be able to screaming, screaming or crying because I was surrounded by families and people.
"I had to keep everything in me."
Finally, Ms Ednan-Laperouse, who was already mourning at the time due to the loss of her daughter, embarked on a plane along with the other passengers - who were unaware of the ordeal she was going through.
“No one knew,” she said.
“I lowered my head and tear tears were pouring down my face all the time.
It's hard to explain it, but on a flight I felt a great feeling of condolence for Nada.
That he needed my love and an understanding.
“I knew how much he loved her.”
Messages of women in mourn on a bridge with the aim of preventing suicide
Two women who are left without loved ones because of their suicide are working to prevent others from doing the same.
Sharon Davis and Kelly Humphreys place cards on the Welsh bridge with inspiring messages and phone numbers that people can urge for support.
Tyler, Ms. Davis's son, was 13. when he began suffering from depression, and at the age of 18 he committed suicide.
"I don't want any parent to feel what I feel every day," she said.
Ms Davis, 45, who lives at Lydney, said her son was a chef with an addictive smile awaiting a glittering career.
"Everyone remembered him for his smile.
"They've always said that his smile could fill every room with joy."
Before his death, however, he left the job because he was in a "really dark state."
In 2014, Tyler's brother, who was 11 years old at the time at the time, found his brother after he took his own life.
Ms. Davis said: "I'm constantly worrying that it's going to have a negative effect."
Ms. Davis came up with an idea with cards “to keep people know that there's someone you can go and talk to, even if she's a friend.
“Don’t sit in silence – you need to talk.”
Ms Humphreys, Mrs Davies' long-time bachelor's friend, lost Mark, her partner with whom she had been with for 15 years, shortly after his mother's death.
"He didn't say he felt sad, depressed or anything like that," she said.
“A few days before Christmas we noticed a change in his behavior.
“At Christmas, he’s at the very bottom—whimpered when the children opened the presents, he didn’t look them in the eye or want anything else.”
She said that his death was a great trauma for them, but that they had to overcome it: "All of this leaves a large cavity in the family.
- Kids us.
“We’re going to move on and we’ll fight.”
If you have difficulty coping with something, you can invite Samaritance for free at number 116 123 (UK and Ireland), send an e-mail at jo@samaritans.org, or visit the Samaritans website here.
Bret Kavanaugh's future hangs at the end as the FBI begins prosecuting
"I've thought we might be able to bring in a bit of unity if we really were able to get something like what he was looking for  -- a time-limited investigation," Mr Flake said on Saturday, declining that a committee was "destroying up" amid a rooted party blossom.
Why don't Mr. Kavanaugh and his Republican supporters don't want an FBI investigation?
Their reluctance was fueled by the choice of the moment.
The mid-larial election comes in just five weeks, Nov. May 6 - if, as expected, Republicans don't go well, then they'll be severely weakened in trying to lead the desired man to an election for the country's top court.
George W. Bush constantly urges senators, lobbying them to support Mr Kavanaugh, who worked in the White House for Mr. Bush and met his wife Ashley, who was Mr. Bush's personal secretary.
What Happens After the FBI Creates Its Report?
He will vote in the Senate, where there are currently 51 republicans and 49 Democracies.
It's not yet clear whether Mr Kavanaugh can get at least 50 votes in the Senate, which would allow Mike Pence, the vice-president, to rewrite a decisive vote and reaffirm his seat at the Supreme Court.
North-Serbia defect counts 'destroyed' under Kim-rule
The number of defectors from North to South Korea declined after Kim Jong-un came to power seven years ago, the South Korean legislature said in a statement.
Referring to data from the U.N.-U.South ministry, Park Byeong-seug said last year there were 1127 defectors ‒ compared to 2706 during 2011.
Mr. Park has said the keystroughs factors of tighter controls at the North Korea-China border crossing and higher levies charged by people smugglers.
Pyongyang didn't comment publicly.
The vast majority of defectors from the north eventually received South Korean citizenship.
Seoul says that more than 30 000 North Koreans have illegally crossed the border since the end of the Korean War in 1953.
The majority escape through China, which has the longest border with North Korea and it is easier to cross than a heavily protected demilitarized zone (DMZ) between the two Koreas.
China considers defectors to illegal migrants, not refugees, and often violently repatriate them.
relations between the North and the South – which are still technical in the war – have significantly improved in recent months.
Earlier this month, the leaders of the two countries met in Pyongyang for talks aimed at pausing denuclearization negotiations.
This followed a historic meeting in June between U.S. President Donald Trump and Kim Jong-un in Singapore, when in a broad sense they agreed they were working to liberate the Korei Peninsula from nuclear weapons.
However, on Saturday Ri Yong-ho, North Korea's foreign minister, blamed U.S. sanctions that they had not made any progress ever since.
"Without any trust in the United States, there will be no confidence in our national security, and there is no question that under such circumstances we are the first to disarise ourselves," Mr. Ri said in a Speechibate at the U.N. General Assembly in New York.
Nancy Pelosi calls Brett Kavanaugh "hysterical," says he's incapacitated to serve at Supreme Court
Opposition leader Nancy Pelosi called Supreme Court Supreme Justice candidate Brett Kavanaugh “hysterical” and said she was incapacitated for service at the Supreme Court because of her temperament.
Pelosi commented in Saturday's interview at the Texas Tribune Festival in Austin, Texas.
“I couldn’t help but think I’d call a woman ‘historically like that,’” Pelosi described her reaction to Kavanaugh's testimony before the Senate Judiciary on Thursday.
Kavanaugh emotionally denied claims that he sexually abused Dr. Christine Blaysey Ford when they were both teenagers.
During the introductory statement, Kavanaugh was very emotional, occasionally nearly shouting and suffocating while discussing his family and high school years.
He also explicitly denounced Democracies on the committee, calling accusations against him "grotesque and coordinated denigrations" organized by the Liberals angry that Hillary Clinton lost the 2016 presidential election.
Pelosi said she believed Kavanaugh's testimony had proved she couldn't take part in the work of the Supreme Court because he showed he had prejudgments against the Democrat.
"I think he disqualifies himself with such statements and the way he's attacking Ms. Clinton and the Democrat," she said.
When asked if he will try to impeach Kavanaugh if it is confirmed, and if democracies get a majority in the House of Representatives, Pelosi stepped in.
“I’m going to say the following—If it didn’t say the truth to Congress or the FBI, then it's not capable not only of being in the Supreme Court, but it's in the court where it's right now," Pelosi said.
Kavanaugh is currently a judge of the Federal Court of Appeal in the District of Columbia.
Pelosi added that as a Democrat, she is worried about potential Kavanaugh's decisions against the Affordable Welfare Act or an Abortion Act stemming from Roe v. Wade proceedings, because she is regarded as a Conservative referee.
In his confirmation hearings, Kavanaugh has bypassed questions about whether to reconvert some Supreme Court decisions.
"It's not the time the hysterical, biased person goes to court and he expects us to say: ‘Isn't that wonderful,’” Pelosi said.
Women have to deal with it.
Facilitated critiquoies, wreaths that have been collected for months and years – all of this cannot get rid of without wee.
“Waiting crying when we get angry,” Ms. Steinem told me 45 years later.
"I don't think it's uncompromising.
She continued: "I was greatly helped by a woman who used to be an executive and who said that she cries when she gets pissed off, but she has developed a technique that, when she gets angry and starts crying, the person she is talking to says the following: 'You may think I'm sad because I'm wagging.
I'm pissed."
- And then she continued.
And I thought it was great.”
Tearrheas are permissible as an outlet of anger, in part because they are fundamentally misunderstood.
One of my clearest memories from one of the first jobs, in a man-dominated office, is that, on one occasion when I cried because of unspeaking rage, an elderly woman – a cold steadmerig who was always a little scared – dragged me to the stairwell.
"Don't ever let them see you cry," she told me.
"They don't know you're pissed.
"They think you're sad, so they're going to be glad because they're going to think they've struck you."
Patricia Schroeder, then-democratic congresswoman of Colorado, worked with Gary Hart in his presidential election.
In 1987, when Mr. Hart was caught in an extramarital affliation on a Monkey Business and withdrew from the race, Mrs. Schroeder, deeply frustrated, concluded that there was no reason why she wouldn't consider the idea of running for president.
“It wasn’t a well-thought-the-based decision,” she told me through laughter 30 years later.
“There weren’t seven contenders in the race and they certainly didn’t need one.
They were called "Snowweater and the Seven Dwarves."
Since the campaign was already advanced, she lagged with fundraising, saying she wouldn't enter the race if she didn't raise $2 million.
It's been a lost battle.
She found out that some of the supporters, who gave the men $1000 each, gave her just $250.
"Do they think I have a discount?" she asked.
"While she was saying she wouldn't launch a formal campaign, she's been so overwhelmed by emotions - gratitude for people who supported her, frustration over a system hampering the fundraising and targeting of voters instead of delegates, and anger over sexism ‒ that her throat was squeaking.
“Thoou shalt think that I experienced a nervous breakdown,” Mrs. Schroeder recalled the media’s reaction to her.
"You'd think Kleenex is my corporate sponsor."
I'd think I was thinking about what they were going to put on my tombstone.
“She cried.”
How the U.S.-China trade war may be good for Beijing
Beginning of the U.S.-China trade war resonated loudly and, while the battle is far from the end, strife between countries may benefit Beijing in the long-running period, experts say.
Donald Trump, the U.S. president, fired the first warning earlier this year, taxing key Chinese exports, including solar panels, steel and aluminum.
The most notable escalation in this week has surfaced with new tariffs that have influencted $200bn (£150bn), actually taxing half of all commodities coming to the U.S. from China.
Pediatrics have reciprocated in some way each time, and a five-to-tnu ten per cent tariff at $60bn of U.S. merchandise has recently been imposed.
"China has vowed to address the U.S. for a blow, and the world's second-largest economy will certainly not be handed over so soon.
Withdrawal of Washington could be achieved by easing demands, but public subjudgation to the U.S. would be too embarrassing for Xi Jinping, China's president.
Nevertheless, experts say that if Beijing plays its cards well, pressure from the U.S. trade war can provide positive support in the long-term support for China by reducing the interdependence of the two economies.
"The fact that a rapid political decision in Washington or Beijing could create the conditions to trigger economic steadfast in both countries is actually much more dangerous than observers believed," said Abigail Grace, a research fellow for strategic deliberation focusing on Asia at the Center for New U.S. Security.
Syrmia 'ready' to resurrect refugees, foreign minister says
“Syria says it is ready for the voluntary retrieval of refugees and is appealing for assistance in rebuilding a country that has devastated more than seven years.
Addressing the United Nations General Assembly, Foreign Minister Walid al-Moualem said conditions in the country are improving.
"Today the situation on the ground is more stable and safer thanks to the progress made in the fight against terrorism," he said.
The government is proceeding to rehabilitatate areas devastated by terrorist attacks in order to establish a normal situation.
All the conditions for the voluntary return of refugees to a country that they had to leave because of terrorism and one-sided economic measures that focused on their daily lives and livelihoods have now been met.
The U.N. estimates that more than 5.5 million Syrians have fled the country since the start of the war in 2011.
The six-million-strong people who are still living in the country in need of humanitarian aid.
Al-Moualem said the Syrian regime would benefit from helping to renovate the devastated country.
However, he stressed that he would not accept conditional assistance or assistance from countries sponsoring the rebellion.
Europe won the Ryder Cup in Paris
The team of Europe won the Ryder Cup in 2018, beauating the U.S. team with a turnaround 16.5 ‒ 10.5 on the Le Golf National field near Paris, France.
The U.S. has so far lost six times in a row on European soil and hasn't won the Ryder Cup in Europe since 1993.
Europe recaptured the crown as Danish captain Thomas Bjorn's team reached 14.5 points they needed to beat the U.S.
U.S. star Phil Mickelson, who struggled during almost the entire tournament, on the 16th hole pair 3, sent a ball into the water at the first kick, indulging the match for Francesco Molinari.
Italian golfer Molinari has excelled in all rounds and has become one of 4 players who have ever reached 5-0-0 since the tournament began this format in 1979.
American Jordan Spieth was knocked out by Thorbjorn Olesen of Denmark, the lowest-ranked player of the European team, with 5&4.
The best player in the world, Dustin Johnson, has lost 2 and 1 to Englishman Ian Poulter who may have played his last Ryder Cup.
Veteran Eight Ryder Cup, Spaniard Sergio Garcia, became the European with the most victories in the tournament with 25.5 points in his career.
“I don’t cry, but I can’t stop tears today.
It's been a tough year.
I'm so grateful to Thomas for picking me and trusting me.
I'm so happy, I'm so happy to win the cup again.
It's up to the team. I'm happy that I was able to help," Garcia said, full of emotions after the European victory.
He televised the torch to his compatriot John Rama who defeated legendary American golfer Tiger Woods in single-games on Sunday with a 2&1 result.
"I feel incredible pride for winning over Tiger Woods; I've been growing up watching him play," the 23-year-old Rahm said.
Woods have lost all four matches in France and now has a 13-21-3 record in the Ryder Cup.
An unusual statismence by one of the greatest players of all time, who has won 14 major titles, and is right behind Jack Nicklaus.
The U.S.'s team struggled all weekend to find the way out, apart from Patrick Reed, Justin Thomas and Tony Finau, who played top-notch golf throughout the tournament.
After a disappointing performance by his team, U.S. captain Jim Furyk said: "I'm proud of these guys, they've fought."
At certain times, we resisted Europe.
- We didn't succeed.
I'm stripping my cap to Thomas.
It's an excellent captain.
All 12 of his players played very well.
We're going to rewrite, I'm going to work with PGA America and our Ryder Cup committee, so we'll move on.
I've loved these 12 guys and I'm proud to be their captain.
You need to take your hat off people.
"We've been outraged."
New Red Tissue: Concentrations Decrease in Pinellas, Manatee and Sarasota
The latest report by the Floride (FWC) Commission for the Preservation of Fish and Plant and Animal (FWC) shows a general decrease in red tide in parts of Tampa Bay.
According to FWC, heterogeneous algae flowering conditions are reported in areas of Pinellas, Manatee, Sarasota, Charlotte and Collier – which indicates a decrease in concentrations.
The red tide spans about 130 miles along the coast from the northern part of Pinellas County to Lee County.
Boutising areas can be found about 10 miles off the coast of Hillsborough County, but in smaller places compared to last week.
The red tide was also spotted in Pasco County.
In the past week there have been intermediate concentrations in Pinellas County or in the associated offshore region, low to high concentrations in the Collaborate District of Hillsborough, common to a high concentration in Manatee district, common to high concentrations in Sarasota County or the associated communal area, common up to a medium concentration in Charlotte County, common to a high-concentration in Lee district or a corresponding communiquency area, and a low-concentration.
Respiratory irrigated cases continue to be reported in pinellas, Manatee, Sarasota, Lee and Collier.
Respiratory Irritation has not been reported in northwestern Florida over the past week.
