Валлійські АМ стурбовані тим, щоб "виглядати як ляльки"
Існує збентеження серед деяких АМ при пропозиції, що їх титул повинен змінитися на MWPs (Член валлійського парламенту).
Вона виникла через плани змінити назву асамблеї на валлійський парламент.
AM по всьому політичному спектру стурбовані тим, що це може викликати глузування.
Один лейбористський AM сказав, що його група стурбована "це римується з Twp і Pwp".
Для читачів за межами Уельсу: У валлійському twp означає daft і pwp означає какашки.
A Plaid AM сказав, що група в цілому "не щаслива" і запропонував альтернативи.
Консерватор з Уельсу сказав, що його група «відкрита» щодо зміни назви, але зазначила, що це був короткий словесний стрибок від MWP до Muppet.
У цьому контексті валлійська буква w вимовляється подібно до йоркширської англійської вимови літери u.
Комісія Асамблеї, яка в даний час розробляє законодавство для внесення змін назви, заявила: «Остаточне рішення щодо будь-яких описувачів того, яких називають членів Асамблеї, звичайно, буде справою самих членів».
Закон уряду Уельсу 2017 року дав валлійській асамблеї право змінювати свою назву.
У червні Комісія опублікувала результати публічної консультації щодо пропозицій, які знайшли широку підтримку для того, щоб назвати асамблею валлійським парламентом.
Що стосується титулу AM, Комісія виступала за членів парламенту Уельсу або WMP, але варіант MWP отримав найбільшу підтримку в громадських консультаціях.
AMS, очевидно, пропонують альтернативні варіанти, але боротьба за досягнення консенсусу може бути головним болем для головуючого офіцера Елін Джонса, який, як очікується, представить законопроект про зміни протягом декількох тижнів.
Законодавство про реформи включатиме інші зміни до того, як працює асамблея, включаючи правила дискваліфікації АМ та розробку системи комітету.
AM отримають остаточне голосування з питання про те, яке вони повинні бути названі, коли вони обговорюють законодавство.
Македонці пішли на вибори на референдумі про зміну назви країни
Виборці проголосують у неділю щодо того, чи змінити назву своєї країни на «Республіку Північна Македонія».
Всенароджене голосування було створене в спробі вирішити багаторічну суперечку з сусідньою Грецією, яка має власну провінцію під назвою Македонія.
Афіни вже давно наполягають на тому, що ім'я її північного сусіда є претензією на її території і неодноразово заперечували проти своїх заявок на членство в ЄС і НАТО.
Президент Македонії Джорге Іванов, противник плебісциту щодо зміни назви, заявив, що ігнорує голосування.
Однак прихильники референдуму, включаючи прем'єр-міністра Зорана Заєва, стверджують, що зміна назви - це просто ціна, яку потрібно заплатити, щоб вступити до ЄС і НАТО.
Дзвінки падіння Святого Мартіна мовчать як церкви в Гарлемській боротьбі
"Історично старі люди, з якими я розмовляв, кажуть, що на кожному розі був бар і церква", - сказав пан Адамс.
"Сьогодні їх немає".
Він сказав, що зникнення барів було зрозумілим.
"Люди соціалізуються по-іншому", - сказав він.
"Бари більше не є сусідніми вітальнями, куди люди їздять на регулярній основі".
Що стосується церков, він стурбований тим, що гроші від продажу активів не триватимуть так довго, як очікують лідери, «і рано чи пізно вони повернуться туди, де почали».
Церкви, додав він, можуть бути замінені багатоквартирними будинками кондомініумами, наповненими такими людьми, які не допоможуть заповідникам, що залишилися.
"Переважна більшість людей, які купують кондомініуми в цих будівлях, будуть білими, - сказав він, - і, отже, прискорять день, коли ці церкви взагалі закриються, тому що малоймовірно, що більшість цих людей, які переїдуть у ці кондомініуми, стануть членами цих церков".
Обидві церкви були побудовані білими конгрегаціями до того, як Гарлем перетворився на чорний мегаполіс - Метрополітенська громада в 1870 році, Сент-Мартін через десятиліття.
Оригінальна біла методистська конгрегація переїхала в тридцяті роки.
Чорна громада, яка поклонялася неподалік, отримала право власності на будівлю.
Сент-Мартінс був захоплений чорношкірою конгрегацією під керівництвом преподобного Джона Говарда Джонсона, який очолив бойкот роздрібних торговців на 125th Street, головній вулиці для шопінгу в Гарлемі, який чинив опір найму або пропаганді чорношкірих.
Пожежа в 1939 році залишила будівлю сильно пошкодженою, але коли парафіяни отця Джонсона планували відбудуватися, вони замовили карильйон.
Преподобний Девід Джонсон, син і наступник отця Джонсона в Сент-Мартіні, з гордістю назвав карильйон «дзвонами бідних людей».
Експерт, який зіграв карильйон у липні, назвав його чимось іншим: «Культурним скарбом» та «незамінним історичним інструментом».
Експерт Тіффані Нг з Мічиганського університету також зазначив, що це була перша карильйон у світі, яку зіграв чорний музикант Діонісіо А. Лінд, який 18 років тому переїхав до більшої карильйонної церкви Ріверсайда.
Пан Меррівезер сказав, що Сент-Мартін не замінив його.
Те, що розігрувалося в Сент-Мартіні протягом останніх кількох місяців, було складною розповіддю про архітекторів та підрядників, деяких привезли миряні лідери церкви, інші єпископальною єпархією.
Рисунок - керівний орган парафії, що складається з мирянських лідерів - написав єпархії в липні з побоюваннями, що єпархія "намагатиметься перекласти витрати" на розділу, незважаючи на те, що груди не були залучені до найму архітекторів та підрядників єпархії.
Деякі парафіяни скаржилися на відсутність прозорості з боку єпархії.
Акула поранила 13-річного хлопчика під час пірнання омарів у Каліфорнії
Акула напала і поранила 13-річного хлопчика в суботу, коли він пірнав заради омарів в Каліфорнії в день відкриття сезону омарів, повідомили чиновники.
Атака сталася незадовго до 7 ранку біля пляжу Бікона в Енсінітасі.
Чед Хаммель розповів KSWB-TV в Сан-Дієго, що він пірнав з друзями близько півгодини в суботу вранці, коли він почув, як хлопчик кричить про допомогу, а потім веслував з групою, щоб допомогти витягнути його з води.
Хаммел спочатку сказав, що він думав, що це просто хвилювання ловити омарів, але потім він «зрозумів, що кричить: «Мене вкусили!
Мене вкусили!"
Вся його ключиці була розірвана", - сказав Хаммель, помітивши, як тільки він дістався до хлопчика.
"Я кричав на всіх, щоб вийти з води: "Є акула у воді!" - додав Хаммель.
Хлопчика доставили в дитячу лікарню Реді в Сан-Дієго, де він знаходиться в критичному стані.
Вид акули, відповідальний за напад, був невідомий.
Капітан рятувальників Ларрі Джайлз заявив на брифінгу для ЗМІ, що акула була помічена в цьому районі кількома тижнями раніше, але було визначено, що це не небезпечний вид акули.
Джайлз додав, що потерпілий отримав травматичні травми верхньої області тулуба.
Чиновники закрили доступ до пляжу з Понто-Біч у Касабладі до Свамі в Есінітасі на 48 годин з метою розслідування та безпеки.
Джайлз зазначив, що в цьому районі налічується понад 135 видів акул, але більшість не вважаються небезпечними.
Плани Сейнсбері просуваються на британський ринок краси
Sainsbury's б'ється над Boots, Superdrug і Debenhams з проходами краси в стилі універмагу, укомплектованими спеціальними помічниками.
У рамках значного поштовху на британському ринку краси вартістю 2,8 мільярда фунтів стерлінгів, який продовжує зростати, тоді як продажі моди та товарів для домашнього посуду падають, більші проходи краси будуть протестовані в 11 магазинах по всій країні та доставлені до більшої кількості магазинів наступного року, якщо це виявиться успішним.
Інвестиції в красу з'являються, коли супермаркети шукають способи використання місця на полицях після того, як вони подали до суду на телевізори, мікрохвильові печі та товари для дому.
Sainsbury's заявила, що вперше подвоїть розмір своєї косметичної пропозиції до 3,000 продуктів, включаючи такі бренди, як Revlon, Essie, Tweezerman і Dr. PawPaw.
Існуючі діапазони від L'Oreal, Maybelline та Burt's Bees також отримають більше місця з фірмовими ділянками, подібними до тих, що знаходяться в таких магазинах, як Boots.
Супермаркет також перезапускає свою лінійку макіяжу Boutique, щоб більшість продуктів були веганськими - те, що все частіше вимагається молодшими покупцями.
Крім того, роздрібний продавець парфумів Fragrance Shop перевірить концесії в двох магазинах Sainsbury's, перший з яких відкрився в Кройдоні, на півдні Лондона, минулого тижня, а другий відкриється в Селлі-Оук, Бірмінгем, пізніше цього року.
Інтернет-покупки та перехід до щоденної покупки невеликої кількості їжі в місцевих магазинах означає, що супермаркетам доводиться робити більше, щоб переконати людей відвідати.
Майк Купе, виконавчий директор Sainsbury's, сказав, що торгові точки будуть виглядати все більш схожими на універмаги, оскільки мережа супермаркетів намагається дати відсіч дискаунтерам Aldi та Lidl за допомогою додаткових послуг та непродовольчих товарів.
Sainsbury's розміщує торгові точки Argos у сотнях магазинів, а також запровадив ряд Habitats з тих пір, як він купив обидві мережі два роки тому, що, за його словами, зміцнило продажі продуктів і зробило придбання більш прибутковими.
Попередня спроба супермаркету оновити свої відділи краси та аптеки закінчилася невдачею.
Sainsbury's випробував спільне підприємство з Boots на початку 2000х років, але зв'язок закінчився після суперечки про те, як розділити доходи від магазинів хіміків у своїх супермаркетах.
Нова стратегія з'явилася після того, як Sainsbury's продала свій 281-магазинний аптечний бізнес Селезіо, власнику аптечної мережі Lloyds, за 125 мільйонів фунтів стерлінгів три роки тому.
У ньому говорилося, що Lloyds зіграє певну роль у плані, додавши розширений асортимент розкішних брендів по догляду за шкірою, включаючи La Roche-Posay і Vichy в чотирьох магазинах.
Пол Міллс-Хікс, комерційний директор Sainsbury, сказав: «Ми змінили зовнішній вигляд наших проходів краси, щоб покращити навколишнє середовище для наших клієнтів.
Ми також інвестували в спеціально навчених колег, які будуть готові запропонувати пораду.
Наш асортимент брендів розроблений, щоб задовольнити будь-які потреби, а привабливе середовище та зручні локації означають, що ми тепер є привабливим місцем краси, яке кидає виклик старому способу покупок».
Пітер Джонс "розлючений" після того, як Холлі Віллоубі відмовився від угоди на 11 мільйонів фунтів стерлінгів
Зірка Dragons Den Пітер Джонс розлютився після того, як телеведуча Холлі Віллоубі уклала угоду на 11 мільйонів фунтів стерлінгів зі своїм бренд-бізнесом, щоб зосередитися на своїх нових контрактах з Marks and Spencer та ITV
Віллоубі не має часу для свого бренду домашнього одягу та аксесуарів По-Справжньому.
Бізнес пари порівнювали з брендом Goop Гвінет Пелтроу.
37-річна ведуча «Цього ранку» звернулася до Instagram, щоб оголосити, що вона йде.
Холлі Віллоубі покинула "Дракони" зірка "Днів" Пітер Джонс, вириваючись зі свого прибуткового бізнесу бренду способу життя в останню хвилину - щоб зосередитися на власних нових бамперних контрактах з Marks & Spencer та ITV.
Джерела кажуть, що Джонс була «розлючена», коли золота дівчина телевізора зізналася під час напруженої зустрічі у вівторок у штаб-квартирі своєї бізнес-імперії в Марлоу, Бакінгемшир, що її нові угоди - вартістю до 1,5 мільйона фунтів стерлінгів - означали, що у неї більше не було достатньо часу, щоб присвятити своєму бренду домашнього одягу та аксесуарів Truly.
Бізнес порівнювався з брендом Goop Gwyneth Paltrow, і йому було запропоновано подвоїти оціночний статок Віллоубі на 11 мільйонів фунтів стерлінгів.
Оскільки 37-річна Віллоубі зайшла в Instagram, щоб оголосити, що вона їдеть по-справжньому, Джонс вилетів з Британії, щоб відправитися в один зі своїх будинків для відпочинку.
Джерело повідомило: «Справді, безумовно, було вершиною пріоритетів Холлі.
Її довгострокове майбутнє мало провести її протягом наступних кількох десятиліть.
Її рішення вийти залишило всіх причетних абсолютно приголомшеними.
Ніхто не міг повірити в те, що відбувається у вівторок, це було так близько до запуску.
У штаб-квартирі Марлоу є склад, повний товарів, які готові до продажу».
Експерти вважають, що відхід ведучого «Цього ранку», який є однією з найприбутковіших зірок Великобританії, може коштувати компанії мільйони через значні інвестиції в продукти, починаючи від подушок і свічок до одягу та домашнього одягу, а також потенціалу для подальших затримок до його запуску.
І це може означати кінець довгої дружби.
Мати трьох дітей Віллоубі і чоловік Ден Болдвін були близькі до Джонса і його дружини Тари Кепп протягом десяти років.
Віллоубі влаштував «Справді з Кеппом» у 2016 році, а 52-річний Джонс приєднався як голова у березні.
Пари відпочивають разом, і Джонс має 40-відсоткову частку в телевізійній виробничій фірмі Болдуїна.
Віллоубі стане послом бренду M&S і замінить Ant McPartlin як ведучого I'm A Celebrity на ITV.
Джерело, близьке до Джонса, заявило вчора ввечері: «Ми не будемо коментувати його ділові справи».
Жорстка розмова «а потім ми закохалися»
Він пожартував про критику, яку він отримає від засобів масової інформації за те, що зробив коментар, який дехто вважатиме «непрезидентським» і за те, що настільки позитивно ставиться до північнокорейського лідера.
Чому президент Трамп так багато відмовився?
Трамп сказав у своєму імітаційному голосі «ведучого новин».
"Я нічого не здавався".
Він зазначив, що Кім Чен Ин зацікавлений у другій зустрічі після того, як їхня перша зустріч у Сінгапурі в червні була сприйнята Трампом як великий крок до денуклеаризації Північної Кореї.
Але переговори про денуклеаризацію зупинилися.
Більш ніж через три місяці після червневого саміту в Сінгапурі головний дипломат Північної Кореї Лі Йонг Хо заявив світовим лідерам Генеральної Асамблеї ООН у суботу, що Північна Корея не бачить «відповідальної відповіді» з боку США на дострокове роззброєння Північної Кореї.
Натомість він зазначив, що США продовжують санкції, спрямовані на продовження тиску.
Трамп зробив набагато більш оптимістичний погляд у своїй промові на мітингу.
"Ми чудово справляємося з Північною Кореєю", - сказав він.
"Ми збиралися воювати з Північною Кореєю.
Мільйони людей були б убиті.
Тепер у нас чудові стосунки».
Він сказав, що його зусилля щодо поліпшення відносин з Кімом принесли позитивні результати - припинили ракетні випробування, допомогли звільнити заручників і отримати останки американських військовослужбовців, які повернулися додому.
І він відстоював свій незвичайний підхід у розмові про стосунки з Кімом.
"Це так легко бути президентом, але замість того, щоб мати 10,000 XNUMX людей зовні, які намагаються потрапити на цю переповнену арену, у нас було б близько 200 людей, які стояли прямо там", - сказав Трамп, вказуючи на натовп прямо перед ним.
Індонезійське цунамі та землетрус Спустошений островом, загинули сотні людей
Після землетрусу в Ломбоку, наприклад, іноземним неурядовим організаціям сказали, що вони не потрібні.
Незважаючи на те, що понад 10 відсотків населення Ломбока були вивихнуті, жодна національна катастрофа не була оголошена, що є передумовою для каталізації міжнародної допомоги.
"У багатьох випадках, на жаль, вони дуже чітко заявили, що не просять міжнародної допомоги, тому це трохи складно", - сказала пані Самбунг.
У той час як Save the Children збирає команду для поїздки в Палу, поки невідомо, чи може іноземний персонал працювати на місцях.
Пан Сутопо, представник національного агентства з надзвичайних ситуацій, сказав, що індонезійські чиновники оцінюють ситуацію в Палу, щоб з'ясувати, чи дозволять міжнародним агентствам внести свій внесок у зусилля з надання допомоги.
З огляду на потрясіння землі, яке постійно витримує Індонезія, країна залишається жахливо недостатньо підготовленою до гніву природи.
Хоча притулки цунамі були побудовані в Ачеху, вони не є звичайним видовищем на інших берегових лініях.
Очевидна відсутність попереджувальної сирени цунамі в Палулі, незважаючи на те, що було попередження, ймовірно, сприяло загибелі людей.
У найкращий час подорожі між численними островами Індонезії є складним завданням.
Стихійні лиха роблять логістику ще складнішою.
Госпітальний корабель, який перебував у Ломбоку для лікування постраждалих від землетрусу, прямує до Палу, але йому знадобиться щонайменше три дні, щоб дістатися до місця нового лиха.
Президент Джоко Відодо зробив покращення зруйнованої інфраструктури Індонезії центральним елементом своєї передвиборної кампанії, і він пожертвував гроші на дорогах та залізницях.
Але нестача фінансування переслідує адміністрацію пана Джоко, оскільки йому загрожує переобрання наступного року.
Пан Джоко також стикається з тиском від тривалої міжконфесійної напруженості в Індонезії, де члени мусульманської більшості прийняли більш консервативну форму віри.
Понад 1,000 людей були вбиті, а десятки тисяч вивезені зі своїх будинків, оскільки християнські та мусульманські банди боролися на вулицях, використовуючи мачете, луки та стріли та іншу грубу зброю.
Читайте також: Деніел Старрідж з "Ліверпуля" занурює глибокий еквалайзер проти "Челсі"
Деніел Старрідж врятував "Ліверпуль" від поразки від "Челсі" в Прем'єр-лізі з рахунком на 89й хвилині в суботу на Стемфорд Брідж в Лондоні.
Старрідж отримав перепустку від Ксердана Шакірі, тоді як приблизно за 30 ярдів від воріт «Челсі» зі своєю командою, яка відстала з рахунком 1-0.
Він постукав м'ячем ліворуч, перш ніж зачерпнути постріл у бік дальнього стовпа.
Спроба проплила високо над коробкою, коли вона дрейфувала до правого верхнього кута сітки.
М'яч врешті-решт впав через стрибаючу Кепа Аррізабалагу і впав у сітку.
"Він просто намагався потрапити в цю позицію, потрапити на м'яч, і такі гравці, як Шак, завжди грають вперед, наскільки це можливо, тому я просто намагався створити собі якомога більше часу", - сказав Старрідж в інтерв'ю "ЛіверпулюFC.com".
"Я бачив, як Канте наближався і зробив один дотик, і не думав про це занадто багато, і просто зробив постріл".
"Челсі" лідирував 1-0 у перерві після того, як отримав рахунок на 25-й хвилині від бельгійської зірки Іден Азард.
Блюзовий нападник повернув пас Матео Ковачичу на цій грі, перш ніж відокремитися біля півзахисту та бігти в тайм "Ліверпуля".
Ковачич зробив швидку віддачу в півзахисті.
Потім він вистрілив красивий наскрізний м'яч, ведучи Хазард у коробку.
Азар обійшов захист і фінішував у дальню сітку з лівою ногою повз Аліссона Беккера з Ліверпуля.
"Ліверпуль" б'ється з "Наполем" на груповому етапі Ліги Чемпіонів о 3 годині вечора в середу на стадіоні Сан-Паоло в Неаполі, Італія.
"Челсі" зіткнеться з "Відеотоном" у Лізі Європи УЄФА о 3 годині вечора в четвер у Лондоні.
Число загиблих від цунамі в Індонезії зросло до 832
Число загиблих від землетрусу та цунамі в Індонезії піднялося до 832, повідомило в неділю.
Повідомляється, що багато людей опинилися в пастці в уламках будівель, зруйнованих під час землетрусу магнітудою 7,5, який стався в п'ятницю і викликав хвилі висотою до 20 футів, заявив на прес-конференції прес-секретар агентства Сутопо Пурво Нугрохо.
Місто Палу, яке налічує понад 380,000 XNUMX людей, було усипане уламками зруйнованих будівель.
Поліція заарештувала 32-річного чоловіка за підозрою у вбивстві після того, як жінку зарізали
Розслідування вбивства було розпочато після того, як тіло жінки було знайдено в Біркенгеді, Мерсісайд сьогодні вранці.
44-річний чоловік був знайдений о 7.55 ранку з ножовими пораненнями на Грейсон М'юз на Джон-стріт, 32-річний чоловік був заарештований за підозрою у вбивстві.
Поліцейські закликали людей у цьому районі, які бачили або чули що-небудь, щоб виступити.
Детектив-інспектор Брайан О'Хейган сказав: "Розслідування знаходиться на ранніх стадіях, але я б звернувся до всіх, хто був в безпосередній близькості від Джон-стріт в Біркенхеді, хто бачив або чув що-небудь підозріле, щоб зв'язатися з нами.
Я б також звернувся до будь-кого, особливо таксистів, які, можливо, зафіксували що-небудь на відеореєстраторі, щоб зв'язатися з нами, оскільки вони можуть мати інформацію, яка є життєво важливою для нашого розслідування».
Представник поліції підтвердив жінку, чиє тіло було знайдено, місцевим для Біркенхеда, і вона була знайдена всередині помешкання.
Сьогоді вдень друзі, які вважають, що вони знають, що жінка прибула на місце події, щоб задати питання про те, де вона була знайдена сьогодні вранці.
Розслідування тривають, оскільки поліція заявила, що вони знаходяться в процесі інформування найближчих родичів жертви.
Водій таксі, який живе в Грейсон М'юз, щойно намагався повернутися до своєї квартири, але поліції кажуть, що нікого не пускають і не виїжджає з будівлі.
Він був безмовним, коли дізнався, що сталося.
Мешканцям тепер кажуть, що пройде кілька годин, поки їм не дозволять повернутися.
Поліцейський сказав одному чоловікові, що весь район зараз розглядається як місце злочину.
Жінка з'являлася на місці події в сльозах.
Вона постійно повторює: «Це так жахливо».
О другій годині дня два поліцейські фургони були всередині кордону з іншим фургоном на вулиці.
Ряд офіцерів стояли в оточенні, стежачи за багатоквартирними будиночками.
Будь-кого, хто має інформацію, запитують до DM @MerPolCC, зателефонуйте 101 або зв'яжіться з Crimestoppers анонімно за номером 0800 555 111, цитуючи журнал 247 від 30 вересня.
Пам'ятка Кромвеля в парламенті стала останнім пам'ятником, яке вразило "переписування історії"
ЇЇ вигнання було б поетичною справедливістю для його талібського знищення стількох культурних і релігійних артефактів Англії, проведених його фанатичними пуританськими послідовниками.
Але Кромвельське товариство описало пропозицію містера Кріка як «дурість» і «спроба переписати історію».
Джон Голдсміт, голова Товариства Кромвеля, сказав: «У нинішніх дебатах було неминучим щодо видалення статуй, що фігура Олівера Кромвеля за межами Вестмінстерського палацу стане мішенню.
Іконоборство англійських громадянських війн не було замовлено і не здійснювалося Кромвелем.
Можливо, не той Кромвель буде принесений в жертву за дії свого предка Томаса в попередньому столітті.
Чудове уявлення сера Вільяма Хамо Торнікрофта про Кромвеля є свідченням думки XIX століття та частиною історіографії фігури, яку, на думку багатьох, все ще варто святкувати.
Пан Голдсміт сказав The Sunday Telegraph: «Кромвель розглядається багатьма, можливо, більше в кінці XIX століття, ніж сьогодні, як захисник парламенту від зовнішнього тиску, у його випадку, звичайно, монархії.
Незалежно від того, чи є це цілком точним зображенням, є предметом продовження історичних дебатів.
Безперечним є те, що конфлікт середини XVII століття сформував подальший розвиток нашої нації, і Кромвель - це індивідуальна впізнавана фігура, яка представляє одну сторону цього розриву.
Його здобутки як лорда-захисника також варті того, щоб святкувати та вшановувати пам'ять
Свиня-вбивця засуджує китайського фермера до смерті
Згідно з повідомленнями місцевих ЗМІ, фермер був атакований і вбитий свинею на ринку на південному заході Китаю.
Чоловік, ідентифікований лише за прізвищем "Юань", був знайдений мертвим з відрубаною артерією, покритою кров'ю біля перебування на ринку в Люпаньшуй в провінції Гуйчжоу, повідомляє South China Morning Post.
Свинячий фермер готується вводити вакцини в свиней на хоггері 30 травня 2055 року в Сініні провінції Цінхай, Китай.
Повідомляється, що він подорожував зі своїм двоюрідним братом із сусідньої провінції Юньнань у середу, щоб продати 15 свиней на ринку.
Наступного ранку двоюрідний брат знайшов його мертвим і виявив, що двері до сусідньої свині залишаються відкритими.
Він сказав, що в сті була велика чоловіча свиня з кров'ю на роті.
Судово-медична експертиза підтвердила, що 550-фунтові свині поранили фермера до смерті, згідно з повідомленням.
"Ноги мого двоюрідного брата були кривавими і покаліченими", - сказав двоюрідний брат під своїм прізвищем "Ву", цитує Guiyang Evening News.
Кадри з камер відеоспостереження показали, що Юань виходить на ринок о 4.40 ранку в четвер, щоб годувати своїх свиней.
Її тіло знайшли приблизно через годину.
Тварина, яка вбила чоловіка, не належала юаню або його двоюрідному братові.
Менеджер ринку розповів Evening News, що свиня була замкнена, щоб запобігти нападу на кого-небудь іншого, тоді як поліція зібрала докази на місці події.
Сім'я Юаня та ринкова влада, як повідомляється, ведуть переговори про компенсацію за його смерть.
Незважаючи на рідкісні випадки, випадки, коли свині атакували людей, були зафіксовані раніше.
У 2016 році свиня напала на жінку та її чоловіка на їхній фермі в Массачусетсі, залишивши чоловіка критичними травмами.
Десять років тому 650-фунтова свиня притиснула валлійського фермера до свого трактора, поки його дружина не відлякала тварину.
Після того, як фермер з Орегону був з'їдений своїми свинями в 2012 році, один фермер Манітоби сказав CBC News, що свині, як правило, не агресивні, але смак крові може діяти як «тригер».
"Вони просто грайливі.
Їм кусачі, дуже допитливі ... вони не хочуть завдати вам шкоди.
Їм просто потрібно заплатити правильну суму поваги", - сказав він.
Залишки урагану "Роза" принесуть широкомасштабний сильний дощ на південний захід США
Згідно з прогнозом, ураган «Роза» слабшає, рухаючись над прохолодними водами північного узбережжя Мексики.
Тим не менш, Роза принесе повені дощі на півночі Мексики та на південному заході США найближчими днями.
Роза мала вітри 85 миль на годину, ураган категорії 1, станом на 5 ранку за східним часом у неділю, і був розташований в 385 милях на південний захід від Пунта-Евгенія, Мексика.
Очікується, що Роза переїде на північ у неділю.
Тим часом жолоб починає формуватися над Тихим океаном і рухатися на схід до західного узбережжя США. Оскільки Роза наближається до півострова Нижня Каліфорнія в понеділок як тропічний шторм, він почне штовхати глибоку тропічну вологу на північ на південний захід США.
Роза принесе до 10 дюймів дощу в деяких частинах Мексики в понеділок.
Потім тропічна волога, що взаємодіє з наближенням жолоба, створить широкомасштабні рясні опади на південному заході протягом найближчих днів.
На місцевому рівні від 1 до 4 дюймів дощу викличе небезпечні повені, потоки уламків та можливі зсуви в пустелі.
Глибока тропічна волога призведе до того, що рівень опадів наблизиться від 2 до 3 дюймів на годину в місцях, особливо в деяких частинах південної Невади та Арізони.
У деяких частинах південного заходу очікується від 2 до 4 дюймів дощу, особливо над більшою частиною Арізони.
Флеш-повінь можливий при швидкому погіршенні умови через розкиданий характер тропічних дощів.
Було б вкрай погано рекомендується виїхати в пустелю пішки із загрозою тропічних опадів.
Сильний дощ може призвести до того, що каньйони стануть бурхливими річками, а грози принесуть місцеві поривчасті вітри та дмухаючий пил.
Наближення жолоба принесе місцевий сильний дощ у частини узбережжя Південної Каліфорнії.
Можливі кількість опадів понад півдюйма, що може призвести до незначних потоків сміття та слизьких проїжджих частин.
Це була б перша опади в регіоні їхнього вологого сезону.
Деякі розсіяні тропічні дощі почнуть наближатися до Арізони пізно ввечері в неділю та рано вранці в понеділок, перш ніж дощ стане більш поширеним пізно в понеділок і вівторок.
Сильний дощ пошириться на «Чотирьох куточках» у вівторок і триватиме до середи.
У жовтні можуть спостерігатися інтенсивні коливання температури в США, оскільки Арктика стає прохолоднішою, але тропіки залишаються досить теплими.
Іноді це призводить до різких змін температури на коротких дистанціях.
Існує чудовий приклад драматичних перепадів температур у центральній частині США в неділю.
Між Канзас-Сіті, Міссурі та Омахою, штат Небраска, і між Сент-Луїсом і Де-Мойном, штат Айова, існує різниця в температурі близько 20 градусів.
Протягом наступних кількох днів затяжне літнє тепло намагатиметься будуватися та розширюватися знову.
Значна частина центральної та східної частини США, як очікується, побачить теплий початок до жовтня з широкомасштабними вісімдесятими від Південних рівнин до частини північного сходу.
Нью-йорк може досягти 80 градусів у вівторок, що буде приблизно на 10 градусів вище середнього.
Наш довгостроковий кліматичний прогноз вказує на високі шанси на температуру вище середнього для східної частини США до першої половини жовтня.
Понад 20 мільйонів людей спостерігали за слуханнями Бретта Кавано
Понад 20 мільйонів людей спостерігали за захоплюючими свідченнями кандидата у Верховний суд Бретта Кавано та жінки, яка звинуватила його в сексуальному насильстві, яке, імовірно, сталося в 1980-х роках Крістін Блейзі Форд у шести телевізійних мережах.
Тим часом політичне протистояння продовжилося, коли мовники переривають регулярні програми для п'ятничного останнього повороту: угода, розроблена сенатором Арізони Джеффом Флейком для ФБР про проведення тижневого розслідування звинувачень.
Форд сказала Юридичному комітету Сенату, що вона на 100 відсотків упевнена в тому, що Кавано обмацав її п'яницею і намагався зняти одяг на шкільній вечірці.
Кавано в пристрасних свідченнях сказав, що він на 100 відсотків упевнений, що цього не сталося.
Цілком імовірно, що понад 20,4 мільйона людей, про які Nielsen повідомила в п'ятницю, спостерігали за ним.
Компанія підраховувала середню глядацькість на CBS, ABC, NBC, CNN, Fox News Channel і MSNBC.
Цифри не були відразу доступні для інших мереж, які показали це, включаючи PBS, C-SPAN та Fox Business Network.
І Нільсен, як правило, має деякі проблеми вимірювання людей, які спостерігають в офісах.
Для того, щоб поставити це в перспективі, це розмір аудиторії, подібний до того, що для плей-офф футбольного матчу або премії «Оскар».
Канал Fox News, ведучі якого рішуче підтримали призначення Кавано, керував усіма мережами в середньому 5,69 мільйона глядачів під час слухань протягом усього дня, сказав Нільсен.
ABC посів друге місце з 3,26 мільйонами глядачів.
У CBS було 3,1 мільйона, NBC - 2,94 мільйона, MSNBC - 2,89 мільйона, а CNN - 2,52 мільйона, сказав Нільсен.
Інтерес залишався високим після слухання.
Флейк був центральною фігурою в п'ятничній драмі.
Після того, як поміркований республіканський офіс опублікував заяву про те, що він голосуватиме за Кавано, він був спійманий CNN, а камери CBS у п'ятницю вранці кричали на протестувальників, коли він намагався їздити на ліфті на слухання судового комітету.
Він стояв зі спущеними очима протягом декількох хвилин, коли його лаяли, транслювалося в прямому ефірі на CNN.
"Я стою прямо тут, перед вами", - сказала одна жінка.
"Думаєте, він каже правду країні?
Йому сказали: "Ви маєте владу, коли так багато жінок безсилі".
Флейк сказав, що його відомство виступило із заявою, і сказав перед закриттям ліфта, що йому доведеться сказати більше на слуханнях комітету.
Через кілька годин кабельні та телевізійні мережі висвітлювали в прямому ефірі, коли Судовий комітет мав проголосувати за просування кандидатури Кавано до повного Сенату для голосування.
Але Флейк сказав, що він зробить це лише з розумінням того, що ФБР розгляне звинувачення проти кандидата на наступний тиждень, про що закликають демократи меншості.
Флейка частково переконали розмови зі своїм другом, сенатором-демократом Крісом Кунсом.
Після розмови з Кунами та кількома сенаторами Флейк прийняв своє рішення.
Вибір Флейка мав владу, тому що було очевидно, що республіканці не матимуть голосів, щоб схвалити Кавано без розслідування.
Президент Трамп розпочав розслідування ФБР щодо звинувачень проти Кавано.
Прем'єр-міністр Великої Британії Мей звинуватив критиків у тому, що вони "грають у політику" через
Прем'єр-міністр Тереза Мей звинуватила критиків у своїх планах вийти з Європейського Союзу в тому, що вона "грає в політику" з майбутнім Британії та підриває національний інтерес в інтерв'ю газеті Sunday Times.
Прем'єр-міністр Великої Британії Тереза Мей прибуває на конференцію Консервативної партії в Бірмінгемі, Великобританія, 29 вересня 2018 року.
Її колишній міністр закордонних справ Борис Джонсон в іншому інтерв'ю поруч із нею на першій шпальті газети наполягав на своїй атаці на її так званий план Чекерса щодо Brexit, заявивши, що пропозиція про те, що Британія та ЄС повинні стягувати тарифи один одного, була «абсолютно безглуздою».
Стрілянина Вейде Сімса: поліція заарештувала підозрюваного Дітеона Сімпсона через смерть гравця LSU
Поліцейські заарештували підозрюваного у смертельній стрілянині Уейда Сімса, 20-річного баскетболіста в LSU.
20-річний Дітеон Сімпсон був заарештований і заброньований у в'язницю за звинуваченням у вбивстві другого ступеня, повідомило поліцейське управління Батон-Руж.
Чиновники оприлюднили відео конфронтації між Сімсом і Сімпсоном, і поліція заявила, що Сімс втратив окуляри під час бійки.
Поліцейські витягли окуляри з місця події і сказали, що вони виявили ДНК Сімпсона на них, повідомляє філія CBS WAFB.
Після допиту Сімпсона поліція заявила, що він зізнався, що смертельно застрелив Уейда.
Його облігація була встановлена на рівні 350,000 XNUMX доларів, повідомляє Advocate.
Офіс парафіяльного коронера Іст-Батон-Руж оприлюднив попередній звіт у п'ятницю, заявивши, що причиною смерті є вогнепальне поранення голови в шию.
Департамент приписує оперативну групу поліції штату Луїзіана, кримінальну лабораторію поліції штату, поліцію Південного університету та громадянам району, які допомагають у розслідуванні, що призвело до арешту.
Спортивний директор LSU Джо Аллева подякував правоохоронним органам області за «переосмислення та прагнення до справедливості».
Сімсу виповнилося 20 років.
Форвард 6-футів-6 виріс у Батон-Руж, де його батько, Уейн, також грав у баскетбол за LSU.
У минулому сезоні він набирав в середньому 5,6 очка і 2,6 підбирань за гру.
У п'ятницю вранці баскетбольний тренер LSU Вілл Уейд заявив, що команда "спустошена" і "в шоці" від смерті Уейда.
"Це те, про що ви турбуєтеся в будь-який час", - сказав Уейд.
Вулкан вивергає попіл на Мехіко
Виверження попелу з вулкана Попокатепетль досягло південних районів столиці Мексики.
Національний центр із запобігання стихійним лихам застеріг мексиканців у суботу триматися подалі від вулкана після того, як активність піднялася в кратері, і він зареєстрував 183 викиди газу та попелу протягом 24 годин.
Центр стежив за кількома гуркотом і підземними поштовхами.
Зображення в соціальних мережах показали тонкі шари попелу, що покривають лобове скло автомобіля в районах Мехіко, таких як Xochimilco.
Геофізики помітили збільшення активності на вулкані, який знаходиться в 45 милях (72 кілометрах) на південний схід від столиці після землетрусу магнітудою 7,1, що похитнувся в центральній Мексиці у вересні 2017 року.
Вулкан, відомий як «Дон Гойо», діє з 1994 року.
Поліцейська зіткнулася з каталонськими сепаратистами напередодні ювілею
Шестеро людей були заарештовані в Барселоні в суботу після того, як протестувальники, які виступали за незалежність, зіткнулися з поліцією, і коли тисячі людей приєдналися до конкуруючих демонстрацій, щоб відзначити першу річницю поляризаційного голосування Каталонії про відокремлення.
Група просепаратистів у масках, яких стримувала спецпризначенці, закидала їх яйцями та кинула порошковою фарбою, створивши темні хмари пилу на вулицях, які, як правило, були переповнені туристами.
Сутички також спалахнули пізніше того ж дня, коли поліція використала свої естафети, щоб стримати бойові дії.
Протягом кількох годин групи, які виступали за незалежність, скандуючи «Не забуваючи, без прощення», зіткнулися з профспілковими протестувальниками, які кричали: «Довго живе Іспанія».
Чотирнадцять людей отримали лікування від незначних травм, отриманих під час протестів, повідомила місцева преса.
Напруженість залишається високою в регіоні, орієнтованому на незалежність, через рік після референдуму 1 жовтня, який Мадрид визнав незаконним, але прославився сепаратистськими каталонцями.
Виборці вирішили в переважній більшості стати незалежними, хоча явка була низькою, оскільки ті, хто протистояв відокремленню, значною мірою бойкотували голосування.
За даними каталонської влади, майже 1000 людей отримали поранення в минулому році після того, як поліція намагалася зупинити голосування на виборчих дільницях по всьому регіону в жорстоких зіткненнях.
У п'ятницю групи, що підтримують незалежність, розбили табір у п'ятницю, щоб запобігти демонстрації на підтримку національної поліції.
Демонстрація продовжилася, але була змушена пройти інший маршрут.
68-річний Нарцис Термес, електрик, присутній на сепаратистському протесті зі своєю дружиною, сказав, що він більше не сподівається на перспективи здобуття Каталонією незалежності.
«Минулого року ми пережили один з наших найкращих моментів.
Я спостерігав, як мої батьки з радістю плакали від можливості проголосувати, але тепер ми застрягли", - сказав він.
Незважаючи на те, що Каталонські партії, які виступають за незалежність, цього року досягли життєво важливої, хоча і вузької перемоги на регіональних виборах, вони намагалися зберегти імпульс з багатьма своїми найвідомішими лідерами або у вигнанні, або в ув'язненні, очікуючи суду за свою роль в організації референдуму та подальшого проголошення незалежності.
Джоан Пуйг, 42-річна механіка, яка фіксує акцію протесту на підтримку поліції на своєму телефоні, заявила, що конфлікт розпалили політики з обох сторін.
"Це стає все більш напруженим", - сказав він.
У суботу Оріол Жункерас, один з дев'яти каталонських лідерів у досудовій в'язниці з кінця минулого року, оголосив, що він братиме участь у виборах до Європарламенту наступного року.
"Позиція як кандидата на європейських виборах - це найкращий спосіб засудити регрес демократичних цінностей та репресій, які ми спостерігали від іспанського уряду", - сказав він.
Лондондеррі: чоловіків заарештували після того, як будинок протаранили на машині
Троє чоловіків у віці 33, 34 і 39 років були заарештовані після того, як автомобіль неодноразово врізався в будинок у Лондондеррі.
Інцидент розгорнувся в Ballynagard Crescent у четвер близько 19:30 BST.
Det Insp Боб Блеммінгс сказав, що було завдано шкоди воротам і самій будівлі.
Арбалет також, можливо, був випущений по машині в якийсь момент.
Страйк Менги дав Лівінгстону 1-0 перемогу над "Рейнджерс"
Перший гол Доллі Менга за Лівінгстона забезпечив перемогу
Лівінгстон приголомшив «Рейнджерс», щоб відправити Стівена Джеррарда лише на другу поразку в 18 іграх як менеджер клубу «Айброкс».
Страйк Доллі Менга виявився різницею, оскільки сторона Гері Холта перемістилася на рівень з Гіберніаном на другому місці.
Сторона Джеррарда залишається без виїзної перемоги в Прем'єр-лізі в цьому сезоні і зіткнеться з лідерами Hearts, яких вони відстають на вісім очок, наступної неділі.
До цього "Рейнджерс" приймали "Рапід Відень" у Лізі Європи в четвер.
Лівінгстон, тим часом, розширив свою безпрограшну пробіжку в дивізіоні до шести ігор, а головний тренер Холт все ще зазнав поразки після заміни Кенні Міллера минулого місяця.
Лівінгстон пропустив шанси проти тупих відвідувачів
Команда Холта повинна була бути попереду задовго до того, як вони забили, а їх безпосередність викликала всілякі проблеми.
Скотт Робінсон прорвався, але перетягнув свої зусилля через обличчя воріт, тоді Алан Літгоу міг направити свої зусилля лише після того, як ковзнув, щоб зустріти голову Крейга Халкетта через ворота.
Ведучі задовольнялися тим, що дозволяють рейнджерам грати перед ними, знаючи, що вони можуть турбувати відвідувачів на встановлених частинах.
І це був спосіб, у який вирішальний гол прийшов.
Рейнджери пропустили штрафний удар, і Лівінгстон працював на відкритті, Деклан Галлахер і Робінсон об'єдналися, щоб налаштувати Менгу, який торкнувся і забив з центру коробки.
На цьому етапі «Рейнджерс» домінували у володінні, але вважав домашній захист непроникним, а голкіпер Ліам Келлі в значній мірі неспроможний.
Ця закономірність продовжилася у другому таймі, хоча Альфредо Морелос змусив Келлі врятувати Келлі.
Скотт Піттману було відмовлено воротарем «Рейнджерс» Алланом Макгрегором, а «Літгоу» широко перекинулися з чергової сет-п'єси «Лівінгстона».
Кроси постійно надходили в лівінгстонський ящик і постійно розчищалися, в той час як два пенальті-претензії - після виклику Халкетта на заміну Гленн Міддлтон, і один для гандболу - були відкинуті.
«Феноменал» з Лівінгстона - аналіз
Аласдейр Ламонт з Бі-Бі-Бі-Сі Шотландія на арені Тоні Макароні
Феноменальна продуктивність і результат для Лівінгстона.
Для людини вони були чудовими, продовжуючи перевершувати очікування щодо цієї висхідної траєкторії.
Їх стиль гри та персонал ледве змінився з моменту їх повернення до вищого польоту, але велика заслуга повинна перейти до Holt за те, як він активізував команду з моменту свого прибуття.
У нього було так багато героїв.
Капітан Халкетт був неймовірним, збираючи чудово організований захист, в той час як Менга тримав Коннора Голдсона і Джо Ворралла на ногах протягом усього часу.
Рейнджерам не вистачало натхнення.
Наскільки добре, як вони іноді були під Джеррардом, вони не відповідали цим стандартам.
Їх останнього м'яча не вистачало - лише одного разу вони відрізали домашню сторону - і це щось на зразок пробудження для рейнджерів, які опиняються в середині столу.
Ердоган отримує неоднозначний прийом у Кельні
Були посмішки та блакитне небо в суботу (29 вересня), коли лідери Туреччини та Німеччини зустрілися для перерви в Берліні.
Це останній день суперечливого візиту президента Ердогана до Німеччини, який спрямований на відновлення зв'язків між союзниками по НАТО.
Їх викреслили через такі питання, як права людини, свобода преси та вступ Туреччини до ЄС.
Потім Ердоган попрямував до Кельна, щоб відкрити нову гігантську мечеть.
Місто є домом для найбільшого турецького населення за межами Туреччини.
Поліція вказала причини безпеки, щоб заблокувати 25,000-сильний натовп від зібрання перед мечеттю, але багато прихильників вийшли поруч, щоб побачити свого президента.
Сотні антиердоганських протестувальників, багато з яких курдські, також почули свої голоси, засудивши як політику Ердогана, так і рішення німецького уряду вітати його в країні.
Дуельні протести відображають розбіжностість відвідувача, якого деякі німецькі турки називають героєм і ображають як автократа іншими.
Аварія в Дептфорді: Велосипедист загинув під час зіткнення
Велосипедист загинув під час зіткнення, пов'язаного з автомобілем у Лондоні.
Катастрофа сталася біля перехрестя Бествуд-стріт і Евелін-стріт, жвавої дороги в Дептфорді, на південному сході міста, близько 10:15 BST.
Водій автомобіля зупинився і парамедики були присутні, але чоловік загинув на місці події.
Катастрофа сталася через кілька місяців після того, як інший велосипедист загинув під час нападу на Чайлдерс-стріт, приблизно за милю від суботньої аварії.
Столична поліція заявила, що поліцейські працюють над тим, щоб ідентифікувати чоловіка та інформувати його найближчих родичів.
Перекриття доріг та диверсії автобусів існують, і автомобілістам було рекомендовано уникати цього району.
В'язниця Лонг-Лартіна: шестеро офіцерів поранені в безлад
Шестеро тюремних офіцерів були поранені під час заворушень у в'язниці суворого режиму, повідомили у в'язниці.
Розлад спалахнув на HMP Лонг-Лартін у Вустерширі близько 09:30 BST у неділю і триває.
Спеціалізовані офіцери "Торнадо" були залучені для боротьби із заворушенням, в якому беруть участь вісім ув'язнених і міститься одне крило.
Поліцейських лікували від незначних травм обличчя на місці події.
Прес-секретар тюремної служби сказав: «Спеціалізовано підготовлений персонал в'язниць був розгорнутий, щоб впоратися з триваючим інцидентом у HMP Long Lartin.
Шестеро співробітників отримали тілесні ушкодження.
Ми не терпимо насильства в наших в'язницях, і ясно, що винні будуть передані в поліцію і можуть провести довше за ґратами».
HMP Long Lartin утримує понад 500 ув'язнених, у тому числі деяких найнебезпечніших злочинців країни.
У червні повідомлялося, що губернатор в'язниці отримав лікування в лікарні після того, як був атакований ув'язненим.
А в жовтні минулого року до в'язниці викликали до в'язниці, щоб впоратися з серйозним заворушенням, в якому на персонал напали з м'ячами біля басейну.
Ураган «Роза» Загрожує Феніксу, Лас-Вегас, Солт-Лейк-Сіті З Флеш-Флодом (Посушні Райони Можуть Принести Користь)
Рідко тропічна депресія вражає Арізону, але це саме те, що, ймовірно, станеться на початку наступного тижня, оскільки енергія урагану Роза, що залишилася на південному заході пустелі, доставляючи ризики повеней.
Національна метеорологічна служба вже випустила спостерігачі за повенями в понеділок і вівторок на заході Арізони в південну і східну Неваду, південно-східній Каліфорнії та Юті, включаючи міста Фенікс, Флагстафф, Лас-Вегас і Солт-Лейк-Сіті.
Очікується, що Роза піде прямим шляхом над Феніксом у вівторок, наближаючись до пізнього понеділка з дощем.
Національна метеорологічна служба у Феніксі зазначила в твіттері, що лише «десять тропічних циклонів зберегли статус тропічного шторму або депресії в межах 200 миль від Фенікса з 1950 року!
Катріна (1967) була ураганом в 40 милях від кордону AZ».
Останні моделі Національного центру ураганів прогнозують від 2 до 4 дюймів опадів, з ізольованим обсягом до 6 дюймів у Моголлонському краю Арізони.
Інші райони південного заходу пустелі, включаючи центральні Скелясті гори та Великий басейн, швидше за все, отримають від 1 до 2 дюймів, з ізольованими сумами до 4 дюймів.
Для тих, у кого немає ризику повеней, дощі Рози можуть бути благословенням, оскільки регіон постраждає від посухи.
Хоча повінь є дуже серйозною проблемою, деякі з цих опадів, ймовірно, будуть корисними, оскільки на південному заході в даний час спостерігаються посухові умови.
За даними U.S. Drought Monitor, трохи більше 40 відсотків Арізони переживає принаймні екстремальну посуху, другу за величиною категорію», – повідомляє weather.com.
По-перше, шлях урагану Роза веде до висадки через півострів Нижня Каліфорнія в Мексиці.
Роза, все ще маючи силу урагану в неділю вранці з максимальними вітрами 85 миль на годину, знаходиться в 385 милях на південь від Пунта-Евгенія, Мексика, і рухається на північ зі швидкістю 12 миль на годину.
Шторм стикається з більш прохолодними водами в Тихому океані і, отже, живиться.
Таким чином, він, як очікується, обрушиться в Мексику на силу тропічного шторму вдень або ввечері в понеділок.
Опади по частинах Мексики можуть бути важкими, що становить значний ризик затоплення.
"Опади очікуються від 3 до 6 дюймів від Нижньої Каліфорнії до північно-західної Сонори, можливо до 10 дюймів", - повідомляє weather.com.
Потім Роза відстежить на північ через Мексику як тропічний шторм, перш ніж досягти кордону Арізони рано вранці у вівторок як тропічну депресію, яка потім відстежить через Арізону і в південну Юту пізно ввечері у вівторок.
"Головною небезпекою, яка очікується від Рози або її залишків, є дуже сильні опади в Нижній Каліфорнії, на північному заході Сонори та на південному заході пустелі США", - йдеться в повідомленні Національного ураганного центру.
Очікується, що ці дощі спричинять небезпечні для життя повені та потоки сміття в пустелях та зсуви в гірській місцевості.
Теракт "Мідсомер Нортон": четверо замагальних арештів
Троє хлопчиків-підлітків і 20-річний чоловік були заарештовані за підозрою в замаху на вбивство після того, як 16-річний був знайдений з ножовими пораненнями в Сомерсеті.
Хлопчик-підліток був знайдений пораненим в районі Excelsior Terrace в Мідсомер Нортон, близько 04:02 BST в суботу.
Його доставили в лікарню, де він залишається в «стабільному» стані.
17-річний, двоє 18-річні і 20-річний чоловік були заарештовані протягом ночі в районі Радстока, повідомили поліція Ейвона і Сомерсета.
Офіцери звернулися до всіх, хто, можливо, має будь-які кадри мобільного зв'язку про те, що сталося.
Трамп заявив, що Кавано "постраждав, підлість, гнів" Демократичної партії
"Голосування за суддю Кавано - це голосування, щоб відкинути безжальну і обурливу тактику Демократичної партії", - сказав Трамп на мітингу в Вілінгу, Західна Вірджинія.
Трамп заявив, що Кавано "постраждав від підлості, гніву" Демократичної партії протягом усього процесу висунення.
Кавано свідчив перед Конгресом у четвер, рішуче та емоційно заперечуючи звинувачення Крістін Блейзі Форд у тому, що він сексуально напав на неї десятиліття тому, коли вони були підлітками.
Форд також свідчила на слуханнях про її звинувачення.
Президент заявив у суботу, що «американський народ побачив блискучу, якісну та мужність» Кавано того дня.
"Голосування, щоб підтвердити суддю Кавано, - це голосування за підтвердження одного з найдосконаліших юридичних умів нашого часу, юриста зі стерлінговими записами державної служби", - сказав він натовпу прихильників Західної Вірджинії.
Президент похило посилався на кандидатуру Кавано, говорячи про важливість явки республіканців на проміжних виборах.
"П'ять тижнів від одного з найважливіших виборів у нашому житті.
Я не біжу, але я дійсно біжу", - сказав він.
"Саме тому я всюди борюся за великих кандидатів".
Трамп стверджував, що демократи мають місію «протистояти і перешкоджати».
Очікується, що перше ключове процедурне голосування в Сенаті щодо кандидатури Кавано відбудеться не пізніше п'ятниці, повідомив CNN старший помічник керівництва Республіканської партії.
Сотні вбитих індонезійським землетрусом, цунамі, зі зростанням кількості загиблих
Щонайменше 384 людини загинули, багато хто злетів, коли гігантські хвилі впали на пляжі, коли сильний землетрус і цунамі обрушилися на індонезійський острів Сулавесі, повідомила влада в суботу.
Сотні людей зібралися на фестиваль на пляжі в місті Палу в п'ятницю, коли хвилі висотою до шести метрів (18 футів) розбилися на березі в сутінках, підмітаючи багатьох на смерть і знищуючи що-небудь на своєму шляху.
Цунамі сталося після землетрусу магнітудою 7,5.
"Коли вчора виникла загроза цунамі, люди все ще робили свою діяльність на пляжі і не відразу бігали, і вони стали жертвами", - заявив прес-секретар індонезійського агентства BNPB на брифінгу в Джакарті Сутопо Пурво Нугрохо.
"Цунамі прийшло не саме по собі, воно тягнуло машини, колоди, будинки, воно врізалося у все на суші", - сказав Нугрохо, додавши, що цунамі пройшло через відкрите море зі швидкістю 800 км/год (497 миль/год), перш ніж вразити берегову лінію.
Деякі люди піднімалися на дерева, щоб уникнути цунамі, і вижили, сказав він.
Близько 16,700 людей були евакуйовані до 24 центрів у Палулі.
Аерофотознімки, опубліковані агентством стихійних лих, показали, що багато будівель і магазинів зруйнувалися, мости перекручені і зруйновані, а мечеть оточена водою.
Афтерштеки продовжували розгойдувати прибережне місто в суботу.
Серія землетрусів відчувалася в районі з 2,4 мільйонами людей.
Індонезійське агентство з оцінки та застосування технологій (BPPT) заявило, що енергія, випущена масштабним землетрусом у п'ятницю, приблизно в 200 разів перевищує потужність атомної бомби, скинутої на Хіросіму під час Другої світової війни.
Географія міста, яке знаходиться в кінці довгої вузької бухти, може збільшити розмір цунамі.
Нугрохо описав пошкодження як «великі» і сказав, що тисячі будинків, лікарень, торгових центрів і готелів обвалилися.
Тіла деяких постраждалих були знайдені в пастці під завалами зруйнованих будівель, сказав він, додавши, що 540 людей отримали поранення і 29 зникли безвісти.
Нугрохо сказав, що жертви та пошкодження можуть бути більшими уздовж берегової лінії за 300 км (190 миль) на північ від Палу, району під назвою Донггала, який знаходиться ближче до епіцентру землетрусу.
Зв'язки "були повністю покалічені без інформації" від Донггала, сказав Нугрохо.
Там проживає понад 300,000 XNUMX людей», – йдеться у заяві Червоного Хреста, додавши, що його співробітники та волонтери прямують до постраждалих районів.
"Це вже трагедія, але вона може погіршитися", - йдеться в повідомленні.
Агентство в суботу широко критикували за те, що не повідомило, що цунамі вдарило по Палу, хоча чиновники заявили, що хвилі прийшли протягом часу, коли було оголошено попередження.
На аматорських кадрах, якими поділилися в соціальних мережах, можна почути, як чоловік на верхньому поверсі будівлі кричить шалені попереджувачі про наближення цунамі людям на вулиці внизу.
Протягом декількох лічень через кілька хвилин стіна води впадає на берег, несучи будівлі та автомобілі.
Reuters не вдалося відразу підтвердити автентифікацію відео.
Землетрус і цунамі спричинили велике відключення електроенергії, яке скоротило зв'язок навколо Палу, що ускладнило владі координувати рятувальні зусилля.
Військові почали відправляти вантажні літаки за допомогою Джакарти та інших міст, але евакуйовані все ще гостро потребують їжі та інших предметів першої необхідності.
Міський аеропорт був знову відкритий лише для надання допомоги і залишатиметься закритим до жовтня.
Президент Джоко Відодо мав відвідати евакуаційні центри в Палу в неділю.
Індонезійське Цунамі Зростає Вище 800.
Це Дуже Погано.
У той час як співробітники World Vision з Донггали благополучно доїхали до міста Палу, де співробітники ховаються в брезентових притулках, встановлених у дворі свого офісу, вони пройшли сцени спустошення по дорозі, сказав пан Досеба.
"Вони сказали мені, що бачили багато будинків, які були зруйновані", - сказав він.
Це дуже погано.
Незважаючи на те, що гуманітарні групи почали похмурі рухи щодо запуску шестерень ліквідації наслідків стихійних лих, деякі скаржилися, що іноземним гуманітарним працівникам з глибокою експертизою перешкоджають подорожувати до Палу.
Згідно з індонезійськими правилами, фінансування, постачання та персонал з-за кордону можуть почати надходити лише в тому випадку, якщо місце нещастя буде оголошено національною зоною стихійних лиха.
Цього ще не сталося.
"Це все ще катастрофа на рівні провінції", - сказала Аулія Арріані, прес-секретар Індонезійського Червоного Хреста.
"Після того, як уряд скаже: "Добре, це національна катастрофа", ми можемо відкритися для міжнародної допомоги, але статусу ще немає".
Оскільки друга ніч припала на Паллу після п'ятничного землетрусу та цунамі, друзі та сім'я тих, хто все ще пропав безвісти, тримали надію, що їхні близькі стануть чудесами, які заквашують похмурі сюжетні лінії стихійних лих.
У суботу з каналізації вирвали маленького хлопчика.
У неділю рятувальники звільнили жінку, яка була притиснута під завалами протягом двох днів з тілом її матері поруч з нею.
Гендон Субандоно, тренер збірної Індонезії з парапланеризму, тренував двох зниклих парапланчиків на Азіатських іграх, які завершилися на початку цього місяця в Індонезії.
Інші з тих, хто потрапив у пастку в готелі Roa Roa, включаючи пана Мандагі, були його учнями.
"Як старшокласник у сфері парапланеризму, у мене є власне емоційне навантаження", - сказав він.
Пан Ґендон розповів, як через кілька годин після того, як звістка про крах готелю Roa Roa поширювалася серед парапланеризму, він відчайдушно надсилав повідомлення WhatsApp конкурентам Палу, які брали участь у пляжному фестивалі.
Його повідомлення, однак, призвели лише до однієї сірої галочки, а не до пари блакитних чеків.
"Я думаю, що це означає, що повідомлення не були доставлені", - сказав він.
Злодії беруть $26,750 під час поповнення банкомату в Ньюпорті на Леві
Злодії в п'ятницю вранці вкрали $26,750 у працівника Брінка, який заправляв банкомат у Ньюпорті на Леві, повідомляється в прес-релізі Департаменту поліції Ньюпорта.
Водій автомобіля спустошував банкомат у розважальному комплексі і готувався доставити більше грошей, написав Денніс Маккарті в релізі.
Поки він був зайнятий, інший чоловік «побіг з-за Брінка співробітника» і вкрав мішок грошей, призначений для доставки.
Свідки помітили кількох підозрюваних, які тікали з місця події, але поліція не уточнила кількість причетних до інциденту.
Будь-хто, хто має інформацію про свої особи, повинен зв'язатися з поліцією Ньюпорта за номером 859-292-3680.
Каньє Уест: Репер змінює своє ім'я на Ye
Репер Каньє Уест змінює своє ім'я - на Ye.
Оголошуючи про зміни в Twitter у суботу, він написав: «Формально відомий як Каньє Вест».
41-річний Вест деякий час отримав прізвисько Ye і використовував прізвисько як назву для свого восьмого альбому, який був випущений у червні.
Зміна відбувається напередодні його появи на Saturday Night Live, де він, як очікується, запустить свій новий альбом Yandhi.
Він замінює співачку Аріану Гранде на шоу, яка скасувала "емоційні причини", сказав творець шоу.
Окрім абревіатури його нинішнього професійного ім'я, Вест раніше заявив, що це слово має релігійне значення для нього.
"Я вважаю, що "ye" є найбільш часто використовуваним словом у Біблії, і в Біблії це означає "ви", - сказав Вест на початку цього року, обговорюючи назву свого альбому з радіоведучим Big Boy.
"Отже, я - ми, це ми.
Це пішло від Каньє, що означає єдине, просто Є - просто бути відображенням нашого хорошого, нашого поганого, нашого розгубленого, всього.
Альбом є скоріше відображенням того, ким ми є».
Він є одним з ряду відомих реперів, щоб змінити своє ім'я.
Шон Комбс по-різному відомий як Puff Daddy, P. Diddy або Diddy, але в цьому році оголосив про свою перевагу імена Love and Brother Love.
Колишній західний колаборант, JAY-Z, також обійнявся з дефісом і столицями або без нього.
Мексиканський AМЛО обіцяє не використовувати військових проти цивільного населення
Новообраний президент Мексики Андрес Мануель Лопес Обрадор пообіцяв ніколи не застосовувати військову силу проти цивільного населення, оскільки країна наближається до п'ятдесятої річниці кривавої репресії проти студентів.
Лопес Обрадор пообіцяла в суботу в Tlatelolco Plaza «ніколи не використовувати військових для придушення мексиканського народу».
Військи обстріляли мирну демонстрацію на площі 2 жовтня 1968 року, вбивши цілих 300 людей у той час, коли ліві студентські рухи прижилися по всій Латинській Америці.
Лопес Обрадор зобов'язалася підтримувати молодих мексиканців, надаючи щомісячні субсидії тим, хто навчається та відкриває більше безкоштовних державних університетів.
Він сказав, що безробіття та відсутність освітніх можливостей притягують молодь до злочинних угруповань.
США повинні подвоїти A.I
У міру того, як Китай стає більш активним у штучному інтелекті, США повинні подвоїти суму, яку вони витрачають на дослідження в цій галузі, каже інвестор і практикуючий AI Кай-Фу Лі, який працював на Google, Microsoft та Apple.
Коментарі з'явилися після того, як різні частини уряду США зробили оголошення про ШІ, незважаючи на те, що США в цілому не мають офіційної стратегії штучного інтелекту.
Тим часом Китай представив свій план минулого року: він має на меті зайняти 1 місце в інноваціях ШІ до 2030 року.
"Подвійний дослідницький бюлетень ШІ був би хорошим початком, враховуючи, що всі інші країни набагато відстають від США, і ми шукаємо наступний прорив у ШІ", - сказав Лі.
Подвоєння фінансування може подвоїти шанси на те, що наступне велике досягнення ШІ буде досягнуто в США, сказав Лі в інтерв'ю CNBC цього тижня.
Лі, чия книга «AI Superpowers: Китай, Кремнієва долина та новий світовий порядок» була опублікована цього місяця Хоутоном Міффліном Харкортом, є генеральним директором Sinovation Ventures, яка інвестувала в одну з найвідоміших компаній зі штучним інтелектом у Китаї Face++.
У вісімдесяті роки в Університеті Карнегі-Меллона він працював над системою штучного інтелекту, яка перемогла найрейтинговішого американського гравця Othello, а пізніше він був виконавчим директором Microsoft Research і президентом китайської філії Google.
Лі визнав попередні технологічні конкурси уряду США, такі як Виклик робототехніки Агентства передових оборонних дослідницьких проектів, і запитав, коли буде наступний, щоб допомогти визначити наступних візіонерів.
Дослідникам у США часто доводиться наполегливо працювати, щоб виграти державні гранти, сказав Лі.
"Це не Китай забирає академічних лідерів; це корпорації", - сказав Лі.
Facebook, Google та інші технологічні компанії найняли світила з університетів для роботи над ШІ в останні роки.
Лі сказав, що зміни в імміграційній політиці також можуть допомогти США посилити свої зусилля зі штучного інтелекту.
"Я думаю, що грін-карти повинні бути автоматично запропоновані PhD в ШІ", - сказав він.
Державна рада Китаю опублікувала свій план розвитку штучного інтелекту наступного покоління в липні 2017 року.
Національний природничий фонд Китаю надає фінансування людям в академічних установах, подібним до того, як Національний науковий фонд та інші урядові організації надають гроші американським дослідникам, але якість академічної роботи нижча в Китаї, сказав Лі.
На початку цього року Міністерство оборони США створило Об'єднаний центр штучного інтелекту, який призначений для залучення партнерів з промисловості та наукових кіл, а Білий дім оголосив про формування Вибраного комітету зі штучного інтелекту.
І цього місяця DARPA оголосила про інвестиції в 2 мільярди доларів в ініціативу під назвою AI Next.
Що стосується NSF, він в даний час інвестує понад 100 мільйонів доларів на рік у дослідження ШІ.
Тим часом законодавство США, яке прагнуло створити Комісію національної безпеки зі штучного інтелекту, місяцями не спостерігалося дій.
Македонці проголосували на референдумі щодо того, чи варто змінювати ім'я країни
Жителі Македонії проголосували на референдумі в неділю щодо того, чи змінити свою назву на «Республіка Північна Македонія», що вирішить багаторічну суперечку з Грецією, яка заблокувала її заявки на членство в Європейському Союзі та НАТО.
Греція, яка має провінцію під назвою Македонія, стверджує, що ім'я її північного сусіда представляє претензію на її території, і наклала вето на свій в'їзд до НАТО та ЄС.
Два уряди уклали угоду в червні, засновану на запропонованій новій назві, але націоналістичні опоненти стверджують, що зміна підірве етнічну ідентичність слов'янської більшості Македонії.
Президент Ґйорґ Іванов заявив, що не голосуватиме на референдумі, і кампанія бойкоту поставила під сумніви щодо того, чи задовольнить явка мінімальні 50 відсотків, необхідних для того, щоб референдум був дійсним.
"Ви за членство в НАТО і ЄС з прийняттям угоди з Грецією".
Прихильники зміни імені, включаючи прем'єр-міністра Зорана Заєва, стверджують, що це ціна, яку варто заплатити, щоб домагатися прийому в такі органи, як ЄС і НАТО для Македонії, однієї з країн, які вийшли з краху Югославії.
"Я прийшла сьогодні, щоб проголосувати за майбутнє країни, для молодих людей у Македонії, щоб вони могли вільно жити під парасолькою Європейського Союзу, тому що це означає безпечніше життя для всіх нас", - сказала 79-річна Олівера Георгієвська в Скоп'є.
Незважаючи на те, що вона не є юридично обов'язковою, достатньо членів парламенту заявили, що вони будуть дотримуватися результатів голосування, щоб зробити його вирішальним.
Зміна назви вимагатиме більшість дві третини голосів у парламенті.
Виборча комісія штату заявила, що не було повідомлень про порушення до 1 години дня.
Тим не менш, явка становила лише 16 відсотків, у порівнянні з 34 відсотками на останніх парламентських виборах у 2016 році, коли 66 відсотків зареєстрованих виборців віддали свій бюлетень.
"Я прийшов голосувати через своїх дітей, наше місце знаходиться в Європі", - сказав 62-річний Ґйозе Таневскі, виборець у столиці Скоп'є.
Прем'єр-міністр Македонії Зоран Заєв, його дружина Зоріка та його син Душко проголосували на референдумі в Македонії щодо зміни назви країни, яка відкриє шлях для її вступу до НАТО та Європейського Союзу в Струміці, Македонія, 30 вересня 2018 року.
54-річний Володимир Кавардарков готував невелику сцену і під'їжджав стільцями перед наметами, встановленими тими, хто бойкотуватиме референдум.
"Ми за НАТО і ЄС, але ми хочемо приєднатися з нашими головами вгору, а не через службові двері", - сказав Кавадарков.
"Ми бідна країна, але ми маємо гідність.
Якщо вони не захочуть вважати нас Македонією, ми можемо звернутися до інших, таких як Китай і Росія, і стати частиною євро-Азії».
Прем'єр-міністр Заєв заявив, що членство в НАТО принесе вкрай необхідні інвестиції Македонії, яка має рівень безробіття понад 20 відсотків.
"Я вважаю, що переважна більшість буде на користь, тому що понад 80 відсотків наших громадян виступають за ЄС і НАТО", - сказав Заєв.
Він сказав, що результатом «так» буде «підтвердження нашого майбутнього».
Опитування, опубліковане минулого понеділка Інститутом політичних досліджень Македонії, показало, що від 30 до 43 відсотків виборців візьмуть участь у референдумі - нижче необхідної явки.
Інше опитування, проведене Македонським Telma TV, показало, що 57 відсотків респондентів планують проголосувати в неділю.
З них 70 відсотків сказали, що проголосують «за».
Для того, щоб референдум був успішним, явка повинна становити 50 відсотків плюс один голос.
Провал на референдумі стане першим серйозним ударом по політиці прозахідного уряду з тих пір, як він прийшов до влади в травні минулого року.
Дивіться також: Серхіо Агуеро з "Манчестер Сіті" орієнтується через всю оборону Брайтона
Серхіо Агуеро та Рахім Стерлінг відправили оборону Брайтона у перемозі "Манчестер Сіті" з рахунком 2-0 у суботу на стадіоні "Етіхад" у Манчестері, Англія.
Агуеро змусив його виглядати смішно легко на своєму рахунку на 65й хвилині.
Аргентинський нападник отримав пропуск у півзахисті на початку послідовності.
Він мчав між трьома захисниками Брайтона, перш ніж врізатися у відкрите поле.
Потім Агуеро опинився в оточенні чотирьох зелених сорочок.
Він штовхнувся навколо одного захисника, перш ніж обігнати ще кількох на краю коробки Брайтона.
Потім він штовхнув перепустку вліво, знайшовши Стерлінга.
Англійський форвард використав свій перший дотик у коробці, щоб повернути м'яч Агуеро, який використав свій правий черевик, щоб обіграти воротаря Брайтона Метью Райана пострілом у праву сторону сітки.
"Агуеро бореться з деякими проблемами в ногах", - сказав міський менеджер Пеп Гвардіола журналістам.
"Ми говорили про те, що він грає 55, 60 хвилин.
Це те, що сталося.
Нам пощастило, що він забив гол у той момент».
Але саме Стерлінг надав Sky Blues початкову перевагу в бійці Прем'єр-ліги.
Цей гол прийшов на дев'ятій хвилині.
Агуеро отримав м'яч глибоко на території Брайтона на цій п'єсі.
Він відправив красивий наскрізний м'яч уздовж лівого флангу Лерою Сейну.
Сейн зробив кілька штрихів, перш ніж вести Стерлінга до дальнього стовпа.
Прямка Sky Blues постукала м'ячем у сітку, перш ніж вислизнути за межі.
Міські битви Хоффенхайм у групі Ліги Чемпіонів грають о 12:55 вечора у вівторок у Рейн-Неккар-Арені в Сінсхаймі, Німеччина.
Шерцер хоче грати в спойлер проти Скелястих гір
Після того, як "Націоналс" вибули з плей-офф, не було багато причин, щоб змусити інший старт.
Але коли-небудь конкурентичний Шерцер сподівається взяти курган у неділю проти «Колорадо Рокіс», але тільки в тому випадку, якщо все ще є наслідки плей-офф для «Скелястих гір», які мають перевагу над «Лос-Анджелес Доджерс» у «Лос-Анджелес Доджерс».
"Скелясті гори" зайняли хоча б вайлд-кард з перемогою 5-2 над "Національними" в п'ятницю ввечері, але все ще прагнуть заблокувати свій перший титул дивізіону.
«Незважаючи на те, що ми граємо даремно, принаймні ми можемо бути налаштованими, знаючи, що атмосфера тут, у Денвері з натовпом та іншою командою, гратиме, ймовірно, найвищого рівня будь-якої точки, з якою я зіткнуся цього року.
Чому б мені не змагатися в цьому?"
Націонали ще не оголосили стартера на неділю, але, як повідомляється, схильні дозволити Шерцеру виступити в такій ситуації.
Шерцер, який почне свій тридцятий старт, кинув буллпен-сесію в четвер і буде брати участь у своєму звичайному відпочинку в неділю.
Вашингтонська правша - 18-7 з 2,53 ERA та 300 страйками в 220 2/3 інінгів у цьому сезоні.
У Західній Вірджинії мітинги Трампа
Президент похило посилався на ситуацію, пов'язану зі своїм Верховним судом Бреттом Кавано, говорячи про важливість явки республіканців на проміжних виборах.
"Все, що ми зробили, поставлено на карту в листопаді.
Через п'ять тижнів після одного з найважливіших виборів у нашому житті.
Це одне з великих, великих - я не балотуюся, але я дійсно балотуюся, тому я всюди борюся за чудових кандидатів", - сказав він.
Трамп продовжив: «Ви бачите цю жахливу, жахливу радикальну групу демократів, ви бачите, що це відбувається прямо зараз.
І вони сповнені рішучості повернути владу, використовуючи будь-які необхідні засоби, ви бачите підлість, огиду.
Їм все одно, хто їм боляче, кого вони повинні переїхати, щоб отримати владу і контроль, це те, що вони хочуть, це влада і контроль, ми не збираємося віддавати це їм».
Демократи, за його словами, мають місію «протистояти і перешкоджати».
"І ви бачите це протягом останніх чотирьох днів", - сказав він, назвавши демократів "злими, підлими, неприємними і неправдивими".
Він посилався на Рейтинг судового комітету Сенатського судового комітету Демократичної партії Даян Файнштейн на ім'я, яке отримало гучні вигуки від аудиторії.
"Пам'ятаєте її відповідь?
Ви злили документ?
Е-е-е-е-е-е-е-е-е-
Ні, ні, я чекаю одного - це була дуже погана мова тіла - найгірша мова тіла, яку я коли-небудь бачив".
Праця більше не є широкою церквою.
Нетерпимий до тих, хто висловлює свою думку
Коли активісти Momentum у моїй місцевій партії проголосували за те, щоб засудити мене, це навряд чи було несподіванкою.
Врешті-решт, я є останнім у черзі депутатів-лейбористів, яким кажуть, що ми не вітаємося - все для того, щоб висловити свою думку.
Моя колега по парламенту Джоан Райан отримувала подібне ставлення, тому що вона рішуче протистояла антисемітизму.
У моєму випадку пропозиція про цензуру критикувала мене за те, що я не згоден з Джеремі Корбіном.
Про важливість відповідальної економічної політики, щодо національної безпеки, щодо Європи, іронічно схожі питання, щодо яких Джеремі не погоджувався з попередніми лідерами.
У повідомленні про зустріч Ноттінгема в п'ятницю зазначено, що «ми хочемо, щоб зустрічі були інклюзивними та продуктивними».
Протягом більшої частини моїх восьми років на посаді місцевого депутата від Лейбористської лейбористської партії, зустрічі GC у п'ятницю ввечері були саме такими.
На жаль сьогодні, це не тон багатьох зустрічей, і обіцянка «добрішої, м'якшої» політики вже давно забута, якщо, дійсно, вона коли-небудь почалася.
Стає все більш очевидним, що різні погляди не толеруються в Лейбористській партії, і кожна думка оцінюється щодо того, чи є вона прийнятною для партійного керівництва.
Це почалося незабаром після того, як Джеремі став лідером, оскільки колеги, з якими я раніше думав, що я поділяю подібну політичну перспективу, почали очікувати, що я зроблю розворот і займу позиції, з якими я б ніколи інакше не погодився - про національну безпеку чи єдиний ринок ЄС.
Кожного разу, коли я виступаю публічно - і це насправді не має значення, що я говорю - там слідує тирада зловживань у соціальних мережах, які закликали до відбору, засуджуючи політику центру, кажучи мені, що я не повинен бути в Лейбористській партії.
І це не тільки мій досвід.
Справді, я знаю, що мені пощастило більше, ніж деяким з моїх колег, оскільки коментарі, спрямовані на мене, як правило, є політичними.
Я в захваті від професіоналізму та рішучості тих колег, які щодня стикаються з потоком сексистського чи расистського насильства, але ніколи не ухиляються.
Одним з найбільш невтішних аспектів цієї епохи політики є те, як рівень зловживань нормалізувався.
Джеремі Корбін заявив минулого тижня, що Лейбористська партія повинна розвивати культуру толерантності.
Реальність полягає в тому, що ми більше не такі широкі церкви, і з кожним клопотанням про «недовіру» або зміною правил відбору партія стає вужчою.
Протягом останніх двох років у мене було багато порад, які закликали мене опускати голову вниз, не бути такими голосними, а потім у мене все буде добре.
Але це не те, для чого я прийшов у політику.
З тих пір, як я приєднався до лейбористів 32 роки тому як шкільний учень, спровокований недбалістю уряду Тетчери, який залишив мій загальноосвітній шкільний клас буквально падає, я прагнув відстоювати кращі державні послуги для тих, хто їх найбільше потребує - будь то як місцевий радник або міністр уряду.
Я ніколи не приховував свою політику, в тому числі на останніх виборах.
Ніхто в Ноттінгем-Іст не міг будь-яким чином заплутатися в моїх політичних позиціях і сферах незгоди з нинішнім керівництвом.
Для тих, хто сприяв руху в п'ятницю, все, що я хотів би сказати, це те, що коли країна ораняється до Brexit, який зашкодить домогосподарствам, бізнесу та нашим державним послугам, я не розумію бажання витрачати час і енергію на мою лояльність до лідера Лейбористської партії.
Але насправді єдине повідомлення, яке я маю, полягає не в Ноттінгемському імпульсі, це до моїх виборців, незалежно від того, члени лейбористів чи ні: я пишаюся тим, що служу вам, і я обіцяю, що жодна кількість загроз для відбору чи політичної доцільності не утримає мене від того, що, на мою думку, є найкращими інтересами всіх вас.
Кріс Леслі є депутатом Ноттінгем-Іст
Ейр 38 - 17 Мелроуз: Непереможений Ейр йде на вершину
Дві пізні спроби, можливо, дещо перекосили кінцевий результат, але немає сумнівів, що Ейр заслужив тріумф у цьому чудово-розважальному матчі Прем'єр-ліги Теннента дня.
Тепер вони очолюють стіл, єдина непереможна сторона десятки.
Врешті-решт, це був їхній чудовий захист, як і їхній кращий шанс, який ніс домашню сторону, і тренер Пітер Мерчі мав повне право бути задоволеним.
"Ми були протестовані над нашими іграми так далеко, і ми все ще непереможні, тому я повинен бути щасливим", - сказав він.
Робін Крісті з Мелроуза сказав: «Кредит Ейру, вони скористалися своїми шансами краще, ніж ми».
Чотирнадцята спроба Ґранта Андерсона, перетворена Фрейзером Клімо, поставила Ейра попереду, але жовта картка для шотландської кепки Рорі Х'юза, випущена для гри «Воїнами», дозволила Мелроузу розповісти цифри, а Джейсон Беггот схопив неконвертовану спробу.
Клімо розтягнув Ейрську перевагу пенальті, перш ніж, прямо в перерві-таймі, він забив, а потім конвертував самостійну спробу, щоб зробити його 17-5 до Ейра на перерві.
Але Мелроуз добре почав другий тайм, і спроба Патріка Андерсона, перетворена Бегготом, скоротила свободу до п'яти очок.
Потім було тривале затримка за серйозну травму Руаріда Нотта, який був розтягнутий, і після перезапуску Ейр просунувся далі вперед через спробу Стаффорда Макдауелла, перетворену Клімо.
Ейр, виконуючий обов'язки капітана Блер Макферсон, потім отримав жовту картку, і знову Мелроуз змусив додаткову людину заплатити неконвертованим Брюсом Колвіном, в кінці заклинання жорсткого тиску.
Домашня сторона повернулася, однак, і коли Струан Хатчінсон отримав жовту карту для боротьби з Клімо без м'яча, від штрафного, МакФерсон приземлився в задній частині наступаючого Ейра Маула.
Клімо перетворився, як він знову зробив майже після перезапуску, після того, як Кайл Роу зібрав кидок Девіда Армстронга і відправив фланкер Грегора Генрі на п'яту спробу домашньої сторони.
Зірка Still Game шукає нову кар'єру в ресторанній індустрії
Зірка Still Game Ford Kieran, схоже, збирається перейти до індустрії гостинності після того, як було виявлено, що він був названий директором ліцензованої ресторанної компанії.
56-річний Джек Джарвіс на популярному шоу Бі-Бі-Сі, яке він пише, і разом із давнім комедійним партнером Грегом Хемпхіллом.
Дует оголосив, що майбутня дев'ята серія стане заключною серією в шоу, і, схоже, Кірнан планує життя після Крейгланга.
Згідно з офіційними списками записів, він є директором Adriftmorn Limited.
Актор відмовився коментувати цю історію, хоча шотландське джерело Sun натякнуло, що Кірнан хоче взяти участь у «процвітаючій ресторанній торгівлі Глазго».
"Море наше": Болівія сподівається, що суд знову відкриє шлях до Тихого океану
Моряки патрулюють військово-морську штаб-квартиру в Ла-Пасі.
Публічні будівлі летять океансько-блакитним прапором.
Морські бази від озера Тітікака до Амазонії намальовані девізом: «Море наше по праву.
Відшкодувати його – обов'язок».
Протягом усієї Болівії, що не має виходу до моря, пам'ять про берегову лінію, втрачену Чилі в кривавому ресурсному конфлікті XIX століття, все ще є яскравою - як і прагнення знову відплисти до Тихого океану.
Ці надії, можливо, найвищі за останні десятиліття, оскільки Болівія очікує рішення Міжнародного суду справедливості 1 жовтня після п'яти років обговорень.
"Болівія має імпульс, дух єдності та спокою, і, звичайно, очікує з позитивним поглядом на результат", - сказав Роберто Кальзаділла, болівійський дипломат.
Багато болівійців будуть спостерігати за рішенням Міжнародного суду ООН на великих екранах по всій країні, сподіваючись, що трибунал у Гаазі виявить на користь заяви Болівії про те, що - після десятиліть напружених переговорів - Чилі зобов'язана вести переговори про надання Болівії суверенного виходу до моря.
Ево Моралес, харизматичний корінний президент Болівії, який стикається з суперечливою боротьбою за переобрання в наступному році, також має багато схилів до рішення в понеділок.
"Ми дуже близькі до повернення в Тихий океан", - пообіцяв він наприкінці серпня.
Але деякі аналітики вважають, що суд навряд чи прийме рішення на користь Болівії - і це мало що зміниться, якщо це станеться.
Нідерландський орган ООН не має повноважень присуджувати чилійську територію і передбачав, що не визначатиме результатів можливих переговорів.
Те, що рішення МСС було прийнято лише через шість місяців після того, як були заслухані остаточні аргументи, вказує на те, що справа «не була складною», сказав Паз Зарате, чилійський експерт з міжнародного права.
І далеко не сприяючи справі Болівії, останні чотири роки, можливо, повернули її назад.
"Питання виходу до моря було викрадено нинішньою болівійською адміністрацією", - сказав Зарате.
Войовнича риторика Моралеса підірвала будь-яку залишкову чилійську доброзичливість, припустила вона.
Болівія та Чилі в якийсь момент продовжать переговори, але після цього буде надзвичайно важко вести дискусії.
Обидві країни не обмінювалися послами з 1962 року.
Колишній президент Едуардо Родрігес Вельце, представник Болівії в Гаазі, відкинув ідею про те, що рішення суду було надзвичайно швидким.
Понеділок принесе Болівії "надзвичайну можливість відкрити нову еру відносин з Чилі" і шанс "покінчити з 139-річними розбіжностями з взаємною вигодою", сказав він.
Кальцаділла також заперечив, що Моралес - як і раніше один з найпопулярніших президентів Латинської Америки - використовував морське питання як політичну милицю.
"Болівія ніколи не відмовиться від свого права мати доступ до Тихого океану", - додав він.
"Постанова - це можливість побачити, що нам потрібно подолати минуле".
Північна Корея заявляє, що ядерне роззброєння не настане, якщо вона не зможе довіряти США
Міністр закордонних справ Північної Кореї Лі Йонг Хо заявив, що його країна ніколи не роззброїть свою ядерну зброю в першу чергу, якщо вона не зможе довіряти Вашингтону.
Рі виступав у суботу на Генеральній Асамблеї Організації Об'єднаних Націй.
Він закликав Сполучені Штати виконати обіцянки, дані під час саміту в Сінгапурі між лідерами суперників.
Державний секретар США Майк Помпео, схоже, знаходиться на порозі перезапуску ядерної дипломатії більш ніж через три місяці після того, як Сінгапур разом з Кім Чен Ином з Північної Кореї.
Рі каже, що це «трубна мрія» про те, що триваючі санкції та заперечення США проти декларації про припинення Корейської війни коли-небудь поставлять Північ на коліна.
Вашингтон побоюється погодитися на декларацію без того, щоб Пхеньян спочатку зробив значні кроки щодо роззброєння.
І Кім, і президент США Дональд Трамп хочуть проведення другого саміту.
Але широко поширений скептицизм, що Пхеньян серйозно ставиться до відмови від арсеналу, який країна, ймовірно, розглядає як єдиний спосіб гарантувати свою безпеку.
Помпео планує відвідати Пхеньян наступного місяця, щоб підготуватися до другого саміту Кіма-Трампа.
Паризькі модні покази розкривають останню лінійку масивних головних уборів на шляху до Хай-стріт поруч з вами
Якщо ви хочетете підняти свою колекцію капелюхів або повністю заблокувати сонце, то не дивіться далі.
Дизайнери Валентино та Том Браун представили безліч безглуздих великогабаритних головних уборів для своєї колекції SS19 на злітно-посадковій смузі, яка засліпила стиль, встановлений на Тижні моди в Парижі.
Цього літа дуже непрактичні капелюхи охопили Instagram, і ці дизайнери надіслали свої приголомшливі творіння по подіуму.
Виділений шматочок Валентино був надмірним бежевим капелюхом, прикрашеним пероподібними широкими краями, які затоплювали голови моделей.
Інші аксесуари великого розміру включали кавуни з коштовностями, капелюх-чарівник і навіть ананас - але вони не призначені для того, щоб ваша голова була теплою.
Том Браун також розкрив добірку химерних масок - і якраз до Хеллоуїна.
Багато кольорових масок зашили губи і більше нагадували Ганнібала Лектера, ніж високої моди.
Одне творіння нагадувало спорядження для підводного плавання в комплекті з трубкою та окулярами, а інше виглядало як розтоплений конус морозива.
І якщо ви продовжуєте величезну заяву про моду - вам пощастить.
Спостерігачі за стилем прогнозують, що величезні капелюшки можуть пробиратися до високих вулиць поруч з вами.
Капелюхи негабаритних виходять гарячими на п'ятах «La Bomba», солом'яного капелюха з двофутовими широкими краями, які були помічені на всіх, від Ріанни до Емілі Ратайковскі.
Культовий лейбл, що стоїть за дуже непрактичним капелюхом, який був розкиданий у соціальних мережах, надіслав ще одне велике творіння на подіум - солом'яна пляжна сумка майже така ж велика, як модель купальника.
Спалена помаранчева сумка-раффія, оброблена бахромою рафії та увінчана білою шкіряною ручкою, була виділеною частиною в колекції La Riviera SS19 Жакемуса на Паризькому тижні моди.
Знаменитий стиліст Люк Армітедж сказав FEMAIL: «Я очікую, що великі капелюхи та пляжні сумки прибудуть на головну вулицю наступного літа - оскільки дизайнер зробив такий величезний вплив, було б важко ігнорувати попит на аксесуари оверсайз».
Джон Едвард: Мовні навички, необхідні для громадян світу
Незалежні шотландські школи підтримують послужний список академічної досконалості, і це продовжилося в 2018 році ще одним набором видатних результатів іспитів, який лише посилюється індивідуальним та колективним успіхом у спорті, мистецтві, музиці та інших зусиллях громади.
Маючи понад 30,000 учнів по всій Шотландії, ці школи, представлені Шотландською радою незалежних шкіл (SCIS), прагнуть забезпечити найкращий рівень обслуговування своїх учнів та батьків.
Незалежні школи мають на меті підготувати своїх учнів до подальшої та вищої освіти, обраної кар'єри та свого місця як глобальних громадян.
Як освітній сектор, який може розробити та впровадити спеціальну шкільну програму, ми спостерігаємо, що сучасні мови продовжують залишатися популярним і бажаним предметом вибору в школах.
Нельсон Мандела сказав: «Якщо ви розмовляєте з людиною мовою, яку він розуміє, це йде йому в голову.
Якщо ви розмовляєте з ним його рідною мовою, яка йде до його серця».
Це потужне нагадування про те, що ми не можемо просто покладатися на англійську мову, коли хочемо будувати відносини та довіряти людям з інших країн.
З недавніх результатів іспитів цього року ми бачимо, що мови очолюють таблиці ліги з найвищими пропусками в незалежних школах.
Загалом 68% учнів, які вивчали іноземні мови, досягли вищого класу А.
Дані, зібрані з 74 шкіл-членів SCIS, показали, що 72 відсотки учнів досягли вищого класу А в мандарині, в той час як 72 відсотки тих, хто вивчає німецьку мову, 69 відсотків тих, хто вивчає французьку, і 63 відсотки, які вивчають іспанську мову, також досягли А.
Це показує, що незалежні школи в Шотландії підтримують іноземні мови як життєво важливі навички, яких, безсумнівно, вимагатимуть діти та молодь у майбутньому.
Мови зараз, як предметний вибір, утримуються в тому ж відношенні, що і STEM суб'єкти (наука, технології, інженерія та математика) в незалежних шкільних програмах та в інших місцях.
Опитування, проведене Комісією з працевлаштування та навичок Великобританії в 2014 році, показало, що з причин, які роботодавці дали боротися за заповнення вакансій, 17 відсотків були пов'язані з дефіцитом мовних навичок.
Тому все більше і більше, мовні навички стають обов'язковими для того, щоб підготувати молодих людей до їх майбутньої кар'єри.
Завдяки більш передбачуваним можливостям для працевлаштування, які потребують мови, ці навички мають важливе значення в глобалізованому світі.
Незалежно від кар'єри, яку хтось вибирає, якщо вони вивчили другу мову, вони матимуть реальну перевагу в майбутньому, маючи такі навички протягом усього життя.
Здатність спілкуватися безпосередньо з людьми із зарубіжних країн автоматично поставить багатомовну людину попереду конкурентів.
Згідно з опитуванням YouGov, проведеним більш ніж 4000 британських дорослих у 2013 році, 75 відсотків не змогли говорити іноземною мовою досить добре, щоб провести розмову, а француженка була єдиною мовою, якою розмовляє двозначний відсоток, 15 відсотків.
Ось чому вкладення інвестицій у викладання мови зараз є важливим для сьогоднішніх дітей.
Наявність декількох мов, особливо в економіках, що розвиваються, надасть дітям більше шансів знайти значущу зайнятість.
У Шотландії кожна школа буде відрізнятися мовами, які вони викладають.
Ряд шкіл зосереджуватимуться на більш класичних сучасних мовах, тоді як інші викладатимуть мови, які вважаються найважливішими для Великої Британії, дивлячись вперед на 2020 рік, такі як мандарин або японська.
Незалежно від інтересу вашої дитини, завжди знайдеться кілька мов на вибір у незалежних школах з викладацьким персоналом, який є спеціалістами в цій галузі.
Шотландські незалежні школи прагнуть забезпечити навчальне середовище, яке підготує дітей і озброїть їм навички, необхідні для досягнення успіху, незалежно від майбутнього.
У цей час у глобальному діловому середовищі не можна заперечувати, що мови продовжують бути життєво важливими для майбутнього країни, тому це має бути відображено в освіті.
Справді, сучасні мови дійсно слід вважати «міжнародними комунікативними навичками».
Незалежні школи продовжуватимуть пропонувати цей вибір, різноманітність та досконалість для молоді Шотландії.
Il faut bien le faire.
Джон Едвард є директором Шотландської ради незалежних шкіл
LeBron дебютує в "Лейкерс в неділю" в Сан-Дієго
Очікування майже закінчилося для вболівальників, які хочуть побачити, як Леброн Джеймс робить свій перший старт для "Лос-Анджелес Лейкерс".
Тренер «Лейкерс» Люк Уолтон оголосив, що Джеймс зіграє в недільному передсезонному матчі проти «Денвер Наггетс» у Сан-Дієго.
Але скільки хвилин він зіграє, ще не визначено.
"Це буде більше, ніж один і менше 48", - сказав Уолтон на офіційному веб-сайті Лейкерс.
Репортер "Лейкерс" Майк Трюделл написав у Твіттері, що Джеймс, ймовірно, зіграє обмежені хвилини.
Після практики на початку цього тижня Джеймса запитали про його плани щодо передсезонного розкладу шести ігор «Лейкерс».
"Мені не потрібні передсезонні ігри на цьому етапі моєї кар'єри, щоб підготуватися", - сказав він.
Час Об'єднання Трампа В Західній Вірджинії, Канал YouTube
Президент Дональд Трамп починає шквал передвиборних мітингів сьогодні ввечері у Вілінгу, Західна Вірджинія.
Це перший з п'яти запланованих мітингів Трампа протягом наступного тижня, включаючи зупинки в дружніх місцях, включаючи Теннессі та Міссісіпі.
Після того, як він підтримав голосування, щоб заповнити вакансію у Верховному суді, Трамп має на меті створити підтримку майбутніх проміжних виборів, оскільки республіканці ризикують втратити контроль над Конгресом, коли голоси будуть подані в листопаді.
О котрій годині мітинг Трампа в Західній Вірджинії сьогодні ввечері і як ви дивитеся онлайн?
Мітинг Трампа на Вілінг, Західна Вірджинія, запланований на 7 години вечора сьогодні ввечері, в суботу, 29 вересня 2018 року.
Ви можете дивитися мітинг Трампа в Західній Вірджинії онлайн нижче через пряму трансляцію на YouTube.
Трамп, ймовірно, виступить на слуханнях цього тижня для кандидата у Верховний суд Бретта Кавано, який став напруженим через звинувачення в сексуальних домаганнях з очікуваним голосуванням у Сенаті на утриманні до тижня, поки ФБР розслідує.
Але основною метою цього шквалу мітингів є допомога республіканцям, які стикаються з листопадовими виборами, набрати певного імпульсу.
Таким чином, кампанія президента Трампа заявила, що ці п'ять мітингів протягом наступного тижня спрямовані на те, щоб "активізувати добровольців і прихильників, оскільки республіканці намагаються захистити та розширити більшість, яку вони проводять у Сенаті та Палаті представників", повідомляє Reuters.
"Контроль Конгресу настільки критичний для його порядку денного, що президент відправиться до якомога більшої кількості штатів, наскільки ми вирушимо в напружений передвиборний сезон", - сказав представник кампанії Трампа, який відмовився бути названим Reuters.
Запланований на Wesbanco Arena в Вілінгу, сьогоднішній мітинг може залучити прихильників з "Огайо та Пенсильванії та залучити висвітлення зі ЗМІ Піттсбурга", повідомляє West Virginia Metro News.
Субота стане вдруге за минулий місяць, коли Трамп відвідав Західну Вірджинію, штат, який він виграв більш ніж на 40 процентних пунктів у 2016 році.
Трамп намагається допомогти республіканському кандидату в Сенат Західної Вірджинії Патріку Моррісі, який відстає в опитуваннях.
"Це погана ознака для Моррісі, що президент повинен прийти, щоб спробувати дати йому поштовх в опитуваннях", - сказав Саймон Хедер, політолог з Університету Західної Вірджинії, повідомляє Reuters.
Кубок Райдера 2018: команда збірної США продемонструвала шлунок для боротьби, щоб зберегти надії в недільних синглах
Після трьох односторонніх сесій суботня четвірка, можливо, була саме тим, що потребувало цього Кубка Райдера.
Розгойдуючий маятник імпульсу - це повністю винайдена спортивна концепція, але та, в яку гравці по-справжньому вірять, і ніколи більше, ніж на таких змаганнях.
Отже, де вони скажуть імпульс зараз?
"У них було шестиочкове лідерство, і тепер це чотири, тому ми несемо це як трохи імпульсу, я думаю", - сказав Джордан Шпіт, прогулюючись протягом дня.
Європа має перевагу, звичайно, на чотири очки попереду, ще дванадцять у грі.
Американці, як каже Шпіт, відчувають, що вони мають невеликий вітер у своїх вітрилах, хоча і їм є що заохочувати, не в останню чергу форма Шпіта та Джастіна Томаса, які грали разом цілий день, і кожен може похвалитися трьома очками з чотирьох.
Шпіт був смертельним від трійника до зеленого і лідирує прикладом.
Ці гортанні крики святкування стали голоснішими, коли його раунд продовжувався, потопивши вирішальний штовхання, щоб прийняти матч чотири всіх квадратів, коли вони з Томасом були двома вниз після двох.
Його штовхання, яке виграло їм матч на 15, було зустрінуте подібним криком, який говорить вам, що він вважає, що американська команда не вийшла з цього.
"Ви дійсно просто повинні копати глибоко і турбуватися про свій власний матч", - сказав Шпіт.
Її зараз виїжджає кожен з цих гравців.
18 лунок, щоб зробити позначку.
Єдиними гравцями з більшою кількістю очок, ніж Шпіт і Томас за останні два дні, є Франческо Молінарі та Томмі Флітвуд, незаперечна історія Кубка Райдера.
Дивна, але чарівна пара в Європі чотири з чотирьох і не може зробити нічого поганого.
"Молівуд" була єдиною парою, яка не стріляла бугі в суботу вдень, але вони також уникали хлопців у суботу вранці, в п'ятницю вдень і назад дев'ятку в п'ятницю вранці.
Цей забіг і те, як їхня енергія, здається, течуть як до, так і з цього бурхливого натовпу цементи, які вони є гравцями, щоб перемогти в неділю, і не було б більш популярного гравця, щоб запечатати потенційну європейську перемогу, оскільки сонце сідає над Le Golf National, ніж Флітвуд або Молінарі.
Бажано обидва одночасно на різних отворах.
Розмови про європейську славу залишаються передчасними.
Бабба Уотсон і Вебб Сімпсон зробили коротку роботу Серхіо Гарсія, ранкового героя чотирьох м'ячів, коли він був у парі з Алексом Нореном.
Стрибки і два дублі на передній дев'ятці викопали іспанця і шведа в яму, з якої вони ніколи не наближалися до виходу.
Однак у неділю немає нікого, хто б допоміг вам вийти зі своєї ями.
Четверо м'ячі та четвірки настільки захоплюючі, щоб спостерігати зблизька через взаємодію між парами, поради, які вони дають, поради, яких вони цього не роблять, і те, як стратегія може змінитися в одну мить.
Європа зіграла краще як команда до цих пір і займає значне лідерство в останній день, але ця сесія четвірки також показала, що команда США має шлунок для бою, що деякі, особливо Штат, сумнівалися.
Європа лідирувала з рахунком 10-6 у фінальному дні Кубка Райдера
Європа скористається здоровою перевагою в останній день Кубка Райдера після того, як вийде з суботніх матчів з чотирма м'ячами та четвірками з перевагою 10-6 над Сполученими Штатами.
Натхненний дует Томмі Флітвуд і Франческо Молінарі очолили дві перемоги над Тайгером Вудсом, щоб взяти свій підрахунок у Le Golf National до чотирьох очок.
Європейська сторона Томаса Бйорна, намагаючись зберегти трофей, який вони програли в Hazeltine два роки тому, домінувала над неправильною американською стороною вранці чотири м'ячі, взявши серію 3-1.
США пропонували більший опір у четвірках, вигравши два матчі, але вони не змогли з'їсти дефіцит.
Команда Джима Фурика потребує вісім очок з недільних 12 одиночних матчів, щоб зберегти трофей.
«Флітвуд» - перший європейський новачок, який виграв чотири очки поспіль, в той час як він і Молінарі, які отримали назву «Моллівуд» після сенсаційного вікенду, є лише другою парою, яка виграла чотири очки зі своїх перших чотирьох матчів в історії Кубка Райдера.
Розчавивши Вудса та Патріка Ріда в чотирьох м'ячах, вони потім чудово зіграли, щоб перемогти спущеного Вудса та американського новачка Брайсона Дешамбо ще більш рішучим 5&4.
Вудс, який протягнув два матчі в суботу, продемонстрував випадкові сплески блиску, але тепер він програв 19 зі своїх 29 матчів у чотирьох м'ячах і четвірках і семи поспіль.
Джастін Роуз, відпочивши від ранкових чотирьох м'ячів, повернувся до партнера Хенріка Стенсона в четвірцях до поразки Дастіна Джонсона та Брукса Кепки, який посів один і третє місце у світі.
Європа не мала по-своєму, незважаючи на приємний, свіжий день на південний захід від Парижа.
Триразовий головний переможець Джордан Шпіт і Джастін Томас встановили еталон для американців з двома очками в суботу.
Вони заробили жорстку 2&1 перемогу над іспанцем Джоном Рамом та Ієном Поултером у чотирьох м'ячах, а потім повернулися, щоб обіграти Поултера та Рорі Макілроя 4&3 у четвірці, програвши перші дві лунки.
Лише двічі в історії Кубка Райдера команда поверталася після дефіциту на чотири очки в одиночному розряді, хоча, як тримачі Фурика, потрібна лише нічия, щоб зберегти трофей.
Однак після того, як він був другим найкращим протягом двох днів, недільна контратака виглядає так, ніби це буде поза ними.
Північна Корея заявила, що «жодного шляху» не роззброїться в односторонньому порядку без довіри
Міністр закордонних справ Північної Кореї заявив Організації Об'єднаних Націй у суботу, що продовження санкцій поглиблює її недовіру до Сполучених Штатів, і за таких обставин країна жодним чином не відмовиться від своєї ядерної зброї в односторонньому порядку.
Рі Йонг Хо сказав щорічній Генеральній асамблеї Всесвітньої організації, що Північна Корея минулого року вжила «значних заходів доброї волі», таких як припинення ядерних і ракетних випробувань, демонтаж ядерного випробувального майданчика і зобов'язання не поширювати ядерну зброю і ядерні технології.
"Однак ми не бачимо жодної відповідної відповіді з боку США", - сказав він.
"Без будь-якої довіри до США не буде впевненості в нашій національній безпеці, і за таких обставин ми в односторонньому порядку обеззброїмося".
У той час як Рі повторив знайомі північнокорейські скарги на опозицію Вашингтона до «поетапного» підходу до денуклеаризації, згідно з яким Північна Корея буде винагороджена, оскільки вона зробила поступові кроки, його заява виявилася значущою в тому, що вона не відкидає односторонню денуклеаризацію, як Пхеньян робив у минулому.
Рі послався на спільну заяву Кім Чен Ина та Дональда Трампа на першому саміті між чинним президентом США та північнокорейським лідером у Сінгапурі 12 червня, коли Кім Чен Ин зобов'язався працювати над «денуклеаризацією Корейського півострова», тоді як Трамп обіцяв гарантії безпеки Північної Кореї.
Північна Корея домагається офіційного припинення Корейської війни 1950-53, але Сполучені Штати заявили, що Пхеньян повинен спочатку відмовитися від ядерної зброї.
Вашингтон також чинив опір закликам послабити жорсткі міжнародні санкції проти Північної Кореї.
"США наполягають на "денуклеаризації в першу чергу" і підвищують рівень тиску санкцій для досягнення своєї мети примусовим чином і навіть заперечують проти "декларації кінця війни", - сказав Рі.
«Сприйняття того, що санкції можуть поставити нас на коліна, є нездійсненною мрією людей, які необізнані щодо нас.
Але проблема полягає в тому, що триваючі санкції поглиблюють нашу недовіру».
Рі не згадував про плани другого саміту між Кімом і Трампом, який американський лідер підкреслив в Організації Об'єднаних Націй на початку цього тижня.
За останні п'ять місяців міністр виділив три зустрічі між Кім Чен Ином і південнокорейським лідером Мун Чже Іном і додав: «Якби партією з цього питання денуклеаризації була Південна Корея, а не США, денуклеаризація Корейського півострова не потрапила б у такий глухий кут».
Незважаючи на це, тон промови Рі різко відрізнявся від минулого року, коли він сказав Генеральній Асамблеї ООН, що націлювання на материкову частину США ракетами Північної Кореї було неминучим після того, як "Пан злий президент" Трамп назвав Кіма "ракетною людиною" під час самогубної місії.
Цього року в Організації Об'єднаних Націй Трамп, який минулого року погрожував "повністю знищити" Північну Корею, похвалив Кім Чен Ина за його мужність у вжитті заходів для роззброєння, але сказав, що ще належить зробити багато роботи, і санкції повинні залишатися в силі, поки Північна Корея не денуклеаризується.
У середу Трамп заявив, що у нього немає часових рамок для цього, сказавши: «Якщо це займе два роки, три або п'ять місяців - не має значення».
Китай і Росія стверджують, що Рада Безпеки ООН повинна винагородити Пхеньян за вжиті кроки.
Тим не менш, держсекретар США Майк Помпео заявив Раді Безпеки ООН у четвер, що: «Санкції Ради Безпеки повинні продовжуватися енергійно і в обов'язковому порядку, поки ми не зможемо повністю, остаточної, перевіреної денуклеаризації».
Рада Безпеки одноголосно посилила санкції проти Північної Кореї з 2006 року в спробі придушити фінансування ядерних і балістичних ракет Пхеньяна.
Помпео зустрівся з Рі в кулуарах Генеральної Асамблеї ООН і після цього заявив, що знову відвідає Пхеньян наступного місяця, щоб підготуватися до другого саміту.
Помпео вже тричі відвідував Північну Корею, але його остання поїздка не пройшла добре.
Він покинув Пхеньян у липні, заявивши, що був досягнутий прогрес, але Північна Корея протягом декількох годин засудила його за те, що він висунув «бандитні вимоги».
Північна Корея зобов'язалася на зустрічі з Муном в цьому місяці, щоб демонтувати ракетний об'єкт, а також ядерний комплекс, якщо Сполучені Штати вживуть "відповідних заходів".
За його словами, Кім Чен Ин сказав йому, що "відповідні заходи", які він домагається, - це гарантії безпеки, які Трамп пообіцяв у Сінгапурі, і рухається до нормалізації відносин з Вашингтоном.
Студенти Гарварду проходять курс достатнього відпочинку
Новий курс в Гарвардському університеті в цьому році змусив усіх його студентів більше спати, намагаючись боротися зі зростаючою мачо-культурою навчання за допомогою «всіх ночей».
Академік виявив, що студенти в університеті номер один у світі часто незнацькі, коли справа доходить до самих основ про те, як доглядати за собою.
Чарльз Чейслер, професор медицини сну в Гарвардській медичній школі і фахівець в Бригамській та жіночій лікарні, розробив курс, який, на його думку, є першим у своєму роді в США.
Його надихнуло розпочати курс після того, як він виступив з доповіддю про те, як позбавлення сну вплинуло на навчання.
"Врешті-решт одна дівчина підійшла до мене і сказала: "Чому мені кажуть це тільки зараз, на старшому курсі?"
Вона сказала, що ніхто ніколи не розповідав їй про важливість сну - що мене здивувало", - сказав він The Telegraph.
Курс, вперше впроваджений цього року, пояснює студентам основи того, як хороші звички сну допомагають академічній та спортивній діяльності, а також покращують їх загальне самопочуття.
Пол Баррейра, професор психіатрії в Гарвардській медичній школі та виконавчий директор служби охорони здоров'я університету, сказав, що університет вирішив впровадити курс після того, як студенти були серйозно позбавлені сну протягом тижня.
Годинний курс включає в себе ряд інтерактивних завдань.
В одному розділі є зображення кімнати в гуртожитку, де студенти натискають на кавові чашки, штори, тренажери та книги, щоб розповісти про вплив кофеїну та світла та про те, як на спортивну продуктивність впливає дефіцит сну, а також про важливість рутини перед сном.
В іншому розділі учасники розповідають, як довгострокове недосипання може збільшити ризик серцевих нападів, інсульту, депресії та раку.
Карта кампусу з інтерактивними іконами, а потім заохочує учасників думати про свою повсякденну рутину.
"Ми знаємо, що це не змінить поведінку студентів миттєво.
Але ми вважаємо, що вони мають право знати - так само, як ви маєте право знати наслідки для здоров'я вибору куріння сигарет", - додав професор Чейслер.
Культура гордості за те, щоб «витягнути всю ніч» все ще існує, сказав він, додавши, що сучасні технології та постійно зростаючий тиск на студентів означали, що позбавлення сну є зростаючою проблемою.
Гарантія того, що у вас достатнього сну, хорошої якості, повинна бути «секретною зброєю» студента для боротьби зі стресом, виснаженням і тривогою, сказав він - навіть для того, щоб не навантажувати вагу, оскільки позбавлення сну переводить мозок у режим голодування, змушуючи їх постійно голодувати.
Раймонд Со, 19-річний каліфорнієць, який вивчає хімічну та фізичну біологію, допомагав професору Чейслеру спроектувати курс, взявши одне зі своїх занять минулого року під час свого першого року в Гарварді.
Він сказав, що курс відкрив йому очі і надихнув його наполягати на загальнокампусному курсі.
Наступний крок, він сподівається, він попросить усіх аспірантів завершити подібну навчальну програму, перш ніж приєднатися до конкурсної установи.
Професор Чейслер рекомендував студентам розглянути можливість встановлення будильника щодо того, коли лягти спати, а також про те, коли прокидатися, і знати про шкідливий вплив «блакитного світла», що випромінюється електронними екранами та світлодіодним освітленням, що може викинути ваш циркадний ритм з кілтера, що призводить до проблем із засинанням.
Лівінгстон 1 - 0 Рейнджери: Гол Менги збиває людей Джеррарда
Рейнджери перенесли ще один блюз на виїзний день, оскільки страйк Доллі Менги призначив роз'єднану сторону Стівена Джеррарда до поразки з рахунком 1-0 у Лівінгстоні.
"Айброкс" прагнули зафіксувати свою першу перемогу на трасі після тріумфу 4-1 лютого в Сент-Джонстоні, але команда Гері Холта завдала лише другу поразку Джеррарда в 18 іграх як менеджер, щоб залишити свою сторону на вісім очок за межами втечі лідерів Прем'єр-ліги Ледброкса.
Менга вдарив за сім хвилин до перерви, і склад «Рейнджерс» не мав натхнення ніколи не виглядало як вирівнювання.
У той час як «Рейнджерс» тепер опускаються на шосте місце, «Лівінгстон» піднімається на третє і лише позаду «Гіберніана» за різницею м'ячів.
І можуть виникнути додаткові неприємності для рейнджерів після того, як лайнсмена Калума Спенса довелося лікуватися від поранення голови після того, як об'єкт, очевидно, був викинутий з виїзного кінця.
Джеррард зробив вісім змін на стороні, яка прокотилася повз Ейра в півфіналі Кубка Бетфреда.
Голт, з іншого боку, пішов з тим же Livi 11, який минулого тижня зняв очко від Hearts, і він був би в захваті від того, як його добре пробурений наряд задушив своїх опонентів на кожному кроці.
Рейнджери, можливо, домінували у володінні, але Лівінгстон зробив більше з м'ячем, який вони мали.
Їм слід було забити лише дві хвилини, коли звільнення Менги в перший раз відправило Скотта Піттмана до воріт Аллана Макгрегора, але півзахисник широко перетягнув свій великий шанс.
Глибокий штрафний Кіган Джейкобс потім знайшов шкіпера Крейга Халкетта, але його захисний партнер Алан Літгоу міг вдарити ножем лише на задній стійці.
Рейнджери захопили контроль, але, здавалося, було більше надії, ніж віри у свою гру у фінальній третині.
Альфредо Морелос, безумовно, відчував, що у нього повинен був бути пенальті на чвертьгодинної позначки, коли він і Стівен Лоулесс зіткнулися, але арбітр Стівен Томсон відмахнувся від апеляції колумбійця.
"Рейнджерс" зробили лише два кидки в першому таймі, але колишній воротар "Айброкса" Ліам Келлі ледве був стурбований головою Лассани Кулібалі та приборканим ударом Ов'ї Еджарії.
Незважаючи на те, що відкриття Ліві, можливо, була проти запуску гри, ніхто не може заперечувати, що вони заслужили це лише за свій трансплантат.
Рейнджери знову не змогли впоратися з глибоким набором Джейкобса.
Скотт Арфілд не відреагував, оскільки Деклан Галлахер пропустив м'яч Скотту Робінсону, який тримав прохолоду, щоб вибрати Менга для простого фінішу.
Джеррард діяв на перерві, коли він обміняв Кулібалі на Райана Кента, і перемикання майже забезпечило негайний вплив, оскільки вінгер прорвався в Морелосі, але вражаюча Келлі мчала зі своєї лінії, щоб заблокувати.
Але Лівінгстон продовжував всмоктувати відвідувачів, граючи саме той тип гри, який вони насолоджуються, а Літгоу та Халкетт підмітали довгий м'яч після довгого м'яча.
Сторона Голта могла розтягнути своє лідерство на фінальних етапах, але Макгрегор добре встав, щоб заперечити Джейкобза, перш ніж Літгоу попрямував широко з кута.
Рейнджери-замінники Гленн Міддлтон мав ще одну пізню претензію на пенальті, коли він заплутався з Джейкобсом, але знову Томсон відвів погляд.
Альманах: винахідник лічильника Гейгера
А тепер сторінка з нашого Альманаху «Sunday Morning»: 30 вересня 1882 року, 136 років тому сьогодні, і ПІДРАХОВУЮТЬ ... день народження майбутнього фізика Йоганнеса Вільгельма «Ганса» Гейгера в Німеччині.
Гейгер розробив метод виявлення та вимірювання радіоактивності, винахід, який в кінцевому підсумку призвів до пристрою, відомого як лічильник Гейгера.
Будучи основою науки з тих пір «Лічильник Гейгера», також стала опорою поп-культури, як і у фільмі 1950 року «Дзвони Коронадо», в якому знялися ці, здавалося б, малоймовірні вчені-ковротики Рой Роджерс і Дейл Еванс:
Людина: «Що це в світі?»
Роджерс: "Це лічильник Гейгера, який використовується для виявлення радіоактивних мінералів, таких як уран.
Коли ви одягаєте ці навушники, ви насправді можете почути ефекти атомів, що видаються радіоактивністю в мінералах».
Еванс: "Скажімо, це точно з'являється зараз!"
"Ганс" Гейгер помер у 1945 році, всього за кілька днів до свого 63-го дня народження.
Але винахід, який носить його ім'я, живе.
Нова вакцина проти раку може навчити імунну систему «бачити» клітини-ізгої
Нова вакцина проти раку може навчити імунну систему «бачити» клітини-ізгої та вбивати їх
Вакцина навчає імунну систему розпізнавати клітини-ізгої як частину лікування
Метод передбачає вилучення імунних клітин у пацієнта, змінюючи їх у лабораторії
Потім вони можуть «побачити» білок, загальний для багатьох видів раку, а потім повторно введений
Випробувальна вакцина показує багатообіцяючі результати у пацієнтів з низкою видів раку.
Одна жінка, яка лікувалася вакциною, яка вчить імунну систему розпізнавати клітини-ізгої, бачила, що її рак яєчників зникає вже понад 18 місяців.
Метод включає вилучення імунних клітин у пацієнта, зміну їх у лабораторії, щоб вони могли «побачити» білок, загальний для багатьох видів раку під назвою HER2, а потім повторне ін'єкціонування клітин.
Професор Джей Берцофскі з Національного інституту раку США в Бетесді, штат Меріленд, сказав: «Наші результати свідчать про те, що у нас є дуже перспективна вакцина».
HER2 «керує зростанням декількох видів раку», включаючи рак молочної залози, яєчників, легенів та колоректального раку, пояснив професор Берцофскі.
Подібний підхід до виведення імунних клітин у пацієнтів і «навчання», як націлювати ракові клітини, спрацював при лікуванні типу лейкемії.
Каньє Уест приступив до протрампівського діатрибу, одягнувши капелюх MAGA, після його появи SNL.
Все Пройшло Погано
Каньє Веста освистали в студії під час суботнього вечора в прямому ефірі після бурхливого виступу, в якому він похвалив президента США Дональда Трампа і заявив, що буде балотуватися на посаду в 2020 році.
Після виконання своєї третьої пісні ночі під назвою Ghost Town, в якій він носив кепку Make America Great, він виступив проти демократів і підтвердив свою підтримку Трампу.
"Багато разів я розмовляю з білою людиною, і вони кажуть: "Як вам може сподобатися Трамп, він расист?"
Ну, якби я був стурбований расизмом, я б давно виїхав з Америки", - сказав він.
SNL розпочала шоу зі сценки з Меттом Деймоном у головній ролі, в якому голлівудська зірка висміювала свідчення Бретта Кавано перед судовим комітетом Сенату щодо звинувачень у сексуальному насильстві Крістін Блейзі Форд.
Незважаючи на те, що він не транслювався, кадри голосу Веста були завантажені в соціальні мережі коміком Крісом Роком.
Незрозуміло, чи намагався Рок знущатися над Уестом за допомогою публікації.
Крім того, Вест поскаржився глядачам, що йому було важко за лаштунками його носіння голови.
"Вони знущалися над мною за лаштунками.
Вони сказали: "Не виходьте туди з увімкненим капелюхом".
Вони знущалися з мене!
І тоді вони кажуть, що я перебуваю в затонулому місці", - сказав він, повідомляє Washington Examiner.
Вест продовжував: "Ви хочете побачити затонуле місця?", сказавши, що він "покладе мою супермену, тому що це означає, що ви не можете сказати мені, що робити. Ви хочете, щоб світ рухався вперед?
Намагайтеся любити».
Його коментарі привернули бус, принаймні, двічі від глядачів, і актори SNL, схоже, були збентежені, повідомляє Variety, при цьому одна людина там сказала виданню: «Вся студія замовкла».
Вест був привезений як пізня заміна співачки Аріани Гранде, чий колишній бойфренд, репер Мак Міллер помер кілька днів тому.
Захід спантеличив багатьох виконанням пісні «I Love it», одягненої як пляшка Пер'єра.
Вест отримав підтримку від голови консервативної групи TPUSA Кендіс Тернер, яка написала в Twitter: «Одному з найсміливіших духів: ДЯКУЄМО, ЩО ПРОТИСТОЇТЬ НАТОВПУ».
Але ведуча ток-шоу Карен Хантер написала в Твіттері, що Вест просто «був тим, ким він є, і це абсолютно чудово».
"Але я вирішив НЕ винагороджувати когось (купуючи його музику чи одяг або підтримуючи його "мистецтво"), який, на мою думку, приймає та вивергає ідеологію, яка шкідлива для моєї громади.
Він вільний.
Як і ми», – додала вона.
Перед шоу репер оголосив у Twitter, що він змінив своє ім'я, заявивши, що тепер він «офіційно відомий як Каньє Вест».
Він не є першим художником, який змінив своє ім'я, і йде слідами Дідді, також відомого як Puff Daddy, Puffy та P Diddy.
Колега-репер Snoop Dogg мав ім'я Snoop Lion і, звичайно, пізня музична легенда Принц, змінив своє ім'я на символ, а потім художник, раніше відомий як Принц.
Спроба вбивства через ножове поранення в ресторані в Белфасті
45-річний чоловік був звинувачений у замаху на вбивство після того, як чоловік отримав ножове поранення в ресторані на сході Белфаста в п'ятницю.
Інцидент стався в Балліхакморі, повідомили в поліції.
Очікується, що обвинувачений постане перед магістратським судом Белфаста в понеділок.
Звинувачення будуть переглянуті Державною прокуратурою.
Зірка "Гри престолів" Кіт Харінгтон вдарив по токсичній маскулінності
Кіт Харінгтон відомий своєю роллю Джона Сноу в жорстокому середньовічному фентезійному серіалі HBO «Гра престолів».
Але 31-річний актор розповів про стереотип героя-мачо, сказавши, що такі ролі на екрані означають, що молоді хлопці часто відчувають, що їм доводиться бути важкими, щоб їх поважали.
Виступаючи перед The Sunday Times Culture, Кіт сказав, що він вважає, що «щось пішло не так» і запитав, як вирішити проблему токсичної мужності в епоху #MeToo.
Кіт, який нещодавно одружився зі своєю зіркою "Гри престолів" Роуз Леслі, також 31 рік, зізнався, що відчуває "досить рішуче" щодо вирішення цієї проблеми.
"Я відчуваю себе особисто, досить сильно, в даний момент - де ми помилилися з мужністю?", - сказав він.
"Чого ми навчали чоловіків, коли вони ростуть, з точки зору проблеми, яку ми бачимо зараз?"
Кіт вважає, що телебачення може бути частково відповідальним за зростання токсичної маскулінності завдяки своїм самим чоловічим персонажам.
Він продовжив: «Що вроджене і чого навчають?
Те, що вчать по телевізору, і на вулицях, що змушує молодих хлопчиків відчувати, що вони повинні бути цією певною стороною того, щоб бути чоловіком?
Я думаю, що це дійсно одне з великих питань у наш час - як ми можемо це змінити?
Тому що, очевидно, щось пішло не так для молодих людей».
В інтерв'ю він також зізнався, що не буде робити жодних приквелів або продовжень «Гри престолів», коли серіал закінчується наступного літа, кажучи, що він «покінчив з полями битв і конями».
З листопада Кіт зніметься у відродженні «Справжнього Заходу» Сема Шепарда, який є історією кінопродюсера та його брата, який є грабіжником.
Актор нещодавно показав, що він вважає зустріч зі своєю дружиною Роуз найкращою річчю, щоб вийти з «Гри престолів».
"Я познайомився зі своєю дружиною в цьому шоу, тому це дало мені мою майбутню сім'ю та моє життя звідси", - сказав він.
Роуз зіграла Іґрітта, коханого персонажа Кіта Джона Сноу, у фентезійному серіалі «Еммі».
Пара одружилася в червні 2018 року на території сімейного маєтку Леслі в Шотландії.
HIV/Aids: Китай повідомляє про 14% сплеску нових випадків
Китай оголосив про стрибок на 14% кількості своїх громадян, які живуть з ВІЛ та СНІДом.
Понад 820,000 XNUMX людей постраждають у країні, кажуть чиновники охорони здоров'я.
Лише у другому кварталі 2018 року було зареєстровано близько 40 тисяч нових випадків.
Переважна більшість нових випадків були передані через секс, що ознаменувало зміни в порівнянні з минулим.
Традиційно ВІЛ швидко поширювався через деякі частини Китаю в результаті інфікованих переливань крові.
Але кількість людей, які заразилися ВІЛ таким чином, скоротилася майже до нуля, заявили китайські чиновники охорони здоров'я на конференції в провінції Юннань.
Однак з року в рік кількість тих, хто живе з ВІЛ та СНІДом у Китаї, зросла на 100,000 XNUMX людей.
Передача ВІЛ через секс є гострою проблемою в ЛГБТ-спільноті Китаю.
Гомосексуальність була декриміналізована в Китаї в 1997 році, але дискримінація щодо ЛГБТ, як кажуть, поширена.
У зв'язку з консервативними цінностями країни, дослідження підрахували, що 70-90% чоловіків, які займаються сексом з чоловіками, в кінцевому підсумку одружаться з жінками.
Багатьох передачі захворювань походить від неналежного сексуального захисту в цих стосунках.
З 2003 року уряд Китаю пообіцяв загальний доступ до ліків від ВІЛ в рамках зусиль щодо вирішення цієї проблеми.
Максін Уотерс заперечує, що співробітники оприлюднили дані сенаторів Республіканської партії, підірвали «небезпечну брехню» та «теорії змови»
Представник США Максін Уотерс в суботу засудила твердження про те, що її співробітники розмістили особисту інформацію трьох сенаторів-республіканців США на сторінках законодавців у Вікіпедії.
Лос-Анджелеський демократ стверджував, що ці претензії крутять педалі "ультраправі" експерти та веб-сайти.
"Брехня, брехня і більш мерзенна брехня", - йдеться в заяві Уотерса в Twitter.
Оприлюднена інформація, як повідомляється, включала домашні адреси та номери телефонів для американських сенаторів Ліндсі Грема з Південної Кароліни, а також Майка Лі та Орріна Хетча, обидва з Юти.
Інформація з'явилася в Інтернеті в четвер, розміщена невідомою особою на Капітолійському пагорбі під час слухань у сенатській колегії щодо звинувачень у сексуальних домаганнях проти кандидата у Верховний суд Бретта Кавано.
Витік стався десь після того, як три сенатори допитали Кавано.
Консервативні об'єкти, такі як Gateway Pundit і RedState, повідомили, що IP-адреса, яка ідентифікує джерело повідомлень, була пов'язана з офісом Уотерса, і оприлюднили інформацію про співробітника Уотерса, повідомляє Хілл.
"Це необґрунтоване твердження є абсолютно неправдивим і абсолютною брехнею", - продовжив Уотерс.
"Член моїх співробітників, чия особистість, особиста інформація та безпека були скомпрометовані в результаті цих шахрайських і неправдивих тверджень, жодним чином не несе відповідальності за витік цієї інформації.
Це необґрунтоване твердження є абсолютно неправдивим і абсолютною брехнею».
Заява Уотерса швидко викликала критику в Інтернеті, в тому числі з боку колишнього прес-секретаря Білого дому Арі Флейшера.
"Це заперечення розлючене", - написав Флейшер.
"Це свідчить про те, що у неї немає характеру бути членом Конгресу.
Коли когось звинувачують у тому, чого вони не робили, вони не повинні гніватися.
Їм не повинно бути зухвало.
Їм не можна ставити під сумнів мотиви обвинувача.
Їм, мабуть, спокійно і безтурботно».
Фляйшер, схоже, порівнював реакцію Уотерса з критикою демократами судді Кавано, якого критики звинувачували в тому, що він здається занадто розлюченим під час слухань у четвер.
Омар Наварро, кандидат від республіканців, який балотувається, щоб повалити Уотерса на проміжних виборах, також висловив свої думки у Twitter.
"Великий, якщо це правда", - написав він у Twitter.
У своїй заяві Уотерс заявила, що її офіс попередив «відповідні органи та правоохоронні органи про ці шахрайські претензії».
«Ми подбаємо про те, щоб винні були розкриті, – продовжила вона, – і що вони будуть притягнуті до юридичної відповідальності за всі свої дії, які є руйнівними та небезпечними для будь-яких членів мого персоналу».
Johnny English Strikes Again огляд - недостатній шпигун Роуен Аткінсон
Традиційним зараз можна шукати значення Brexit у будь-якому новому фільмі з британським ухилом, і це, здається, застосовно до цього відродження франшизи Джонні Англійської комедії, яка почалася ще в 2003 році з Джонні Інглішем і повернулася до життя в 2011 році з Джонні Інгліш Реборн.
Чи буде самосатира на тему того, наскільки очевидним сміттям ми є новою експортною можливістю нації?
У будь-якому випадку, некомпетентний Джонні Інгліш, який з'явився вдруге, отримав свою ліцензію на оновлення - це ім'я його сигналізує більше, ніж будь-що інше, що він є широким створенням коміксів, призначеним для неангломовних кінематографічних територій.
Він, звичайно, божевільний таємний агент, який, незважаючи на свої химерні претензії до гламуру, має трохи Клюзо, тире містера Біна та ложку цього хлопця, що вносить єдину ноту до мелодії "Колісниці вогню" на церемонії відкриття Олімпіади в Лондоні 2012 року.
Він також спочатку заснований на мандрівнику та міжнародній людині таємничості Аткінсона, яка колись гралася в тепер забутій телевізійній рекламі Barclaycard, залишивши після себе хаос.
Є один або два приємних моменти в цій останній прогулянці JE.
Я любив Джонні Інгліша, який наближався до вертольота, одягнений у середньовічний броньовий костюм, а леза ротора ненадовго стискалися об шолом.
Подарунок Аткінсона для фізичної комедії демонструється, але гумор відчуває себе досить недостатнім і дивно зайвим, тим більше, що «серйозні» кінобренди, такі як 007 і Mission Impossible, тепер впевнено пропонують комедію як інгредієнт.
Гумор виглядає так, ніби його штовхають дітей, а не дорослих, і для мене безглузді нещастя Джонні Інгліша не настільки винахідливі та зосереджені, як кляпи Аткінсона з мовчазним фільмом в персоні Біна.
Зараз актуальна передумова полягає в тому, що Велика Британія має серйозні проблеми.
Кібер-хакер проникли в надсекретну веб-мережу шпигунів Великобританії, розкриваючи особистості всіх британських агентів у цій галузі, до розчарування чергового агента - на жаль, невелика роль Кевіна Елдона.
Це остання крапля для прем'єр-міністра, який є помпезною фігурою, вже страждаючи від повної кризи політичної непопулярності: Емма Томпсон робить все можливе з цим квазі-Тереза-Мей, але в сценарії немає нічого, щоб працювати.
Її радники з розвідки інформують її про те, що, оскільки кожен активний шпигун був скомпрометований, їй доведеться вивести когось з пенсії.
І це означає, що Джонні Інгліш, який зараз працює шкільником у якомусь шикарному істеблішменті, але даючи неофіційні уроки про те, як бути оперативником під прикриттям: деякі гарні кляпи тут, оскільки англійська пропонує академію шпигунства школи року.
Англієць повертається до Уайтхолла на екстрений брифінг і возз'єднався зі своїм колишнім багатостраждальним помічником Б'ю, якого знову зіграв Бен Міллер.
Б'юк тепер одружений чоловік, прив'язаний до командира підводного човна, весело-хокей-палички, в якій Вікі Пеппердін трохи змарнована даремно.
Отже, Бетмен і Робін про те, щоче страшенно помиляючись у Секретній службі ЇЇ Величності, повертаються в дію, стикаючись з прекрасною фатальною жінкою Ольги Куриленко Офелією Буллетовою.
Тим часом прем'єр-міністр небезпечно падає під закляттям харизматичного технічного мільярдера, який стверджує, що може вирішити комп'ютерні проблеми Великобританії: зловісний Джейсон Вольта, якого грає Джейк Лейсі.
Англійці та Б'ю починають свою одіссею фарсових високих джинків: замасковані під офіціантів, вони підпалюють флеш-французький ресторан; вони створюють беззаконне контрабанду на борту розкішної яхти Вольти; а англійська запускає чисту анархію, коли він намагається використовувати гарнітуру віртуальної реальності, щоб ознайомитися з інтер'єром будинку Вольти.
Всі зупинки, безумовно, витягнуті для цієї останньої послідовності, але настільки ж люб'язний і бурхливий, як це є, є досить багато дитячого телевізора про все це.
Красиві помірні речі.
І, як і в інших англійських фільмах Джонні, я не міг не думати: хіба британська кіноіндустрія не дає Роуену Аткінсону роль, яка дійсно виправдовує його талант?
Лейбористи заперечують, що розробляють план для британців працювати чотириденний тиждень, але їм платять протягом п'яти днів
Лейбористська партія Джеремі Корбіна розгляне радикальний план, який дозволить британцям працювати чотириденний тиждень, але отримувати зарплату за п'ять.
Повідомляється, що партія хоче, щоб керівники компаній передавали заощадження, здійснені через революцію штучного інтелекту (ШІ) працівникам, надавши їм додатковий вихідний день.
Це дозволить співробітникам насолоджуватися триденними вихідними - але все одно забери додому таку ж зарплату.
Джерела заявили, що ця ідея буде «відповідати» економічному порядку денному партії та планам нахилити країну на користь працівників.
Перехід на чотириденний тиждень був схвалений Конгресом профспілок як спосіб для працівників скористатися економікою, що змінюється.
Високопоставлене джерело Лейбористської партії повідомило The Sunday Times: «Очікується, що перевірка політики буде оголошена до кінця року.
"Це не відбудеться за одну ніч, але чотириденний робочий тиждень - це прагнення, яке вписується в підхід партії до перебалансування економіки на користь працівника, а також загальної промислової стратегії партії".
Лейбористська партія не буде першою, хто схвалить таку ідею, оскільки Партія зелених обіцяє чотириденний робочий тиждень під час загальної виборчої кампанії 2017 року.
В даний час прагнення не схвалюється Лейбористською партією в цілому.
Представник Лейбористської партії сказав: «Чотириденний робочий тиждень не є партійною політикою, і вона не розглядається партією».
Тіньовий канцлер Джон Макдоннелл минулого тижня використав лейбористську конференцію, щоб визначити своє бачення соціалістичної революції в економіці.
Пан Макдоннелл сказав, що він сповнений рішучості повернути владу від «безликих директорів» та «прибутку» в комунальних компаніях.
Тіньові плани канцлера також означають, що нинішні акціонери водних компаній не можуть повернути всю свою частку, оскільки лейбористський уряд може зробити «відрахування» на підставі передбачуваних правопорушень.
Він також підтвердив плани поставити працівників у правління компанії та створити фонди інклюзивної власності, щоб передати 10 відсотків власного капіталу компаній приватного сектора працівникам, які отримують щорічні дивіденди до 500 фунтів стерлінгів.
Ліндсі Грем, Джон Кеннеді розповів "60 хвилин", чи може розслідування ФБР щодо Кавано змінити їхню думку
Розслідування ФБР щодо звинувачень проти судді Бретта Кавано відклало остаточне голосування щодо своєї кандидатури у Верховний суд щонайменше на тиждень, і піднімає питання про те, чи можуть висновки бюро спонукати будь-яких сенаторів-республіканців отримати їхню підтримку.
В інтерв'ю, яке транслювалося в неділю, кореспондент "60 хвилин" Скотт Пеллі запитав республіканців сенаторів Джона Кеннеді та Ліндсі Грема, чи може ФБР розкопати що-небудь, що змусить їх змінити свою думку.
Кеннеді виявився більш відкритим, ніж його колега з Південної Кароліни.
"Звичайно", - сказав Кеннеді.
"Я сказав піти на слухання, я сказав, я говорив з суддею Кавано.
Я подзвонив йому після того, як це сталося, це твердження вийшло, сказав: "Ви це зробили?"
Він був рішучим, рішучим, недвозначним».
Ґрема, однак, здається, стоїть на камені.
"Мій розум вигаданий щодо Бретта Кавано, і це вимагатиме динамітових звинувачень", - сказав він.
"Д-р Форд, я не знаю, що сталося, але я знаю це: Бретт рішуче заперечував це", - додав Грем, посилаючись на Крістін Блейзі Форд.
"І всі, кого вона називає, не змогли це підтвердити.
Їй 36 років.
Я не бачу, щоб щось нове змінилося».
Яким є Глобальний громадянський фестиваль і чи зробив він щось, щоб зменшити бідність?
Цієї суботи Нью-Йорк прийматиме Global Citizen Festival, щорічну музичну подію, яка має надзвичайно вражаючу лінійку зірок, що виступають і не менш вражаючу місію; припинення світової бідності.
Вже сьомий рік Global Citisen Festival побачить, як десятки тисяч людей стікаються до Великого газону Центрального парку, щоб не тільки насолоджуватися такими актами, як Джанет Джексон, Cardi B та Shawn Mendes, але й підвищити обізнаність щодо справжньої мети заходу щодо подолання крайньої бідності до 2030 року.
Глобальний громадянський фестиваль, який заявив у 2012 році, є продовженням Глобального проекту бідності, міжнародної правозахисної групи, яка сподівається покінчити з бідністю, збільшивши кількість людей, які активно борються проти нього.
Для того, щоб отримати безкоштовний квиток на захід (якщо ви не були готові оплатити VIP-квиток), учасники концерту повинні були виконати ряд завдань або «дії» такого волонтерства, надіславши електронного листа світовому лідеру, зробивши телефонний дзвінок або будь-які інші значущі способи, щоб допомогти підвищити обізнаність про свою мету покінчити з бідністю.
Але наскільки успішним Global Citizen залишилося 12 років для досягнення своєї мети?
Чи є ідея нагородження людей безкоштовним концертом справжнім способом переконати людей вимагати заклику до дії, чи просто ще один випадок так званого «кліктивізму» - люди відчувають, що вони роблять справжню різницю, підписуючи онлайн-петицію або надсилаючи твіт?
З 2011 року Global Citizen заявляє, що зафіксувала понад 19 мільйонів «акцій» від своїх прихильників, наполягаючи на безлічі різних цілей.
Це говорить про те, що ці дії допомогли світовим лідерам оголосити про зобов'язання та політику, що прирівнюються до більш ніж 37 мільярдів доларів, що вплине на життя понад 2,25 мільярда людей до 2030 року.
На початку 2018 року група посилалася на 390 зобов'язань та оголошень, що випливають з її дій, принаймні 10 мільярдів доларів, з яких вже виділено або зібрано.
За оцінками групи, забезпечені кошти наразі безпосередньо вплинули на майже 649 мільйонів людей у всьому світі.
Деякі з ключових зобов'язань включають «Сила харчування», британське партнерство інвесторів та виконавців, які прагнуть «допомогти дітям повністю розвивати свій потенціал», обіцяючи надати Руанді 35 мільйонів доларів, щоб допомогти припинити недоїдання в окрузі після отримання понад 4700 твітів від Global Citizens.
"За підтримки уряду Великобританії, донорів, національних урядів та глобальних громадян, як і ви, ми можемо зробити соціальну несправедливість недоїдання приміткою в історії", - сказав посол "Сили харчування" Трейсі Ульман під час живого концерту в Лондоні в квітні 2018 року.
Група також заявила, що після того, як було вжито понад 5,000 заходів, закликаючи Великобританію покращити харчування для матерів і дітей, уряд оголосив про фінансування проекту «Сила харчування», який охопить 5 мільйонів жінок і дітей із втручаннями в харчування.
У відповідь на одне з поширених запитань на своєму веб-сайті запитуючи "що змушує вас думати, що ми можемо покінчити з крайньою бідністю?"
Глобальний громадянин відповів: "Це буде довгий і важкий шлях - іноді ми впадемо і зазнаємо невдачі.
Але, як і великі громадянські права та антиапартеїдні рухи перед нами, ми досягнемо успіху, тому що ми більш могутні разом.
Джанет Джексон, The Weeknd, Шон Мендес, Карді Б, Жанель Моне є одними з виступів на цьогорічному заході в Нью-Йорку, який прийматимуть Деборра-Лі Фернесс і Х'ю Джекман.
США можуть використовувати військово-морський флот для "блокади", щоб перешкоджати російському експорту енергоносіїв - міністр внутрішніх справ
"У разі необхідності" Вашингтон може вдатися до свого військово-морського флоту, щоб запобігти потраплянню російських енергоносіїв на ринки, в тому числі на Близькому Сході, заявив внутрішній секретар США Райан Зінке.
Зінке стверджував, що участь Росії в Сирії - зокрема, там, де вона діє на запрошення законного уряду - є приводом для вивчення нових енергетичних ринків.
"Я вважаю, що причина того, що вони знаходяться на Близькому Сході, полягає в тому, що вони хочуть займатися енергетикою так само, як і в Східній Європі, на південному животі Європи", - сказав він.
І, за словами чиновника, є способи і засоби для боротьби з цим.
"Сполучені Штати мають цю здатність з нашим військово-морським флотом переконатися, що морські смуги відкриті, і, якщо необхідно, блокадувати, переконатися, що їхня енергія не виходить на ринок", - сказав він.
Zinke звертався до учасників заходу, організованого Consumer Energy Alliance, некомерційною групою, яка позиціонує себе як «голос споживача енергії» в США.
Він пішов порівнювати підходи Вашингтона до боротьби з Росією та Іраном, зазначивши, що вони фактично однакові.
"Економічний варіант щодо Ірану та Росії більш-менший, використовує та замінює паливо", - сказав він, посилаючись на Росію як на "поні з одним трюком" з економікою, залежною від викопного палива.
Заяви з'явилися в той час, як адміністрація Трампа була на місії збільшити експорт свого зрідженого природного газу до Європи, замінивши Росію, набагато дешевший варіант для європейських споживачів.
Для цього чиновники адміністрації Трампа, включаючи самого президента США Дональда Трампа, намагаються переконати Німеччину вийти з «невідповідного» проекту газопроводу «Північний потік-2», який, за словами Трампа, зробив берлінський московський «полоненим».
Москва неодноразово підкреслювала, що трубопровід «Північний потік-2» вартістю 11 мільярдів доларів, який має подвоїти існуючу пропускну спроможність трубопроводів до 110 мільярдів кубометрів, є суто економічним проектом.
Кремль стверджує, що палка опозиція Вашингтона до проекту просто обумовлена економічними причинами і є прикладом недобросовісної конкуренції.
"Я вважаю, що ми поділяємо думку про те, що енергетика не може бути інструментом для здійснення тиску, і що споживачі повинні мати можливість вибирати постачальників", - сказав міністр енергетики Росії Олександр Новак після зустрічі з міністром енергетики США Ріком Перрі в Москві у вересні.
Позиція США викликала негативну реакцію з боку Німеччини, яка підтвердила свою прихильність до проекту.
Провідна німецька організація для промисловості, Федерація німецької промисловості (BDI), закликала США триматися подалі від енергетичної політики ЄС та двосторонніх угод між Берліном і Москвою.
"У мене є велика проблема, коли третя держава втручається в наше енергопостачання", - сказав Дітер Кемпф, голова Федерації німецької промисловості (BDI) після недавньої зустрічі між канцлером Німеччини Ангелою Меркель і президентом Росії Володимиром Путіним.
Елізабет Уоррен "Жорстко Подивиться" На Балотування На Пост Президента В 2020 Році, Каже Сенатор Массачусетса
Сенатор від штату Массачусетс Елізабет Уоррен заявила в суботу, що "жорстко подивиться" на те, щоб балотуватися в президенти після проміжних виборів.
Під час ратуші в Холіок, штат Массачусетс, Уоррен підтвердила, що розгляне можливість бігу.
"Настав час для жінок поїхати до Вашингтона і полагодити наш зламаний уряд, і це включає жінку на вершині", - сказала вона, повідомляє The Hill.
"Після 6 листопада я уважно подивлюся на те, щоб балотуватися в президенти.
Уоррен зважився на президента Дональда Трампа під час мерії, заявивши, що він "веде цей округ у неправильному напрямку.
"Я хвилююся за свої кістки про те, що Дональд Трамп робить з нашою демократією", - сказала вона.
Воррен була відвертою у своїй критиці Трампа та його кандидата у Верховний суд Бретта Кавано.
У п'ятницю Уоррен сказав, що "звичайно нам потрібне розслідування ФБР перед голосуванням".
Опитування, опубліковане в четвер, показало, що більшість власних виборців Уоррена не вважають, що вона повинна балотуватися в 2020 році.
П'ятдесят вісім відсотків «ймовірних» виборців штату Массачусетс заявили, що сенатор не повинен балотуватися, згідно з опитуванням Suffolk University Political Research Center/Boston Globe.
Тридцять два відсотки підтримали такий пробіг.
Опитування показало більшу підтримку колишнього губернатора Девала Патріка, 38 відсотків підтримують потенційну пробіжку і 48% проти нього.
Інші гучні імена демократів, обговорювані щодо потенційної кандидатури 2020 року, включають колишнього віце-президента Джо Байдена та сенатора Вермонта Берні Сандерса.
Байден заявив, що офіційно прийме рішення до січня, повідомляє Associated Press.
Сара Пейлін посилається на ПТСР Трека Пейліна на мітингу Дональда Трампа
26-річний Трек Пейлін провів рік в Іраку після того, як записався на вересень.
Його заарештували і звинуватили в домашньому насильстві в понеділок увечері
"Те, через що проходить мій власний син, через що він повертається, я можу спілкуватися з іншими сім'ями, які відчувають наслідки ПТСР, і деякі з поранених, з якими повертаються наші солдати", - сказала вона присутнім на мітингу за Дональда Трампа в Талсі, штат Оклахома.
Пейлін назвала свій арешт «слоном у кімнаті» і сказала про свого сина та інших ветеранів війни: «вони повертаються трохи по-іншому, вони повертаються затверділими, вони повертаються, замислюючись, чи поважає ця повага до того, що їхні товариші-солдати та льотчики та всі інші військовослужбовці віддали країні».
Він був заарештований у понеділок у Васіллі, штат Аляска, і звинувачений у насильстві над жінкою, втручаючись у повідомлення про домашнє насильство та зберігання зброї в стані алкогольного сп'яніння, повідомив Ден Беннетт, прес-секретар Департаменту поліції Васілла.
18 штатів, округ Колумбія підтримують виклик новій політиці щодо надання притулку
Вісімнадцять штатів та округ Колумбія підтримують юридичний виклик новій політиці США, яка відмовляє в притулку жертвам, які рятуються від банди або домашнього насильства.
Представники 18 штатів і округу подали в п'ятний п'ятницю бриф друзів суду у Вашингтоні, щоб підтримати шукача притулку, який оскаржує цю політику, повідомляє NBC News.
Повне ім'я позивача в позові «Грейс проти Сешнса», яке Американський союз громадянських свобод, поданий у серпні проти федеральної політики, не розголошується.
Вона сказала, що її напарник "і його жорстокі сини-члени банди" знущалися над нею, але американські чиновники відхилили її прохання про надання притулку 20 липня.
Її затримали в Техасі.
Державні адвокати, що підтримують Грейс, описали Сальвадор, Гондурас і Гватемалу, які пред'являють велику кількість заявників на притулок у США, як країни, які стикаються з поширеними проблемами з бандами та домашнім насильством.
Нова політика США щодо надання притулку скасувала рішення Апеляційної ради іммігрантів 2014 року, яке дозволяло нелегальним іммігрантам, які рятуються від домашнього насильства, подати заяву про надання притулку.
Генеральний прокурор округу Колумбія Карл Расін заявив у п'ятницю, що нова політика «ігнорує десятиліття державного, федерального та міжнародного права».
"Федеральне законодавство вимагає, щоб усі заяви про надання притулку розглядалися щодо конкретних фактів та обставин позову, і така адвокатура порушує цей принцип", - йдеться у короткометражному брифі друга суду.
Адвокати також стверджували в брифі, що політика, яка забороняє в'їзд іммігрантів, шкодить економіці США, кажучи, що вони, швидше за все, стануть підприємцями та «постачають необхідну робочу силу».
Генеральний прокурор Джефф Сешнс наказав імміграційним суддям більше не надавати притулок жертвам, які рятуються від домашнього насильства та насильства банд у червні.
"Притулок доступний для тих, хто залишає свою рідну країну через переслідування або страх через расу, релігію, національність або членство в певній соціальній групі чи політичній думці", - сказав Сешнс у своєму оголошенні про політику 11 червня.
Притулок ніколи не повинен був полегшувати всі проблеми - навіть всі серйозні проблеми - з якими люди стикаються щодня по всьому світу.
Відчайдушні рятувальні зусилля в Палу, оскільки кількість загиблих подвоюється в гонці, щоб знайти тих, хто вижив
Для тих, хто вижив, ситуація ставала все більш жахливою.
"Це дуже напружено", - сказала 35-річна мати Різа Кусума, втішаючи свого гарячкового хлопчика в евакуаційному центрі в потрощеному місті Палу.
«Кожну хвилину швидка допомога привозить тіла.
Чистої води недостатньо».
Жителів було помічено, повертаючись до своїх зруйнованих будинків, збираючи перезволожені речі, намагаючись врятувати все, що вони могли знайти.
Сотні людей отримали поранення, а лікарні, пошкоджені землетрусом магнітудою 7,5, були перевантажені.
Деякі з постраждалих, у тому числі Дві Харіс, який отримав зламану спину та плече, відпочили біля армійського госпіталю Палу, де пацієнтів лікували на відкритому повітрі через триваючі сильні підземні поштовхи.
Сльози наповнили його очі, коли він розповідав, відчуваючи, як сильний землетрус струшує п'ятий поверх готельного номера, який він розділив зі своєю дружиною та донькою.
«Не було часу, щоб врятувати себе.
Здається, мене втиснули в руїни стіни", - сказав Харіс в інтерв'ю Associated Press, додавши, що його сім'я була в місті на весіллі.
"Я чув, як моя дружина кричала про допомогу, але потім мовчала.
Я не знаю, що сталося з нею та моєю дитиною.
Сподіваюсь, вони в безпеці».
Американський посол звинуватив Китай у «знущаннях» через «пропагандистську рекламу»
Через тиждень після того, як офіційна китайська газета опублікувала чотиристорінкову рекламу в США, що рекламує взаємну вигоду американо-китайської торгівлі, посол США в Китаї звинуватив Пекін у використанні американської преси для поширення пропаганди.
Минулої середи президент США Дональд Трамп послався на платну доплату China Daily в реєстрі Де-Мойн - штаті Айова, найбільш продавану газету - після того, як звинуватив Китай у прагненні втручатися у вибори до Конгресу США 6 листопада.
Звинувачення Трампа в тому, що Пекін намагався втрутитися у вибори в США, ознаменувало те, що американські чиновники заявили Reuters, було новою фазою ескалації кампанії Вашингтона для тиску на Китай.
Незважаючи на те, що іноземні уряди зазвичай розміщують рекламу для сприяння торгівлі, Пекін і Вашингтон в даний час замкнені в ескалації торговельної війни, яка призвела до того, що вони вирівнюють раунди тарифів на імпорт один одного.
Тарифи у відповіді Китаю на початку торговельної війни були розроблені, щоб вдарити по експортерах у таких штатах, як Айова, які підтримали Республіканську партію Трампа, заявили китайські та американські експерти.
Террі Бранстад, посол США в Китаї і колишній давній губернатор штату Айова, великий експортер сільськогосподарських товарів до Китаю, заявив, що Пекін завдав шкоди американським робітникам, фермерам і підприємствам.
Китай, написав Бранстад у статті в недільному реєстрі Де-Мойн, «тепер подвоює це знущання, запускаючи пропагандистську рекламу в нашій власній вільній пресі».
"Поширюючи свою пропаганду, уряд Китаю користується заповітною традицією свободи слова Америки та вільної преси, розміщуючи платну рекламу в реєстрі Де-Мойнс", - написав Бранстад.
"На противагу цьому, на газетному кіоску тут, у Пекіні, ви знайдете обмежені незгодні голоси і не побачите жодного справжнього відображення розрізнених думок, які китайський народ може мати про тривожну економічну траєкторію Китаю, враховуючи, що засоби масової інформації знаходяться під твердим пальцем Комуністичної партії Китаю", - написав він.
Він додав, що "одна з найвідоміших китайських газет ухилялася від пропозиції опублікувати" його статтю, хоча він не сказав, яка газета.
Республіканці відштовхують жінок-виборців перед проміжними термінами з Кавано, попереджають аналітики
Оскільки багато високопоставлених республіканців підтримують і захищають кандидата у Верховний суд Бретта Кавано перед обличчям кількох звинувачень у сексуальному насильстві, аналітик попередив, що вони побачать негативну реакцію, особливо з боку жінок, під час майбутніх проміжних виборів.
Емоції навколо цього були надзвичайно високими, і більшість республіканців вже показують, що вони хочуть йти вперед з голосуванням.
Ці речі не можуть бути повернуті назад", - сказав Грант Ріхер, професор політології в школі Максвелла Сіракузького університету The Hill для статті, опублікованої в суботу.
Ріхер сказав, що він сумнівається в тому, що в останню хвилину сенатора Джеффа Флейка (R-Arizona) для розслідування ФБР буде достатньо, щоб заспокоїти розлючених виборців.
"Жінки не збираються забувати про те, що сталося вчора - вони не забудуть про це завтра, а не в листопаді", - заявила Карін Жан-П'єр, старший радник і національна прес-секретар прогресивної групи MoveOn у п'ятницю, повідомляє газета Вашингтона.
У п'ятницю вранці протестувальники скандували "Листопад наближається!", коли вони демонстрували в коридорі Сенату, коли республіканці, які контролюють судовий комітет, вирішили просунутися з кандидатурою Кавано, незважаючи на свідчення доктора Крістін Блейзі Форда, повідомляє Мік.
"Демократичний ентузіазм і мотивація будуть поза графіком", - сказав Стю Ротенберг, безпартійний політичний аналітик.
"Люди кажуть, що він вже був високим; це правда.
Але він може бути вищим, особливо серед жінок-виборців у передмісті та молодих виборців, віком від 18 до 29 років, які, хоча їм не подобаються президенту, часто не голосують».
Ще до того, як публічні свідчення Форда деталізували її звинувачення в сексуальному насильстві проти кандидата у Верховний суд, аналітики припустили, що реакція може послідувати, якщо республіканці просунуться вперед із підтвердженням.
"Це стало заплутаним безладом для Республіканської партії", - сказав Майкл Стіл, колишній голова Республіканського національного комітету, на початку минулого тижня, повідомляє NBC News.
"Йдеться лише не про голосування в комітеті чи остаточному голосуванні, або про те, чи Кавано поставлено на лаву запасних, це також про те, як республіканці впоралися з цим і про те, як вони ставилися до неї", - зазначив Гай Сесіл, директор Priorities USA, групи, яка допомагає обирати демократів.
Тим не менш, американці, здається, дещо розділилися щодо того, кому вірити в свідчення Форда та Кавано, з трохи більшим ставленням до останнього.
Нове опитування YouGov показує, що 41% респондентів, безумовно або, ймовірно, вірили свідченням Ford, тоді як 35 відсотків сказали, що вони точно або, ймовірно, вірили Кавано.
Крім того, 38 відсотків сказали, що вони думали, що Кавано, ймовірно, або, безумовно, брехав під час його свідчень, тоді як лише 30 відсотків сказали те ж саме про Форда.
Після того, як Флейк наполягає, ФБР наразі розслідує звинувачення, висунуті Фордом, а також принаймні одним іншим обвинувачем, Деборою Рамірес, повідомляє The Guardian.
Минулого тижня Форд давав свідчення перед Судовим комітетом Сенату під присягою, що Кавано п'яно напав на неї у віці 17 років.
Рамірес стверджує, що кандидат у Верховний суд викрив їй свої статеві органи, коли вони відвідували вечірку під час навчання в Єльському університеті в вісімдесятих роках.
Винахідник всесвітньої павутини планує запустити новий Інтернет, щоб взяти на себе Google і Facebook
Тім Бернерс-Лі, винахідник Всесвітньої павутини, запускає стартап, який прагне конкурувати з Facebook, Amazon і Google.
Останній проект технологічної легенди, Inrupt, є компанією, яка будує платформу з відкритим вихідним кодом Berners-Lee Solid.
Solid дозволяє користувачам вибирати, де зберігаються їхні дані і що людям дозволено мати доступ до якої інформації.
В ексклюзивному інтерв'ю Fast Company Бернерс-Лі пожартував, що метою Inrupt є «світове панування».
"Ми повинні зробити це зараз", - сказав він про стартап.
"Це історичний момент".
Додаток використовує технологію Solid, щоб дозволити людям створювати свій власний «особистий інтернет-магазин даних» або POD.
Він може містити списки контактів, списки справ, календар, музичну бібліотеку та інші особисті та професійні інструменти.
Це схоже на те, що Google Drive, Microsoft Outlook, Slack і Spotify доступні в одному браузері одночасно.
Що унікально в особистому інтернет-сховищі даних, так це те, що воно повністю залежить від користувача, який може отримати доступ до якої інформації.
Компанія називає це «особистим розширенням можливостей за допомогою даних».
Ідея Inrupt, за словами генерального директора компанії Джона Брюса, полягає в тому, щоб компанія приносила ресурси, процес та відповідні навички, щоб допомогти зробити Solid доступним для всіх.
В даний час компанія складається з Berners-Lee, Bruce, платформи безпеки, придбаної IBH, деяких постійних розробників уклали контракт на роботу над проектом, і спільноти волонтерів-кодерів.
Починаючи з цього тижня, технологічні розробники по всьому світу можуть створювати власні децентралізовані програми, використовуючи інструменти, доступні на веб-сайті Inrupt.
Бернерс-Лі сказав, що він і його команда не розмовляють «Facebook і Google про те, чи варто вводити повну зміну, коли всі їхні бізнес-моделі повністю перевернуті за одну ніч.
"Ми не питаємо їхнього дозволу".
"Місія Inrupt полягає в тому, щоб забезпечити комерційну енергетику та екосистему, щоб допомогти захистити цілісність та якість нової павутини, побудованої на Solid".
У 1994 році Бернерс-Лі перетворив Інтернет, коли заснував Консорціум всесвітньої павутини в Массачусетському технологічному інституті.
В останні місяці Бернерс-Лі був впливовим голосом у дебатах мережевого нейтралітету.
Незважаючи на запуску Inrupt, Бернерс-Лі залишатиметься засновником і директором Консорціуму Всесвітньої павутини, Веб-фонду та Інституту відкритих даних.
"Я неймовірно оптимістичний щодо цієї наступної ери Інтернету", - додав Бернерс-Лі.
Бернард Ванн: священнослужитель Першої світової війни Вікторія Кросс відсвяткував
Єдиного священнослужителя Англійської церкви, який виграв Хрест Вікторії під час Першої світової війни як комбатанта, святкувався в його рідному місті 100 років потому.
Підполковник Преосвященник Бернард Ванн отримав нагороду 29 вересня 1918 року в нападі на Белленгліз і Левакур.
Тим не менш, він був убитий снайпером через чотири дні і ніколи не знав, що він виграв найвищу британську військову нагороду.
Пам'ятний камінь був відкритий його двома онуками на параді в Рашдені, Нортгемптоншир, у суботу.
Один із його онуків, Майкл Ванн, сказав, що це «блискуче символічно», що камінь буде розкритий рівно через 100 років після відзначеного нагородами його діда.
За даними London Gazette, 29 вересня 1918 року підполковник Ванн очолив свій батальйон через Канал-де-Сен-Квентін «через дуже густий туман і під сильним вогнем польових і кулеметів».
Пізніше він кинувся на вогневу лінію і з «найбільшою галантністю» лідирував на лінії вперед, перш ніж кинутися на польову гармату однією рукою і вибила три загону.
Підполковник Ванн був убитий німецьким снайпером 4 жовтня 1918 року - трохи більше ніж за місяць до закінчення війни.
72-річний Майкл Ванн сказав, що дії його діда були «чимось, що я знаю, що я ніколи не зможу виправдатися, але чимось принизливим».
Він і його брат доктор Джеймс Ванн також поклали вінок після параду, який очолював Brentwood Imperial Youth Band.
Майкл Ванн сказав, що «відчуває себе дуже чесним, щоб зіграти певну роль у параді», і додав, що «добливість справжнього героя продемонструє підтримка, яка буде надана багатьма людьми».
Фанати ММА не спали всю ніч, щоб подивитися Bellator 206, замість цього вони купили Peppa Pig
Уявіть собі це, ви не спали всю ніч, щоб подивитися переповнений Bellator 206, але їм було відмовлено у перегляді головної події.
Рахунок із Сан-Хосе містив 13 поєдинків, у тому числі шестеро на головній карті, і його демонстрували в прямому ефірі вночі у Великій Британії на 5 каналі.
О шостій ранку, коли Гегард Мусасі та Рорі Макдональд готувалися зустрітися один з одним, глядачі у Великобританії залишилися приголомшеними, коли охоплення змінилося на Пеппа Піг.
Деякі не були вражені після того, як вони не спали до перших годин, особливо для бою.
Один фанат у Twitter описав перехід на дитячий мультфільм як «якийсь хворий жарт».
"Це постанова уряду, що о 6 ранку цей контент не підходить, тому їм довелося перейти на дитяче програмування", - сказав Дейв Шварц, старший віце-президент Bellator з маркетингу та зв'язку, відповідаючи на запитання про передачу.
"Пеппа свиня", так.
Президент компанії Bellator Скотт Кокер заявив, що вони збираються працювати над своїм плануванням, щоб включити британських глядачів у майбутньому.
"Я думаю, що коли я думаю про повтор, я думаю, що ми, ймовірно, можемо це спрацювати", - сказав Кокер.
"Але зараз шоста ранку в неділю там, і ми не зможемо вирішити це до неділі нашого часу, в понеділок свого часу.
Але ми працюємо над цим.
Повірте мені, коли він переключився, було багато текстів, що ходили туди-сюди, і всі вони не були доброзичливими.
Ми намагалися це виправити, ми думали, що це технічний глюк.
Але це було не так, це було урядове питання.
Я можу пообіцяти, що наступного разу цього не станеться.
Ми збережемо його до п'яти боїв замість шести - як ми зазвичай робимо - і ми спробували перевиконати для вболівальників, і ми просто перейшли.
Це прикра ситуація».
Диски Desert Island: Том Дейлі відчував себе "нижчою" через сексуальність
Олімпійський дайвер Том Дейлі каже, що він виріс, відчуваючи себе нижчим за всіх через свою сексуальність, але це дало йому мотивацію, щоб стати успішним.
24-річний хлопець сказав, що не усвідомлював, поки не пішов у середню школу, що «не всі схожі на мене».
Виступаючи на першому Radio 4 Desert Island Discs, представленому Лорен Лаверн, він сказав, що говорив про права геїв, щоб дати іншим «надію».
Він також сказав, що стати батьком змусило його менше турбуватися про перемогу на Олімпіаді.
Регулярний ведучий тривалого шоу Кірсті Янг взяла кілька місяців відпустки через хворобу.
З'являючись як вигнанець у першій програмі Лаверна, Дейлі сказав, що він відчував себе «менше, ніж у всіх інших, які ростуть, тому що «це було соціально прийнятним, щоб подобатися хлопчикам і дівчатам».
Він сказав: «До цього дня ці почуття відчувати себе менше, ніж, і відчувати себе по-іншому, були справжніми речами, які дали мені силу і силу, щоб мати можливість досягти успіху».
Він хотів довести, що він «щось», сказав він, щоб не розчарувати всіх, коли вони врешті-решт дізналися про його сексуальність.
Дворазовий бронзовий олімпійський призер став гучним ЛГБТ-борцем і використав свою появу на цьогорічних Іграх Співдружності в Австралії, щоб закликати більше країн декриміналізувати гомосексуалізм.
Він сказав, що висловився, тому що йому пощастило жити відкрито без наслідків, і хотів дати іншим «надію».
Триразовий чемпіон світу заявив, що закохався в чоловіка - американського режисера Дастіна Ленса Блека, якого він познайомився в 2013 році - "застав мене зненацька".
Дейлі одружився з володарем премії «Оскар», який минулого року виповнився старшим на 20 років, але він сказав, що різниця у віці ніколи не була проблемою.
"Коли ви проходите так багато в такому молодому віці" - він пішов на свою першу Олімпіаду у віці 14 років, а його батько помер від раку через три роки - він сказав, що важко знайти когось того ж віку, хто відчував подібні максимуми і мінімуми.
Пара стала батьками в червні до сина на ім'я Роберт Рей Блек-Дейлі, і Дейлі сказав, що його «вся перспектива» змінилася.
"Якби ви запитали мене в минулому році, це було все про те, "Мені потрібно виграти золоту медаль", - сказав він.
"Знаєте, є більші речі, ніж золоті олімпійські медалі.
Моя золота олімпійська медаль — Роббі».
Його син має таке ж ім'я, як і його батько Роберт, який помер у 2011 році у віці 40 років після того, як йому діагностували рак мозку.
Дейлі сказав, що його тато не визнає, що він збирається померти, і одна з останніх речей, про які він запитував, полягає в тому, чи є у них квитки ще на лондонський 2012 рік - оскільки він хотів бути в першому ряду.
"Я не міг сказати йому: "Ви не збираєтеся бути поруч, щоб бути в першому ряду тата", - сказав він.
"Я тримав його за руку, коли він перестав дихати, і це не було, поки він насправді не перестав дихати, і він був мертвий, що я, нарешті, визнав, що він не був непереможним", - сказав він.
Наступного року Дейлі змагався на Олімпіаді 2012 року і виграв бронзу.
"Я просто знав, що це те, про що я мріяв все своє життя - пірнати перед домашнім натовпом на Олімпійських іграх, не було кращого відчуття", - сказав він.
Це також надихнуло його перший вибір пісні - Proud by Хізер Смолл - яка резонувала з ним під час підготовки до Олімпіади і все ще дала йому мурашки по шкірі.
Диски Desert Island Discs виходять на BBC Radio 4 в неділю об 11:15 BST.
Поза формою Мікельсона на лаві запасних на Кубку Райдера в суботу
Американець Філ Мікельсон встановить рекорд у неділю, коли зіграє свій 47й матч Кубка Райдера, але йому доведеться змінити свою форму, щоб уникнути того, що це нещаслива віха.
Мікельсон, граючи в дворічному турнірі в рекордний дванадцятий раз, був закріплений капітаном Джимом Фуриком для суботніх чотирьох м'ячів і четвірок.
Замість того, щоб бути в центрі дії, як він так часто був для Сполучених Штатів, п'ятикратний головний переможець розділив свій день між тим, щоб бути вболівальником і працювати над своєю грою на полігоні в надії виправити те, що йому.
Навіть на піку своєї кар'єри 48-річний гонщик не ідеально підходить для жорсткого національного поля Le Golf, де довгий грубий регулярно карає помилкові удари.
І якщо курс сам по собі недостатньо страшний, Мікельсон у дев'ятому матчі в неділю зіткнеться з точним чемпіоном Відкритого чемпіонату Великобританії Франческо Молінарі, який об'єднався з новачком Томмі Флітвудом, щоб виграти всі чотири свої матчі цього тижня.
Якщо американці на чотири очки, починаючи 12 одиночних матчів, вирушать на гарячий старт, матч Мікельсона може виявитися абсолютно вирішальним.
Фурик висловив упевненість у своїй людині, а не в тому, що він міг сказати багато іншого.
"Він повністю зрозумів роль, яку він мав сьогодні, погладив мене по спині і обійняв мене і сказав, що він буде готовий завтра", - сказав Фурик.
"Він має велику впевненість у собі.
Він є Залом слави, і він додав так багато в ці команди в минулому, і на цьому тижні.
Я, мабуть, не уявляв, що він зіграє два матчі.
Я передбачав більше, але саме так це спрацювало, і саме так ми думали, що повинні йти.
Він хоче бути там, як і всі інші».
Мікельсон поб'є рекорд Ніка Фальдо за кількістю матчів Кубка Райдера, зіграних у неділю.
Це може ознаменувати кінець кар'єри Кубка Райдера, яка ніколи не відповідала висотам його індивідуального рекорду.
Мікельсон має 18 перемог, 20 поразок і сім таймів, хоча Фурик сказав, що його присутність принесла деякі нематеріальні речі в команду.
"Він смішний, він саркастичний, дотепний, любить жартувати над людьми, і він чудовий хлопець, якого можна мати в командній кімнаті", - пояснив він.
"Я думаю, що молодшим гравцям було весело піти на нього, а також на цьому тижні, що було весело бачити.
Він дає набагато більше, ніж просто грати».
Капітан Європи Томас Бйорн знає, що велика зачіпка незабаром може зникнути
Томас Бйорн, європейський капітан, знає з досвіду, що значне лідерство, що прямує в останній день в одиночному розряді в Кубку Райдера, може легко перетворитися на незручну їзду.
Данець дебютував у матчі 1997 року у Вальдеррамі, де команда, яку очолював Севе Баллестерос, мала п'ятиочкову перевагу над американцями, але лише перевищила фінішну лінію з носом попереду, вигравши 141⁄2-131⁄2.
"Ви продовжуєте нагадувати собі, що у нас було велике лідерство у Вальдеррамі; у нас була велика лідерство в Брукліні, де ми програли, і у Вальдеррамі, де ми виграли, але тільки просто", - сказав Бйорн, зображений після того, як спостерігав за перемогою класу 2018 5-3 як у п'ятницю, так і вчора, щоб очолити 10-6 на Le Golf National.
Отже, історія покаже мені та всім у цій команді, що це ще не закінчено.
Завтра ви йдете повними нудьгою.
Виходьте туди і робіть всі правильні речі.
Це не закінчиться, поки у вас немає очок на дошці.
У нас є мета, і це спробувати виграти цей трофей, і саме там залишається фокус.
Я весь час говорив, що зосереджуюся на 12 гравцях, які знаходяться на нашому боці, але ми так добре знаємо, що стоїть з іншого боку - найбільших гравців у світі».
У захваті від того, як його гравці виступали на жорсткому полі для гольфу, Бйорн додав: «Я б ніколи не випередив себе.
Завтра - інший звір.
Завтра - це індивідуальні виступи, які з'являться, і це інша справа.
Чудово бути там з партнером, коли справи йдуть добре, але коли ви перебуваєте там індивідуально, то ви перевіряєтесте на всю свою здатність як гравця в гольф.
Це повідомлення, яке вам потрібно донести до гравців, це отримати найкраще від себе завтра.
Тепер ви залишаєтете свого партнера позаду, і він повинен піти і отримати найкраще з себе, а також.
На відміну від Бйорна, протилежний номер Джим Фурик буде шукати своїх гравців, щоб виступати краще індивідуально, ніж вони робили як партнери, винятками були Джордан Шпіт і Джастін Томас, який набрав три очки з чотирьох.
Сам Фурик був на обох кінцях цих великих поворотів минулого дня, будучи частиною команди-переможця в Брукліні, перш ніж стати невдахою, оскільки Європа здійснила «Чудо в Медіні».
"Я пам'ятаю кожне чортове слово про це", - сказав він у відповідь на запитання, як Бен Креншоу, капітан у 1999 році, згуртував своїх гравців в останній день.
"Завтра у нас 12 важливих матчів, але ви хотіли б вийти на той швидкий старт, який ви бачили в Брукліні, як ви бачили в Медіні.
Коли цей імпульс іде в одну сторону, він сильно тисне на ці середні матчі.
Ми налаштували нашу лінійку відповідним чином і виставляли хлопців таким чином, що, знаєте, ми намагаємося зробити магію завтра».
Томас отримав завдання, намагаючись очолити боротьбу, і зіткнеться з Рорі Макілроєм у вищому матчі, з Полом Кейсі, Джастіном Роузом, Джоном Рамом, Томмі Флітвудом та Яном Поултером іншими європейцями у верхній половині замовлення.
"Я пішов з цією групою хлопців в такому порядку, тому що я думаю, що він охоплює весь шлях", - сказав Бйорн зі своїх одиночних виборів.
Новий військовий корабль Німеччини знову відклали
Новий фрегат ВМС Німеччини повинен був бути замовлений у 2014 році, щоб замінити застарілі військові кораблі часів холодної війни, але він не буде там принаймні до наступного року через несправні системи та снігові витрати, повідомляють місцеві ЗМІ.
Введення в експлуатацію "Rheinland-Pfalz", провідного корабля абсолютно нових фрегатів класу Baden-Wuerttemberg, тепер відкладено до першої половини 2019 року, повідомляє газета Die Zeit з посиланням на військового прес-секретаря.
Судно повинно було приєднатися до Військово-морського флоту в 2014 році, але тривожні проблеми після доставки переслідували долю амбітного проекту.
Четверо суден класу Baden-Wuerttemberg, замовлені ВМС ще в 2007 році, стануть заміною старілих фрегатів класу Bremen.
Зрозуміло, що вони матимуть потужну гармату, масив зенітних та протикорабельних ракет, а також деякі стелс-технології, такі як знижені радіолокаційні, інфрачервоні та акустичні сигнатури.
Інші важливі функції включають більш тривалі періоди технічного обслуговування - має бути можливість розгорнути найновіші фрегати на відстані до двох років від домашніх портів.
Однак безперервні затримки означають, що передові військові кораблі, які, як кажуть, дозволяють Німеччині спроектувати владу за кордоном, вже застаріють до того часу, коли вони вступлять в експлуатацію, зазначає Die Zeit.
Злощасний фрегат F125 потрапив у заголовки газет минулого року, коли Військово-морський флот Німеччини офіційно відмовився ввозити судно і повернув його на верфі Blohm & Voss у Гамбурзі.
Це був перший раз, коли військово-морський флот повернув корабель суднобудівнику після доставки.
Мало що було відомо про причини повернення, але німецькі ЗМІ посилалися на низку важливих «програмних та апаратних дефектів», які зробили військовий корабель марним, якщо його розгорнути на бойовій місії.
Дефіцит програмного забезпечення був особливо важливим, оскільки судна класу Баден-Вюртемберг експлуатуватимуться екіпажем з близько 120 моряків - лише половина робочої сили на старих фрегатах класу Бремен.
Крім того, з'ясувалося, що корабель різко має надлишкову вагу, що знижує його продуктивність і обмежує здатність військово-морського флоту додавати майбутні оновлення.
Вважається, що 7,000-тонний «Rheinland-Pfalz» удвічі важче, німцями, які використовували німці у Другій світовій війні.
Крім несправного апаратного забезпечення, цінник всього проекту, включаючи навчання екіпажу, також стає проблемою.
Повідомляється, що він досяг приголомшливих 3,1 мільярда євро (3,6 мільярда доларів) - у порівнянні з початковими 2,2 мільярда євро.
Проблеми, пов'язаними з новими фрегатами, стають особливо важливими у світлі недавніх попереджень про те, що військово-морська міць Німеччини скорочується.
На початку цього року Ганс-Пітер Бартельс, керівник комітету з оборони німецького парламенту, визнав, що у ВМФ фактично «закінчуються кораблі, здатні до розгортання».
Чиновник сказав, що проблема з часом перевищила снігову кулю, оскільки старі кораблі були виведені з експлуатації, але замінні судна не були надані.
Він поскаржився, що жоден з фрегатів класу Баден-Вюртемберг не зміг приєднатися до військово-морського флоту.
Національний траст підслуховує таємне життя кажанів
Нове дослідження, проведене в маєтку в Шотландському нагір'ї, спрямоване на те, щоб показати, як кажани використовують ландшафт у своєму полюванні за їжею.
Очікується, що знахідки проллють нове світло на поведінку унікальних літаючих ссавців і допоможуть направляти майбутні природоохоронні заходи.
Дослідження, проведене вченими Національного трасту для Шотландії, буде стежити за звичайними та сопрановими піпістерлями, а також коричневими довговухими кажанами в Inverewe Gardens у Вестер-Росс.
Спеціальні реєстратори будуть розміщені в ключових місцях навколо помешкання, щоб відстежити діяльність кажанів протягом усього сезону.
Працівники та волонтери NHS також проводитимуть мобільні обстеження за допомогою портативних детекторів.
Експертний звуковий аналіз усіх записів з'ясує частоту закликів кажанів і те, які види що роблять.
Потім буде створено карту середовища проживання та звіти, щоб створити докладну ландшафтну картину їхньої поведінки.
Роб Дьюар, радник з охорони природи NTS, сподівається, що результати покажуть, які райони середовища проживання є найбільш важливими для кажанів і як вони використовуються кожним видом.
Ця інформація допоможе визначити переваги роботи з управління середовищем існування, такі як створення лугів, і як найкраще підтримувати ліси для кажанів та інших пов'язаних видів.
Популяція кажанів у Шотландії та по всій Великобританії значно скоротилася за останнє століття.
Їм загрожують будівельні та розвиваючі роботи, які зачіпають місця та втрату середовища проживання.
Вітряні турбіни та освітлення також можуть становити небезпеку, як і флайпапери та деякі хімічні обробки будівельних матеріалів, а також напади домашніх котів.
Кажани насправді не сліпі.
Тим не менш, через їх нічні мисливські звички їхні вуха корисніші, ніж їхні очі, коли справа доходить до здобичі.
Їх використовують складну техніку відлуння, щоб визначити помилки та перешкоди на своєму шляху польоту.
NTS, яка відповідає за догляд за більш ніж 270 історичними будівлями, 38 важливими садами та 76,000 гектарами землі по всій країні, дуже серйозно ставиться до кажанів.
Він має десять навчених експертів, які регулярно проводять обстеження, проводять перевірки, а іноді рятують.
Організація навіть створила перший і єдиний спеціалізований заповідник кажанів Шотландії в маєтку Threave в Дамфрісі та Галлоуеї, який є домом для восьми з десяти шотландських видів кажанів.
Менеджер з нерухомості Девід Томпсон каже, що маєток є ідеальною територією для них.
"Тут, у Threave, у нас є чудова територія для кажанів", - сказав він.
"У нас є старі будівлі, багато дерев ветеранів і все хороше середовище проживання.
Але є багато про кажанів, які все ще невідомі, тому робота, яку ми виконуємо тут і в інших об'єктах, допоможе нам зрозуміти більше про те, що їм потрібно для процвітання».
Він наголошує на важливості перевірки кажанів, перш ніж проводити технічне обслуговування у власності, оскільки можливе мимовільне знищення одного материнства може вбити до 400 жінок і молодих, можливо, знищуючи ціле місцеве населення.
Кажани охороняються, і незаконно вбивати, переслідувати або турбувати їх або знищувати їхні місця.
Елізабет Феррелл, шотландський офіцер Фонду збереження кажанів, закликала громадськість допомогти.
Вона сказала: «Нам все ще є що дізнатися про наших кажанів, і для багатьох наших видів ми просто не знаємо, як почуваються їхні популяції».
Роналду відхилив звинувачення у зґвалтуванні, оскільки адвокати подали до суду на німецький журнал
Кріштіану Роналду затаврував претензії щодо зґвалтування проти нього як «фейкові новини», заявивши, що люди «хочуть просувати себе», використовуючи його ім'я.
Його адвокати мають намір подати до суду на німецький новинний журнал Der Spiegel, який опублікував ці звинувачення.
Форварда Португалії та "Ювентуса" звинуватили у зґвалтуванні американки на ім'я Кетрін Майорга в готельному номері в Лас-Вегасі в 2009 році.
Він, як стверджується, заплатив їй 375,000 XNUMX XNUMX доларів, щоб мовчати про цей інцидент, повідомив у п'ятницю Дер Шпігель.
Виступаючи у відео в Instagram Live для своїх 142 мільйонів підписників через кілька годин після того, як було повідомлено про претензії, Роналду, 33 роки, розкритикував повідомлення як «фейкові новини».
"Ні, ні, ні, ні, ні.
Те, що вони сказали сьогодні, фейкові новини", п'ятиразовий переможець "Золотого м'яча" каже в камеру.
"Вони хочуть просувати себе, використовуючи моє ім'я.
Це нормально.
Вони хочуть бути відомими, щоб сказати моє ім'я, але це частина роботи.
Я щаслива людина і все добре", - додав гравець, посміхаючись.
Адвокати Роналду готуються подати до суду на Der Spiegel через звинувачення, які вони назвали "неприйнятним повідомленням про підозри у сфері приватності", повідомляє Reuters.
Юрист Крістіан Шерц заявив, що гравець буде домагатися компенсації за «моральні збитки в розмірі, що відповідає тяжкості порушення, що, ймовірно, є одним з найсерйозніших порушень особистих прав в останні роки».
Повідомляється, що інцидент стався в червні 2009 року в люксі в готелі та казино Palms у Лас-Вегасі.
Після зустрічі в нічному клубі Роналду та Майорга, як повідомляється, повернулися до кімнати гравця, де він нібито зґвалтував її, згідно з документами, поданими до окружного суду округу Кларк у Неваді.
Майорга стверджує, що Роналду впав на коліна після передбачуваного інциденту, і сказав їй, що він "на 99 відсотків" "хороший хлопець", підведений "один відсоток".
Документи стверджують, що Роналду підтверджував, що пара займалася сексом, але це було за згодою.
Майорга також стверджує, що вона звернулася до поліції та сфотографувала свої травми в лікарні, але пізніше погодилася на позасудове врегулювання, оскільки відчула «жаху від помсти» і була стурбована тим, що її «принижують публічно».
34-річна жінка каже, що зараз вона прагне скасувати врегулювання, оскільки вона продовжує травмуватися від передбачуваного інциденту.
Роналду був на порозі приєднання до "Реала" з "Манчестер Юнайтед" під час передбачуваного нападу, і цього літа перейшов до італійського гіганта "Юве" за угодою на 100 мільйонів євро.
Брекзит: Велика Британія "вічно пошкодує" про втрату автовиробників
"Великобританія буде шкодувати про це назавжди", якщо вона втратить свій статус світового лідера у виробництві автомобілів після Brexit, заявив бізнес-секретар Грег Кларк.
Він додав, що "стурбований" тим, що Toyota UK повідомила BBC, що якщо Британія вийде з ЄС без угоди, вона тимчасово зупинить виробництво на своєму заводі в Бернастоні, поблизу Дербі.
"Нам потрібна угода", - сказав пан Кларк.
Японський автовиробник заявив, що впливання прикордонних затримок у разі Brexit без угоди може коштувати робочих місць.
Завод Burnaston, який виробляє Toyota Auris і Avensis, минулого року випустив майже 150.000 автомобілів, з яких 90% було експортовано до решти Європейського Союзу.
"Я вважаю, що якщо Британія вийде з ЄС наприкінці березня, ми побачимо зупинки виробництва на нашому заводі", - сказав Марвін Кук, керуючий директор Toyota в Burnaston.
Інші британські виробники автомобілів висловили побоювання щодо виходу з ЄС без угоди про те, як буде функціонувати транскордонна торгівля, включаючи Honda, BMW і Jaguar Lend Rover.
BMW, наприклад, заявляє, що закриє свій міні-завод в Оксфорді на місяць після Brexit.
Основне занепокоєння пов'язане з тим, що, на думку автовиробників, є ризиками ланцюжка поставок у разі Brexit без угоди.
Виробнича лінія Toyota управляється «точно в часі», при цьому запчастини надходять кожні 37 хвилин від постачальників як у Великобританії, так і в ЄС для автомобілів, виготовлених на замовлення.
Якщо 29 березня Велика Британія вийде з ЄС без угоди, на кордоні можуть бути збої, які, на думку промисловості, можуть призвести до затримок і дефіциту деталей.
Було б неможливо, щоб Toyota тримала більше, ніж денний інвентар на своєму заводі в Дербіширі, і тому виробництво буде зупинено.
Пан Кларк сказав, що план Терези Мей щодо майбутніх відносин з ЄС «точно відкалібрований, щоб уникнути цих перевірок на кордоні».
"Нам потрібно укласти угоду. Ми хочемо мати найкращу угоду, яка дозволить, оскільки я говорю не тільки успіх в даний час, щоб насолоджуватися, але для того, щоб ми скористалися цією можливістю", - сказав він в інтерв'ю програмі BBC Radio 4.
«Докази не тільки Toyota, але й інших виробників, полягають у тому, що ми повинні абсолютно мати можливість продовжувати те, що було дуже успішним набором ланцюжків поставок».
Toyota не змогла сказати, як довго виробництво буде зупинено, але в довгостроковій перспективі попередила, що додаткові витрати знизять конкурентоспроможність заводу і в кінцевому підсумку коштують робочі місця.
Пітер Цувалларіс, який працює в Бернастоні протягом 24 років і є об'єднаним союзником об'єднання на заводі, сказав, що його члени все більше стурбовані: "З мого досвіду, як тільки ці робочі місця підуть, вони ніколи не повернуться.
Прес-секретар уряду сказав: «Ми висунули точний і надійний план наших майбутніх відносин з ЄС».
Зустріч Трампа з Розенштейном може бути відкладена знову, - Білий дім
Зустріч Дональда Трампа із заступником генерального прокурора Родом Розенштейном може "відсунутися ще на один тиждень", оскільки боротьба за кандидата у Верховний суд Бретта Кавано триває, заявив Білий дім у неділю.
Розенштейн контролює роботу спеціального прокурора Роберта Мюллера, який розслідує втручання Росії у вибори, зв'язки між помічниками Трампа та Росію та потенційне перешкоджання правосуддю з боку президента.
Незалежно від того, звільнить Трамп заступника генерального прокурора і тим самим ставить під загрозу незалежність Мюллера, підживлює вашингтонські плітки протягом декількох місяців.
Раніше цього місяця New York Times повідомила, що Розенштейн обговорював носіння дроту, щоб записати розмови з Трампом і можливість усунення президента через двадцять п'яту поправку.
Розенштайн спростував цю доповідь.
Але минулого понеділка він поїхав до Білого дому на тлі повідомлень, що збирається піти у відставку.
Замість цього було оголошено про зустріч з Трампом, який тоді був в Організації Об'єднаних Націй в Нью-Йорку, була оголошена в четвер.
Трамп заявив, що "віддасть перевагу" тому, щоб звільнити Розенштейна, але потім засідання було відкладено, щоб уникнути сутички з слуханнями судового комітету Сенату, на яких Кавано та одна з жінок, які звинуватили його в сексуальних домаганнях, доктор Крістін Блейзі Форд.
У п'ятницю Трамп розпорядився провести тижневе розслідування ФБР щодо позовів проти Кавано, ще більше відклавши повне голосування в Сенаті.
Прес-секретар Трампа Сара Сандерс з'явилася на Fox News Sunday.
Відповідаючи на запитання про зустріч Розенштейна, вона сказала: «Дата для цього не була визначена, це може бути на цьому тижні, я могла бачити, що відштовхувати ще тиждень, враховуючи всі інші речі, які відбуваються з Верховним судом.
Але ми побачимо, і я завжди люблю оновлювати пресу».
Деякі репортери будуть оскаржувати це твердження: Сандерс не проводив прес-брифінг у Білому домі з 10 вересня.
Ведучий Кріс Уоллес запитав, чому.
Сандерс сказала, що дефіцит брифінгів не пов'язаний з неприязнем для телевізійних репортерів, хоча вона сказала: «Я не погоджуся з тим, що вони трибунуються».
Потім вона припустила, що прямі контакти між Трампом і пресою збільшаться.
"Президент робить більше сесій із запитаннями та відповідями, ніж будь-який президент до нього", - сказала вона, додавши, не посилаючись на докази: "Ми розглянули ці цифри".
Брифінги все ще відбудуться, сказав Сандерс, але «якщо у преси є можливість задати питанню президента Сполучених Штатів безпосередньо, це нескінченно краще, ніж говорити зі мною.
Ми намагаємося зробити це багато, і ви бачили, як ми робимо це багато за останні кілька тижнів, і це займе місце прес-брифінгу, коли ви можете поговорити з президентом Сполучених Штатів».
Трамп регулярно ставить питання, коли виходить з Білого дому або бере участь у відкритих сесіях або прес-конференціях з приїжджими високопосадовцями.
Персональні прес-конференції рідкісні.
У Нью-Йорку цього тижня президент, можливо, продемонстрував, чому, зробивши вільний і часом химерний зовнішній вигляд, перш ніж зібралися репортери.
Міністр охорони здоров'я написав працівникам ЄС у NHS Шотландії через побоювання щодо Brexit
Міністр охорони здоров'я написав співробітникам ЄС, які працюють у NHS Шотландії, щоб висловити вдячність країни та побажати, щоб вони залишалися після Brexit.
Джин Фріман MSP надіслала листа менш ніж за шість місяців, поки Великобританія не вийде з ЄС.
Шотландський уряд вже зобов'язався задовольнити витрати на погашений статус заявок для громадян ЄС, які працюють у делегованих державних службах.
"Протягом літа переговори між Великою Британією та ЄС про вихід тривали, прямуючи до очікуваних рішень цієї осені.
Але уряд Великобританії також активізує свою підготовку до можливого сценарію без угоди.
Я знаю, що це, мабуть, дуже тривожний час для всіх вас.
Ось чому я хотів повторити, наскільки я ціную внесок кожного співробітника, незалежно від їхньої національності.
Колеги з усього ЄС та за його межами приносять цінний досвід та навички, які зміцнюють та покращують роботу служби охорони здоров'я та приносять користь пацієнтам та громадам, яким ми служимо.
Шотландія - абсолютно ваш будинок, і ми дуже хочемо, щоб ви залишилися тут".
Крістіон Аберкромбі Переніс Невідкладну Операцію Після Травми Голови
Лайнбекер штату Теннессі Крістіон Аберкромбі переніс екстрену операцію після того, як отримав травму голови під час суботньої поразки 31-27 від "Вандербільт Коммодорес", - йдеться у повідомленні.
Головний тренер штату Теннессі Род Рід заявив журналістам, що травма сталася незадовго до перерви.
"Він підійшов на узбіччя і просто ніби впав там", - сказав Рід.
Тренери та медичний персонал давали Abercrombie кисень на стороні, перш ніж помістити його на ношах і взяти його назад для подальшої оцінки.
Чиновник зі штату Теннессі сказав Крісу Харрісу з WSMV у Нешвіллі, штат Теннессі, що Аберкромбі закінчив операцію в медичному центрі Вандербільта.
Харріс додав, що "ще немає подробиць про тип / ступінь травми", і штат Теннессі намагається з'ясувати, коли сталася травма.
Аберкромбі, другокурсник у червоній сорочці, знаходиться у своєму першому сезоні в штаті Теннессі після переходу з Іллінойсу.
Він мав п'ять загальних снастей у суботу, перш ніж вийти з гри, що призвело до того, що його сезон склав 18 снастей.
Іноземним покупцям буде стягнуто вищий гербовий збір, коли вони купують нерухомість у Великобританії
Іноземним покупцям стягуватиметься вищий гербовий збір, коли вони купують нерухомість у Великій Британії з додатковими грошима, які використовуються, щоб допомогти бездомним у нових планах Торі
Цей крок нейтралізує успіх прагнення Корбіна залучити молодих виборців
Підвищення гербового збору стягуватиметься з тих, хто не сплачує податок у Великобританії
Казначейство очікує, що він збере до 120 мільйонів фунтів стерлінгів на рік, щоб допомогти бездомним
Іноземним покупцям стягнуть більш високу ставку гербового збору, коли вони купують нерухомість у Великобританії - з додатковими грошовими коштами, використаними для допомоги бездомним, Тереза Мей оголосить сьогодні.
Цей крок розглядатиметься як спроба нейтралізувати успіх прагнення Джеремі Корбіна залучити молодих виборців зобов'язаннями забезпечити більш доступне житло та націлитися на високооплачуваних працівників.
Підвищення гербового збору буде стягнуто з фізичних осіб та фірм, які не сплачують податок у Великобританії, а додаткові гроші збільшать прагнення уряду боротися з грубим сном.
Доплата, яка є доповненням до нинішнього гербового збору, включаючи більш високі рівні, запроваджені два роки тому для вторинних будинків та buy-to-lets, можуть становити до трьох відсотків.
Казначейство очікує, що цей крок збільшиться до 120 мільйонів фунтів стерлінгів на рік.
За оцінками, 13 відсотків новозбудованих лондонських об'єктів купуються не британськими жителями, піднімаючи ціни та ускладнюючи покупцям-початківцям ступити на житлові драбини.
Багато багатих районів країни - особливо в столиці - стали "містами-привидами" через велику кількість іноземних покупців, які проводять більшу частину свого часу за межами країни.
Нова політика з'явилася всього через кілька тижнів після того, як Борис Джонсон закликав до зниження гербового збору, щоб допомогти більшим молодим людям володіти своїм першим домом.
Він звинуватив великі будівельні фірми в тому, що вони підтримують високі ціни на нерухомість, купуючи землю, але не використовуючи її, і закликав пані Мей відмовитися від квот на доступні будинки, щоб виправити «ганьбу житла у Великобританії».
Пан Корбін оголосив привабливу серію запропонованих житлових реформ, включаючи контроль за орендною платою та припинення «невинного» виселення.
Він також хоче надати радам більше повноважень для будівництва нових будинків.
Пані Мей сказала: «Минулого року я сказала, що присвячу своє прем'єру відновленню британської мрії - що життя має бути кращим для кожного нового покоління.
А це означає виправити наш зламаний ринок житла.
Британія завжди буде відкрита для людей, які хочуть жити, працювати і будувати тут життя.
Тим не менш, це не може бути правильним, що це так само легко для людей, які не живуть у Великобританії, а також іноземних компаній, купувати будинки як працьовиті британські жителі.
Для багатьох людей мрія про домоволодіння стала занадто віддаленою, і приниженість грубого сну залишається занадто реальною».
Джек Росс: «Моя кінцева амбіція полягає в управлінні Шотландією»
Бос "Сандерленда" Джек Росс каже, що його "остаточна амбіція" полягає в тому, щоб стати менеджером Шотландії на якомусь етапі.
Шотландець, 42 роки, насолоджується проблемою відродження північно-східного клубу, який в даний час займає третє місце в Першій лізі, на три очки вище.
Цього літа він перейшов на Стадіон світла після того, як минулого сезону повернув Сент-Міррена до шотландської Прем'єр-ліги.
"Я хотів грати за свою країну як гравець.
У мене є кепка B, і все", - сказав Росс в інтерв'ю BBC Scotland's Sportsound.
"Але я виріс, спостерігаючи за Шотландією в Хемпдені з моїм татом у дитинстві, і це завжди те, що повернуло мене.
Ця можливість з'явиться лише в тому випадку, якщо я досягну успіху в управлінні клубом».
Попередники Росса як менеджер Сандерленда включають Діка Адвоката, Девіда Мойеса, Сема Аллардайса, Мартіна О'Ніла, Роя Кіна, Ґаса Пойє та Пауло Ді Каніо.
Колишній бос Alloa Athletic каже, що він не відчував трепету, стежачи за такими встановленими іменами в такому великому клубі, попередньо відкинувши увертюри з Барнслі та Іпсвіч-Тауна.
"Успіх для мене на даний момент буде оцінений "чи можу я повернути цей клуб в Прем'єр-лігу?"
Через структуру та об'єкти цього клубу він, безсумнівно, належить до Прем'єр-ліги», – сказав він.
"Це нелегке завдання, щоб отримати його там, але я, ймовірно, розглядав би себе тільки як успішний тут, якщо я зможу повернути туди клуб".
Росс має лише три роки своєї управлінської кар'єри, після періоду в якості помічника боса в Дамбартоні і 15-місячного заклинання в тренерському штабі Hearts.
Потім він допоміг Аллоа оговтатися від вильоту до третього рівня, і перетворив Сент-Міррена з межі вильоту до переможців чемпіонського титулу наступного сезону.
І Росс каже, що він почувається комфортніше зараз, ніж коли-небудь під час своєї ігрової кар'єри в Клайді, Хартлпулі, Фолкерку, Сент-Міррені та Гамільтоні.
"Це, мабуть, було справжнє перехрестя", - згадував він, відповідаючи за Аллоа.
"Я щиро вірив, що менеджмент підходить для мене, більше, ніж грати.
Це звучить дивно, тому що у мене все було добре, я заробляла на цьому розумне життя і насолоджувалася розумними максимумами.
Але гра може бути жорсткою.
Їх потрібно пережити щотижня.
Я все ще проходжу через це з точки зору стресів і тиску роботи, але керівництво просто відчуває себе правильно.
Я завжди хотів керувати, і тепер я роблю це, я відчуваю себе найзручніше, що я був у власній шкірі протягом усього свого дорослого життя».
Ви можете послухати повне інтерв'ю на Sportsound у неділю, 30 вересня, на Radio Scotland з 12:00 до 13:00 BST
Ідеальний час для пінти - 5.30pm в суботу, результати опитування
Літня спека посилила захоплення британських пабів, але посилила тиск на мережі ресторанів.
У липні продажі пабів і барів зросли на 2,7 відсотка, але відвідуваність у ресторанах знизилася на 4,8%.
Пітер Мартін з бізнес-консалтингу CGA, який зібрав цифри, сказав: «Тривале сонячне світло та більш тривала, ніж очікувалося, участь Англії в чемпіонаті світу, означали, що липень слідував подібній схемі до попереднього місяця червня, коли паби зросли на 2,8%, за винятком того, що ресторани постраждали ще сильніше.
Падінння на 1,8 відсотка на ресторанних торгах у червні лише погіршилося в липні.
Паби та бари, очолювані напоями, виконані набагато найсильнішими з лайками більше, ніж у ресторанах.
Паби, очолювані їжею, також страждали на сонці, хоча і не так різко, як оператори ресторанів.
Здається, люди просто хотіли піти випити.
Продажі керованих пабів і барів зросли на 6,6 відсотка за місяць, при цьому їжа знизилася на три відсотки».
Пол Ньюман, аналітик з питань відпочинку та гостинності RSM, сказав: «Ці результати продовжують тенденцію, яку ми спостерігаємо з кінця квітня.
Погода та вплив великих соціальних або спортивних заходів залишаються найбільшими факторами, коли справа доходить до продажів на ринку поза домом.
Не дивно, що групи ресторанів продовжують боротися, хоча падіння продажів на 4,8 відсотка в річному обчисленні буде особливо болючим на вершині постійного тиску на витрати.
Довге спекотне літо не могло настати в гірший час для операторів, очолюваних продуктами харчування, і час покаже, чи більш помірні температури, які ми пережили в серпні, забезпечать такий необхідний перепочинок».
Загальне зростання продажів у пабах та ресторанах, включаючи нові відкриття, склало 2,7 відсотка в липні, що відображає уповільнення розгортання бренду.
Промисловий моніторинг продажів Coffer Peach Traker для британського пабу, бару та ресторанного сектора збирає та аналізує дані про продуктивність від 47 операційних груп із загальним оборотом понад 9 мільярдів фунтів стерлінгів і є встановленим галузевим еталоном.
Кожна п'ята дитина має таємні акаунти в соціальних мережах, які вони приховують від своїх батьків
Кожна п'ята дитина - деякі з 11 років - мають таємні акаунти в соціальних мережах, які вони приховують від своїх батьків та вчителів, показало опитування
Опитування 20.000 учнів середніх шкіл виявило зростання на «фальшивих сторінках Insta»
Новина посилила побоювання, що сексуальний контент публікується
Двадцять відсотків учнів заявили, що мають «основний» рахунок, щоб показати батькам
Кожна п'ята дитина - деякі з 11 років - створюють облікові записи в соціальних мережах, які вони тримають у таємниці від дорослих.
Опитування 20,000 учнів середніх шкіл виявило стрімке зростання облікових записів "Fake Insta" - посилання на сайт для обміну фотографіями в Instagram.
Ця новина посилила побоювання, що сексуальний контент публікується.
Двадцять відсотків учнів заявили, що вони керують дезінфікованим «основним» обліковим записом, щоб показати батькам, а також мають приватні.
Одна мати, яка натрапила на таємне місце своєї 13-річної доньки, виявила, що підліток закликав інших «ґвалтувати мене».
Дослідження, проведене Digital Awareness BUK та Headmasters та Headmistres" Conference (HMC) незалежних шкіл, виявило, що 40 відсотків дітей у віці від 11 до 18 років мали два профілі, причому половина з тих, хто зізнався у збереженні приватних облікових записів.
Глава HMC Майк Б'юкенен сказав: «Це турбує, що так багато підлітків спокушаються створити онлайн-простори, де батьки та вчителі не можуть їх знайти».
Ейлід Дойл стане "голосом для спортсменів" на дошці шотландської легкої атлетики
Ейлід Дойл була обрана до правління Шотландської легкої атлетики як невиконавчий директор на щорічних загальних зборах керівного органу.
Дойл є найбільш нагородженою легкоатлеткою в Шотландії, і голова Ієн Бітті описав цей крок як чудову можливість для тих, хто керує спортом, отримати вигоду від свого широкомасштабного досвіду на міжнародному рівні за останнє десятиліття.
"Eilidh має величезну повагу в шотландській, британській та світовій легкоатлетичній спільноті, і ми впевнені, що легка атлетика в Шотландії принесе величезну користь, привівши її до правління", - сказав Бітті.
Дойл сказав: «Я хочу виступити як голос для спортсменів, і я сподіваюся, що дійсно зможу зробити свій внесок і допомогти керувати спортом у Шотландії».
Американець, який виграв 200 метрів і 400 метрів на Іграх 1996 року в Атланті серед своїх чотирьох олімпійських золотих і зараз є регулярним експертом BBC, не зміг ходити після того, як переніс тимчасову ішемічну атаку.
Він написав у Twitter: «Місяць тому я переніс інсульт.
Я не міг ходити.
Лікарі сказали, що тільки час покаже, чи одужаю я або в якій мірі.
Її виснажлива робота, але вона повністю відновилася, заново навчилася ходити і сьогодні робити спритність!
Спасибі за послання підбадьорення!"
Реклама грудного насоса, що порівнює матерів з коровами, розділяє думку в Інтернеті
Компанія, що займається молоковідсмоктуванням, розділила думку в Інтернеті з рекламою, яка порівнює годуючих матерів з коровами, яких доїли.
Щоб ознаменувати запуск того, що, як кажуть, є «першим у світі безшумним носимим шишкою грудей», споживча технологічна компанія Elvie випустила рекламу, натхненну музичним відео, щоб продемонструвати свободу, яку новий насос дає виражаючим матерям.
Четверо справжніх матерів танцюють у наповненому сіном сараї корів до треку, який включає такі тексти, як: «Так, я живлю себе, але ви не бачите хвоста» і «Якщо ви не помітили, що це не вим'я, це мої сиськи».
Приспів продовжує: «Викачайте його, відкачуйте, я годую їх немовлятами, відкачую, відкачую, я доїть своїх жінок».
Тим не менш, реклама, яка була опублікована на сторінці фірми у Facebook, викликала суперечки в Інтернеті.
Маючи 77,000 переглядів і сотні коментарів, відео отримало неоднозначну реакцію від глядачів, причому багато хто каже, що він висвітлює «жахи» молочної промисловості.
"Дуже погане рішення використовувати корів для реклами цього продукту.
Подібно до нас, вони повинні завагітніти та народити, щоб виробляти молоко, за винятком того, що їхні діти вкрадені у них протягом декількох днів після пологів», – написав він.
Грудний насос Елві непомітно вміщується всередині бюстгальтера для годування (Elvie/Mother)
Інший прокоментував: «Зрозуміло травматичний як для матері, так і для дитини.
Але так, чому б не використовувати їх, щоб рекламувати молоковідсмоктувач для матерів, які можуть зберегти своїх дітей?"
Хтось інший додав: "Така реклама без зв'язку".
Інші захищали рекламу, причому одна жінка зізналася, що знайшла пісню «веселою».
"Я думаю, що це рідна ідея.
Її б у мене було, якби я ще годувала грудьми.
Накачання змусило мене відчути себе як корова.
Реклама трохи божевільна, але я взяв його за те, що було.
Це геніальний продукт", - написав він.
Інший прокоментував: «Це весела реклама, орієнтована на мам, які накачують (часто на своїх робочих місцях або туалетах) і відчувають себе «коровами».
Це не реклама, яка хвалить і не судить молочну промисловість».
Наприкінці відео група жінок показує, що всі вони танцювали з стриманими туфлями-човниками, заправленими в бюстгальтери.
Концепція кампанії заснована на розумінні того, що багато жінок, які накачують грудьми, кажуть, що відчувають себе коровами.
Elvie Pump, однак, абсолютно безшумний, не має дротів або тюбиків і непомітно поміщається всередині бюстгальтера для годування, даючи жінкам свободу рухатися, утримувати своїх дітей і навіть виходити на вулицю під час відкачування.
Ана Баларін, партнер і ECD в Mother, прокоментувала: «Elvie Pump є настільки революційним продуктом, що він заслужив сміливий і провокаційний запуск.
Проводячи паралель між вираженням жінок і молочних корів, ми хотіли поставити накачування грудьми та всі її виклики в центрі уваги, демонструючи в розважальному та пов'язаному сенсі неймовірне відчуття свободи, яке принесе новий насос.
Це не перший раз, коли насос Елві потрапив у заголовки.
Під час Лондонського тижня моди на подіумі з'явилася мати двох дітей для дизайнера Марти Якубовскі під час використання продукту.
Сотні дітей-мігрантів тихо переїхали до наметового табору на кордоні Техасу
Кількість затриманих дітей-мігрантів різко зросла, незважаючи на те, що щомісячні прикордонні переходи залишаються відносно незмінними, частково тому, що жорстка риторика та політика, запроваджені адміністрацією Трампа, ускладнили розміщення дітей зі спонсорами.
Традиційно більшість спонсорів самі були нелегальними іммігрантами і побоювалися поставити під загрозу власну здатність залишатися в країні, зробивши крок вперед, щоб претендувати на дитину.
Ризик збільшився в червні, коли федеральна влада оголосила, що потенційні спонсори та інші дорослі члени своїх домогосподарств повинні будуть подати відбитки пальців, і що дані будуть передані імміграційним органам.
Минулого тижня Метью Альбенс, високопоставлений чиновник імміграційної та митної служби, свідчив перед Конгресом, що агентство заарештувало десятки людей, які зверталися за спонсорством неповнолітніх без супроводу.
Пізніше агентство підтвердило, що 70 відсотків заарештованих не мали попередніх судимостей.
«Близько до 80 відсотків осіб, які або є спонсорами, або домочадцями спонсорів, знаходяться тут, у країні нелегально, і велика частина з них є злочинними іноземцями.
Тому ми продовжуємо переслідувати цих осіб», – сказав пан Альбенс.
Прагнучи швидше обробляти дітей, чиновники запровадили нові правила, які вимагатимутимуть, щоб деякі з них з'явилися до суду протягом місяця після затримання, а не через 60 днів, що було попереднім стандартом, за словами працівників притулку.
Багато хто з'явиться за допомогою відеоконференцзв'язку, а не особисто, щоб оскаржити свою справу щодо правового статусу імміграційному судді.
Ті, хто вважається непридатним для допомоги, будуть швидко депортовані.
Чим довше діти залишаються під вартою, тим більша ймовірність того, що вони стануть тривожними або депресованими, що може призвести до насильницьких спалахів або спроб втечі, згідно з працівниками притулку та повідомленнями, які з'явилися з системи в останні місяці.
Адвокати заявили, що ці побоювання посилюються на більшому об'єкті, такому як Торнільйо, де ознаки того, що дитина бореться, швидше за все, ігноруються через її розмір.
Вони додали, що переміщення дітей до наметового містечка, не надаючи достатньо часу, щоб підготувати їх емоційно або попрощатися з друзями, може ускладнити травму, з якою багато хто вже бореться.
Сирія закликала США, французьку та турецьку "окупаційні сили" негайно відійти
Виступаючи перед Генеральною Асамблеєю ООН, міністр закордонних справ Валід аль-Муалем також закликав сирійських біженців повернутися додому, незважаючи на те, що війна в країні триває вже восьмий рік.
Муалем, який також обіймає посаду віце-прем'єр-міністра, заявив, що іноземні сили перебувають на сирійській землі нелегально, під приводом боротьби з тероризмом, і "будуть розглянуті відповідним чином".
"Вони повинні відійти негайно і без будь-яких умов", - сказав він асамблеї.
Муалем наполягав на тому, що «війна з терором майже закінчилася» в Сирії, де з 2011 року загинуло понад 360,000 XNUMX людей, ще мільйони були вирвані зі своїх будинків.
Він сказав, що Дамаск продовжуватиме «боротися з цією священною битвою, поки ми не очистимо всі сирійські території» обох терористичних угруповань і «будь-яку нелегальну іноземну присутність».
Сполучені Штати мають близько 2,000 військовослужбовців у Сирії, в основному навчаючи та консультуючи як курдські, так і сирійські араби, які виступають проти президента Башара Асада.
Франція має понад 1,000 військовослужбовців на землі в охопленій війною країні.
У питанні біженців Муалем сказав, що умови для них нормальні, і він звинуватив «деякі західні країни» у «поширенні ірраціональних страхів», які спонукали біженців триматися подалі.
"Ми закликали міжнародне співтовариство та гуманітарні організації сприяти цьому поверненню", - сказав він.
"Вони політизують те, що має бути суто гуманітарним питанням".
Сполучені Штати та Європейський Союз попереджають, що для Сирії не буде ніякої допомоги у відбудові, поки між Асадом та опозицією не буде політичної угоди про припинення війни.
Дипломати ООН кажуть, що недавня домовленість між Росією і Туреччиною про створення буферної зони в останньому великому оплоті повстанців в Ідлібі створила можливість просувати політичні переговори.
Російсько-турецька угода запобіжила широкомасштабному нападу підтримуваних Росією сирійських сил на провінцію, де проживає три мільйони людей.
Однак Муалем підкреслив, що угода має «чіткі терміни», і висловив сподівання, що військові дії будуть спрямовані проти джихадистів, включаючи бойовиків пов'язаного з Аль-Каїдою Фронту Нусра, які «будуть викорінені».
Представник ООН Стаффан де Містура сподівається незабаром скликати перші засідання нового комітету, що складається з уряду та членів опозиції, щоб розробити післявоєнну конституцію для Сирії та прокласти шлях до виборів.
Муалем виклав умови для участі сирійського уряду в комітеті, заявивши, що робота комісії повинна бути обмежена «перевіркою статей нинішньої конституції», і застеріг від втручання.
Чому Трамп виграє другий термін
За цією логікою пан Трамп виграє перевибори в 2020 році, якщо, оскільки багато ліберальних глядачів, ймовірно, не сподіваються імпічмент і скандал передчасно не припинять його президентство.
Що, без сумніву, буде "найдраматичнішим фіналом президентства коли-небудь!"
На даний момент ознак втоми глядачів немає.
З 2014 року рейтинги в прайм-тайм більш ніж подвоїлися до 1,05 мільйона на CNN і майже потроїлися до 1,6 мільйона на MSNBC.
Fox News має в середньому 2,4 мільйона глядачів у прайм-таймі, порівняно з 1,7 мільйонами чотири роки тому, за даними Nielsen, а «Шоу Рейчел Меддоу» MSNBC перевищило кабельні рейтинги з 3,5 мільйонами глядачів у великі ночі новин.
"Це пожежа, до якої тягнуться люди, тому що це не те, що ми розуміємо", - сказав Ніл Баєр, шоу-ранір драми ABC "Призначений вижив", про секретаря кабінету міністрів, який стає президентом після того, як атака знищує Капітолій.
Нелл Сковелл, ветеран комедійного сценариста та авторка «Just the Funny Parts: And the Mew Hard Truths About Sneaking In to the Hollywood Boys Club», має ще одну теорію.
Вона пам'ятає поїздку на таксі в Бостоні перед виборами 2016 року.
Водій сказав їй, що він буде голосувати за пана Трампа.
Їй спитала.
"Він сказав: "Тому що він змушує мене сміятися", - сказала мені пані Сковелл.
У хаосі є розважальна цінність.
Звичайно, на відміну від будь-чого іншого по телевізору, сюжетні лінії, що виходять з Вашингтона, можуть визначити майбутнє Роу проти Уейда, чи можуть сім'ї іммігрантів возз'єднатися і здоров'я світової економіки.
Налаштування - це розкіш, яку можуть дозволити собі лише найпривілейованіші глядачі.
І все ж, це виходить за рамки того, щоб бути поінформованим громадянином, коли ви опинитеся на шостій годині, спостерігаючи, як група експертів обговорює використання Бобом Вудвордом "глибокого фонового" пошуку для своєї книги "Страх", куртка-бомбер зі страусиної шкіри Пола Манафорта за 15,000 XNUMX доларів ("одяг, густий від зарозумілості", - сказав The
Я, наприклад, більше ніколи не подивлюся на Супер Маріо так само.
"Частина того, що він робить, змушує відчувати, як реаліті-шоу, полягає в тому, що він щовечора годує вас чимось", - сказав Брент Монтгомері, виконавчий виконавчий директор Wheelhouse Entertainment і творець "Зірок пішаків", про ротаційний акторський склад шоу Трампа та щоденні повороти сюжету (вимагаючи бійку з НФЛ, хвалячи Кім Чен Ина).
Ви не можете дозволити собі пропустити один епізод, або ви залишаєтеся позаду.
Коли я прибув до містера Флейса на цьому тижні, це було сонячно 80 градусів за межами його будинку на північному березі Кауаї, але він переховувався всередині, спостерігаючи за MSNBC під час запису CNN.
Він не міг відірватися, оскільки Бретт Кавано не мав наміру зіткнутися з Судовим комітетом Сенату та майбутнім Верховного суду, що висить на волосині.
"Я пам'ятаю, коли ми робили всі ці божевільні шоу ще в той час, і люди казали: "Це початок кінця західної цивілізації", - сказав мені пан Флейсс.
"Я думав, що це свого роду жарт, але виявляється, що вони мали рацію".
Емі Чозік, письменниця для The Times, що висвітлює бізнес, політику та засоби масової інформації, є автором мемуарів «Переслідуючи Гілларі».
Зовнішні гроші переростають у найжорсткіші перегони на проміжних виборах
Не дивно, що сімнадцяте місце Пенсильванії спостерігає потік готівки, завдяки перегрупуванню округів Конгресу, які висадили двох чинних президентів у гонці за те саме місце.
Цей нещодавно перемальований передмістя Піттсбурзького округу штовхає демократа Конора Лемба, який виграв своє місце в іншому окрузі на позачергових виборах минулої весни.
Лемб б'ється проти іншого чинного республіканця Кіта Ротфуса, який в даний час представляє старий Пенсильванський дванадцятий округ, який сильно перетинається з новим сімнадцятим.
Карти були перекроєні після того, як Верховний суд Пенсильванії в січні постановив, що старі округи були неконституційно покарані на користь республіканців.
Перегони в новому сімнадцятому торкнулися передвиборного фінансового фесту між основними партійними фінансовими зброями, Конгресовим комітетом Демократичної кампанії (DCCC) та Національним комітетом Республіканської кампанії (NRCC).
Лемб став знайомим ім'ям у Пенсильванії після вузької перемоги на позачергових виборах у березні для вісімнадцятого округу Конгресу Пенсильванії.
Це місце займав республіканець більше десяти років, і президент Дональд Трамп виграв округ на 20 балів.
Політичні експерти дали демократам невелику перевагу.
США зважили покарання Сальвадору за підтримку Китаю, а потім відступили
Дипломати зазначили, що Домініканська Республіка та Панама вже визнали Пекін, з невеликим відштовхуванням від Вашингтона.
Трамп провів теплу зустріч з президентом Панами Хуаном Карлосом Варелою в червні 2017 року і мав готель у Панамі, поки партнери не виселили управлінську команду Trump Organization.
Чиновники Державного департаменту вирішили відкликати американських керівників дипломатичних місій з Сальвадору, Домініканської Республіки та Панами щодо «недавніх рішень про те, щоб більше не визнавати Тайвань», заявила прес-секретар департаменту Хізер Науерт на початку цього місяця.
Але санкції розглядалися лише проти Сальвадору, який отримав приблизно 140 мільйонів доларів американської допомоги в 2017 році, в тому числі за контроль над наркотиками, розвиток та економічну підтримку.
Запропоновані штрафи, які включали скорочення фінансової допомоги та цілеспрямовані візові обмеження, були болісними для країни Центральної Америки та її високий рівень безробіття та вбивств.
У міру просування внутрішніх зустрічей північноамериканські та центральноамериканські чиновники відклали конференцію на високому рівні, зосереджену на безпеці та економічному процвітанні, щоб продовжити аналогічне зібрання минулого року, яке розглядалося як крок вперед у зусиллях, спрямованих на те, щоб мігранти прямували до Сполучених Штатів.
Але до середини вересня високопоставлені чиновники адміністрації дали зрозуміти, що вони хочуть, щоб конференція продовжилася, фактично припинивши будь-який розгляд покарань для Сальвадору.
Віце-президент Майк Пенс має виступити на конференції, яка зараз запланована на середину жовтня, за сигналом імпорту адміністрації на зборах, повідомили дипломати.
І три американські посланці тихо повернулися в Сальвадор, Панаму і Домініканську Республіку без будь-яких нових жорстких повідомлень або покарань від Вашингтона.
Прес-секретар Білого дому Болтон відмовився коментувати деталі дебатів, які були описані трьома американськими чиновниками, включаючи двох дипломатів, які погодилися обговорити внутрішні обговорення на умовах анонімності.
Їхні облікові записи були підтверджені зовнішнім аналітиком, який близький до адміністрації, а також говорив на умовах анонімності.
Вивчення історії
Наступним взуттям може стати доповідь спеціального прокурора Роберта Мюллера про можливе перешкоджання правосуддю пана Трампа, яка зараз є дуже вагомими доказами в публічних записах.
Повідомляється, що Мюллер також звертає своє розслідування на те, чи змовилася кампанія Трампа з Росією під час її нападу на наші вибори.
Якщо Конгрес змінить руки, пан Трамп зіткнеться з підзвітністю в цьому органі, так само, як він готувається піти знову перед виборцями, і, можливо, в кінцевому підсумку присяжними своїх однолітків.
Цього багато, і я не хочу припускати, що падіння пана Трампа неминуче, ні його еквівалентів у Європі.
Є вибори, які повинні бути зроблені всіма нами по обидва боки Атлантики, що вплине на те, наскільки тривалою може бути боротьба.
У 1938 році німецькі офіцери були готові влаштувати державний переворот проти Гітлера, якби тільки Захід чинив йому опір і підтримував чехословаків у Мюнхені.
Ми зазнали невдачі, і втратили можливість, щоб уникнути років бійні, які настали.
Ход історії обертається навколо таких переломних моментів, і невблаганний марш демократії прискорюється або затягується.
Американці стикаються з кількома з цих переломних моментів зараз.
Що ми будемо робити, якщо Трамп звільнить заступника генерального прокурора Рода Розенштейна, людину, яка контролює долю розслідування пана Мюллера?
Розенштайн був у гарячій воді з тих пір, як ця газета повідомила, що минулого року він запропонував таємно записати президента і розмірковував про те, що він непридатний для посади.
Пан Розенштайн каже, що розповідь "Таймс" неточна.
"Як ми відповімо, якщо нещодавно запитане розслідування ФБР Бретта Кавано не буде повним або справедливим - або якщо він буде підтверджений у Верховному суді, незважаючи на достовірні звинувачення в сексуальному насильстві та нечесних свідченнях?
І, перш за все, чи проголосуємо ми на проміжних термінах для Конгресу, який притягне пана Трампа до відповідальності?
Якщо ми провалимо ці тести, демократія чекатиме довгої зими.
Але я вірю, що ми не зазнаємо невдачі через урок, який я засвоїв у Празі.
Моєю матір'ю був чехословацький єврей, який був депортований до Аушвіца тим самим нацистським режимом, який колись займав мій посольський дім.
Вона вижила, іммігрувала до Америки і, через 60 років, відправила мене запалити суботні свічки на цей стіл зі свастикою.
З огляду на те, як моя спадщина, як я можу не бути оптимістом щодо нашого майбутнього?»
Норман Айзен, старший науковий співробітник Інституту Брукінгса, є головою «Громадяни за відповідальність та етику у Вашингтоні» та автором «Останнього палацу: турбулентне століття Європи в п'яти життів та одного легендарного будинку».
Рейнджерс Грем Дорранс оптимістично налаштований перед зіткненням Rapid Vienna
Рейнджери приймають "Рапід Відень" у четвер, знаючи, що перемога над австрійцями після вражаючої нічиєЇ в Іспанії проти "Вільярреаля" на початку цього місяця поставить їх у сильну позицію, щоб кваліфікуватися з групи G Ліги Європи.
Травма коліна завадила півзахиснику Грему Доррансу вперше з'явитися в сезоні до нічиєї 2-2 з «Вільярреалом», але він вважає, що «Рейнджерс» можуть використовувати цей результат як трамплін для великих речей.
"Це було хорошим моментом для нас, тому що Вільярреаль - це хороша сторона", - сказав 31-річний.
"Ми пішли в гру, вважаючи, що ми можемо щось отримати, і відійшли з очком.
Можливо, ми могли б викрасти його в кінці, але, в цілому, нічия, ймовірно, була справедливим результатом.
Їм, мабуть, було краще в першому таймі, і ми вийшли у другому таймі і були кращою стороною.
Їдучи в четвер, це ще одна велика європейська ніч.
Сподіваємось, ми можемо отримати три очки, але це буде важка гра, тому що вони мали хороший результат у своїй останній грі, але з натовпом позаду нас, я впевнений, що ми можемо наполягати і отримати позитивний результат.
Минулий рік, безумовно, був жорстким, між усім, що сталося з моїми травмами, і змінами в самому клубі, але зараз у цьому місці є хороший фактор.
Загін хороший, і хлопці дійсно насолоджуються цим; тренування хороші.
Сподіваємось, ми зможемо просунутися далі, залишити минулий сезон позаду і бути успішними».
Жінки втрачають сон через цей страх пенсійних заощаджень
Незважаючи на те, що учасники опитування мали чітке уявлення про те, як вони хочуть, щоб про них піклувалися, про це мало хто розмовляв з членами своєї сім'ї.
Близько половини людей у загальнонаціональному дослідженні сказали, що вони розмовляють зі своїм подружжям про вартість довгострокового догляду.
Лише 10 відсотків сказали, що вони говорили зі своїми дітьми про це.
"Люди хочуть, щоб член сім'ї піклувався про них, але вони не вживають заходів для розмови", - сказала Холлі Снайдер, віце-президент бізнесу зі страхування життя Nationwide.
Ось з чого почати.
Поговоріть зі своїм чоловіком і дітьми: Ви не можете підготувати свою сім'ю, щоб забезпечити догляд, якщо ви не зробите ваші побажання добре відомі заздалегідь.
Працюйте зі своїм радником та сім'єю, щоб обговорити, де та як отримати допомогу, оскільки цей вибір може бути важливим фактором у визначенні вартості.
Залучіть свого фінансового консультанта: Ваш радник також може допомогти вам придумати спосіб оплати цих витрат.
Ваш вибір фінансування для довгострокового догляду може включати в себе традиційний поліс довгострокового страхування, гібридний поліс страхування життя грошової вартості, щоб допомогти покрити ці витрати або самозаспокоєння з вашим власним багатством - до тих пір, поки у вас є гроші.
Роздайте свої юридичні документи: Очорніть юридичні битви на перепустці.
Отримайте проксі-сервер охорони здоров'я, щоб ви призначали довірену особу для нагляду за вашою медичною допомогою та забезпечення того, щоб професіонали відповідали вашим побажанням, якщо ви не можете спілкуватися.
Крім того, розгляньте довіреність на свої фінанси.
Ви виберете довірену особу для прийняття фінансових рішень за вас і забезпечите, щоб ваші рахунки були сплачені, якщо ви недієздатні.
Не забувайте дрібні деталі: уявіть, що ваші літні батьки мають невідкладну медичну допомогу і знаходяться по дорозі до лікарні.
Чи могли б ви відповісти на питання щодо ліків та алергії?
Пишіть ці деталі в письмовому плані, щоб ви були готові.
"Це не просто фінанси, які знаходяться в грі, але хто лікарі?", - запитав Мартін.
«Які ліки?
Хто буде доглядати за собакою?
Майте цей план на місці».
Чоловік вистрілив кілька разів пневматичною гвинтівкою в Ілфракомбі
Чоловік був застрелений з пневматичної гвинтівки, коли він йшов додому з ночівлі.
Потерпілий, у віці сорока років, був у районі Оксфорд-Гроув в Ілфракомбі, Девон, коли йому вистрілили в груди, живіт і руку.
Офіцери описали стрілянину, яка сталася близько 02:30 BST, як «випадковий вчинок».
Потерпілий не бачив свого нападника.
Його травми не є небезпечними для життя, і поліція звернулася за свідками.
Землетруси та цунамі в Індонезії
Щонайменше 384 людини загинули від потужного землетрусу і цунамі, які обрушилися на індонезійське місто Палу в п'ятницю, повідомили чиновники.
Оскільки зв'язок був вибитий, чиновники не змогли отримати будь-яку інформацію від регентства Донгала, району на північ від Палу, який знаходиться ближче до епіцентру землетрусу магнітудою 7,5.
У Палу понад 16,000 людей були евакуйовані після того, як сталася катастрофа.
Ось деякі ключові факти про Палу та Донггалу, на острові Сулавесі:
Палу є столицею центральної провінції Сулавесі, розташованої в кінці вузької бухти на західному узбережжі острова Сулавесі, з орієнтовним населенням 379,800 у 2017 році.
Місто святкувало своє сорокове ювілею, коли стався землетрус і цунамі.
Донггала - це регентство, що простягається вздовж більш ніж 300 км (180 миль) берегової лінії на північному заході острова Сулавесі.
Регентство, адміністративний район нижче провінції, мав орієнтовне населення 299,200 у 2017 році.
Риболовля та сільське господарство є основою економіки центральної провінції Сулавесі, особливо прибережного регіону Донггала.
Видобуток нікелю також важливий у провінції, але в основному зосереджений у Моравалі, на протилежному узбережжі Сулавесі.
Палу і Донггала постраждали від цунамі кілька разів за останні 100 років, повідомляє Індонезійське агентство з пом'якшення наслідків стихійних лих.
У 1938 році цунамі вбило понад 200 людей і зруйнувало сотні будинків в Донггалі.
Цунамі також вразило західну Донггалу в 1996 році, убивши дев'ять.
Індонезія сидить на сейсмічному Тихоокеанському вогняному кільці і регулярно постраждає від землетрусів.
Ось деякі з основних землетрусів і цунамі в останні роки:
2004: Великий землетрус на західному узбережжі індонезійської провінції Ачех на півночі Суматри 26 грудня викликав цунамі, яке вразило 14 країн, убивши 226 тисяч людей уздовж узбережжя Індійського океану, більше половини з них в Ачеху.
2005: Серія сильних землетрусів обрушилася на західне узбережжя Суматри наприкінці березня та на початку квітня.
Сотні людей загинули на острові Ніас, біля узбережжя Суматри.
2006: магнітуда 6,8 обрушилася на південь від Яви, найнаселенішого острова Індонезії, викликавши цунамі, яке врізалося в південне узбережжя, загинуло майже 700 людей.
2002: Землетрус магнітудою 7,6 стався поблизу міста Паданг, столиці провінції Західна Суматра.
Загинуло понад 1,100 людей.
2010: Землетрус магнітудою 7,5 стався на одному з островів Ментаваї, біля Суматри, викликавши цунамі до 10 метрів, яке знищило десятки сіл і вбило близько 300 людей.
2016: Неглибокий землетрус обрушився на регентство Піді-Джая в Ачеху, викликавши руйнування та паніку, коли людям нагадали спустошення смертельного землетрусу та цунамі 2004 року.
Цього разу цунамі не спрацювало, але понад 100 були вбиті зруйнованими будівлями.
2018: Великі землетруси обрушилися на туристичний острів Індонезії Ломбок, загинули понад 500 людей, в основному на північній стороні острова.
Землетрус зруйнував тисячі будівель і тисячі туристів тимчасово застрягли.
Старшого сина Сари Пейлін заарештували за звинуваченням у домашньому насильстві
Трек Пейлін, старший син колишнього губернатора Аляски та кандидата у віце-президенти Сари Пейлін, був заарештований за звинуваченням у нападі.
29-річний Пейлін з Васілли, штат Аляска, був заарештований за підозрою в домашньому насильстві, втручаючись у повідомлення про домашнє насильство та опір арешту, згідно зі звітом, опублікованим у суботу державними солдатами Аляски.
Згідно з поліцейським звітом, коли знайома-жінка намагалася зателефонувати в поліцію, щоб повідомити про передбачувані злочини, він забрав у неї телефон.
Пейлін перебуває під вартою в досудовій установі Mat-Su і утримувається за незахищеними облігаціями в розмірі 500 доларів, повідомляє KTUU.
Він з'явився в суді в суботу, де він визнав себе "невинним, напевно", коли його запитали, повідомили в мережі.
Пейліну загрожує три проступки класу A, що означає, що він може бути ув'язнений до року і оштрафований на 250,000 XNUMX доларів.
Йому також було пред'явлено звинувачення в проступку класу B, що карається днем ув'язнення у в'язниці та штрафом у розмірі 2,000 доларів.
Це не перший випадок, коли проти Пейліна висунуто кримінальні звинувачення.
У грудні 2017 року його звинуватили в нападі на свого батька Тодда Пейліна.
Його мати, Сара Пейлін, викликала поліцію, щоб повідомити про передбачуваний напад.
В даний час справа знаходиться перед Ветеранським судом Аляски.
У січні 2016 року йому було пред'явлено звинувачення у домашньому насильстві, втручанні у зв'язання зі злочином домашнього насильства та володінні зброєю у стані сп'яніння у зв'язку з інцидентом.
Його дівчина стверджувала, що він вдарив її по обличчю.
Сара Пейлін була піддана критиці ветеранськими групами в 2016 році після того, як пов'язала жорстоку поведінку свого сина з ПТСР, пов'язаною з його службою в Іраку.
Цунамі в Індонезії: сотні людей загинули
Щонайменше 384 людини загинули після того, як у п'ятницю на індонезійському острові Сулавесі стався землетрус.
Землетрус магнітудою 7,5 спровокував цунамі і зруйнував тисячі будинків.
Мережі електроенергії та зв'язку знижуються, а кількість смертей, як очікується, зросте в найближчі дні.
Землетрус стався недалеко від центру Сулавесі, який знаходиться на північний схід від столиці Індонезії Джакарти.
У соціальних мережах поширюються відео, що показують момент впливу.
Сотні людей зібралися на пляжний фестиваль у місті Палу, коли цунамі розбилося на березі.
Федеральні прокурори домагаються рідкісної смертної кари для підозрюваного в теракті в Нью-Йорку
Федеральні прокурори Нью-Йорка домагаються смертної кари для Сайфулло Сайпова, підозрюваного в теракті в Нью-Йорку, в результаті якого загинули вісім людей - рідкісне покарання, яке не проводилося в штаті за федеральний злочин з 1953 року.
30-річний Саїпов, імовірно, використовував орендовану вантажівку Home Depot, щоб здійснити атаку на велосипедній доріжці уздовж Вест-Сайдського шосе в Нижньому Манхеттені, скошуючи пішоходів і велосипедиста на своєму шляху в жовтні.
Для того, щоб виправдати смертний вирок, прокурорам доведеться довести, що Саїпов «навмисно» вбив вісьмох потерпілих і «навмисно» завдав серйозних тілесних ушкоджень, згідно з повідомленням про наміру домагатися смертної кари, поданої в Південному окрузі Нью-Йорка.
Згідно з судовим документом, обидва ці підрахунки несуть, можливо, смертний вирок.
Через кілька тижнів після нападу федеральне присяжневе присяжних вдарило Саїпова обвинувальним висновком за 22 пунктами, яке включало вісім звинувачень у вбивстві за допомогою рекету, який зазвичай використовується федеральними прокурорами у справах про організовану злочинність, а також звинувачення у насильстві та знищенні автотранспортних засобів.
Атака вимагала «істотного планування та навмисності», заявили прокурори, описавши спосіб, у який Сайпов здійснював це як «огидний, жорстокий і розбещений».
"Sayfullo Habibullaevic Saipov завдав шкоди, шкоди та втрати сім'ям та друзям Дієго Енріке Анджеліні, Ніколаса Клевеса, Енн-Лора Декадта, Даррена Дрейка, Аріеля Ерлія, Ернана Ферручі, Ернана Дієго Мендоси та Алехандро Даміана Пагнукко", - йдеться у повідомленні.
П'ятеро постраждалих були туристами з Аргентини.
Минуло десять років відтоді, як Південний округ Нью-Йорка востаннє переслідував справу про смертну кару.
Підсудний, Халід Барнс, був засуджений за вбивство двох постачальників наркотиків, але в кінцевому підсумку був засуджений до довічного ув'язнення у вересні 2009 року.
Востаннє смертна кара була здійснена у федеральній справі Нью-Йорка в 1953 році для Юліуса та Етель Розенберг, подружньої пари, страченої після того, як вони були засуджені за змову зі шпигунством для Радянського Союзу під час холодної війни два роки тому.
Обидва Розенберги були страчені електричним кріслом 19 червня 1953 року.
Саїпов, уродженець Узбекистану, продемонстрував відсутність каяття в дні і місяці після нападу, згідно з судовими документами.
Він заявив слідчим, що почувається добре щодо того, що він зробив, повідомили в поліції.
Сайпов сказав владі, що його надихнуло здійснити атаку після перегляду відео ІДІЛ на його телефоні, згідно з обвинувальним висновком.
Він також попросив показати прапор ІДІЛ у своїй лікарняній палаті, повідомили в поліції.
Він не визнав себе винним в обвинувальному акті за 22 пунктами.
Девід Паттон, один з федеральних громадських захисників, що представляють Саїпова, сказав, що вони «очевидно розчаровані» рішенням обвинувачення.
"Ми вважаємо, що рішення домагатися смертної кари, а не приймати визнання провини до довічного ув'язнення без можливості звільнення, лише подовжить травму цих подій для всіх причетних", - сказав Паттон.
Команда захисту Сайпова раніше просила прокурорів не домагатися смертної кари.
Депутат від "Торі" заявив, що НАЙДЖЕЛ ФАРАДЖ повинен відповідати за переговори щодо Brexit
Найджел Фарадж пообіцяв "мобілізувати народну армію" сьогодні під час протесту на конференції Торі.
Колишній лідер Ukip заявив, що політики повинні "відчути спеку" від євроскептиків - оскільки один із власних депутатів Терези Мей припустив, що він повинен відповідати за переговори з ЄС.
Консервативний захисник Пітер Боун заявив на марші в Бірмінгемі, що Велика Британія "вийшла б", якби пан Фарадж був секретарем Brexit.
Але виклик, з яким зіткнулася пані Мей у примиренні своїх глибоко розділених рядів, був підкреслений тим, що торі, які виступають за те, щоб приєднатися до окремого протесту проти Brexit у місті.
Прем'єр-міністр щосили намагається утримати свій компромісний план "Чекерс" на тлі атак з боку прихильників Брекзиту, "Залишок" та ЄС.
Союзники наполягали на тому, що вона буде наполягати на спробі укласти угоду з Брюсселем, незважаючи на негативну реакцію, і змусити євроскептиків і лейбористів вибирати між її пакетом і «хаосом».
Пан Боун сказав на мітингу Leave Means Leave у Соліхаллі, що він хоче «кинути чеки».
Він припустив, що Фарадж повинен був стати однолітком і взяти на себе відповідальність за переговори з Брюсселем.
"Якби він був головним, ми б вже вийшли", - сказав він.
Депутат Веллінгборо додав: "Я буду відстоювати Brexit, але нам потрібно кинути "Чекерс".
Встановлюючи свою опозицію до ЄС, він сказав: «Ми не боролися зі світовими війнами, щоб бути підпорядкованими.
Ми хочемо приймати власні закони у власній країні».
Пан Боун відхилив припущення про те, що громадська думка змінилася після голосування 2016 року: «Ідея про те, що британський народ змінив свою думку і хоче залишитися, абсолютно не відповідає дійсності».
Торі Брекзитів Андреа Дженкінс також був на марші, кажучи журналістам: "Я просто кажу: прем'єр-міністр, послухайте людей.
"Чекери непопулярні серед широкої публіки, опозиція не збирається голосувати за це, вона непопулярна серед нашої партії та наших активістів, які фактично б'ються вулицями та обирають нас у першу чергу.
Будь ласка, киньте "Чекерс" і почніть слухати".
"Прем'єр-міністри зберігають свої робочі місця, коли виконують свої обіцянки".
Фарадж заявив, що політики мітингу повинні бути змушені "відчути спеку", якщо вони збиралися зрадити рішення, прийняте на референдумі 2016 року.
"Зараз це питання довіри між нами - народом - і нашим політичним класом", - сказав він.
"Вони намагаються зрадити Brexit, і ми сьогодні тут, щоб сказати їм: "Ми не дозволимо вам зробити це".
"Я хочу, щоб наш політичний клас, який знаходиться на порозі зради Brexit, відчував спеку.
"Ми мобілізуємо народну армію цієї країни, яка дала нам перемогу в Brexit і ніколи не заспокоїться, поки ми не станемо незалежним, самоврядним, гордим Сполученим Королівством".
Тим часом Remainers марширували через Бірмінгем, перш ніж провести двогодинний мітинг у центрі міста.
Активісти розмахували банерами "Торі проти Brexit" після запуску групи цими вихідними.
Лорд Адоніс знущався над консерваторами з питань безпеки, з яких вони страждали з партійним додатком під час відкриття конференції.
"Це люди, які кажуть нам, що вони можуть мати ІТ-системи на місці і всі технології для Канади плюс плюс, для безперешкодного кордону, для вільної торгівлі без кордонів в Ірландії", - додав він.
"Це повний фарс.
Немає такого поняття, як хороший Brexit", - додав він.
Уоррен планує "жорстко дивитися", щоб балотуватися в президенти
Американський сенатор Елізабет Уоррен заявила, що "жорстко подивиться на балотування в президенти" після листопадових виборів.
The Boston Globe повідомляє, що массачусетський демократ розповів про своє майбутнє під час ратуші в західному Массачусетсі в суботу.
Воррен, частий критик президента Дональда Трампа, балотується на переобрання в листопаді проти республіканця Джеффа Діла, який був співголовою кампанії Трампа в Массачусетсі 2016 року в Массачусетсі.
Вона була в центрі спекуляцій, що вона може взяти на себе Трампа в 2020 році.
У суботу вдень захід у Холіоке була її тридцятою зустріччю з виборцями у форматі ратуші після того, як Трамп вступив на посаду.
Її запитала, чи планує вона балотуватися в президенти.
Уоррен відповів, що "настав час для жінок поїхати до Вашингтона, щоб полагодити наш зламаний уряд, і це включає жінку на вершині".
Арешт, здійснений під час розстрілу LSU's Sims
Поліцейські в Батон-Руж, штат Лос-Анджелес, оголосили в суботу, що підозрюваний був заарештований у зв'язанні зі смертю баскетболіста LSU Уейда Сімса в п'ятницю.
Поліцейський департамент Батон-Руж оголосив про арешт 20-річного Дітеона Сімпсона на прес-конференції 11 ранку.
Вони оприлюднили відео стрілянини в п'ятницю з проханням допомогти ідентифікувати чоловіка, побаченого на кадрах.
20-річний Сімс був застрелений біля кампусу Південного університету в п'ятницю вранці.
"Wayde Sims отримав вогнепальне поранення в голову і в кінцевому підсумку помер в результаті", - сказав начальник поліції Мерфі Дж. Пол ЗМІ в суботу, відповідно до 247sports.
Уейд втрутився, щоб захистити свого друга, і його застрелив Сімпсон.
Сімпсон був допитаний і зізнався, що був на місці події, володіючи зброєю, і зізнався, що стріляв Уейда Сімса.
Сімпсона заарештували без інцидентів і взяли під варту в поліцейському департаменті парафії Іст-Батон-Руж.
6-футовий юніор, який виріс у Батон-Руж, Сімс зіграв у 32 матчах з 10 стартами в минулому сезоні і набрав в середньому 17,4 хвилини, 5,6 очок і 2,9 підбирань за гру.
Гран-прі Росії: Льюїс Хемілтон наближається до титулу чемпіона світу після того, як командні накази віддають йому перемогу над Себастьяном Феттелем
З того моменту стало зрозуміло, що Валттері Боттас кваліфікувався попереду Льюїса Хемілтона в суботу, що замовлення команди Mercedes зіграють велику роль у гонці.
З поулу Боттас отримав хороший старт і майже повісив Хемілтона, щоб висохнути, оскільки він захищав свою позицію в перших двох поворотах і запросив Феттеля атакувати свого товариша по команді.
Феттель спочатку пішов у ями і залишив Хемілтона, щоб натрапити на дорожній рух біля хвоста зграї, що повинно було бути вирішальним.
Мерседес пропустив коло пізніше і вийшов за Феттеля, але Хемілтон пішов вперед після деякої дії від колеса до колеса, коли водій Ferrari неохоче залишив внутрішню частину, ризикуючи протриматися після подвійного ходу, щоб захиститися на третьому повороті.
Макс Ферстаппен стартував із заднього ряду сітки і був на сьомому місці до кінця першого кола на своєму двадцять першому дні народження.
Потім він лідирував протягом значної частини гонки, тримаючись за свої шини, щоб націлитися на швидкий фініш і обігнати Кімі Райкконена на четвертому місці.
Врешті-решт він вийшов у піт-стопи на 44му колі, але не зміг збільшити свій темп на останніх восьми колах, оскільки Райкконен посів четверте місце.
Це важкий день, тому що Валттері зробив фантастичну роботу всі вихідні і був справжнім джентльменом, який сказав мені.
Команда зробила таку виняткову роботу, щоб мати один два", - сказав Хемілтон.
Це Була Дійсно Погана Мова Тіла
Президент Дональд Трамп знущався над сенатором Даяном Файнштайном на мітингу в суботу через її наполягання, що вона не злила листа від Крістін Блейзі Форд, звинувачуючи кандидата у Верховний суд Бретта Кавано в сексуальному насильстві.
Виступаючи на мітингу в Західній Вірджинії, президент безпосередньо не звертався до свідчень, наданих Фордом перед комітетом з питань правосуддя Сенату, натомість коментуючи, що те, що відбувається в Сенаті, показало, що люди були «підлими, неприємними та неправдивими».
"Єдине, що може статися, і прекрасне, що відбувається протягом останніх кількох днів у Сенаті, коли ви бачите гнів, коли ви бачите людей, які злі, підлі, неприємні та неправдиві", - сказав він.
"Коли ви дивитеся на релізи та витоки, а потім вони кажуть: "О, я цього не робив.
Я цього не робив".
Пам'ятаєш?
Даян Файнштайн, ви просочилися?
Пам'ятаєте її відповідь... ви злили документ - "о, ой, що?
О, ні.
Її не просочили.
Зачекайте одну хвилину.
Ми витікали ... Ні, ми не просочилися", - додав він, у враженні сенатора.
Файнштайну було надіслано листом з докладним описом звинувачень проти Кавано Форд ще в липні, і він просочився раніше у вересні, але Файнштейн заперечував, що витік надійшов з її офісу.
"Я не приховував тверджень доктора Форда, я не злив її історію", - сказав Файнштайн комітету, повідомляє The Hill.
"Вона попросила мене тримати його конфіденційним, і я тримав його конфіденційним, як вона запитала".
Але її заперечення, здавалося, не влаштувало президента, який прокоментував під час суботнього мітингу: «Скажу вам, це була дуже погана мова тіла.
Можливо, вона цього не зробила, але це найгірша мова тіла, яку я коли-небудь бачив».
Продовжуючи свій захист кандидата у Верховний суд, який був звинувачений у сексуальних домаганнях трьома жінками, президент припустив, що демократи використовують звинувачення для власних цілей.
"Вони сповнені рішучості повернути владу будь-якими необхідними засобами.
Ви бачите підлість, огиду, їм байдуже, хто їм боляче, кого вони повинні переїхати, щоб отримати владу та контроль», – сказав президент.
Еліта Ліга: Данді Зірки 5-3 Белфастські Гіганти
Патрік Дуайер забив два м'ячі за "Гігантів" проти "Данді"
"Данді Старз" спокутували п'ятничну поразку "Елітичної ліги" проти "Белфаст Гігантс", вигравши матч-відповідання 5-3 в Данді в суботу.
Гіганти отримали ранню перевагу в два м'ячі через удари від Патріка Дваєра та Френсіса Бовільєра.
Майк Салліван і Джордан Кауні принесли домашній рівень, перш ніж Дуайер відновив лідерство гігантів.
Франсуа Бушар зрівнявся з Данді, перш ніж два голи Лукаса Лундвальда Нільсена забезпечили їм перемогу.
Це була третя поразка Елітарної ліги в сезоні для людей Адама Кіфа, які прийшли ззаду, щоб обіграти Данді 2-1 в Белфасті в п'ятницю ввечері.
Це була четверта зустріч сезону між сторонами, коли «Гіганти» виграли попередні три матчі.
Відкриття Дуаєра відбулося на четвертій хвилині на 3:35 від асиста Кендалла Макфолла, а Девід Резерфорд надав асисту, оскільки Бовільє подвоїв лідерство через чотири хвилини.
У напружений період відкриття Салліван повернув рідну сторону в гру 13:10, перш ніж Метт Марквардт став постачальником зрівнювача Cownie 15:16.
Dwyer подбав про те, щоб гіганти взяли лідерство в першій перерві, коли він потрапив у свій другий гол ночі в кінці першого періоду.
Домашня сторона перегрупувалася, і Бушар знову поставив їх на рівні умови з голом силової гри 27:37.
Кауні та Чарльз Коркоран об'єдналися, щоб допомогти Нільсену дати Данді лідерство вперше в матчі наприкінці другого періоду, і він переконався у перемозі з п'ятою половиною своєї команди протягом фінального періоду.
"Гіганти", які зараз програли чотири з останніх п'яти матчів, знаходяться вдома з "Мілтоном Кейнсом" у наступному матчі в п'ятницю.
Авіадиспетчер Загинув, Щоб Сотні Літаків Могли Уникнути Землетрусу
Авіадиспетчера в Індонезії називають героєм після того, як він загинув, гарантуючи, що літак, який перевозить сотні людей, благополучно відірвався від землі.
Понад 800 людей загинули, і багато з них зникли безвісти після потужного землетрусу на острові Сулавесі в п'ятницю, викликавши цунамі.
Сильні підземні поштовхи продовжують переслідувати цю місцевість, і багато хто опиняється в пастці уламків у місті Палу.
Але, незважаючи на те, що його колеги рятували своє життя, 21-річний Антоніус Гунаван Агунг відмовився залишити свій пост у дико похитній диспетчерській вежі в аеропорту Мутіара-Сіс-Аль-Джуфрі в аеропорту Палу.
Він залишився на місці, щоб переконатися, що рейс Batik Air 6321, який був на злітно-посадковій смузі в той час, зміг безпечно злетіти.
Потім він стрибнув з диспетчерської вежі, коли подумав, що вона руйнується.
Пізніше він помер у лікарні.
Прес-секретар з аеронавігації Індонезії Йоханнес Сірайт заявив, що це рішення, можливо, врятувало сотні життів, повідомляє ABT News в Австралії.
Ми підготували вертоліт з Балікпапана в Калімантані, щоб відвезти його до більшої лікарні в іншому місті.
На жаль, ми втратили його сьогодні вранці, перш ніж вертоліт дістався до Палу.
"Наше серце розривається, щоб почути про це", - додав він.
Тим часом влада побоюється, що кількість загиблих може охопити тисячі людей, оскільки агентство з пом'якшення наслідків стихійних лих країни заявило, що доступ до міст Донгала, Сігі та Бутонг обмежений.
"Вважається, що кількість загиблих все ще зростає, оскільки багато тіл все ще перебували під уламками, тоді як багато з них не можуть бути досягнуті", - сказав прес-секретар агентства Сутопо Пурво Нугрохо.
Хвилі, які досягали до шести метрів, спустошили Палу, який проведе масове поховання в неділю.
Військові та комерційні літаки привозять допомогу та припаси.
Ріса Кусума, 35-річна мати, розповіла Sky News: «Кожну хвилину швидка допомога привозить тіла.
Чистої води недостатньо.
Міні-ринки розграбовані скрізь».
Ян Гельфанд, голова Міжнародного Червоного Хреста в Індонезії, сказав CNN: «Індонезійський Червоний Хрест мчить, щоб допомогти тим, хто вижив, але ми не знаємо, що вони там знайдуть.
Це вже трагедія, але може стати набагато гіршою».
Президент Індонезії Джоко Відодо прибув до Палу в неділю і сказав військовим країни: «Я прошу всіх вас працювати вдень і вночі, щоб виконати всі завдання, пов'язані з евакуацією.
Ви готові?", - повідомляє CNN.
Індонезія постраждала на початку цього року від землетрусів у Ломбоку, під час яких загинуло понад 550 людей.
Авіакатастрофа Micronesia: Air Niugini заявила, що одна людина зникла після авіакатастрофи в лагуні
Авіакомпанія, яка керувала рейсом, яка врізалася в тихоокеанську лагуну в Мікронезії, тепер каже, що одна людина зникла, після того, як раніше заявила, що всі 47 пасажирів та членів екіпажу безпечно евакуювали потопаючий літак.
Air Niugini заявила в прес-релізі, що станом на суботу вдень вона не змогла пояснити пасажира-чоловіка.
Авіакомпанія заявила, що співпрацює з місцевою владою, лікарнями та слідчими, щоб спробувати знайти чоловіка.
Авіакомпанія не відразу відповіла на запити про більш детальну інформацію про пасажира, такі як його вік або національність.
Місцеві човни допомогли врятувати інших пасажирів та екіпаж після того, як літак потрапив у воду, намагаючись приземлитися в аеропорту острова Чуук.
Чиновники заявили в п'ятницю, що семеро людей були доставлені в лікарню.
Авіакомпанія заявила, що шестеро пасажирів залишилися в лікарні в суботу, і всі вони знаходяться в стабільному стані.
Те, що стало причиною аварії та точна послідовність подій, залишається незрозумілим.
Авіакомпанія та ВМС США заявили, що літак приземлився в лагуні недалеко від злітно-посадкової смуги.
Деякі свідки думали, що літак перекинув злітно-посадкову смугу.
Американський пасажир Білл Джейнс сказав, що літак вийшов дуже низьким.
"Це надзвичайно хороша річ", сказав Джейнс.
Джейнс сказав, що йому та іншим вдалося пробратися через глибоку талію до аварійних виходів на потопаючому літаку.
Він сказав, що стюардеси панікують і кричать, і що він отримав незначну травму голови.
Військово-морські сили США заявили, що моряки, які працюють неподалік над поліпшенням пристані, також допомогли в порятунку, використовуючи надувний човен для перевезення людей на берег, перш ніж літак затонув приблизно в 30 метрах (100 футів) води.
Дані авіаційної мережі безпеки вказують на те, що 111 людей загинули в авіакатастрофах авіакомпаній, зареєстрованих PNG за останні два десятиліття, але жоден з них не був пов'язаний Air Niugini.
Аналітик викладає хронологічну шкалу нічної жінки, яка була спалена живцем
Обвинувачення припинило свою справу в суботу на повторному судовому розгляді чоловіка, якого звинувачують у спалюванні жінки з Міссісіпі живцем у 2014 році.
Аналітик Міністерства юстиції США Пол Роулетт протягом декількох годин свідчив як свідок-експерт у галузі аналізу розвідки.
Він описав присяжним, як він використовував записи мобільних телефонів, щоб об'єднати рухи 29-річної підсудної Квінтона Телліса та 19-річної жертви Джессіки Чемберс у ніч, коли вона померла.
Роулетт сказав, що він отримав дані про місцезнаходження з декількох мобільних телефонів, які показали, що Телліс був з Чемберсом увечері її смерті, що суперечить його попереднім твердженням, повідомляє The Clarion Ledger.
Коли дані показали, що його мобільний телефон був з Чемберсом під час того часу, коли він сказав, що був зі своїм другом Майклом Сенфордом, поліція пішла поговорити з Сенфордом.
Сенфорд виступив у суботу і засвідчив, що він не був у місті того дня.
Коли прокурори запитали, чи говорить Телліс правду, коли він сказав, що він був у вантажівці Сенфорда тієї ночі, Сенфорд сказав, що він "бреше, тому що моя вантажівка була в Нешвіллі".
Ще одна невідповідність полягала в тому, що Телліс сказав, що він знав Чемберса близько двох тижнів, коли вона померла.
Записи мобільних телефонів вказали, що вони знали один одного лише тиждень.
Роулетт сказав, що десь після смерті Чемберса Телліс видалив повідомлення, дзвінки та контактну інформацію Чемберса зі свого телефону.
"Він стер її зі свого життя", - сказав Гейл.
Захисник має розпочати свої заключні дебати в неділю.
Суддя сказав, що він очікує, що судовий процес дістанеться присяжним пізніше того ж дня.
Висока порода: що таке свідомий хіп-хоп?
Тріо хіп-хопу хоче кинути виклик негативному погляду жанру, наповнивши свою музику позитивними повідомленнями.
The High Breed з Брістоля стверджують, що хіп-хоп відійшов від витоків політичних меседжів і вирішення соціальних питань.
Їм хочеться повернутися до свого коренів і знову зробити свідомий хіп-хоп популярним.
Такі художники, як The Fugees і Common, спостерігали недавнє відродження у Великобританії через таких художників, як Akala і Lowkey.
Ще одна чорношкіра людина?!
Нью-Йоркська няня подала до суду на пару через звільнення після "расистського" тексту
Нью-йоркська няня судиться з парою за дискримінаційне звільнення після того, як отримала неправильно спрямований текст від матері, скаржачись на те, що вона була «іншою чорношкірою людиною».
Пара заперечує, що вони расисти, порівнюючи костюм з «вимаганням».
Лінсі Пласко-Флаксман, мати двох дітей, висловила занепокоєння, дізнавшись, що новий постачальник послуг з догляду за дітьми Жизель Моріс була чорношкірою після прибуття на свій перший день роботи в 2016 році.
"NOOOOOOOOOO ЩЕ ОДНА ЧОРНА ЛЮДИНА", - написала місіс Пласко-Флаксман своєму чоловікові в тексті.
Однак замість того, щоб надіслати його своєму чоловікові, вона двічі відправляла його пані Моріс.
Зрозумівши свою прогалину, "незручний" Пласко-Флаксман звільнив пані Моріс, заявивши, що їхня товариська няня, яка була афроамериканкою, зробила погану роботу, і що замість цього вона очікувала філіппінця, повідомляє New York Post.
Пані Моріс заплатили за її один день роботи, а потім відправили додому на Uber.
Тепер Моріс судиться з парою за компенсацію за звільнення, і домагається компенсації на суму 350 доларів на день для шестимісячного концерту, для якого вона спочатку була найнята, хоча і без контракту.
"Я хочу показати їм, дивіться, ви не робите таких речей", - сказала вона в п'ятницю, додавши: "Я знаю, що це дискримінація".
Пара відреагувала на заяви про те, що вони расистські, заявивши, що припинення роботи Моріса було розумною справою, побоюючись, що вони не зможуть довіряти їй після того, як образили її.
"Моя дружина надіслала їй те, що вона не хотіла сказати.
Вона не расистка.
Ми не расистські люди", - сказав чоловік Джоел Пласко в інтерв'ю The Post.
"Але чи віддали б ви своїх дітей в руки когось, з ким ви були грубі, навіть якщо це було помилково?
Ваша новонароджена дитина?
Ходімо".
Порівнюючи костюм з «вимаганням», Пласко сказав, що його дружині було всього два місяці після народження дитини і вона перебувала в «дуже важкій ситуації».
"Ти збираєшся переслідувати когось такого?
Це не дуже приємна справа», – додав інвестиційний банкір.
Незважаючи на те, що судова справа все ще триває, суд громадської думки швидко засуджує пару в соціальних мережах, критикуючи їх за їхню поведінку та логіку.
Видавці Паддінгтона побоювалися, що читачі не будуть ставитися до ведмедя, що говорить, повідомляє новий лист
Дочка Бонда Карен Джанкель, яка народилася незабаром після того, як книга була прийнята, сказала про лист: «Важко поставити себе на місце того, щоб хтось прочитав його вперше, перш ніж він був опублікований.
Зараз це дуже забавно знати те, що ми знаємо про величезний успіх Паддінгтона».
Говорячи, що її батько, який працював оператором Бі-Бі-Бі-Сі, перш ніж його надихнули написати дитячу книгу маленького ведмедя-іграшки, було б сангвінікою про те, що його робота була відхилена, вона додала шістдесяту річницю публікації книг «гірко-солодкою» після його смерті минулого року.
Про Паддінгтона, якого вона називає «дуже важливим членом нашої сім'ї», вона додала, що її батько тихо пишається своїм можливим успіхом.
"Він був досить тихою людиною, і він не був хвастильною людиною", - сказала вона.
"Але оскільки Паддінгтон був настільки реальним для нього, це було майже як якщо у вас є дитина, яка чогось досягає: ви пишаєтеся ними, хоча це не ваша справа насправді.
Я думаю, що він розглядав успіх Паддінгтонга таким чином.
Незважаючи на те, що це було його творіння та його уява, він завжди віддавав належне самому Паддінгтону».
Моя донька помирала, і мені довелося попрощатися по телефону
Її дочка була доставлена в лікарню Ніцци Louis Pasteur 2, де лікарі марно працювали, щоб врятувати їй життя.
"І регулярно дзвонив, щоб сказати, що це було дуже погано, що вона не очікувала зробити це", - сказала місіс Еднан-Лаперузе.
"Потім мені подзвонили Наду, щоб сказати, що вона помре протягом наступних двох хвилин, і мені довелося попрощатися з нею.
І я це зробив.
Я сказав: "Таші, я дуже тебе кохаю, люба.
Я скоро буду з тобою.
Я буду з тобою.
Ліки, які лікарі давали їй, щоб її серце перекачувалося, повільно глузували і виходили з її системи.
Вона померла деякий час перед рукою, і це все закрилося.
Довелося просто сісти і почекати, знаючи, що це все розгортається.
Я не міг вити, кричати чи плакати, тому що я був у ситуації, оточеній сім'ями та людьми.
Мені довелося по-справжньому утримати його разом».
Врешті-решт місіс Еднан-Лаперуз, яка зараз сумує за втратою своєї доньки, сіла в літак разом з іншими пасажирами, не звертаючи уваги на випробування.
"Ніхто не знав", - сказала вона.
"У мене була опущена голова, і сльози падали весь час.
Їх важко пояснити, але це було в польоті, я відчула це непереборне почуття симпатії до Нада.
Що йому потрібна моя любов і розуміння.
Я знав, як сильно він її любив».
Скорботні жінки розміщують листівки, щоб запобігти самогубствам на мосту
Дві жінки, які втратили близьких через самогубство, працюють над тим, щоб інші не наклали на себе руки.
Шерон Девіс і Келлі Хамфріс розміщують листівки на валлійському мосту з надихаючими повідомленнями та телефонними номерами, які люди можуть викликати для підтримки.
Сину Девіса Тайлеру було 13 років, коли він почав страждати від депресії і наклав на себе руки у віці 18 років.
"Я не хочу, щоб будь-який батько відчував те, що я повинен відчувати щодня", - сказала вона.
45-річна пані Девіс, яка живе в Лідні, сказала, що її син був багатообіцяючим шеф-кухарем з інфекційною посмішкою.
"Всі знали його для його посмішки.
Їм завжди казала, що його посмішка освітлює будь-яку кімнату».
Тим не менш, він кинув роботу перед смертю, оскільки був «у справді темному місці».
У 2014 році брат Тайлера, якому на той час було 11 років, знайшов свого брата після того, як він покінчив життя самогубством.
Пані Девіс сказала: «Я постійно переживаю, що буде стукіт».
Пані Девіс створила листівки, «щоб люди знали, що там є люди, до яких ви можете піти, і ви можете поговорити, навіть якщо це друг.
Не сидьте мовчки - потрібно говорити".
Пані Хамфріс, яка дружила з пані Девіс протягом багатьох років, втратила Марка, свого 15-річного партнера, незабаром після смерті його матері.
"Він не сказав, що відчуває себе пригніченим або пригніченим", - сказала вона.
"За пару днів до Різдва ми помітили його зміну ставлення.
Він був на скелі на Різдво - коли діти відкривали свої подарунки, він не встановлював зоровий зв'язок з ними або що-небудь".
Вона сказала, що його смерть була величезною травмою для них, але вони повинні опрацювати це: "Це прориває діру через сім'ю.
Це розриває нас.
Але ми всі повинні продовжувати і боротися».
Якщо ви намагаєтеся впоратися, ви можете зателефонувати самаритянам безкоштовно за номером 116 123 (Великобританія та Ірландія), електронною поштою jo@samaritans.org або відвідайте веб-самаритянський веб-сайт тут.
Майбутнє Бретта Кавано висить на волосині, коли ФБР починає розслідування
"Я подумав, якби ми дійсно могли отримати щось на зразок того, про що він просив - розслідування, обмежене в часі, обмежене за обсягом - ми, можливо, могли б принести трохи єдності", - сказав Флейк у суботу, додавши, що він побоюється, що комітет "розвалюється" на тлі укоріненого партизанського глухого кута.
Чому пан Кавано та його прихильники-республіканці не хотіли, щоб ФБР розслідувало?
Їхнє небажання пов'язане з термінами.
До проміжних виборів залишилося лише п'ять тижнів, 6 листопада - якщо, як і очікувалося, республіканці зроблять погано, то вони будуть сильно ослаблені у своїх спробах отримати людину, яку вони хочуть, обраним до найвищого суду в країні.
Джордж Буш-старший взяв трубку, щоб зателефонувати сенаторам, лобіюючи їх, щоб підтримати пана Кавано, який працював у Білому домі для Буша і через нього зустрів свою дружину Ешлі, яка була особистим секретарем Буша.
Що відбувається після того, як ФБР пред'явить свій звіт?
Буде голосування в Сенаті, де зараз засідають 51 республіканець і 49 демократів.
Досі незрозуміло, чи зможе пан Кавано отримати щонайменше 50 голосів у сенаті, що дозволить Майку Пенсу, віце-президенту, розірвати зв'язок і підтвердити його у Верховному суді.
Північна Корея перебіжчика "падає" під керівництвом Кіма
Кількість північнокорейських перебіжчиків до Південної Кореї зменшилася після того, як Кім Чен Ин прийшов до влади сім років тому, заявив південнокорейський законодавець.
Пак Пьон Сью, посилаючись на дані міністерства об'єднання Півдня, сказав, що в минулому році було 1127 дезертирів - в порівнянні з 2706 в 2011 році.
Пак сказав, що більш жорсткий прикордонний контроль між Північною Кореєю і Китаєм і більш високі ставки, що стягуються контрабандистами, є ключовими факторами.
Пхеньян не зробив жодних публічних коментарів.
Переважна більшість перебіжчиків з Півночі в кінцевому підсумку отримують південнокорейське громадянство.
Сеул каже, що понад 30.000 північнокорейців незаконно перетнули кордон після закінчення Корейської війни в 1953 році.
Більшість тікає через Китай, який має найдовший кордон з Північною Кореєю і його легше перетнути, ніж сильно охоронювана демілітаризована зона (ДМЗ) між двома Кореями.
Китай розглядає перебіжчиків як нелегальних мігрантів, а не біженців, і часто примусово репатріює їх.
Відносини між Північчю і Півднем, які все ще технічно перебувають у стані війни, помітно покращилися в останні місяці.
Раніше цього місяця лідери двох країн зустрілися в Пхеньяні для переговорів, які були зосереджені на переговорах про денуклеаризацію.
Це сталося після історичної зустрічі президента США Дональда Трампа з Кім Чен Ином у Сінгапурі в червні, коли вони погодилися в загальних рисах працювати в напрямку без'ядерного Корейського півострова.
Але в суботу міністр закордонних справ Північної Кореї Рі Йонг-хо звинуватив санкції США у відсутності прогресу.
"Без будь-якої довіри до США не буде впевненості в нашій національній безпеці, і за таких обставин ми не зможемо в односторонньому порядку роззброїтися в першу чергу", - сказав Рі під час виступу перед Генеральною Асамблеєю ООН у Нью-Йорку.
Ненсі Пелосі називає Бретта Кавано "істеричним", каже, що він непридатний для роботи у Верховному суді
Лідер меншості Палати представників Ненсі Пелосі назвала кандидата у Верховний суд Бретта Кавано «істерикою» і заявила, що він темпераментно непридатний для роботи у Верховному суді.
Пелосі зробила коментарі в інтерв'ю в суботу на Texas Tribune Festival в Остіні, штат Техас.
"Я не могла не думати, що якби жінка коли-небудь виступала таким чином, вона б сказала "істерика", - сказала Пелосі про свою реакцію на свідчення Кавано перед Судовим комітетом Сенату в четвер.
Кавано емоційно заперечував твердження про те, що він сексуально напав на доктора Крістін Блейзі Форд, коли вони обидва були підлітками.
Під час свого вступного слова Кавано був дуже емоційним, іноді майже кричав і задихався, обговорюючи свою сім'ю та шкільні роки.
Він також прямо засудив демократів у комітеті, назвавши звинувачення проти нього «гротескним і скоординованим вбивством персонажа», організованим лібералами, розлюченими тим, що Гілларі Клінтон програла президентські вибори 2016 року.
Пелосі сказала, що, на її думку, свідчення Кавано довели, що він не може служити у Верховному суді, тому що це показало, що він упереджений проти демократів.
"Я думаю, що він дискваліфікує себе з тими заявами і тим способом, в якому він переслідував Клінтонів і демократів", - сказала вона.
Пелосі заперечила, коли її запитали, чи спробує вона імпічментувати Кавано, якщо він підтвердиться, і якщо демократи отримають більшість у Палаті представників.
"Я скажу це - якщо він не говорить правду Конгресу або ФБР, то він не підходить не тільки для того, щоб бути у Верховному суді, але щоб бути в суді, на якому він працює прямо зараз", - сказала Пелосі.
В даний час Кавано є суддею Апеляційного суду округу Колумбія.
Пелосі додала, що як демократ вона стурбована потенційними рішеннями Кавано проти Закону про доступну медичну допомогу або Роу проти Уейда, оскільки він вважається консервативним правосуддям.
У своїх слуханнях Кавано обійшов питання про те, чи скасує він певні рішення Верховного суду.
"Настав не час для істеричної, упередженої людини піти до суду і очікувати, що ми скажемо: "Хіба це не чудово", - сказала Пелосі.
Їм потрібно володіти жінками.
Це праведний діатриб, місяці і роки люті розливаються, і вона не може витягти його без плачу.
"Ми плачемо, коли ми гніваємося", - сказала пані Стайнем мені через 45 років.
"Я не думаю, що це рідкість, чи не так?"
Їй продовжила: «Мені дуже допомогла жінка, яка колись була виконавчим директором, яка сказала, що вона також плакала, коли розлютилася, але розробила техніку, яка означала, що коли вона розлютилася і почала плакати, вона казала людині, з якою розмовляла: «Можливо, мені сумно, тому що я плачу.
Я розлючений».
А потім вона просто продовжувала йти.
І я подумав, що це блискуче».
Сльози дозволяються у вигляді виходу для гніву частково тому, що їх принципово неправильно розуміють.
Одним з моїх найгостріших спогадів з ранньої роботи в офісі, в якому домінували чоловіки, де я одного разу плакав від невимовної люті, було те, що мене схопила за шию старша жінка - холодного менеджера, якого я завжди трохи боявся - який втягнув мене в сходову клітку.
"Ніколи не дозволяйте їм бачити, як ти плачеш", - сказала вона мені.
"Вони не знають, що ти розлючений.
Вони думають, що вам сумно і вони будуть задоволені, тому що вони дійшли до вас».
Патриція Шредер, тодішня конгресменка-демократ з Колорадо, працювала з Гері Хартом під час його президентських виборів.
У 1987 році, коли містер Харт потрапив у позашлюбний зв'язок на борту човна під назвою "Мавпячий бізнес" і вийшов з перегонів, пані Шредер, глибоко розчарована, вирішила, що немає причин, чому вона не повинна досліджувати ідею балотуватися на пост президента.
"Це не було добре продумане рішення", - сказала вона мені зі сміхом через 30 років.
"У перегонах вже було сім інших кандидатів, і останнє, що їм було потрібно, - це інше.
Її називали "Білосніж і сім гномів".
Тому що це було пізно в кампанії, вона відстала від збору коштів, і тому вона пообіцяла, що вона не вступить у перегони, якщо не зберете 2 мільйони доларів.
Це була програшна битва.
Вона виявила, що деякі з її прихильників, які віддали 1,000 доларів чоловікам, дадуть їй лише 250 доларів.
"Думаю, я отримаю знижку?", - замислилася вона.
Коли вона виголосила свою промову, оголосивши, що вона не запустить офіційну кампанію, вона була настільки охоплена емоціями - вдячністю за людей, які підтримали її, розчарування системою, яка ускладнювала збір грошей і націлювання на виборців, а не на делегатів, і гнів на сексизм - що вона задушилася.
"Ви могли б подумати, що у мене був нервовий зрив", - згадувала пані Шредер про те, як преса реагувала на неї.
"Ви могли б подумати, що Kleenex був моїм корпоративним спонсором.
Я пам'ятаю, я думав, що вони збираються покласти на мій надгробок?
"Вона плакала?"
Те, як американо-китайська торгова війна може бути корисною для Пекіна
Початкові залпи торгової війни між США та Китаєм оглушливі, і хоча битва ще далека від завершення, розкол між країнами може бути корисним для Пекіна в довгостроковій перспективі, кажуть експерти.
Дональд Трамп, президент США, звільнив перше попередження на початку цього року шляхом оподаткування ключового китайського експорту, включаючи сонячні батареї, сталь та алюміній.
Найзначніша ескалація на цьому тижневі з новими тарифами торкнулися товарів на суму 200 мільярдів доларів (150 мільярдів фунтів стерлінгів), що фактично оподатковує половину всіх товарів, що надходять до США з Китаю.
Пекін кожного разу відреаговував, останнім часом кидаючи мита в розмірі п'яти до десяти відсотків на 60-мільярди доларів американських товарів.
Китай зобов'язався зрівнятися з кидком США, і друга за величиною економіка світу навряд чи моргне найближчим часом.
Змусити Вашингтон відступитися - означає ухилитися від вимог, але публічне поклоніння США було б занадто незручним для Сі Цзіньпіна, президента Китаю.
Тим не менш, експерти кажуть, що якщо Пекін зможе правильно розіграти свої карти, тиск торговельної війни США може позитивно підтримати Китай у довгостроковій перспективі, знизивши взаємозалежність двох економік.
"Той факт, що швидке політичне рішення у Вашингтоні чи Пекіні може створити умови, які запускають економічний віджим у будь-якій країні, насправді набагато небезпечніший, ніж глядачі визнавали раніше", - сказала Ебігейл Грейс, науковий співробітник, який зосереджується на Азії в Центрі нової американської безпеки.
Сирія "готова" до повернення біженців, - міністр закордонних справ
Сирія заявляє, що готова до добровільного повернення біженців і звертається за допомогою у відновленні країни, спустошеної більш ніж семирічною війною.
Виступаючи перед Генеральною Асамблеєю Організації Об'єднаних Націй, міністр закордонних справ Валід аль-Муалем заявив, що умови в країні покращуються.
"Сьогодні ситуація на місцях є більш стабільною та безпечною завдяки прогресу, досягнутому в боротьбі з тероризмом", - сказав він.
Уряд продовжує реабілітувати райони, зруйновані терористами, щоб відновити нормальне життя.
Зараз присутні всі умови для добровільного повернення біженців до країни, яку їм довелося виїхати через тероризм та односторонні економічні заходи, спрямовані на їхнє повсякденне життя та засоби діяльності.
За оцінками ООН, понад 5,5 мільйонів сирійців покинули країну з початку війни в 2011 році.
Ще шестеро мільйонів людей, які все ще проживають у країні, потребують гуманітарної допомоги.
Аль-Муалем заявив, що сирійський режим вітатиме допомогу у відновленні зруйнованої країни.
Але він підкреслив, що він не прийме умовної допомоги або допомоги з боку країн, які спонсорують повстання.
Європа здобула перемогу в Кубку Райдера в Парижі
Team Europe виграла Кубок Райдера 2018 року, перемігши збірну США з остаточним рахунком 16,5 до 10,5 у Le Golf National за межами Парижа, Франція.
Зараз США програли шість разів поспіль на європейській землі і не виграли Кубок Райдера в Європі з 1993 року.
Європа повернула корону, оскільки команда данського капітана Томаса Бйорна набрала 14,5 очок, необхідних для перемоги над Сполученими Штатами.
Зірка США Філ Мікельсон, який боровся більшу частину турніру, зірвав свій трійник у воду в пар-3 16-й лунці, пропустивши свій матч з Франческо Молінарі.
Італійський гольфіст Молінарі сяяв у всіх своїх раундах, ставши гравцями 1-з-4, щоб коли-небудь пройти 5-0-0 з тих пір, як поточний формат турніру розпочався в 1979 році.
Американець Джордан Шпіт був підірваний 5&4 гравцем з найнижчого рангу в європейській збірній, Торбйорном Олесеном з Данії.
Найвищий гравець світу, Дастін Джонсон, впав на 2 і 1 до Яна Поултера з Англії, який, можливо, грав у своєму останньому Кубку Райдера.
Ветеран восьми Кубків Райдера, іспанець Серхіо Гарсія став переможцем турнірів за весь час з 25,5 очками кар'єри.
"Зазвичай я не плакаю, але сьогодні я не можу допомогти.
Це був важкий рік.
Тому вдячний Томасу, щоб вибрати мене і повірити в мене.
Я така щаслива, така щаслива повернути чашку.
Йдеться про команду, і я щасливий, що зміг допомогти», – сказав емоційний Гарсія після європейської перемоги.
Він передає факел своєму співвітчизнику Джону Рему, який знищив легенду американського гольфу Тайгера Вудса 2&1 в одиночній п'єсі в неділю.
"Неймовірна гордість, яку я відчуваю, щоб перемогти Тайгера Вудса, я виріс, спостерігаючи за цим хлопцем", - сказав 23-річний Рам.
Вудс програв усі чотири свої матчі у Франції і тепер має рекордний рекорд Кубка Райдера 13-21-3.
Дивна статистика одного з найбільших гравців усіх часів, вигравши 14 основних титулів, поступившись лише Джеку Ніклаусу.
Команда США боролася всі вихідні, щоб знайти фарватери, за винятком Патріка Ріда, Джастіна Томаса та Тоні Фінау, які грали в високоякісний гольф протягом усього турніру.
Капітан США Джим Фурик виступив після невтішного виступу за свою команду: «Я пишаюся цими хлопцями, вони боролися.
Був час сьогодні вранці, коли ми поставили трохи тепла на Європу.
Їх обійшли.
Капелюхи до Томаса.
Він чудовий капітан.
Всі 12 його гравців зіграли дуже добре.
Ми перегрупуємося, я буду працювати з PGA Америки та нашим комітетом Кубка Райдера, і ми будемо рухатися вперед.
Я люблю цих 12 хлопців, і я пишаюся тим, що служу капітаном.
Ви повинні перекинути свою кепку.
Нас переграли».
Red Tide Update: Концентрації зменшуються в Pinellas, Manatee і Sarasota
Останній звіт Флоридської комісії з риби та дикої природи показує загальне зниження концентрацій червоного припливу для частин району Тампа-Бей.
За даними FWC, в районах округів Пінеллас, Манаті, Сарасота, Шарлотта і Кольєр повідомляють про більш плацдармові умови, що свідчить про зниження концентрацій.
Розквіт Червоного припливу простягається приблизно в 130 милях берегової лінії від північних Pinellas до південних округів Лі.
Пластирі можна знайти приблизно в 10 милях від берега округу Хіллсборо, але на меншій кількості об'єктів порівняно з минулим тижнем.
Червоний приплив також спостерігався в окрузі Паско.
Протягом минулого тижня були зареєстровані середні концентрації в окрузі Пінеллас або на шельфі округу Пінеллас, з низькою та високою концентрацією округу Хіллсборо, передоданість до високих концентрацій в окрузі Манаті, від високих концентрацій в окрузі Сарасота або на шельфах, фон до середньої концентрації в окрузі Шарлотта, від високої концентрації в окрузі Лі.
Респіраторне подразнення продовжує повідомлятися в округах Пінеллас, Манаті, Сарасота, Лі та Кольєра.
Подразнення дихальних шляхів у Північно-Західній Флориді за останній тиждень не повідомлялося.
