Velšští AMS se obávají 'vypadat jako muppets'
U některých AMS panuje znepokojení nad tím, že by se jejich titul měl změnit na MWP (člen velšského parlamentu).
Vznikl kvůli plánům na změnu názvu shromáždění na velšský parlament.
AMS napříč politickým spektrem se obávají, že by to mohlo vyvolat posměch.
Jeden labouristický AM řekl, že jeho skupina byla znepokojena tím, že „se rýmuje s Twpem a Pwpem“.
Pro čtenáře z Walesu: Ve velšské twp znamená hloupý a pwp znamená hovínko.
Plísný AM uvedl, že skupina jako celek „není spokojená“ a navrhl alternativy.
Velšský Konzervativec řekl, že jeho skupina byla „otevřená“, pokud jde o změnu názvu, ale poznamenali, že to byl krátký slovní přestup od MWP k Muppetu.
V tomto kontextu Velšské písmo w se vyslovuje podobně jako Yorkshirská anglická výslovnost písmene u.
Shromážděná komise, která v současné době připravuje legislativu k zavedení změn názvu, uvedla: „Konečné rozhodnutí o jakýchkoli deskriptorech toho, čemu se jmenují poslanci Shromáždění, bude samozřejmě záležitostí samotných poslanců.“
Waleský zákon 2017 dal velšskému zastupitelstvu pravomoc ke změně jeho názvu.
V červnu Komise zveřejnila výsledky veřejné konzultace o návrzích, v jejímž rámci nalezla širokou podporu tomu, aby bylo shromáždění označeno za velšský parlament.
Co se týče názvu AMS, Komise zvýhodnila poslance velšského parlamentu nebo poslance WMP, avšak možnost MWP získala ve veřejné konzultaci největší podporu.
AMS zjevně naznačují alternativní varianty, ale snaha o dosažení konsensu může být bolestí hlavy pro předsedkyni Elin Jonesovou, od níž se očekává, že během několika týdnů předloží návrh legislativy o změnách.
Právní předpisy týkající se reforem zahrnou i další změny ve způsobu, jakým shromáždění pracuje, včetně pravidel o diskvalifikaci antiveschopných chorob a návrhu systému projednávání ve výborech.
AMS se dočkají závěrečného hlasování o tom, co by měly být nazvány při projednávání legislativy.
Makedonci jdou k volbám v referendu o změně názvu země
Voliči půjdou v neděli volit o tom, zda změnit název své země na „Republiku Severní Makedonii“.
Populární hlasování bylo zahájeno s cílem vyřešit desítky let trvající spory se sousedním Řeckem, které má vlastní provincii zvanou Makedonie.
Atény již dlouho trvají na tom, že jméno severního bližního souseda reprezentuje pohledávku na jejich území a opakovaně protestují proti svým nabídkám na členství v EU a NATO.
Makedonijský prezident Gjorge Ivanov, odpůrce plebiscitu o změně názvu, prohlásil, že hlasování nebere v potaz.
Stoupenci referenda, včetně premiéra Zorana Zaeva, však tvrdí, že změna názvu je jednoduše cenou za vstup do Evropské unie a NATO.
The Bells of St. Martin's Fall Silent as Churches in Harlem Struggle
„Historicky staří lidé, se kterými jsem mluvil, říkají, že na každém rohu byl bar a kostel,“ řekl pan Adams.
„Dnes tu není ani jedno.“
Tvrdil, že zmizení barů je pochopitelné.
„Lidé se stýkají odlišným způsobem,“ řekl v dnešní době.
„Bary už nejsou obývacími pokožkami, kam lidé pravidelně chodí.“
Pokud jde o kostely, obává se, že peníze z prodávání aktiv nevydrží tak dlouho, jak to lídři očekávají, „a dříve či později budou zase tam, kde začínaly“.
Dodal, že kostely lze nahradit obytnými budovami plnými obytných domů plných lidí, kteří svým zbývajícím útočištím v sousedství nepomůžou se zbývajícími útočišti.
„Drtivá většina lidí, kteří kupují obytné domy v těchto budovách, bude bílá,“ řekl, „a proto uspíší den, kdy se tyto kostely uzavřou úplně, protože je nepravděpodobné, že většina těchto lidí, kteří se nastěhují do těchto obytných domů, se stanou členy těchto kostelů.“
Oba kostely byly postaveny bílými kongregacemi předtím, než se Harlemu stalo černou metropolí – metropolitní komunitou v roce 1870, o dekádu později u svatého Martina.
Původní bělošská metodistická kongregace se odstěhovala ve třicátých letech.
Černošské kongregace uctívaná poblíž převzala titul k této stavbě.
Svatého Martina převzala černá kongregace pod vedením reverenda Johna Johna Howarda Johnsona, který řídil bojkot prodejců na 125. ulici, hlavní ulici v Harlemu, která se bránila najímání nebo propagaci černochů.
Požár v roce 1939 zanechal budovu těžce poškozenou budovu, ale když farníci Otce Johnsona spřádali plány na přestavbu karillonu.
Reverend David Johnson, syn Otce Johnsona a jeho nástupce v St. Martinu, hrdě nazval carillonem „zvony chudého lidu“.
Odborník, který v červencervencervencovém galakonu hrál, to nazval jinak: „kulturní poklad“ a „nenahraditelný historický nástroj“.
Expert, Tiffany Ng z Michiganské univerzity, také poznamenala, že to byl první carillon na světě, kterého hrál černý hudebník Dionisio A.
Pan Merriweather řekl, že Svatý Martin ho nenahradil.
To, co se odehrávalo u svatého Martina v posledních několika měsících, se odehrával komplikovaným příběhem mezi architekty a dodavateli, z nichž některé přivedli laičtí vůdci církve, jiní episkopální diecéze.
Nábožnost – vedení farnosti, tvořené laickými vůdci – napsala diecézi v červenci s obavami, že diecéze „se bude snažit přenést náklady“ do sakristie, i když sakristie nebyla zapojena do najímání architektů a dodavatelů, které diecéze vyslala.
Někteří farníci si stěžovali na nedostatečnou transparentnost ze strany diecéze.
Žralok zranil třináctiletého mladíka při potopení humra v Kalifornii
Žralok napadl třináctiletého a zranil třináctiletého chlapce v sobotu, když potápěl humra v Kalifornii v zahajovací den humrové sezóny.
K útoku došlo těsně před sedmou hodinou ranní poblíž Beacónovy pláže v Encinitas.
Chad Hammel řekl televizní stanici KSWB-TV v San Diegu, že potápěl s kamarády asi půl hodiny v sobotu dopoledne, když uslyšel, jak chlapec křičí o pomoc, a pak dopádloval se skupinkou, aby ho pomohl vytáhnout z vody.
Hammel nejprve řekl, že si myslel, že to bylo jen vzrušení z chycení humra, ale pak si „uvědomil, že křičel: 'Byl jsem pokousán!
Kousli mě!“
Jeho klíční klíční kost byla roztržená,“ řekl Hammel, kterého si všiml, když se dostal k chlapci.
Křičel jsem na všechny, aby vylezli z vody: 'Ve vodě je žralok!'“ dodal Hammel.
Chlapec byl letecky převezen do Dětské Nemocnice Rady v San Diegu, kde je uváděn v kritickém stavu.
Druh žraloka zodpovědného za útok byl neznámý.
Záchranný kapitán Larry Giles na tiskovém brífinku uvedl, že před několika týdny byl v této oblasti spatřeni žralok, který však nebyl nebezpečným druhem žraloka.
Giles dodal, že oběť utrpěla traumatická poranění horní části trupu.
Úřady na 48 hodin uzavřely přístup na pláž z Ponto Beach v Casabladu do Swami's in Ecinitas na 48 hodin kvůli vyšetřování a bezpečnostním účelům.
Giles poznamenal, že v této oblasti žije více než 135 druhů žraloků, ale většina z nich není považována za nebezpečnou.
Plány Sainsbury tlačí na britském trhu krásy
Sainsbury's přebírá Boots, Superdrug and Debenhams s kosmetickými uličkami ve stylu obchodního domu obsazenými specializovanými asistenčními asistenty.
V rámci značného tahu na britském trhu krásy za 2,8 miliardy liber, který stále roste, zatímco prodej módy a domácího náčiní klesá, budou větší kosmetické uličky otestovány v 11 obchodech po celé zemi a v příštím roce se dostane do dalších obchodů, pokud se ukáže jako úspěšný.
Investice do krásy přicházejí v době, kdy supermarkety pátrají po způsobech, jak vyčerpat regálový prostor, který kdysi zažalovaly za televizory, mikrovlny a domácí potřeby.
Společnost Sainsbury's uvedla, že velikost své kosmetické nabídky zdvojnásobí až na 3 000 produktů, včetně značek jako Revlon, Essie, Tweezerman a Dr. PawPaw.
Stávající pobyty od značkovitých oblastí L'Oreal, Maybelline and Burt's Bees získají také více prostoru se značkovými oblastmi podobnými těm, které se nacházejí v obchodech jako Boots.
Supermarket také obnovuje svůj sortiment make-up Boutique, takže většina výrobků je vstřícná k veganům, což stále více požadují mladší nakupující.
Prodejce parfémů Fragrance Shop bude navíc testovat koncese ve dvou prodejnách Sainsbury's, z nichž první byl minulý týden otevřen v Croydonu v jižním londýnském londýnském Londýně, zatímco druhý se otevírá koncem letošního ročníku Selly Oak v Birminghamu.
Nakupování na internetu a posun směrem ke každodennímu nakupování menšího množství potravin v místních samoobslužných obchodech znamenají, že supermarkety musí dělat více, aby přesvědčily lidi k návštěvám.
Mike Coupe, výkonný ředitel Sainsbury's, prohlásil, že prodejny budou stále více připomínat obchodní domy, protože řetězec supermarketů se snaží bojovat proti diskontům Aldi a Lidl s větším množstvím služeb a nepotravinářství.
Společnost Sainsbury's umisťuje prodejny Argos ve stovkách obchodů a od doby, kdy před dvěma předchozími lety koupila oba řetězy, představila také řadu stanic, což podle ní zvýšilo prodej potravin a učinilo akvizice výnosnějšími.
Dosavadní snaha supermarketu o přestavbu kosmetických a lékárenských pracovišť zakončila neúspěchem.
Sainsbury otestovalo společný podnik s Bootsem na začátku roku 2000, ale spojení skončilo po hádce o tom, jak oddělit příjmy z lékárnických obchodů ve svých supermarketech.
Nová strategie přichází poté, co Sainsbury's před třemi lety prodala svůj obchod s farmacii ve 281 obchodech společnosti Celesio, majiteli lékárnického řetězce Lloyds za 125 milionů liber.
Řekl, že Lloyds bude hrát roli v plánu, přidání rozšířenou škálu luxusních značek péče o pleť, včetně La Roche-Posay a Vichy ve čtyřech obchodech.
Paul Mills-Hicks, Sainsbury obchodní ředitel, řekl: „Proměnali jsme vzhled a pocit našich kosmetických uliček ke zlepšení životního prostředí pro naše zákazníky.
Také jsme investovali do speciálně vyškolených kolegů, kteří budou po ruce, aby nabídli rady.
Naše škála značek je navržena tak, aby vyhovovala každé potřebě a svůdné životní prostředí a pohodlná místa znamenají, že jsme nyní podmanivou destinací krásy, která zpochybňuje starý způsob nakupování.“
Petera Jonese „rozzuřený“ poté, co Holly Willoughby odstoupila
Dragons Den hvězda Peter Jones opustil 'rozzuřený' poté, co televizní moderátorka Holly Willoughby stáhne £ 11million dohoda s jeho životní styl značky podnikání se zaměřením na její nové kontrakty Marks and Spencer a ITV
Willoughby nemá čas na své domácí oblečení a doplňky značky Truly.
Podnikání této dvojice bylo přirovnáváno ke značkám Gwyneth Paltrow Goop Gwyneth Paltrow.
Sedmatřicetiletá moderátorovka This Morning na Instagramu ohlásila, že odchází.
Holly Willoughby zanechala hvězdě Dragons Dene Petera Jonese zuřivého tím, že na poslední chvíli odstoupila ze svého lukrativního obchodu se značkovou značkovým životním stylem, aby se zaměřila na své nové nárazníkové kontrakty s firmami Marks & Spencer a ITV.
Zdroje uvedly, že Jones byl „rozzuřený“, když televizní zlatá holčička během napjaté úterní schůzky přiznala během napjatého úterního setkání v sídle svého podnikatelského impéria v Marlow v Buckinghamshire, že její nové kšefty v hodnotě až 1,5 milionu liber znamenají, že už nemá dost času na to, aby věnovala značce domácího nošení a doplňků Truly.
Byznys byl přirovnáván ke značce Gwyneth Paltrow Goop a měl dvojnásobek Willoughbyho jmění v odhadované výši 11 milionů liber.
Sedmatřicetiletá Willoughby na Instagramu oznámila, že opouští Truly, odletěla Jones z Británie, aby zamířila do jednoho ze svých prázdninových domovů.
Zdroj řekl: „Opravdu to bylo zdaleka vrcholem Hollyiných priorit.
Byla to její dlouhodobá budoucnost, díky níž přežije příštích pár desítek let.
Její odhodláním odstoupit všichni zúčastnění byli naprosto ohromeni.
Nikomu nevěřili, co se dělo v úterý, bylo to tak těsné.
Na velitelském velitelském velitelském velitelském velitelství Marlow je uskladnění, které je připraveno k prodeji.“
Odborníci se domnívají, že odchod moderátorového moderátorovi This Morning, který patří mezi nejziskovější britské hvězdičky, by firmu mohl stát miliony kvůli značným investicím do produktů od polštářů a svíček až po oděvy a domácí oděv a možnosti dalších odkladů jejího uvedení na trh.
A mohlo by to znamenat konec dlouholetého přátelství.
Třikrát matka Willoughby a manžel Dan Baldwin jsou blízcí Jonesovi a jeho ženě Taře Cappové už deset let.
Willoughby založil Truly with Cappa v roce 2016 a Jones, 52, nastoupil jako předseda představenstva v březnu.
Páry tráví společné prázdniny a Jones má čtyřicetiprocentní podíl v Baldwinově televizní produkční firmě.
Willoughby se stane značkovým ambasadérem M&S a nahradí Anta McPartlina jako moderátor I'm A Celebrity.
Zdroj blízký Jonesovi včera večer řekl: „Nebudeme komentovat jeho obchodní aférky.“
Tvrdé povídání a pak jsme se do sebe zamilovali.
Vtipkoval o kritice, kterou dostane od zpravodajských médií za to, že pronášel poznámku, kterou by někteří považovali za „nepřítomnou“, a za to, že byl vůči severokorejskému vůdci tak pozitivní.
Proč toho prezident Trump tolik nevzdal?
Trump pronesl svým předstíraným „zpravodajským hlasem“.
„Nevzdal jsem se ničeho.“
Poznamenal, že Kim má zájem na druhé schůzce poté, co jejich úvodní červnové setkání v Singapuru Trump označil za velký krok směrem k denuklearizaci Severní Koreje.
Denuklearizační jednání však uvízla na mrtvém bodě.
Více než tři měsíce po červnovém summitu v Singapuru severokorejský premiér Ri Yong Ho řekl světovým lídrům na sobotním Valném sněmu OSN, že Sever nevidí „odpovídající odezvu“ ze strany USA na rané severokorejské odzbrojovací kroky.
Namísto toho poznamenal, že Spojené státy pokračují v sankcích, jejichž cílem je udržovat tlak.
Trump zaujal mnohem optimističtější názor ve svém manifestačním projevu.
„Se Severní Koreou si vedeme skvěle,“ řekl.
„Jeli jsme do války se Severní Koreou.
Miliony lidí byly zabity.
Teď máme tento skvělý vztah.“
Prohlásil, že jeho snaha o zlepšení vztahů s Kimem přinesla kladné výsledky – ukončení raketových testů, pomoc při osvobození rukojmích a návrat pozůstatků americkým vojákům.
Obhajoval svůj neobvyklý přístup, když hovořil o vztazích s Kimem.
„Být otcem je tak snadný, ale místo toho, aby se desetitisícovky lidí snažily dostat do této nabité arény, stálo tam asi 200 lidí,“ řekl Trump a ukázal na dav přímo před sebou.
Indonésie Tsunami and Quake Devastate an Island, Killing Hundreds
Například po zemětřesení v Lomboku bylo zahraničním nevládním organizacím sděleno, že nejsou potřeba.
I přesto, že více než 10 procent obyvatel Lomboku bylo vykloubeno, nebyla vyhlášena žádná národní katastrofa, což je nezbytným předpokladem katalyzace mezinárodní pomoci.
„V mnoha případech se naneštěstí vyjádřili jasně, že nepožadují mezinárodní pomoc, takže je to trochu náročné,“ řekla paní Sumbungová.
Zachraňování dětí sice dává dohromady tým, který pojede do Palu, ale zatím si není jisté, zda zahraniční zaměstnanci mohou v terénu pracovat.
Mluvčí Národního úřadu pro katastrofy pan Sutopo prohlásil, že indonéští představitelé posuzují situaci v Palu, aby zjisti, zda mezinárodní agentury budou smět přispívat k úsilí o pomoc.
Vzhledem k třesu země, kterou Indonésie neustále snáší, zůstává země žalostně nepřipravená na hněv přírody.
Tsunami přístřešky byly stavěny v Acehu, ale na jiných pobřežích nejsou běžnou podívanou.
Zjevná absence sirény varující před tsunami v Palu, i když panovala v platnosti výstraha, pravděpodobně přispěla ke ztrátám na životech.
V nejlepších časech je cestování mezi mnoha indonéskými ostrovy náročné.
Přírodní katastrofy ještě více komplikují logistiku.
Nemocniční loď umístěná v Lomboku, aby léčila oběti zemětřesení, míří do Palu, ale bude trvat nejméně tři dny, než dorazí na místo nové kalamity.
Prezident Joko Widodo označil zlepšení potrhané indonéské infrastruktury za středobod své předvolební kampaně a rozházel peníze na silnice a železnice.
Administrativu pana Joka však sužují výpadky ve finančnictví, protože ho v příštím roce čekají znovuzvolení.
Pan Joko také čelí nátlaku přetrvávajícího sektářského napětí v Indonésii, kde se příslušníci muslimské většiny přiklonili ke konzervativnější formě víry.
Více než 1 000 lidí bylo zabito a desetitisíce vykloubeny ze svých domovů, když křesťanské a muslimské gangy bojovaly v ulicích, používaly mačety, luky a šípy a další surové zbraně.
Podívejte se: Daniel Sturridge z Liverpoolu prohlubuje vyrovnávacím gólem vs. Chelsea
Daniel Sturridge zachránil Liverpool z Premier League ztrátu Chelsea skóre v 89. minutě v sobotu na Stamford Bridge v londýnském Stamford Bridge.
Sturridge obdržel přihrávku od Xherdana Shaqiri, zatímco asi 30 yardů od branky Chelsea se svým týmem zaostává 1-0.
Přiťukl na míč doleva, načež vystřelil ke vzdálenější tyči.
Pokus vyplouval vysoko nad krabici, která směřovala k pravému hornímu rohu sítě.
Míč nakonec spadl přes skákající Kepa Arrizabalaga a spadl do sítě.
„Byla to jen snaha dostat se do této pozice, dostat se na míč a hráči jako Shaq to vždycky hráli co nejvíc dopředu, takže jsem se jen snažil vytvořit si co nejvíce času,“ řekl Sturridge pro LiverpoolFC.com.
„Viděl jsem Kantu přicházet a jedním dotykem a moc jsem o tom nepřemýšlel a prostě jsem vystřelil.“
Chelsea vedla v poločase 1:0 poté, co v 25. minutě vstřelil gól od belgické hvězdy Edena Hazarda.
Útočník Blues přihrál Mateovi Kovacičovi v této brance, načež se roztočil poblíž středního pásma a sprintoval do Liverpoolu.
Kovacic udělal rychlou přihrávku ve středním pásmu.
On pak vypálil krásný skrz míč, vedoucí Hazard do krabice.
Hazard předběhl obranu a zakončil do vzdálenější tyče se střelou levou nohou kolem Liverpoolu Alissona Beckera z Liverpoolu.
Liverpool bojuje Neapol ve skupinové fázi Ligy mistrů ve středu v 15 hodin na stadionu Stadio San Paolo v Neapoli, Itálie.
Chelsea čelí Videoton v UEFA Europa Leaguge ve čtvrtek v 15 hodin v Londýně.
Počet obětí tsunami v Indonésii vzrostl na 832
Počet obětí indonéského zemětřesení a tsunami v Indonésii se vyšplhal na 832, uvedla v neděli časně ráno tamní agentura pro katastrofy.
Mnoho lidí uvízlo v troskách budov vyvrácených při zemětřesení o síle 7,5, které udeřilo v pátek a spustilo vlny vysoké až 20 stop, řekl na tiskové konferenci tiskový mluvčí agentury Sutopo Purwo Nugroho.
Město Palu, které čítá více než 380 000 lidí, bylo poseto troskami ze zřícených budov.
Policie zatýkala dvaatřicetiletého muže podezřelého z vraždy poté, co byla žena ubodána.
Vyšetřování vraždy bylo zahájeno poté, co bylo dnes dopoledne v Birkenheadu v Merseyside nalezeno tělo ženy.
Čtyřiačtyřicetiletý muž byl nalezen v 7:55 s bodnými zraněními na ostrově Grayson Mews na John Street a dvaatřicetiletý muž byl zatčen pro podezření z vraždy.
Policie vyzvala obyvatele této oblasti, kteří něco viděli nebo slyšeli, aby se přihlásili.
Inspektor Brian O'Hagan řekl: „Vyšetřování je v počátečních fázích, ale apeluji na každého, kdo byl v blízkosti John Street v Birkenheadu, kdo viděl nebo uslyšel cokoliv podezřelého, aby nás kontaktoval.
Apeluji také na kohokoliv, zejména taxikáře, kteří mohli zachytit něco ze záběrů z palubní kamery, aby nás kontaktoval, protože může mít informace, které jsou životně důležité pro naše pátrání.“
Policejní mluvčí nepotvrdil, že žena, jejíž tělo bylo nalezeno bylo nalezeno v Birkenheadu a byla nalezena uvnitř pozemku.
Dnes odpoledne dorazili na scénu přátelé, kteří se domnívají, že tu ženu znají, aby se vyptávali, kde byla dnes ráno nalezena.
Vyšetřování pokračují, protože policie oznámila, že právě informuje nejbližšími příbuznými oběti.
Taxikář, který žije v Grayson Mews, se právě pokusil dostat zpět do svého bytu, ale policie mu sdělila, že nikdo nesmí dovnitř ani ven.
Ztratil řeč, když zjistil, co se stalo.
Obyvatelům je nyní sděleno, že potrvá celé hodiny, než budou vpuštěni zpět.
Jeden policista řekl jedinému muži, že celá oblast je nyní posuzována jako místo činu.
V slzách se na scéně objevila žena.
Neustále opakuje „je to tak strašné“.
Ve dvě odpoledne byly uvnitř kordonu dva policejní vozy s další dodávkou.
Uvnitř kordonu stála řada důstojníků a sledovala blok bytů.
Každý, kdo má nějaké informace, je dotázán, aby DM @MerPolCC, volejte 101 nebo kontaktujte Crimestoppers anonymně na čísle 0800 555 111, citující deník 247 ze dne 30. Září.
Cromwillova socha v parlamentu se stala posledním pamětním hitem hádky o „přetěžování historie“.
Její vyhnání by bylo poetickou spravedlností za to, že Tálibán podobal zničení tolika kulturních a náboženských artefaktů v anglické kultuře prováděných jeho fanatickými puritánskými následovníky.
Ale Cromwellova společnost popsala Crickův návrh jako „pošetilý“ a „pokus o přepsání dějepisu“.
John Goldsmith, předseda Cromwellovy Společenské společnosti, řekl: „V současné debatě o odstranění soch bylo nevyhnutelné, aby se postava Olivera Cromwella před Westminsterským palácem stala terčem.
Ikonoclasmu anglických občanských válek Cromwell nenařídil ani neprováděl.
Nesprávný Cromwell by možná byl obětován pro činy svého předka Thomase v minulém století.
Velkolepé ztvárnění Cromwella Sira Williama Thorneycrofta je svědectvím názoru z 19. století a součástí historiografie postavy, o níž se mnozí domnívají, že stále stojí za oslavu.
Pan Goldsmith listu The Sunday Telegraph řekl: „Cromwell je mnohými považován, na konci devatenáctého století možná více než dnes, za obhájce parlamentu proti vnějšímu tlaku, v jeho případě samozřejmě monarchie.
Zda se jedná o zcela přesné ztvárnění je předmětem pokračující historické debaty.
Jisté je, že konflikt z poloviny sedmnáctého století formoval následný vývoj našeho národa a Cromwell je individuální rozpoznatelnou osobností, která reprezentuje jednu stranu této propasti.
Úspěchy lorda protektora také stojí za oslavu a připomenutí.“
Zabiják prase Mauls Číňský farmář na smrt
Zemědělec byl napaden a zabit prasetem na tržišti v jihozápadní Číně.
Muž, identifikovaný pouze svým příjmením „Yuan“, byl nalezen mrtvý s přeříznutou tepnou, pokryta krví poblíž chlívku na tržišti v provincii Liupanshui v provincii Kue-čou, napsal v neděli deník South China Morning Post.
Chovatel chovatelů prasat připravuje injekci očkovacím látkám pro prasata 30. května 2005 v provincii Qinghai v provincii Qinghai v Číně.
Údajně cestoval se svým bratrancem ze sousední provincie Yunnan ve středu, aby prodal 15 prasat na trhu.
Následujícího dopoledního rána ho jeho bratranec považoval za mrtvého a zjistil, že má otevřené dveře do sousedního prasečího chlívku.
Tvrdil, že v chlívku bylo velké prasečí samce s krvavostí na tlamě.
forenzní vyšetření potvrdilo, že vepřové o hodnotě 550 libra podle zprávy farmáře usmrtilo.
„Mé bratranec měl zakrvácené a poničené nohy,“ řekl bratranec, označovaný svým příj příjmením „Wu“, citovaný ve večerních zprávách v Guiyangu.
Záběry z bezpečnostní kamery ukázaly Jüana, jak vstupuje na trh ve čtvrtek ve 4:40, aby nakrmil svá prasata.
Jeho tělo bylo nalezeno asi o hodinu později.
Zvíře, které zablokovalo muže, nepatřilo Jüanovi ani jeho bratranci.
Manažer tržního trhu řekl listu Evening News, že prase bylo uzamčeno, aby nemohlo zaútočit na někoho jiného, zatímco policie shromažďovala důkazy na místě činu.
Jüanova rodina a tržní autority údajně jednají o náhradě za jeho smrt.
I když je to vzácné, případy napadání lidí prasaty byly zaznamenány již dříve.
V roce 2016 napadlo prase ženu a jejího manžela na jejich farmě v Massachusetts a zanechalo muže s kritickými zraněními.
Před deseti lety přivíralo prase vážící 650 libry velšského farmáře ke svému traktoru, dokud jeho žena zvíře nevyplašila.
Poté, co byl oregonský farmář sněden svými prasaty v roce 2012, řekl jeden manitobský farmář CBC News, že prasata nejsou obvykle agresivní, ale chuť krve může fungovat jako „spouštěč“.
„Prostě jsou hraví.
Jsou to štípači, velmi zvídaví, že ti neubližují.
Stačíme jim jen věnovat náležitou úctu,“ řekl.
Pozůstatky hurikánu Rosa přinesou rozsáhlý prudký déšť na jihozápadě USA
Podle předpovědi hurikán Rosa slábne, jak se přesouvá nad chladnějšími vodami severního pobřeží Mexika.
Rosa však v nadcházejících dnech přinese povodňové deště napříč severním Mexikem a jihozápadem USA.
Rosa měla větry o síle 85 mph, hurikánu první kategorie, v neděli v 5 hodin východního času a nacházela se 385 kilometrů jihozápadně od Punta Eugenia v Mexiku.
Očekává se, že Rosa se v neděli odstěhuje na sever.
Mezitím, koryto se začíná formovat nad Tichým oceánem a přesouvá se na východ k západnímu pobřeží Spojených států. Když se Rosa v pondělí přiblíží k poloostrovu Baja Kaliforn, když tropická bouřka začne vytlačovat hlubokou tropickou vlhkost na sever na jihozápad USA.
Rosa v pondělí v některých částech Mexika přivede až 10 palců deště.
Tropická vlhkost interagující s přibližujícím se korytem pak v nadcházejících dnech způsobí na jihozápadě rozsáhlé silné srážky na jihozápadě.
Lokálně 1 až 4 palce deště způsobí nebezpečné bleskové záplavy, průtoky trosek a možné sesuvy půdy v poušti.
Hluboká tropická vlhkost způsobí, že výskyt srážek se přiblíží 2 až 3 palce za hodinu, zejména v částech jižní Nevady a Arizony. v některých částech jižní Nevady a Arizony.
V jihozápadní části jihozápadu se očekávají až 2 až 4 palce dešťů, zejména ve velké části Arizony.
Blahopřejné záplavy jsou s rychle se zhoršujícími podmínkami vzhledem k roztroušené povaze tropických dešťů.
Bylo by nanejvýš nevlídné odvážit se do pouště pěšky s hrozbou tropických dešťových srážek.
Bouřlivý déšť by mohl způsobit zuřící řeku kaňonů a bouřky přinesou lokálně nárazový vítr a vanoucí prachem.
Blížící se koryta přinese lokálně vydatný déšť do částí jihokalifornského pobřeží.
Možné jsou úhrny dešťových srážek přes půl palce, což by mohlo způsobit menší průtoky trosek a kluzké vozovky.
Jednalo se o první srážky v oblasti v období dešťů.
Roztroušené tropické dešťové přeháňky se v Arizoně začnou přibližovat pozdě v neděli a časně v pondělí, než se déšť rozšíří později v pondělí a v úterý.
Prudký déšť se rozšíří do Four Corners v úterý a potrvá až do středy.
Říjen může pozorovat silné teplotní výkyvy napříč Spojenými státy, protože Arktida je stále chladnější, ale tropy zůstávají poměrně teplé.
Někdy to vede k dramatickým změnám teploty na krátké vzdálenosti.
Existuje velký příklad dramatických teplotních rozdílů přes centrální USA v neděli.
Téměř dvacetistupňový teplotní rozdíl mezi Kansas City v Missouri a Omazvou v Nebrasce a mezi stanmi St. Louis a Des Moines v Iowě.
V příštích několika dnech se setrvávající letní teplo pokusí znovu budovat a rozšiřovat.
Očekává se, že ve velké části střední a východní části Spojených států dojde k prudkému začátku říjnového zániku s rozšířenými osmdesátníky od jižních planin po části severovýchodu.
V New Yorku by v úterý mohlo být až 80 stupňů, což by bylo přibližně 10 stupňů nad průměrem.
Dlouhodobá předpověď podnebí naznačuje vysoké šance na nadprůměrnou teplotu ve východní části USA v první polovině října.
Více než 20 milionů lidí sledovalo Bretta Kavanaugaugha
Více než 20 milionů lidí sledovalo čtvrteční strhující svědectví kandidáta Nejvyššího soudu Bretta Kavanaugha a ženy, která ho obvinila ze sexuálního napadení, ke kterému údajně došlo v osmdesátých letech, Christine Blaseyové Fordové v šesti televizních stanicích.
Politická patová situace mezitím trvala a vysílatelé přerušovali regulérní pořady pátečního zvratu v poslední minutě: dohodu zosnovanou arizonským senátorem Jeffem Flakem, aby FBI provedla jednotýdenní vyšetřování těchto obvinění.
Fordová řekla soudnímu výboru Senátu, že si je stoprocentně jistá, že ji Kavanaugh opilý osahával a na středoškolském večírku se ji snažil svléknout.
Kavanaugh ve vášnivé výpovědi řekl, že si je stoprocentně jistý, že se to nestalo.
Je nepravděpodobné, že více než 20,4 milionu lidí nahlášených Nielsen v pátečním díle to sledovalo.
Společnost spočítala průměrnou návštěvnost CBS, ABC, NBC, CNN, Fox News Channel a MSNBC.
Figurky nebyly okamžitě k dispozici pro jiné sítě, které to ukazovaly, včetně PBS, C-SPAN a Fox Business Network.
A Nielsen má obvykle problémy s měřením lidí, kteří se dívají v kancelářích.
Abychom to uvedli do jiné perspektivy, je to podobnost diváckých velikostí, jaké se týkalo play-off fotbalového zápasu nebo udílení Oscarů.
Televizní stanice Fox News, jejíž názoroví moderátoři silně podporovali Kavanaughovo jmenování, vedl během celodenního sluchu ve všech televizích s průměrem 5,69 milionu diváků, řekl Nielsen.
ABC byla druhá s 3,26 miliony diváků.
CBS měla 3,1 milionu, NBC 2,94 milionu, MSNBC 2,89 milionu a CNN 2,52 milionu, uvedl Nielsen.
Zájmy zůstaly po slyšení vysoké.
Flake byl ústřední postavou pátečního dramatu.
Poté, co kancelář umírněného republikána vydala prohlášení, že bude hlasovat pro Kavanaugha, byl v pátek ráno přistižen, jak na něj demon demonstranti křičeli kamery CNN a CBS, na které křičeli demonstranti, když se pokoušeli vyjet výtahem na slyšení v justičním výboru.
Několik minut stál se skleslýma očima, jak mu nadávali v přímém přenosu na CNN v přímém přenosu.
„Stojím přímo před vámi,“ řekla jedna žena.
„Myslíte si, že říká vlasti pravdu?
Bylo mu řečeno: „Máte moc, když je tolik žen bezmocných.“
Flake řekl, že jeho úřad vydal prohlášení a před uzavřením výtahu řekl, že bude mít více co říci na slyšení ve výboru.
Televizní kabelové a rozhlasové a vysílací televizní stanice pokrývaly o několik hodin později, když měl justiční výbor odhlasovat Kavanaughovu nominaci do plného Senátu.
Flake však prohlásil, že tak učiní pouze s vědomím, že FBI prověří obvinění vznesená proti kandidátovi na příští týden, k čemuž menšinoví demokraté naléhali.
Flakea částečně přesvědčily rozhovory se svým přítelem, senátorem za Demokratickou stranu Chrisi Coonsem.
Po rozhovoru s Coonsem a několika senátorkami se Flake rozhodl.
Flakova volba měla moc, protože bylo zřejmé, že republikáni nebudou mít dost hlasů, aby Kavanaugaugauga schválili.
Prezident Trump zahájil vyšetřování FBI ohledně obvinění proti Kavanaughovi.
Britská premiérka Mayová obviňuje kritiky, že kvůli brexitu „hrají na politiku“
Premiérka Theresa Mayová obvinila kritiky ze svých plánů opustit Evropskou unii, že v rozhovoru pro deník Sunday Times „hrajují politiku“ a podkopávají národní zájmy.
Britská premiérka Theresa Mayová přijede na Konferenci Konzervativní strany do britského Birminghamu 29. září 2018.
Její bývalý ministr vnitra Boris Johnson v dalším rozhovoru, který stál na titulní straně deníku, její bývalý ministr zahraničí Boris Johnson stiskl svůj útok na její takzvaný Chequersův plán brexitu s tím, že návrh, aby si Británie a EU vybíraly tarify, je „naprosto absurdní“.
Střelba Waydeho Simse: Policie zatkla podezřelého Dyteona Simpsona ze smrti hráče LSU
Policie zatýkala podezřelého ze zastřelení Wayda Simse, dvacetiletého basketbalového hráče LSU.
Dvacetiletý Dyteon Simpson byl zatčen a zatčen do vězení na základě obvinění z vraždy druhého stupně, uvedlo policejní oddělení v Baton Rouge.
Úřady zveřejnily záběry konfrontace mezi Simsem a Simpsonem a policie uvedla, že Sims během rvačky ztratil brýle.
Policie našla brýle z místa činu a uvedla, že na nich našla Simpsonovu DNA, píše WAFB ze stanice CBS.
Po výslechu Simpsona se policie přiznala, že Waydea zastřelil.
Jeho kauce byla stanovena na 350 000 dolarech, hlásí advokát.
Koronátorový úřad okrsku East Baton Rouge v pátek zveřejnil předběžnou zprávu, že příčinou smrti je střelná rána do krku.
Oddělení přisuzuje uprchlické jednotce louisijské státní policie, kriminalistickou laboratoř státní policie, policii Jižní Univerzity a obyvateli oblasti pomoc při vyšetřování vedoucím k zatýkání.
Ředitel LSU Joe Alleva děkoval oblastním policejním složkám za „diligenci a snahu o spravedlnost“.
Simsovi bylo 20 let.
Dvoumetrový útočník vyrůstal v Baton Rouge, kde jeho otec, Wayne, také hrál basketbal za LSU.
V uplynulé sezoně nasbíral 5,6 bodů a 2,6 doskoků na zápas.
V pátek dopoledne řekl trenér basketbalového LSU Will Wade, že tým je „zničený“ a „v šoku“ ze smrti Wayde.
„Děláš si s tím starosti za všech okolností,“ řekl Wade.
Sopka chrlí popel na Mexico City
Chrlení popírané ze sopky Popocatepetl dorazilo do jižních čtvrtí hlavního města Mexika.
Národního Centra pro předcházení katastrofám varovala v sobotu Mexičany, aby se vyhýbali sopce poté, co se v kráteru zvedla aktivita, která zaznamenala 183 emisí plynu a popela během 24 hodin.
Uprostřed sledovalo mnohonásobné dunění a záchvěvy.
Obrázky na sociálních sítích ukazovaly tenké vrstvy popela pokrývajících čelní skla automobilů ve čtvrtích Mexico City, jako je Xochimilco.
Geofyzici zaznamenali zvýšenou aktivitu u sopky ležící 75 mil (72 kilometrů) jihovýchodně od hlavního města od zemětřesení o síle 7,1 stupně otřáslo středním Mexikem v září roku 2017.
Sopka známá jako „Don Goyo“ je aktivní od roku 1994.
Střet policie s katalánskými separatisty před výročím hlasování o nezávislosti
Šest lidí bylo v sobotu zatčeno v Barceloně poté, co se demonstranti podporující nezávislost střetli s těžkooděnci a tisíce lidí se připojily ke znepřáteleným demonstracím u příležitosti prvního výročí katalánského polarizujícího hlasování o odtržení.
Skupina maskovaných zastánců, které zadržovali těžkooděnci zatlačovaní pořádkovými silami, je zasypala vajíčky, házela je práškovou barvami a vytvářela tmavá oblaka prachu v ulicích, která byla obvykle přeplňována turisty.
Potyčky také vypukly později v průběhu dnešního dne, kdy policisté používali obušky k potlačení bojů.
Během několikaměsíční skupiny podporující nezávislost skandování „Žádné zapomínání, žádné odpouštění“ čelily unionistickým demonstrantům křičícím „Ať žije Španělsko“.
Čtrnáct bylo ošetřeno kvůli menším zraněním utrpěným při protestech, informoval místní tisk.
Napětí přetrvává v regionu smýšlejícím o nezávislosti i rok po referendu z 1. října, které Madrid označil za nezákonné, ale které separatističtí Katalánci oslavují.
Volební voliči drtivou převládající volbou se v drtivé většině rozhodli stát se nezávislostí, i když volební účast byla nízká, protože lidé proti odtrženosti hlasování většinou bojkotovali.
Podle katalánských úřadů bylo loni zraněno téměř 1 000 lidí poté, co se policie při násilných střetech pokusila zabránit tomu, aby ve volebních místnostech po celém regionu probíhalo.
Skupiny podporující Nezávislost utábořily v noci na pátek, aby zabránily demonstraci na podporu celostátní policie.
Demonstrace pokračovala, ale byla nucena jít jinou cestou.
Osmašedesátiletý elektrikář Narcis Termes, účastník separatistického protestu se svou manželkou, prohlásil, že už nedůvěřuje vyhlídkám Katalánska na získání nezávislosti Katalánska.
„Minulý rok jsme prožili jeden z našich nejlepších okamžiků.
Díval jsem se, jak moji rodiče plakali radostí nad tím, že mohou volit, ale teď jsme uvízli,“ řekl.
Navzdory tomu, že katalánské strany podporující nezávislost loni v prosincových celostátních volbách zvládly životně důležité, byť těsné vítězství, snažily si udržet tempo a mnozí ze svých nejznámějších lídrů v exilu, nebo ve vazbě, čekající na soud za svou roli při organizování referenda a následném vyhlášení nezávislosti.
Čtyřiačtyřicetiletý automechanik Joan Puig, který protest nahrával do svého telefonu na podporu policie, prohlásil, že konflikt rozdmýchali politici na obou stranách.
„Je to čím dál napínavější,“ řekl.
Oriol Junqueras, jeden z devíti katalánských lídrů ve věznici od konce loňského roku, v sobotu oznámil, že bude příští rok kandidovat ve volbách do Evropského parlamentu.
„Postavit se jako kandidát do evropských voleb je nejlepší způsob, jak odsoudit regresi v demokratických hodnotách a represi, kterou jsme viděli ze strany španělské vlády,“ uvedl.
Londonderry: Muži zatčeni poté, co dům vrazili do auta
Třem mužům ve věku 33, 34 a 34 a 39 let bylo zatčeno poté, co do domu v Londonderry opakovaně vrazilo auto.
Incident vypukl v Ballynagard Crescent ve čtvrtek kolem 19:30 SELČ.
Detektivní inspektor Bob Blemmings uvedl, že došlo ke škodám na bráně a samotné budově.
Z kuše mohla být také vypálena v určitém okamžiku.
Menga stávka dává Livingston 1-0 výhru nad Rangers
První gól Dolly Mengové v Livingstonu zajistil vítězství
Povýšený Livingston omráčil Rangers poslat Stevena Gerrarda k jeho druhé porážce v 18 zápasech jako manažer klubu Ibrox.
Úder Dolly Mengy se ukázal být rozdílem, protože strana Garyho Holta se posunula na druhou příčku s Hibernianovou na druhé příčce.
Gerrardova strana zůstává bez výhry v premiéře v této sezoně a příští neděli se utká s lídrem Hearts, po kterém zaostávají o osm bodů.
Do té doby Rangers hostí ve čtvrteční Evropské lize Rapid Vídeň v Evropské lize.
Livingston mezitím prodlouží neporazitelný průběh v divizi na šest zápasů, přičemž hlavní trenér Holt stále ochutnává porážku od nahrazení Kennyho Milera minulý měsíc.
Livingston promarnit šance proti tupým návštěvníkům
Holtův tým měl být napřed dávno předtím, než vstřelil gól a jejich přímočarost způsobovala Rangers nejrůznější problémy.
Scott Robinson prorazil, ale protáhl svou snahu přes tvář gólu, pak Alan Lithgow pouze nasměroval svou snahu po sklouznutí, aby čelil hlavičce Craiga Halketta přes branku.
Moderátoři byli spokojení, aby Rangers hráli před nimi, s vědomím, že mohou obtěžovat návštěvníky v nastavených koutech.
A to byl způsob, jakým přicházel rozhodující gól.
Rangers připustil volný-kick a Livingston zapracoval otevření, Declan Gallagher a Robinson kombinovat nastavit Menga, který vzal dotek a skóroval ze středu krabice.
V této fázi Rangers ovládli držení míče, ale shledal domácí obranu neproniknutelnou a brankář Liam Kelly byl do značné míry netrpělivý.
Tento vzorec pokračoval i ve druhém poločase, i když Alfredo Morelos si vynutil zákrok proti Kellymu.
Scotta Pittmana odepřely nohy brankáře Rangers Allana McGregorova a Lithgow vystřelil z další Livingstonu.
Kříže neustále přicházely do Livingstonovy lóže a byly průběžně vyklízeny, zatímco dva penaltové nárokovance – po Halkettově souboji na náhradníka Glenna Middletona a jeden pro házenou – byly odmávány.
'Fenomenální' z Livingstonu – analýza
Alasdair Lamont ze skotské BBC v aréně Tony Macaroni
F fenomenální výkon a výsledek pro Livingstona.
Pro člověka byli výborní, nadále předčil očekávání na této vzestupné trajektorii.
Jejich styl hry a personálu se od jejich návratu do nejvyšší soutěže téměř nezměnil, ale velkou zásluhu má Holt za způsob, jakým vyburcoval tým od svého příchodu.
Měl tolik hrdinů.
Kapitán Halkett byl nesmírný, sestavoval skvěle zorganizovanou obranu, zatímco Menga držel Connora Goldsona a Joe Worralla po celou dobu ve střehu.
Hraničářům však chyběla inspirace.
I když byli za Gerrarda občas dobří, těmto normám zaostávali.
Jejich závěrečný míč chyběl – jen jednou rozřízli domácí otevřené – a to je něco jako budíček pro Rangers, kteří se ocitnou ve středu tabulky.
Erdoganovi se v Kolíně dostalo smíšeného přijetí
V sobotu (29. září) se objevily úsměvy a modrá obloha, když se vedoucí představitelé Turecka a Německa v Berlíně setkali.
Je to poslední den kontroverzní návštěvy prezidenta Erdogana v Německu, která je zaměřena na nápravu vzájemných vztahů mezi spojenci v NATO.
Rozešli se kvůli otázkám zahrnujícím lidská práva, svobodu tisku a přistoupení Turecka k EU.
Erdogan pak zamířil do Kolína nad Rýnem, aby otevřel obří novou mešitu.
Město je domovem největší turecké populace mimo Turecko.
Policie uvedla, že před mešitou se shromažďují pětadvacetitisícovému davu bezpečnostní důvody zablokovat, ale spousta příznivců vyšla poblíž, aby navštívila svého prezidenta.
Vyslechly také stovky demonstrantů, z nichž mnohými byli Kurdové, což odsoudilo jak Erdoganovu politiku, tak rozhodnutí německé vlády přivítat ho v zemi. Odsoudili jak Erdoganovu politiku, tak rozhodnutí německé vlády přivítat ho v zemi.
Souborové protesty odrážejí rozpolcenost návštěvníka, kterého někteří němečtí Turci oslavují jako hrdinu a jiní jim proklínají za autokrata.
Silniční havárie v Deptfordu: Cyklista zemřel při srážce s autem
Cyklista zahynul při srážce automobilu v Londýně.
K havárii došlo poblíž křižovatky Bestwood Street a Evelyn Street, rušné silnice v Deptfordu na jihovýchodě města, kolem 10:15 SELČ.
Ředitel auta zastavil a záchranáři se zúčastnili, ale muž na místě zahynul.
K havárii došlo několik měsíců poté, co další cyklista zahynul při srážce a srážce na Childers Street, asi míli od sobotní havárie.
Metropolitní policie uvedla, že policisté pracují, aby muže identifikovali a informovali jeho nejbližší příbuzní.
Silniční uzávěry a odklony autobusů jsou zavedeny a motoristům bylo doporučeno, aby se oblasti vyhýbali.
Věznice Dlouhý Lartin: Šest důstojníků bylo zraněno při nepořádku
Šest vězeňských důstojníků bylo zraněno při výtržnostech ve věznici s vysokou ostrahou, uvedla vězeňská služba.
Porucha vypukla v HMP Long Lartin ve Worcestershire kolem 9:30 SELČ v neděli a pokračuje.
Specializovaní „Tornádovi“ důstojníci byli přivedeni, aby řešili nepokoje, do kterých je zapojeno osm vězňů a které jsou uloženy jednomu křídlu.
Důstojníci byli ošetřeni kvůli menším poraněním obličeje na místě.
Mluvčí vězeňské služby řekl: „Zvláště vycvičený vězeňský personál byl nasazen, aby řešil probíhající incident v HMP Long Lartin.
Bylo ošetřeno se zraněními.
Netolerujeme násilí ve svých věznicích a je nám jasné, že ti, kdo jsou za to zodpovědní, budou odkázáni na policii a mohli by za mřížemi trávit více času.“
HMP Long Lartin zadržuje více než 500 vězňů, včetně jedněch z nejnebezpečnějších pachatelů v zemi.
V červnu bylo oznámeno guvernérovi věznice, kterému byla ošetřena nemocnice poté, co byla napadena vězeňkyním.
V říjnu loňského roku byli do věznice přivoláni těžkooděnci, aby se vypořádali s vážnými výtržnostmi, při nichž byli zaměstnanci napadeni kulečníkovými koulemi.
Hurikán Rosa Ohrožuje Phoenix, Las Vegas, Salt Lake City s bleskovými záplavami (sucho oblasti mohou těžit)
V Arizoně zasáhla tropická depresiva, ale to je přesně to, co se pravděpodobně stihne brzy na začátku příštího týdne, protože zbývající energetická dráha hurikánu Rosa přes jihozápad pouště, přinášející blesková povodňová rizika.
Národní meteorologická služba již vydala bleskové povodňové hlídky na pondělí a úterý pro západní Arizonu do jižní a východní Nevady, jihovýchodní Kalifornie a Utah, včetně měst Phoenix, Flagstaff, Las Vegas a Salt Lake City.
Očekává se, že se Rosa vydá přímou cestou nad Phoenixem v úterý a v pondělí se bude blížit pozdvižení s deštěm.
Národní meteorologická služba ve Phoenixu ve svém tweetu poznamenala, že „pouze deset tropických cyklónů si od roku 1950 udrželo tropickou bouři nebo depresi ve vzdálenosti 200 mil od Phoenixu!
Katrina (1967) byl hurikán v okruhu 40 mil od hranice AZ.“
Nejnovější modely Národního hurikánového Centra předpovídají 2 až 4 palce dešťů srážek s ojedinělým množstvím až 6 palců v Mogollon Rim v Arizoně.
Jiná naleziště na jihozápadě pouště, včetně centrálních Skalistých hor a Velké pánvené pánvene, pravděpodobně se dostanou ojedinělými úhrny do 4 palců.
Pro ty, kteří jsou ohroženi bleskovými povodněmi, Rosin déšť může být požehnáním, protože region je suchem sužovaný.
Přestože záplavy vzbuzují velmi vážnou obavu, některé z těchto dešťových srážek budou pravděpodobně prospěšné, protože jihozápad se v současné době potýká se zhoršováním sucha.
Podle amerického monitoru sucha zažívá něco více než 40 procent Arizony zažívá přinejmenším extrémní sucho, což je druhá nejvyšší kategorie,“ uvedl meteorolog.com.
Za prvé cesta hurikánu Rosa vede k pevnině přes poloostrov Kalifornie v Mexiku.
Rosa, stále v síle hurikánu v nedělním dopoledni s maximálním větrem 85 mil za hodinu, je 385 mil jižně od Punta Eugenia v Mexiku a pohybuje se na sever rychlostí 12 mil za hodinu.
Bouře naráží na chladnější vody v Pacifiku, a proto zeslábla.
Očekává se, že v Mexiku přistane při síle tropické bouřkové bouřky v odpoledních hodinách nebo večer v pondělí.
Srážky v některých částech Mexika mohou být silné, což představuje značné povodňové riziko.
„Účty srážek 3 až 6 palců se očekávají od Baja Kalifornie do severozápadní Sonory s až 10 palci možnými až 10 palců,“ uvedl server weather.com.
Rosa pak vystopuje sever přes Mexiko jako tropickou bouři, než v úterý v časných ranních ranních ranních hodinách dorazí k hranicím Arizony jako tropickou depresi, která pak v úterý pozdě večer přejde Arizonou do jižního Utahu.
„Hlavní nebezpečím očekávaným od Rosy nebo jejích pozůstatků jsou velmi silné dešťové srážky v Baja Kalifornii, severozápadní Sonoře a americkém pouštním jihozápadě,“ uvedlo Národního hurikánového středisku (National Hurricane Center).
Očekává se, že tyto deště způsobí život ohrožující bleskové záplavy záplavy a úlomkové proudy v pouštěch a sesuvy půdy v hornatém terénu.
Midsomer Norton útok: Čtyřikrát zatýkání při pokusu o vraždu
Třicí nezletilí chlapci a dvacetiletý muž byli zatčeni pro podezření z pokusu o atentát poté, co byl v Somersetu nalezen šestnáctiletý mladík s bodnými zraněními.
Nezletilý chlapec byl nalezen zraněný ve čtvrti Excelsior Terrace v Midsomeru Norton v sobotu kolem 04:00 SELČ.
Byl převezen do nemocnice, kde zůstává ve „stabilním“ stavu.
Sedmadvacetiletý sedmnáctiletý, dva osmnáctiletí a dvacetiletý mladík byli přes noc zatčeni v oblasti Radstocku, uvedla policie v Avonu a Somersetu.
Důstojníci požádali, aby kdokoli, kdo by mohl mít nějaké záběry z mobilního telefonu o tom, co se přihodilo.
Podle Trumpa Kavanaugh „trpěl přízračnost, hněv“ Demokratické strany
„Hlas pro soudce Kavanaugauga je hlasem pro odmítnutí nemilosrdné a pobuřující taktiky Demokratické strany,“ řekl Trump na shromáždění ve Wheelingu v Západní Virginii.
Trump řekl, že Kavanaugh „trpěl podlostí, hněvem“ Demokratické strany po celou dobu svého nominačního procesu.
Kavanaugh vypovídal před Kongresem ve čtvrtek, energicky a emocionálně popíral tvrzení Christine Blaseyové Fordové, že ji před desítkami let sexuálně napadl, když byli teenageři.
Ford také vypovídal u výslechu ohledně jejího obvinění.
Prezident v sobotu řekl, že „Američtí lidé viděli brilantní, kvalitní a odvážnou“ Kavanaugha toho dne.
„Hlasování, které potvrdí soudce Kavanaugona, je hlasem pro potvrzení jednoho z nejdokonalejších právních mozků v naší době, právníka se skvělým záznamem veřejné služby,“ řekl davu příznivců ze Západní Virginie.
Prezident nepřímo poukazoval na Kavanaughovu nominaci, když hovořil o důležitosti republikánské volební účasti ve volbách.
„Pět týdnů před jedněmi nejdůležitějšími volbami našeho života.
Já neutíkám, ale ve skutečnosti utíkám,“ řekl.
„Právě proto všude bojuji za skvělé kandidáty.“
Tvrdil Trump, že demokraté jsou na poslání „bránit a překrucovat“.
Očekává se, že první klíčové procedurální projednávání Kavanaughovy nominace v Senátu proběhne nejpozději v pátek, řekl CNN vysoce postavený spolupracovník ČSSD.
Stovky mrtvých indonéským zemětřesením, tsunami, přičemž počet obětí stoupá
Nejméně 384 lidí zahynulo, z nichž mnozí byli smeteni, když obří vlny narazily na pláže, když indonéský ostrov Sulawesi zasáhlo silné zemětřesení a tsunami.
Stovky lidí se v pátek shromáždily na slavnosti na pláži ve městě Palu, když vlny vysoké až šest metrů (18 stop) rozbíjely pevninu za soumraku, smetly mnoho lidí k smrti a zničily vše, co jim stálo v cestě.
Tsunami následovala po zemětřesení o síle 7,5 stupně.
„Když hrozba tsunami vznikla včerevane včera, lidé stále vykonávali své aktivity na plážích a neuskutečňovali okamžitě a stali se oběťmi,“ uvedl na brífinku v Jakartě mluvčí indonéské protichůdné indonéské agentury pro zmírňování následků Katastrofy BNPB.
„Tsunami nepřicházela sama od sebe, táhla automobily, klády, domy, zasáhla všechno na pevnině,“ řekl Nugroho a dodal, že tsunami cestovala po otevřeném moři rychlostí 800 km/h (497 mph), než narazila na pobřeží.
Někteří lidé šplhali po stromech, aby unikli tsunami a přežili.
Přibližně 16 700 lidí bylo evakuováno do 24 středisek v Palu.
Letecké záběry zveřejněné agenturou pro katastrofy ukázaly mnohé zničené budovy a krámy zničeně, překroucené a zřícené mosty a mešitu obklopenou vodou.
Následné otřesy otřásaly pobřežním městem i v sobotu.
Série zemětřesení pocítila oblast s 2,4 milióny lidí.
Indonéská Agentura pro vyhodnocování a aplikaci technologie (BPPT) v prohlášení uvedla, že energetika uvolněná pátečním mohutným zemětřesením byla přibližně 200inásobkem síly atomové bomby svržené na Hirošimu ve druhé světové válce.
Geografie města, které leží na konci dlouhého úzkého zátoku, mohla zvětšit velikost tsunami.
Nugroho popsal škodu jako „rozsáhlé“ a řekl, že se zřítily tisíce domů, nemocnic, nákupních center a hotelů.
Těla některých obětí byla nalezena uvězněná pod troskami zřícených budov, uvedl, že 540 lidí bylo zraněno a 29 bylo pohřešováno.
Nugroho uvedl, že ztráty a škody by mohly být větší podél pobřeží 300 km severně od Palu, oblasti zvané Donggala, která je blíže epicentru zemětřesení.
Komunikace „byla totálně ochromená bez informací“ od Donggaly, řekl Nugroho.
Žije v nich více než 300 000 lidí,“ uvedl Červený kříž v prohlášení a dodal, že do postižených oblastí míří jeho zaměstnanci a dobrovolníci.
„Už teď je to tragédie, ale mohlo by se to ještě zhoršit,“ uvedla.
Agentura byla v sobotu široce kritizována za to, že neinformovala o tsunami Palu, i když oficiální činitelé tvrdili, že vlny přiletěly v době, kdy bylo varování vydáno.
Na záběrech z amatérských záběrů sdílených na sociálních sítích slyší muž v horním patře budovy, jak křičí zběsilá varování před blížící se tsunami lidem dole na ulici.
Během několika minut narazí na břeh vodní stěna, která odnášejí budovy a automobily.
Agentuře Reuters se nepodařilo záběry okamžitě ověřit.
zemětřesení a tsunami způsobily velký výpadek elektrického proudu, který přerušoval komunikaci v Palu, což úřadům ztěžovalo koordinaci záchranných prací.
Armáda začala posílat nákladní letouny s pomocí Jakarty a dalších měst, uvedly úřady, ale evakuovaní stále nutně potřebují potraviny a další základní nezbytnosti.
Městské letiště bylo znovu otevřeno pouze pro záchranné práce a zůstane zavřené až do října.
Prezident Joko Widodo měl v neděli navštívit evakuační centra v Palu.
Indonésie Tsunami Toll Soars Above Nad 800.
Je to velmi špatné.
Zaměstnanci World Vision z Donggaly se sice bezpečně dostali do města Palu, kde se zaměstnanci ukrývají v přístřešcích, zřízených na nádvoří své ordinace, ale po cestě míjeli scény devastace, řekl pan Doseba.
„Řekli mi, že viděli spoustu zničených domů,“ řekl.
Je to velmi zlé.
I v době, kdy humanitární organizace začaly s chmurnými pohyblivá opatření při pomoci při katastrofách, někteří si stěžovali, že zahraničním humanitárním dělníkům s hlubokými odbornými znalostmi bylo znemožněno odcestovat do Palu.
Podle indonéských regulací může financování, dodávky a personál ze zámoří začít proudit pouze tehdy, bude-li místo kalamity prohlášeno za národní katastrofickou zónu.
To se ještě nestalo.
„Stále jde o katastrofu na úrovni provincie,“ řekl Aulia Arriani, mluvčí indonéského Červeného kříže.
„Jakmile vláda prohlásí „Dobře, tohle je celostátní katastrofa,“ můžeme otevřít mezinárodní pomoc, ale zatím nemáme žádný status.“
Po pátečním zemětřesení a tsunami padla na Palu druhá noc, přátelé a rodina stále pohřešovaných doufali, že jejich blízcí budou zázraky, které kvasí bezútěšnými dějovými liniemi přírodních katastrof.
V sobotu vytáhli z kanálu malého chlapce.
Záchranáři v neděli osvobodili ženu, která byla na dva dny uvězněna pod troskami s tělem své matky.
Trenér indonovského národního paraglidingového družstva Gendon Subandono vycvičil dva z pohřešovaných paraglidistů pro Asijské olympijské hry, které skončily začátkem tohoto měsíce v Indonésii.
Jiní z těch, kteří byli uvězněni v hotelu Roa Roa, včetně pana Mandagiho, patřili k jeho studentům.
„Jako čtvrťák v oblasti paraglidingu mám vlastní emocionální břímě,“ řekl.
Pan Gendon vylíčil, že několik hodin poté, co mezi paraglidingovou komunitou kolovala zpráva o kolapsu hotelu Roa Roa, zoufale posílal WhatsApp zprávy konkurentům v Palu, kteří se účastnili plážového festivalu.
Jeho vzkazy však vyústily pouze v jednu šedou značkovou značku, spíše než dvojici modrých šeků.
„Myslím, že to znamená, že zprávy nebyly doručeny,“ řekl.
Thieves vzít 26.750 dolarů při doplnění ATM v Newport na Levee
Zloději v pátečním dopoledni ukradli 26.750 dolarů pracovníkovi společnosti Brink, který plnil bankomat v Newportu u Levee, podle tiskové zprávy policejního oddělení v Newportu.
Ředitel vozu vyprazdňoval bankomat v zábavním komplexu a chystal se doručit další peníze, napsal detektiv Dennis McCarthy ve vydání.
Zatímco byl zaneprázdněn, jiný muž „běžel zpoza Brinkova zaměstnance“ a ukradl tašku s penězi určenou k dodání.
Svědci si všimli několika podezřelých, kteří podle zprávy prchali z místa činu, ale policie neupřesnila počet účastníků incidentu.
Kdokoliv s informacemi o své identitě by měl kontaktovat newportskou policii na čísle 859-292-3680.
Kanye West: Rapper si změnil jméno na Ye
Rapper Kanye West si mění jméno na Ye.
Ve svém sobotním ohlašování této změny na Twitteru napsal: „Formálně známý jako Kanye West.“
Jednačtyřicetiletý West byl po nějakou dobu přezdívaný Ye a používal přezdívku jako název pro své osmé album, které vyšlo v červnu.
Změna nastává před jeho vystoupením v pořadu Saturday Night Live, kde by měl vydat své nové album Yandhi.
Nahradí zpěvačku Arianu Grande v show, která to zrušila z „emocionálních důvodů,“ řekl tvůrce seriálu.
Kromě toho, že je zkratkou jeho aktuálního profesionálního jména, West již dříve řekl, že toto slovo má pro něj náboženský význam.
„Domnívám se, že 'ye' je nejběžněji používaným slovem v Bibli, a v Bibli to znamená 'ty',“ řekl West začátkem letošního roku při debatě s rozhlasovým moderátorem Big Bojem o svém albu.
„Takže já jsem vy, já jsem my, to jsme my.
Šlo to od Kanyeho, což znamená toho jediného, k tomu, že je to jen odrazem našeho dobra, našeho zlého, našeho zmatku, všeho.
Album je spíše odrazem toho, jací jsme.“
Je jedním z řady slavných rapperů, kteří změnili své jméno.
Sean Combs byl různě známý jako Puff Daddy, P. Diddy nebo Diddy, ale letos oznámil, že dává přednost jménům Láska a Brother Love.
Bývalé spolupracovnice ze Západu, JAY-Z, si také vystačila s pomlčkou a hlavními městy nebo bez nich.
Mexický AMLO slibuje nepoužít armádu proti civilistům
Nově zvolený mexický prezident Andres Manuel Lopez Obrador slíbil, že nikdy nepoužije vojenskou sílu proti civilistům, když se země blíží k 50. výročí krvavé odvety vůči studentům.
Lopez Obrador v sobotu na Tlatelolco Plaza slíbil, že „nikdy nepoužije armádu k potlačení mexického lidu“.
Družstva vypálila na mírumilovnou demonstraci na náměstích 2. října 1968 a zabila až 300 lidí v době, kdy levicová studentská hnutí zapustila kořeny v celé Latinské Americe.
Lopez Obrador se zavázal podporovat mladé Mexičany poskytováním měsíčních dotací těm, kteří studují, a otevřením dalších bezplatných veřejných univerzit.
Prohlásil, že nezaměstnanost a nedostatek vzdělávacích příležitostí přitahují mládí do zločineckých gangů.
Spojené státy by měly zdvojnásobit financování A.I.
Vzhledem k tomu, že se Čína stává aktivnější v oblasti umělé inteligence, měly by Spojené státy zdvojnásobit částku, kterou vynakládají na výzkum v terénici, říká investor a praktikující umělou inteligenci Kai-Fu Lee, který pracoval pro společnosti Google, Microsoft a Apple.
Připomínky přicházejí poté, co různé části americké vlády učinily AI oznámení, i když Spojené státy celkově postrádají formální strategii uměléI.
Mezitím Čína loni představila svůj plán: do roku 2030 chce být jedničkou v inovaci AI.
„Dvojitý rozpočet na výzkum uměléI by byl dobrý začátek, vzhledem k tomu, že všechny ostatní země jsou mnohem pozadu za Spojenými státy, a my hledáme další průlom v AI,“ řekl Lee.
Zdvojnásobení finančních prostředků by mohlo zdvojnásobit pravděpodobnost, že další velký úspěch UI bude učiněn v USA, řekl Lee CNBC v rozhovoru tento týden.
Lee, jehož kniha „AI Superpowers: China, Silicon Valley and the New World Order“ vyšla tento měsíc v nakladatelství Houghton Mifflin Harcourt, je výkonným ředitelem společnosti Sinovation Ventures, která investovala do jedné z nejvýznamnějších společností zabývajících se umělou umělou umělou umělostí v Číně Face++.
V osmdesátých letech na Carnegie Mellonově Univerzitě pracoval na systému umělé inteligence, který porazil nejvýše nasazeného Američana Othella, a později byl výkonným ředitelem společnosti Microsoft Research a ředitelem čínské pobočky Googlu.
Lee uznal předchozí americké vládní technologické závody, jako je Robotics Challenge Agentury pro pokročilé pokročilé obranné výzkumné projevy, a zeptal se, kdy bude další, s cílem pomoci identifikovat další vizionáře.
Vědci v USA musí často tvrdě pracovat, aby získali vládní granty, řekl Lee.
„Nejde o Čínu, co bere akademické špiony; jsou to korporace,“ řekl Lee.
Facebooku, Googlu a dalším technologickým firmám v posledních letech najaly světoběžníky z vysokých škol, aby pracovaly na AI.
Změna imigrační politiky by také mohla pomoci Spojeným Vánocům posílit snahy o umělou inteligenci.
„Předpokládám, že zelené karty by měly být automaticky nabízeny doktorandům z AI,“ řekl.
Čínská Státní rada v červenci roku 2017 vydala Plán rozvoje umělé inteligence nové generace.
Čínská Národní nadace pro přírodní vědu poskytuje lidem v akademických institucích finanční prostředky, které se podobají způsobu, jakým National Science Foundation a další vládní organizace rozdělují peníze americkým výzkumníkům, ale kvalita akademické práce je v Číně nižší.
Počátkem letošního roku americké ministerstvo obrany založilo Společné centrum umělé zpravodajské služby, do něhož mají být zapojeni partneři z průmyslu a akademické sféry a Bílý dům ohlásil sestavení Výběrového výboru pro umělou inteligenci.
A tento měsíc DARPA ohlásila dvoumiliardovou investici v iniciativě zvané AI Next.
Pokud jde o NSF, ta v současné době investuje více než 100 milionů dolarů ročně do výzkumu umělé obezity.
Mezitím americká legislativa, která usilovala o Vytvoření Národní bezpečnostní komise pro umělou inteligenci, nezaznamenala činy už celé měsíce.
Makedonci v referendu odhlasovali, zda změnit název země
Makedonský lid v nedělním referendu odhlasoval, zda změnit svůj název na „Republika Severní Makedonie“, což by vyřešilo desítky let trvající spor s Řeckem, které zablokovalo jeho kandidatury na členství pro Evropskou unii a NATO.
Řecko, které má provincii zvanou Makedonie, trvá na tom, že název severního bližního souseda reprezentuje nárok na jeho území a vetovalo jeho vstup do NATO a do EU.
Obě vlády uzavřely v červnu dohodu založenou na navrhovaném novém názvu, ale nacionalističtí odpůrci tvrdí, že změna by podkopala etnickou identitu slovanské většinové populace v Makedonii.
Prezident Gjorge Ivanov řekl, že v referendu nebude hlasovat a bojkot kampaní vyvolal pochybnosti o tom, zda účast splní minimálně 50 procent potřebných k tomu, aby bylo referendum platné.
Otázkou při hlasování v referendu stálo: „Jste pro členství v NATO a EU s přijetím dohody s Řeckem.“
Zastánci této změny, včetně premiéra Zorana Zaeva, tvrdí, že je to cena, kterou stojí za to zaplatit za přijetí do orgánů, jako je EU a NATO pro Makedonii, jednu ze zemí, které vzepjdou z kolapsu jugoslávské Jugoslávie.
„Přišla jsem dnes, abych volila budoucnost této země, mladé lidi v Makedonii proto, aby mohli svobodně žít pod záštitou Evropské unie, protože to pro nás všechny znamená bezpečnější život,“ uvedla devětasedmdesátiletá Olivera Georgijevska ve Skopje.
I když to není právně závazné, dost poslanců prohlásilo, že výsledek hlasování dodrží tak, aby byl rozhodný.
Změna názvu by vyžadovala dvoutřetinovou většinu v parlamentu.
Volební komora státu uvedla, že do 13:00 nebyly hlášeny žádné nesrovnalosti.
Volební úspěšnost však činila pouhých 16 procent oproti 34 procentům v minulých parlamentních volbách v roce 2016, kdy svůj volební lístek odevzdalo 66 procent registrovaných voličů.
„Přišel jsem k volbám kvůli svým dětem, naše místo je v Evropě,“ řekl dvaašedesátiletý Gjose Tanevský, volič v hlavním městě Skopje.
Makedonský premiér Zoran Zaev, jeho manželka Zorica a jeho syn Duško odevzdali 30. září 2018, že v Makedonii hlasovali pro referendum v Makedonii.
Čtyřiapadesátiletý Vladimir Kavardarkov před parlamentem ve Skopje připravoval malé pódium a přitahoval křesla před stánky postavenými těmi, kdo budou bojkotovat referendum.
„Jsme určeni pro NATO a EU, ale chceme se spojit se vztyřenými hlavami, nikoli servisními dveřmi,“ řekl Kavadarkov.
„Jsme chudá země, ale máme důstojnost.
Nebudeme-li nás považovat za Makedonii, můžeme se obracet k dalším, jako je Čína a Rusko, a stát se součástí evropsko-asijské integrace.“
Premiér Zaev tvrdí, že členství v NATO přinese tolik potřebné investice Makedonii, jejíž míra nezaměstnanosti přesáhne 20 procent.
„Domnívám se, že drtivá většina bude nakloněna, protože více než 80 procent našich občanů je nakloněno EU a NATO,“ řekl Zaev poté, co odevzdal svůj hlasovací lístek.
Prohlásil, že „výsledkem „ano“ bude „potvrzení naší budoucnosti“.
Průzkumy veřejného mínění zveřejněné minulé pondělní makedonským Ústavem pro politický výzkum uváděly, že v referendu se zúčastní 30 až 43 procent voličů, což je méně než požadovaná volební účast.
Jiný průzkum provedený makedonskou televizní stanicí Telma TV zjistil, že 57 procent dotázaných plánuje v neděli volit.
Sedmdesátiprocentní z nich uvedli, že budou hlasovat pro.
Aby bylo referendum úspěšná, musí být volební účast padesátiprocentně plus jeden hlas.
Selhání referenda by představovalo první vážnou ránu politice prozápadní administrativy od jejího nástupu v květnu loňského roku.
Podívejte se: Sergio Aguero z Manchesteru City proplouvá celou obranou Brightonu pro gól
Sergio Aguero and Raheem Sterling disched of the Brighton defense in Manchester City's 2-0 vítězství v sobotu na Etihad Stadium v Manchesteru, Anglie.
Díky Aguerovi to v 65. minutě připadalo směšně snadné.
Argentinský útočník obdržel přihrávku ve středním pásmu na začátku sekvence.
Rozběhl se mezi třemi obránci Brightonu, načež zaútočil na otevřené prostranství.
Aguero pak zjistil, že je obklopen čtyřmi zelenými košilemi.
Tlačil kolem jednoho obránce, načež jich předběhlo několik dalších na kraji Brightonské krabice.
Pak strčil přihrávku doleva a našel Sterlinga.
Anglický útočník využil svého prvního dotyku v krabici, aby vrátil míč Aguerovi, který využil svou pravou botou, aby zdolal brankáře Brightonu Mathewa Ryana střelou do pravé strany branky.
„Aguero se potýká s určitými potížemi v nohách,“ řekl novinářům trenér City Pep Guardiola.
„Mluvili jsme o tom, že hraje 55, 60 minut.
Tak se to stalo.
Měli jsme štěstí, že v tu chvíli vstřelil gól.“
Sterling to však byl Sterling, kdo dal Sky Blues první výhodu v potyčce v Premier League.
Tento gól padl ve 29. minutě.
Aguero obdržel míč hluboko na území Brightonu v této hře.
Posílal krásný míč po levém křídle k Leroy Sane.
Sane udělal několik doteků a vedl Sterlina ke vzdálenějšímu sloupku.
Útočník Sky Blues přiťukl míč do branky těsně předtím, než vyklouzl ze zámezí.
Město bitvy Hoffenheim v Lize mistrů hrát ve 12:55 v úterý v Rhein-Neckar-Arena v Sinsheim, Německo.
Scherzer si chce zahrávat spoiler vs. Skalisté hory
Vzhledem k vyřazení z play-off náročního zápasu, nebylo mnoho důvodů vynucovat si další start.
Ale věčně-konkurenční Scherzer doufá, aby se kopec v neděli proti Colorado Rockies, ale pouze v případě, že tam jsou ještě play-off důsledky pro Rockies, kteří drží jeden-herní náskok před Los Angeles Dodgers v NL západ.
Rockies zajistil alespoň divokou kartu místo s 5-2 vítězství nad nároďáku v pátek večer, ale stále se snaží zamknout své první divizní titul.
„I když hrajeme zbytečně, alespoň dokážeme uspět s vědomím atmosféry tady v Denveru s diváky a druhým týmem, který bude letos hrát pravděpodobně na nejvyšším místě ze všech zápasů, se kterými bych se utkal.
Proč bych v tom nechtěl soutěžit?“
Nároďák zatím neoznámil, že v neděli nastoupí, ale v takové situaci je údajně nakloněno nechat Scherzera nadhazovat.
Scherzer, který bude mít svůj 34. start, hodil bullpen zasedání ve čtvrtek a bude nadhazovat na jeho normální odpočinek neděli.
Pravý obhájce Washingtonu je 18-7 s 2,53 ERA a 300 strikeouts v 220 2/3 směny v této sezoně.
Shromáždění Trumpa v Západní Virginii
Prezident mlčky hovořil o tom, jaká je situace kolem jeho kandidáta u Nejvyššího soudu Bretta Kavanaugha, když hovořil o důležitosti republikánské volební účasti ve volbách do Kongresu.
„Jediné, co jsme udělali, je v sázce v listopadu.
Za pět týdnů před jedněmi nejdůležitějšími volbami našeho života.
Toto je jeden z velkých, velkých – nebudu kandidovat, ale ve skutečnosti kandiduji, a to je důvod, proč bojuji o skvělé kandidáty,“ řekl.
Trump pokračoval: „Vidíte tuto hroznou, hroznou radikální skupinu demokratů, vidíte, že se to děje právě teď.
A jsou odhodláni vzít si moc zpět za použití jakýchkoliv potřebných prostředků, vidíte tu podlost, nechutnost.
Nezáleží jim na tom, komu ublíží, koho budou muset přejet, aby získali moc a sebeovládání, to je to, po čem chtějí moc a kontrolu, my jim to nedáme.“
Demokraté podle něj mají za úkol „bránit a obstruovat“.
„A to vidíte v posledních čtyřech dnech,“ řekl a nazval Demokraty „rozzlobenými, zlých a ošklivých a lživých.“
Zmínil Senátní justiční výbor, který jmenovitě jmenovitě umístil senátorku za Demokratickou republiku Dianne Feinsteinovou, které se v obecenstvu hlasitě bučelo.
„Vzpomínka na její odpověď?
Prozradli jste ten dokument?
Uh, uh, co.
Ne, uh ne, počkám – to byla opravdu sprostá řeč těla – ta nejhorší řeč těla, jakou jsem kdy viděl.“
Labouristé již nejsou širokou církví.
Je netolerantní k těm, kteří říkají, co si myslí.
Vzhledem k tomu, že Aktivisté hnutí Momentum v mé místní straně odhlasovali mou kritiku, nebylo žádným překvapením.
Koneckonců jsem poslední z řady labouristických poslanců, kterým bylo sděleno, že nejsme vítáni – a to vše proto, že říkáme, co si myslíme.
Mé parlamentní kolegyni Joan Ryanové se dostalo podobného zacházení, protože se rezolutně postavila antisemitismu.
V mém případě mě návrh na vyslovení cenzury kritizoval, že nesouhlasím s Jeremym Corbynem.
Pokud jde o důležitost zodpovědné hospodářské politiky, pro národní bezpečnost, pro Evropu paradoxně podobné otázky, v nichž Jeremy nesouhlasil s předchozími lídry.
V pátečním oznámení na pátečním setkání labouristů v Nottinghamu se uvádělo, že „chceme, aby schůzky byly inkluzivní a produktivní“.
Většinu z mých osmi let ve funkci místního labouristického poslaneckého poslaneckého klubu byla páteční schůzka GC přesně taková.
Smutné je, že to dnes není tón mnoha schůzek a přísliba „laskavější, jemnější“ politiky se už dlouho zapomíná, i když to skutečně začalo.
Je stále zřejmější, že v labouristické straně nejsou tolerovány rozdílné názory a každý názor se posuzuje podle toho, zda je pro vedení strany přijatelný.
Začalo to krátce poté, co se Jeremy stal lídrem, protože kolegové, o nichž jsem si předtím myslel, že sdílím podobné politické názory, začali očekávat, že udělám obrat o sto osmdesát stupňů a zaujmu postoje, se kterými bych jinak nesouhlasil – ať už v otázce národní bezpečnosti nebo jednotného trhu EU.
Pokaždé, když promluvím veřejně – a ve skutečnosti nezáleží na tom, co říkám – následuje tiráda nadávek na sociálních médiích, vyzývající k odsolnění, pranýřování politiky středu a říkající mi, že bych neměl být v Labouristické straně.
A to není jen má zkušenost.
Vskutku, vím, že mám více štěstí než někteří z mých kolegů, protože komentáře namířené proti mně mají tendenci být politické.
Hlížím nad profesionalitou a odhodlaností těch kolegů, kteří každý den čelí přívalu sexistických nebo rasistických nadávek, ale nikdy se nevyhýbají.
Jedním z nejznepokojivějších aspektů této éry politiky je, jak se úroveň zneužívání normalizovala.
Jeremy Corbyn z minulého týdne prohlašoval, že labouristická strana by měla podporovat kulturu tolerance.
Realita je taková, že už nejsme tou širokou církví a s každým „nedůvěřivým“ návrhem nebo změnou výběrových pravidel se strana zužuje.
V posledních dvou letech jsem dostal spoustu rad, které mě nabádaly, abych se držela při zemi, abych nebyla tak hlasitá a pak bych „byla v pořádku“.
Kvůli tomu jsem však do politiky nevstupoval.
Od té doby, co jsem před 32 lety nastoupil k labouristům jako žák, vyprovokován nedbalostí Thatcherovy vlády, kvůli němuž moje ucelená školní učebna doslova spadla, jsem se snažil prosazovat lepší veřejné bohoslužby pro ty, kteří je nejvíce potřebují – ať už jako místního radního nebo vládního ministra.
Nikdy jsem neskrýval svou politiku, a to ani při minulých volbách.
Nikoho v Nottinghamském Východě jsem nemohl nijak zmást mými politickými postoji a oblastmi neshody se současným vedením.
Těm, kdo v pátek návrh prosazovali, bych řekl jen to, že když se země řítí směrem k brexitu, který ublíží domácnostem, firmám a našim veřejným službám, nerozumím touze plýtvat časem a energií na svou loajalitu k vůdci labouristické strany.
Ve skutečnosti však jediné posel poselství, které mám, nespočívá k Nottinghamskému Okamžiku, ale k mým voličům, ať už labouristickým členům nebo ne: jsem hrdý na to, že vám mohu posloužit a slibuji, že žádné hrozby či politické prospěšnosti neodradí mě od toho, abychom jednali v nejlepším zájmu vás všech.
Chris Leslie je poslanec za Nottingham East
Ayr 38 – 17 Melrose: Neporažený Ayr jít nahoru
Dva pozdní pokusy možná zkreslily konečný výsledek poněkud, ale není pochyb o tom, Ayr si zasloužil k triumfu v tomto úžasně zábavném Tennentově premiérovém souboji.
Nyní jsou v čele tabulky, jediná neporažená strana z té desítky.
V konečném důsledku to byla jejich nadřazená obrana, stejně jako jejich větší šance, která vynesla domácí a trenér Peter Murchie měl plné právo být potěšen.
„Byli jsme zkoušeni nad našimi hrami, a jsme stále neporaženi, takže musím být šťastný,“ řekl.
Robyn Christie of Melrose řekla: „Zásluhu Ayrovi je, že riskovali lépe než my.“
Granta Andersona ve 14. minutě, který proměnil Frazier Climo, vynesl Ayra do čela, ale žlutá karta pro skotskou čepici Rory Hughese, uvolněná pro hru Warriors, dovolila Melsanovi, aby čísla vyprávěla a Jason Baggot chytil neproměněný pokus.
Climo natahoval Ayrovo vedení penaltou, načež v poločase vstřelil gól, pak proměnil sólovou přihrávku, aby v rozehrávce vyrovnal na 17:5.
Ve druhém poločase však Melrose začal druhou půli dobře a snaha Patricka Andersona, proměněná Baggotem snížila volnost na pět bodů.
Došlo k zdlouhavému přepadení kvůli vážným zraněním Ruaridha Knotta, který byl natažený, a z restartu se Ayr hrnul dále dopředu díky pokusu Stafforda McDowalla, kterého proměnil Climo.
Álický zastupující kapitán Blair Macpherson dostal žlutou kartu a Melrose přiměl muže, aby na konci ostrého nátlaku doplatil neproměněným Brucem Colvinem.
Domácí se však vrátili zpět, a když Struan Hutchinson dostal žlutou kartu za napadení Clima bez míče z penaltového lajnu, MacPherson se dotkl v zadní části postupujícího Ayrova maulu.
Climo konvertoval, což se mu dařilo opět téměř po restartu, poté, co Kyle Rowe posbíral kop Davida Armstronga v krabici a poslalo křídelníka Gregora Henryho k pátému zákroku.
Hvězda Still Game se chystá na novou kariéru v restauračním průmyslu
Hvězda seriálu Still Game Ford Kieran podle všeho přejde do pohostinského požitkářského průmyslu poté, co se zjistilo, že byl jmenován ředitelem licencované restaurační společnosti.
Šest šestapadesátiletý muž hraje Jacka Jarvise v populárním pořadu BBC BBC, ve kterém píše a vystupuje společně s dlouholetým komediálním parťákem Gregem Hemphillem.
Duo oznámilo, že nadřazená devátá série bude poslední v průběhu seriálu a zdá se, že Kiernan po Craiglangu plánuje doživotní život.
Podle oficiálních záznamů je ředitelem společnosti Adriftmorn Limited.
Herec odmítl reportáž komentovat, i když zdroj ze skotského deníku Sun naznačoval, že Kiernan se chce zapoťovat do glasgowského „prosperujícího restauračního řemesla“.
„Moře je naše“: vnitrozemská Bolívie doufá, že soud znovu otevře cestu do Tichého Tichého oceánu
Námořníci hlídají lanovící námořnické velitelství v La Paz.
Veřejné budovy vyvěšují modrou vlajku.
Námořní zátoky od jezera Titicaca po Amazonii jsou potřísněny mottem: „Moře je po právu naše.
Dostat ji zpět je povinnost.“
Uprostřed vnitrozemské Bolívie je vzpomínka na pobřeží ztracené pro Chile během krvavého konfliktu ve zdrojích z 19. století stále živá – stejně jako touha znovu plout Tichým oceánem.
Tyto naděje jsou možná nejvyšší za celá desetiletí, neboť Bolívie po pětiletém rokování čeká rozhodnutí mezinárodního soudního dvora dne 1. října.
„Bolívie má dynamiku, ducha jednoty a vyrovnanosti, a s pozitivním názorovým názorem samozřejmě očekává výsledek,“ řekl bolivijský diplomat Roberto Calzadilla.
Mnozí Bolivijci budou na velkoplošných obrazovkách po celé zemi přihlínat rozhodnutí Mezinárodního soudního dvora a doufat, že tribunál v Haagu usoudí ve prospěch bolivijského tvrzení, že – po desetiletích neklidných rozhovorů – je Chile nuceno vyjednat, že poskytne Bolívii suverénní zátoku k moři.
Evo Morales, bolivijský charismatický domorodý premiérový prezident – kterého příští rok čeká kontroverzní bitva o znovuzvolení -, má na pondělní rozhodnutí také spoustu důvodů.
„Jsme velmi blízko návratu do Tichého oceánu,“ zapřísáhl koncem srpna.
Někteří analytici se však domnívají, že je nepravděpodobné, že by soud rozhodl ve prospěch Bolívie – a to by se příliš nezměnilo.
Orgán OSN se sídlem v Nizozemsku nemá pravomoc přidělit chilské území a stanovil, že nerozhoduje o výsledku případných rozhovorů.
Rozhodnutí ICJ přichází pouhých šest měsíců poté, co byly projednány závěrečné argumenty naznačovaly, že případ „nebyl komplikovaný“, uvedl chilský odborník na mezinárodní právo Paz Zárate.
Bolívie to ani zdaleka nepomohlo, ale poslední čtyři roky ji možná vrátily zpět.
„Problém přístupu k moři byla zneužita současnou bolivijskou administrativou,“ uvedl Zárate.
Moralesova agresivní rétorika vysála veškerou zbytkovou chilskou dobrou vůli, podotýkala.
Bolívie a Chile budou v určitém okamžiku nadále hovořit, ale poté bude nesmírně obtížné vést diskuse.
Tyto dvě země nevyměnily velvyslance od roku 1962.
Bývalý prezident Eduardo Rodríguez Veltzé, bolivijský reprezentant v Haagu, odmítl myšlenku, že rozhodnutí soudu bylo neobvykle rychlé.
Pondělí přinese Bolívii „mimořádnou příležitost zahájit novou éru vztahů s Chile“ a šanci „ukončit 139 let trvající neshody vzájemnými výhodnostmi“.
Calzadilla také popřel, že Morales – stále jeden z nejpopulárnějších latinskoamerických prezidentů – používal námořní problematiku jako politickou berličku.
„Bolívie se nikdy nevzdá svého práva mít přístup do Tichého oceánu,“ dodal.
„Rozhodnutí je příležitostí vidět, že musíme překonat minulost.“
Severní Korea tvrdí, že jaderné odzbrojení nepřijde, pokud nebude moci důvěřovat USA
Severokorejský ministr zahraničí Ri Yong Ho říká, že jeho národ nikdy neodzbrojí své nukleární zbraně jako první, pokud nebude moci důvěřovat Washingtonu.
Ri hovořil v sobotu na Valném sněmu Organizace spojených národů.
Vyzval Spojené státy, aby splnily sliby učiněné během summitu lídrů soupeřů v Singapuru.
Tvrzení amerického ministra zahraničí Mika Pompeo se zdá být na pokraji opětovného zahájení zablokované jaderné diplomacie více než tři měsíce po Singapuru se severokorejským Kim Čong-unem.
Ri říká, že je to „falešný sen“, že pokračující v sankcích a americká námitka proti deklaraci ukončení korejských válek někdy srazí Sever na kolena.
Washington je opatrný, aby s deklarací nepřistupoval, aniž by Pchjongjang nejprve podnikl výrazné odzbrojovací tahy.
Kim i americký prezident Donald Trump touží po druhém summitu.
Existuje však široce rozšířený skepticismus, že Pch Pchjongj-jong-jongkong to myslí vážně se zřeknutím arzenálu, který země pravděpodobně považuje za jediný způsob, jak zaručit svou bezpečnost.
Pompeo plánuje příští měsíc Pch Pchjongjang, aby se připravil na druhý summit Kima a Trumpa.
Pařížské módní přehlídky odhalují nejnovější kolekci v masivních oprýskacích oděvů na cestě na High Street ve vaší blízkosti.
Chcete-li zvětšit svou sbírku klobouků, nebo úplně blokovat slunci pak se nedívejte dále.
Designáři Valentino a Thom Browne představili řadu praštěných přerostlých nábřeží pro svou kolekci SS19 na molu, která oslnila stylem nastaveným na Paris Fashion Weeku.
Vysoce nepraktické klobouky zametly Instagram letos v létě a tito designéři posílají své okouzlující výtvory po lávce.
Vyčnívající kousek od Valentina tvořil přehnanou béžovou čepici zdobenou péřovou širokou krempou, která zaplavovala hlavy modelek.
Mezi další přerostlé doplňky patřily vodní melouny zdobené zdobené šperky, čarodějní klobouk a dokonce i anananas – ale nejsou navrženy tak, aby udržovaly vaši hlavu teplou.
Thom Browne také prozradil výběr bizarních masek – a právě včas na Halloween.
Mnohé barevné masky zašívaly rty a připomínaly spíš Hannibala Lectera než haute couture.
Jeden výtvor připomínal potápěčskou výbavu doplněnou šnorchlem a brýlemi, zatímco druhý vypadal jako rozpuštěný zmrzlinový kornout.
A pokud budete pokračovat v tom obrovském módním prohlášení, budete mít štěstí.
Pozorovatelé stylů předpovídají, že obrovské čepce by si mohly razovat do hlavních ulic poblíž vás.
Velké klobouky přicházejí v patách „La Bomba“, slaměného klobouku s metr širokým krempem, který byl viděn u všech od Rihanny po Emily Ratajkowskou.
Kultovní štítek stojící za vysoce nepraktickým kloboukem postříkaném po sociálních médiích vyslal po lávce další velký výtvor – slaměnou plážovou taštičku skoro tak velkou, jako je plavecky oblečený model.
Spálená pomerančová rafiová taška zdobená třásněmi z rafie a zakončená bílou koženou rukojetí, byla vynikajícím kouskem kolekce La Riviera SS19 Jacquemus na pařížském Týmu módy.
Celebrity stylista Luke Armitage řekl agentuře FEMAIL: „Očekávám, že příští léto dorazí na hlavní ulici velké klobouky a plážové taškové tašky – návrhář má tak obrovský dopad, že by bylo těžké ignorovat poptávku po přerostlých doplňcích.“
John Edward: Jazykové dovednosti nezbytné pro globální občany
Nezávislé skotské školy si udržují dosavadní akademické excelence, což pokračovalo i v roce 2018, kdy došlo k další sadě vynikajících zkušebních výsledků, která je posílena pouze individuálními a kolektivními úspěchy ve sportu, umění, hudbě a dalších komunitních snahách.
S více než 30 000 žáky po celém Skotsku usilují tyto školy, zastoupené Skotskou radou nezávislých škol (Scottish Council of Independent Schools, SCIS), o to, aby svým žákům a rodičům přinášely co nejlepší služby.
Nezávislé školy si kladou za cíl připravit své žáky na další a vysokoškolské vzdělávání, jejich zvolenou profesní dráhu a jejich postavení globálních občanů.
Ve vzdělávacím sektoru, v němž lze navrhnout a realizovat šité školní osnovy šité na zakázku, sledujeme pokračování moderních jazyků jako oblíbeného a žádoucího předmětu volby ve školách.
Nelson Mandela řekl: „Mluvíte-li s člověkem jazykem, kterému rozumí, stoupne mu to do hlavy.
Když si s ním promluvíš jeho vlastním jazykem, jde mu to do srdce.“
To je mocná připomínka, že se nemůžeme spoléhat jen na angličtinu, když chceme budovat vztahy a důvěru s lidmi z jiných zemí.
Z posledních letošních výsledků zkoušek vidíme, že jazyky jsou na vrcholu ligových tabulek s nejvyššími úspěšnost v rámci samostatných škol.
Celkem 68 procent žáků, kteří studovali cizojazyčné jazyky, dosáhlo vyšší známky A.
Údaje shromážděné ze 74 členských škol systému SCIS ukázaly, že 72 procent žáků dosáhlo vyšší ročníku A v mandarínštině, zatímco 72 procent žáků studujících němčinu, 69 procent studovalo francouzštinu a 63 procent studovalo španělštinu.
To dokazují, že nezávislé školy ve Skotsku podporují cizojazyčné jazyky jako životně důležité dovednosti, které budou děti a mladí lidé v budoucnu nepochybně potřebovat.
Jazyky se nyní, jako volba předmětu, konají ve stejném hlediskovém významu jako STEM předměty (věda, technologie, strojírenství a matematika) v samostatných školních osnovách i jinde.
Průzkum provedený Komisí Spojeného království pro zaměstnanost a dovednosti v roce 2014 odhalil, že z důvodů, které zaměstnavatelé uváděli při hledání volných pracovních pozic, bylo 17 procent přisuzováno nedostatku jazykových znalostí.
Jazykové znalosti jsou proto stále naléhavější, aby bylo možné připravit mladé lidi na jejich budoucí profesní dráhu.
Vzhledem k většímu počtu potenciálních pracovních příležitostí vyžadujících jazyky jsou tyto dovednosti v globalizovaném světě zásadní.
Nehledě na to, jakou kariéru si někdo vybere, pokud se naučí druhý jazyk, bude mít v budoucnu opravdovou převahu, když bude mít takovou celoživotní dovednost.
Schopnost komunikovat přímo s lidmi z cizích zemí automaticky postaví mnohojazyčnou osobnost před konkurencí.
Podle ankety společnosti YouGov mezi více než 4000 dospělými ve Velké Británii v roce 2013 nebylo 75 procent dotázaných schopno hovořit cizím jazykem tak dobře, aby mohlo vést konverzaci, a francouzština je jediným jazykem dvouciferným podílem 15 procent.
Právě proto je pro dnešní děti vložit investice do jazykové výuky důležité.
Mít více jazyků, zejména v rozvíjejících se ekonomikách, připraví děti s větší šancí na nalezení smysluplného zaměstnání.
Ve Skotsku se každá škola bude lišit jazykem, který vyučuje.
Řada škol se zaměří na klasičtější moderní jazyky, zatímco jiné budou vyučovat jazyky, které jsou pro Spojené království považovány za nejdůležitější při pohledu do roku 2020, například mandarínštinu nebo japonštinu.
Bez ohledu na zájem vašeho dítěte, tam bude vždy řada jazyků na výběr v rámci nezávislých škol, s pedagogickými pracovníky, kteří jsou odborníci v této oblasti.
Nezávislé skotské školy se věnují poskytování učebního prostředí, které děti připraví a vyzbrojí s dovednostmi potřebnými k tomu, aby mohly uspět, bez ohledu na budoucnost.
V globálním podnikatelském prostředí nelze v současné době popírat, že jazyky jsou i nadále životně důležité pro budoucnost země, takže se to musí zrcadlit ve školství.
Moderní jazykové jazyky by skutečně měly být považovány za „mezinárodní komunikační schopnosti“.
Nezávislé školy budou i nadále nabízet mladistvým ve Skotsku tuto volbu, rozmanitost a excelenci.
Il faut bien le faire.
John Edward je ředitelem Skotské rady nezávislých škol
LeBron, aby Lakers debut v neděli v San Diegu
Očekávání je téměř u konce pro fanoušky, kteří chtějí vidět LeBron James dělat svůj první start za Los Angeles Lakers.
Trenér Lakers Luke Walton ohlásil, že James bude hrát v nedělním předsezónním zápase proti Denver Nuggets v San Diegu.
Ale o tom, kolika pár minut bude ještě chybět, to se teprve musí zjistit.
„Bude to více než jeden a méně než 48,“ řekl Walton na oficiálních internetových stránkách Lakers.
Reportér Lakers Mike Trudell tweetoval, že James bude pravděpodobně hrát omezené minuty.
Po tréninku na začátku tohoto týdne byl James dotázán na své plány pro Lakers „šest-zápas předsezónní rozvrh.
„Nepotřebuji předsezonní zápasy v této etapě své kariéry, abych se připravil,“ řekl.
Trump's West Virginia Rally Time, YouTube Channel
Prezident Donalda Trumpa zahajuje záplavu předvolebních mítinků dnes večer ve Wheelingu v Západní Virginii.
Je to Trumpův první z pěti plánovaných mítinků v příštím týdnu, včetně zastávek na spřátelených hřištích včetně Tennessee a Mississippi.
S potvrzovacím hlasováním o odložení jeho výběru na obsazení volného místa u Nejvyššího Nejvyššího soudu si Trump klade za cíl vybudovat podporu pro nadcházející volby v polovině funkčního období, protože Republikánům hrozilo, že ztratí kontrolu nad Kongresem, bude-li odevzdáni hlasy na Nově.
V kolik je Trump v Západní Virginii rally dnes večer a jak se díváte on-line?
Trump's Wheeling v Západní Virginii rally je naplánováno na 19:00 ET dnes večer, v sobotu 29. září 2018.
Shromáždění v Západní Virginii v Západní Virginii můžete sledovat on-line prostřednictvím přímého přenosu na YouTube.
Trump se tento týden pravděpodobně vyjádří k výslechům kandidáta do Nejvyššího soudu Bretta Kavanaugera, které začalo být napjaté kvůli obviněním ze sexuálních deliktů s očekávaným potvrzovacím hlasováním v Senátu o odložení až na dobu jednoho týdne, dokud to FBI nevyšetřuje.
Primárním cílem tohoto přívaze shromážděních je však pomoci republikánům, kteří se potýkají s dotaženými lednovými volbami, získat určitou dynamiku.
Kampaň prezidenta Trumpa tak uvedla, že těchto pět mítinků v příštím týdnu je zaměřeno na povzbuzení dobrovolníků a příznivců, neboť republikáni se podle agentury Reuters snaží ochraňovat a rozšiřovat většinu, kterou mají v Senátu a Sněmovně reprezentantů.
„Kontrola Kongresu je tak kritická pro jeho agendu, že prezident bude cestovat do co největšího počtu států, jak to jen půjde do rušné volební sezóny,“ řekl agentuře Reuters mluvčí Trumpovy volební kampaně, který odmítl být jmenován.
Dnešní ratole, plánované pro Wesbanco Arena ve Wheelingu, by mohlo přivést příznivce z Ohia a Pensylvánie a přitahovat zpravodajství z pittsburských médií,“ podle West Virginia Metro News.
Sobota proběhne v uplynulém měsíci podruhé za poslední měsíc, kdy Trump navštívil Západní Virginii, stát, ve kterém v roce 2016 zvítězil o více než 40 procentních bodů.
Trump se pokouší pomoci republikánskému kandidátovi do Senátu ze Západní Virginie Patricku Morriseyovi, který zaostává v předvolebních průzkumech.
„To není dobré znamení pro Morriseye, že prezident musí přijít, aby se mu pokusil dát impulz v předvolebních průzkumech,“ řekl podle agentury Reuters politický vědec Simon Haeder ze Západovirginijské Univerzity.
Ryder Cup 2018: Tým USA ukazuje žaludek pro boj o udržení nadějí do nedělní dvouhry
Po třech jednostranných relacích mohly být sobotní odpolední čtyřhranice přesně to, co tento Ryderův pohár potřeboval.
Houpavé kyvadlo hybnosti je zcela vynalézaný sportovní koncept, ale ten, že hráči skutečně věřit, a nikdy více, než na soutěžích, jako jsou tyto.
Tak kde by říkali, že hybná síla je teď?
„Měli šestibodový náskok a teď jsou to čtyři, takže si to asi vezmeme jako trochu dynamiky,“ řekl Jordan Spieth, když odjížděl.
Evropa má samozřejmě náskok čtyř bodů a ve hře je ještě o dvanáct bodů víc.
Američané, jak říká Spieth, mají pocit, že mají malý vítr v plachtách ačkoli a mají spoustu být povzbuzeni, v neposlední řadě forma Spieth a Justin Thomas, kteří hráli spolu celý den a každý se může pochlubit tři body ze čtyř.
Spieth byl smrtelný od odpaliště do zelena a jde příkladem.
Tyto hrdelní výkřiky na oslavu zesílily, jak jeho náboj postupoval dál, potopil klíčový putt, aby se utkal ve čtyřech čtverečních, když s Thomasem prohrávali po dvou.
Jeho odpal, který jim vyhrával v zápase na 15, se setkala s podobným výkřikem, který vypráví, že věří, že americký tým z toho není venku.
„Opravdu se musíš ponořit hluboko a starat se o svůj vlastní souboj,“ řekl Spieth.
Každý z těchto aktérek už zbyl.
18 děr na značku.
Jedinými hráči, kteří mají za poslední dva dny více bodů než Spieth a Thomas, jsou Francesco Molinari a Tommy Fleetwood, nezpochybnitelného příběhu Ryderova poháru.
Podivný, ale rozkošný evropský pár jsou čtyři ze čtyř a neumí nic špatného.
„Moliwood“ byl jediný pár, který nestřílel bogey v sobotu odpolední, ale také se vyhýbal bogey v sobotu dopoledne, v pátečním dopoledním odpoledni a zadní devítce v pátek dopoledne.
Tento běh, a způsob, jakým se zdá, že jejich energie proudí do i z tohoto bouřlivý dav cements, které jsou hráči porazit v neděli, a tam by se žádný populárnější hráč zpečetit potenciální evropské vítězství, jak slunce zapadá nad Le Golf Národním než Fleetwood nebo Molinari.
Nejraději obojí souběžně s různými otvory.
Řeči o evropské slávě jsou však stále předčasné.
Bubba Watson and Webb Simpson udělal krátkou práci se Sergiem Garciou, ranním hrdinou fourballu, když byl ve dvojici s Alexem Norenem.
Bogey a dvě čtyřhry na přední devítce vykopaly Španěla a Švéda do díry, ze které se nedostali.
Ale v neděli tu není nikdo, kdo by ti pomohl dostat se z díry.
Čtyřkolky a čtyřiny jsou tak fascinující sledovat zblízka kvůli interakcím mezi párovacími párami, radám, které nedělají a způsobu, jakým se strategie může v jediném okamžiku změnit.
Evropa hrála lépe jako tým tak daleko a mít výrazný náskok do finálového dnu, ale tato čtyřhry relace také ukázaly, že Tým USA má žaludek na boj, že některé, zejména Stateside, byly pochybnosti.
Evropa má náskok 10:6 do finálového dnu Ryder Cupu
Evropa bude mít zdravou výhodu do finálového dne Ryder Cupu poté, co se vynořil ze sobotních fourballs and foursomes zápasy s náskokem 10:6 nad Spojenými státy.
Inspirované duo Tommy Fleetwood and Francesco Molinari vedl náboj se dvěma vítězstvími nad trápícím se Tigerem Woodsem, aby jejich dosavadní součet v Le Golf National dosáhl čtyř bodů.
Evropská strana Thomase Bjorna se ucházela o udržení trofeje, o kterou před dvěma lety v Hazeltine ucházeli, ovládla neúspěšnou americkou reprezentaci v dopoledních fourbálcích, když zvládla sérii 3:1.
Ve čtyřhrách klást Spojeným státům větší odpor, vyhrály dva zápasy, ale do deficitu nemohly požírat.
Svěřenci Jima Furyka potřebují osm bodů z dvanácti nedělních zápasů ve dvouhře, aby si trofej udrželi.
Fleetwood je prvním evropským nováčkem, který získal čtyři body v řadě, zatímco on a Molinari, přezdívaný po senzačním víkendu „Molliwood“, jsou teprve druhým párem, který získal čtyři body ze svých úvodních čtyř zápasů v historii Ryder Cupu.
Když rozdrtili Woodse a Patricka Reeda ve fourbálových míčích, kteří se pak skvěle nagelovali a porazili vyfoukaného Woodse a amerického nováčka Brysona Dechambeaua ještě výraznějším poměrem 5&4.
Woods, který vlekl sám přes dva zápasy v sobotu, ukázal občasné záblesky brilantnosti, ale nyní prohrál 19 ze svých 29 utkání ve čtyřhrách a čtyřhrách a sedm v řadě.
Justin Rose, odpočatý pro dopolední čtyřkolky, se vrátil k parťákovi Henriku Stensonovi ve čtyřhře k porážce Dustina Johnsona a Brookse Koepky 2&1.
Evropa neměla po svém, i když za příjemného svěžího dne jihozápadně od Paříže.
Třikrát hlavní vítěz Jordan Spieth a Justin Thomas nastavit měřítko pro Američany se dvěma body v sobotu.
Získali odvážnou výhrou 2&1 nad Španělem Jonem Rahmem a Ianem Poulterem ve čtyřhře a později se vrátili, aby porazili Poultera a Roryho McIlroye 4&3 ve čtyřhře, když prohráli úvodní dvě jamky.
Pouze dvakrát v historii Ryder Cupu se tým vrátil ze čtyřbodového deficitu do dvouhry, i když Furykovu straně stačí remíza, aby udržela trofej.
Poté, co byl dvaadvacet dní druhý nejlepší, to však vypadá nedělního protiútoku, že to bude nad jejich síly.
Severní Korea tvrdí, že „v žádném případě“ se jednostranně neodzbrojí bez důvěry
Severokorejský ministr zahraničí v sobotu sdělil Organizaci spojených národů, že pokračující sankce prohlubují její nedůvěru vůči Spojeným státům a v žádném případě se země za takových okolností jednostranně nevzdá svých jaderných zbraní.
Ri Yong Ho řekl výročnímu Valnému shromáždění světové organizace, že Severní Korea v uplynulém ročníku přijala „významná opatření dobré vůle“, jako je zastavení jaderných a raketových testů, demontáž jaderného testovacího střediska a zavázání se, že nebude rozšiřovat jaderné zbrany a nukleární technologie.
„Nicméně nevidíme žádnou odpovídající odezvu ze strany USA,“ řekl.
„Bez jakékoli důvěry ve Spojené státy nebude důvěra v naši národní bezpečnost a za takových okolností není možné, abychom jednostranně odzbrojili jako první.“
I když Ri opakoval známé severokokorejské stížnosti na odpor Washingtonu vůči „fázovanému“ přístupu k denuklearizaci, podle něhož bude Severní Korea odměňována, neboť podniká postupné kroky, jeho prohlášení se jevilo příznačné v tom, že neodmítá jednostrannou denuklearizaci z bezproblémového hlediska, jak Pch Pchjongjang dělal v minulosti.
Ri se zmínil o společném prohlášení Kim Čong-una a Donalda Trumpa na vůbec prvním summitu sloužícího amerického a severokorejského lídra v Singapuru 12. června, kdy se Kim zavázal pracovat na „denuklearizaci korejského poloostrova“, zatímco Trump přislíbil záruky bezpečnosti Severní Koreje.
Severní Korea usiluje o formální ukončení korejské války z let 1950-53, ale Spojené státy prohlásily Pch Pchjongj-jong-jongjang, aby se nejprve vzdal svých jaderných zbraní.
Washington také odolal výzvám ke zmírnění tvrdých mezinárodních sankcí vůči Severní Koreji.
„Spojené státy trvají na „denuklearizaci-první“ a zvyšují úroveň nátlaku sankcemi, aby dosáhly svého záměru nátlakem, a dokonce se ohrazují proti „prohlášení konce války,“ řekl Ri.
„Pochopení toho, že nás sankce mohou přivést na kolena, je výmluvným snem lidí, kteří o nás nevědí.
Bojem však je, že přetrvávající sankce prohlubují naši nedůvěru.“
Ri se nezmínil o plánech druhého summitu mezi Kimem a Trumpem, na který počátkem týdne upozornil americký lídr v Organizaci spojených národů.
Ministr místo toho vyzdvihl tři schůzky mezi Kima a jihokorejským lídrem Moonem Jae-inem za posledních pět měsíců a dodal: „Kdyby stranou této otázky denuklearizace byla Jižní Korea a ne USA, denuklearizace Korejského poloostrovu by nedospěla do takové slepé uličky.“
I tak byl tón Riova projevu dramaticky odlišný od loňského roku, kdy Valnému shromáždění OSN řekl, že zacílení severokorejskými raketami na pevninu USA je nevyhnutelné poté, co „pan Ďábel Prezident“ Trump nazval Kima „rakeťákem“ na sebevražedné misii.
Letos v Organizaci spojených národů Trump, který loni vyhrožoval „totálním zničením“ Severní Koreje, chrlil chválu na Kima za jeho odvahu podniknout kroky k odzbrojení, ale řekl, že je ještě třeba vykonat mnoho práce a sankce musí zůstat v platnosti, dokud Severní Korea nedenuklearizuje.
Ve středu Trump prohlásil, že na to nemá žádný časový rámec, a prohlásil: „Pokud to bude trvat dva roky, tři roky nebo pět měsíců – na tom nezáleží.“
Čína a Rusko tvrdí, že Rada bezpečnosti OSN by měla Pch Pchjongjang odměnit za přijatá opatření.
Americký ministr zahraničí Mike Pompeo však ve čtvrtek Radě bezpečnosti OSN řekl: „Vynucování sankcí Rady bezpečnosti musí pokračovat energicky a neúspěšně, dokud neuskutečníme úplnou, konečnou denuklearizaci, dokud si neučiníme plně, konečnou, ověřenou denuklearizaci.“
Rada bezpečnosti jednomyslně zpřísnila sankce vůči Severní Koreji od roku 2006 ve snaze zadusit finanční prostředky na jaderný a balistický raketový program Pchjongjangu.
Pompeo se setkal s Ri na okraji Valného sněmu OSN a poté řekl, že Pchjongjang znovu navštíví příští měsíc, aby se připravil na druhý summit.
Pompeo navštívil Severní Koreu letos už třikrát, ale jeho poslední cesta nedopadla dobře.
Pch Pchjongjang v červenci opustil s prohlášením, že bylo dosaženo pokroku, ale Severní Korea ho během několika hodin odsoudila za „gangsterské požadavky“.
Severokorejská Korea přislíbila na schůzce s Moonem tento měsíc demontáž raketového střediska a také jaderného komplexu, pokud Spojené státy přijmou „odpovídající opatření“.
Prohlásil, že „odpovídající opatření“, o něž usiluje, jsou bezpečnostní záruky, které Trump přislíbil v Singapuru a kroky směrem k normalizaci vztahů s Washingtonem.
Studenti Harvardu navštěvují kurz, jak získat dostatek odpočinku
Díky novému letošnímu studiu na Harvardově univerzitě mají všichni její vysokoškoláci větší spánek ve snaze bojovat proti rostoucí machistické kultuře studia prostřednictvím kofeinem poháněného 'půlnocích'.
Akademik nalezených studentů světové jedničky univerzity jsou často bezradní, pokud jde o samotné základy o tom, jak se o sebe postarat.
Charles Czeisler, profesor spánkové medicíny na Lékařské fakultě Harvardu a odborník z Brigham and Women's Hospital, navrhl průběh, který je podle něj první svého druhu v USA.
Inspirovali ho k zahájení kursu poté, co promluvil o dopadu spánkové deprivace na učení.
„Na jeho konci ke mně přistoupila jedna holčička a ptala se: ,Proč se mi to říká až teď, v posledním ročníku?'
Tvrdila, že jí nikdo nikdy neřekl o důležitosti spánku – což mě překvapilo,“ řekl listu The Telegraph.
Kurz, který se v letošním ročníku rozrostl poprvé, vysvětluje studentům podstatu toho, jak dobré spánkové návyky napomáhají akademickým a atletickým výkonnostem a zlepšují jejich celkovou pohodu.
Paul Barreira, profesor psychiatrie na lékařské fakultě Harvardu a výkonný ředitel univerzitních zdravotnických služeb, řekl, že se univerzita rozhodla zavést kurz poté, co zjistila, že studenti mají v průběhu týdne vážný nedostatek spánku.
Kurz dlouhá hodina zahrnuje řadu interaktivních úloh.
V jedné části je obrázek kolejního pokoje, kde studenti klikněte na kelímky na kávu šálky, záclony, trenéři a knihy, které mají být informováni o účincích kofeinu a světla a jak atletický výkon je ovlivněna spánkovým nedostatkem a důležitost spánkové rutiny.
V další sekci jsou účastníci informováni o tom, jak dlouhodobá spánková deprivace může zvyšovat riziko srdečního infarktu, mozkové mrtvice, deprese a rakoviny.
Mapa kampusu s interaktivními ikonami pak vybízí účastníky, aby přemýšleli o své každodenní rutině.
„Víme, že to okamžitě nezmění chování studentů.
Ale věříme, že mají právo to vědět – stejně jako vy máte právo znát zdravotnické účinky, když se rozhodnete kouřit cigarety,“ dodal profesor Czeisler.
Kultura pýchy na „tahání celonoční“ stále existuje, řekl a dodal, že moderní technologie a stále rostoucí tlak na studenty znamenají spánkovou deprivaci je stále větším problémem.
Zajistit, abyste měli dostatek spánků, dobré kvality, by mělo být studentovou „tajnou zbraní“ pro boj se stresem, vyčerpáním a úzkostí, řekl – a to i proto, aby nepřibíraly na váze, protože spánková deprivace přivádí mozek do hladověcího módu, takže má neustále hlad.
Devatenáctiletý Kaliforňan Raymond So, který studuje chemickou a fyzikální biologii, pomáhal profesoru Czeislerovi navrhovat tento kurz, když loni absolvoval jednu ze svých přednášek během prvního roku na Harvardu.
Tvrdil, že mu dráha otevřela oči a inspirovala ho, aby tlačil na celoznikový kurz.
V dalším kroku doufá požádat všechny postgraduální studenty, aby dokončili podobný studijní program před nástupem do konkurenční instituce.
Profesor Czeisler nedoporučoval, aby studenti zváždili nastavení alarmu na to, kdy půjdou do postele, stejně jako na to, kdy se probudit a uvědomit si škodlivé efekty „modrého Světla“ vydávaného elektronickými obrazovkami a LED osvětlením, což může vyhodit váš cirkadiánní rytmus, což vede k problémům při usínání.
Livingston 1 – 0 Rangers: gól Menga sestřelil Gerrardovy mužstvo
Rangers utrpěli další vlnu odpálených lahůdek, když zásah Dolly Mengy odsoudil rozehranou stranu Stevena Gerrarda k porážce 1:0 v Livingstonu.
Ibrox se snažil zaznamenat své první výhry na silnici od únorového triumfu 4:1 v St Johnstonu, ale tým Garyho Holta uštědřil Gerrardovu druhou porážku v 18 zápasech jako manažera a zanechal svou stranu o osm bodů pozadu na prchavém Ladbrokes premiérových lídrech Hearts.
Menga udeřil sedm minut před koncem poločasu a Rangers line-up nedostatek inspirace nikdy nevypadal jako vyrovnání.
Zatímco Rangers nyní klesnout na šesté místo, Livingston vyšplhat na třetí a pouze za Hibernian na brankovém rozdílu.
A Rangers by mohli čekat další potyčky poté, co čárový rozhodčí Calum Spence musel být ošetřen s poraněním hlavy poté, co byl předmět zřejmě odhozen ze vzdálenějšího konce.
Gerrard udělal osm změn na straně, která smetla Ayra do semifinále Betfredova poháru.
Holt, na druhé straně, šel se stejným Livi 11, který vzal bod z Hearts minulý týden a byl by potěšen tím, jak jeho dobře vyškolené oblečení dusí své soupeře v každém kroku.
Rangers mohou dominovat držení, ale Livingston udělal více s míčem, který měli.
Měli skórovat pouhé dvě minuty poté, co Mengova první pauza vyslala Scotta Pittmana na gól Allana McGregora, ale středopolař zatlačil svou velkou šanci.
Hluboký Keaghan Jacobs volný kop pak našel kapitána Craiga Halketta, ale jeho defenzivní parťák Alan Lithgow mohl bodovat jen do zadní tyče.
Rangers to uchopit kontrolu, ale tam se zdálo být více naděje než víra o jejich hře v závěrečné třetině.
Alfredo Morelos rozhodně cítil, že by měl dostat penaltu ve čtvrthodině, když on a Steven Lawless srazili, ale rozhodčí Steven Thomson mávnutím Kolumbijec mávl pryč odvolání.
Rangers zvládli jen dvě střely v prvním poločase na terč, ale bývalého brankáře Ibroxu Liama Kellyho stěží trápila hlavička Lassana Coulibaly a krotký zásah Ovieho Ejarii.
I když Livi ve 34. minutě otvírák mohl být proti běhu hry, nikdo nemůže popřít, že si to zasloužil jen za jejich úplatky.
Rangers se opět nedokázali vypořádat s hlubokou Jacobsovou sestavou.
Scott Arfield nereagoval, když Declan Gallagherový přihrál míč Scottu Robinsonovi, který si zachoval chladnou hlavu a vybere Mengu pro jednoduché zakončení.
Gerrard jednal o přestávce, když vyměnil Coulibalyho za Ryana Kenta a vypínač téměř poskytl bezprostřední dopad, protože křídelní útočník zaskočil v Morelos, ale impozantní Kelly uháněl ze své čáry blokovat.
Ale Livingston dál cpal návštěvníky, aby hráli přesně ten typ hry, která je baví, a Lithgow a Halkett po dlouhém míči zametali dlouhý míč.
Holtova družina mohla natahovat svůj náskok v závěrečných fázích, ale McGregor obstál proti Jacobs, než Lithgow zamířil zpoza rohu.
Náhradník Rangers Glenn Middleton měl další pozdní nárok na penaltu, když se zamotal s Jacobs, ale opět Thomson odvrátil.
Almanach: vynálezce Geiger Counter
A nyní stránka z našeho „Sunday Morning“ Almanach: 30. září 1882, před 136 lety před dneškem, a COUNTING ... den budoucí fyzik Johannes Wilhelm „Hans“ Geiger se narodil v Německu.
Geiger vyvinul metodu detekce a měření radioaktivity, vynálezu, který nakonec vedl k přístroji známému jako Geiger Counter.
Geiger Counter se od té doby stával oporou popkulturní kultury, stejně jako v roce 1950 ve filmu „Bells of Coronado“, v hlavních rolích se zdánlivě nepravděpodobnými vědápeli Royem Rogersem a Dalem Evansem:
Člověk: „Co to proboha je?“
Rogers: „Je to Geigerův pult používaný k lokalizaci radioaktivních minerálů, například uranu.
Když nasadíte tato sluchátka, uslyšíte účinky atomů vyvolaných radioaktivitou v minerálech.“
Evans: „Pověz, teď to určitě praská!“
Geiger zemřel v roce 1945, jen o pár dní dříve, než měl 63. narozeniny.
Vynález, který nese jeho jméno, však žije dál.
Nová protinádorová vakcína může naučit imunitní systém „vidět“ zběhlé buňky
Nová vakcína proti rakovině může naučit imunitní systém „vidět“ zběhlé buňky a zabíjet je
Vakcína naučí imunitní systém rozpoznávat darebácké buňky jako součást léčby
Metoda zahrnuje extrakci imunitních buněk z pacienta, jejich změnu v laboratoři
Poté mohou „vidět“ bílkovinu běžnou u mnoha druhů rakoviny a pak znovu nasazeni
Vakcína ve studii vykazuje slibné výsledky u pacientů s řadou nádorových onemocnění.
Jedna žena léčená vakcínou, která naučí imunitní systém rozpoznávat nepoctivé buňky, viděla rakovinu vaječníků vymizet na více než 18 měsíců.
Metoda zahrnuje extrakci imunitních buněk z pacienta, jejich změnu v laboratoři, aby mohli „vidět“ bílkovinu běžnou pro mnoho nádorových nádorů zvaných HER2, a následné reinjektování buněk.
Profesor Jay Berzofsky z amerického Národního onkologického institutu v Bethesdě v Marylandu řekl: „Naše výsledky naznačují, že máme velmi slibnou vakcínu.“
HER2 „hnačí růst několika typů nádorových nádorů“, včetně rakoviny prsu, vaječníků, rakoviny plic a tlustého střeva a konečníku, vysvětlil profesor Berzofsky.
Podobný přístup, kdy jsou imunitním buňkám odváděny imunitním buňkám pacientům a „učí“, jak cílit na nádorové buňky, fungoval při léčbě typu leukémie.
Kanye West Embarked on a Pro-Trump Diatribe, Wear a MAGA Hat, After his SNL Appearance.
It Didn't Go Well
Kanye West byl vypískán ve studiu během Saturday Night Live po bouřlivém představení, ve kterém chválil amerického prezidenta Donalda Trumpa a řekl, že bude kandidovat v roce 2020.
Poté, co zazpíval svou třetí písní večera nazvanou Ghost Town, ve které měl na hlavě čepici s nápisem Make America Great, se ohradil proti demokratům a zopakoval, že podporuje Trumpa.
„Tolikrát mluvím s bělochem a oni se ptají: „Jak by se vám Trump mohl líbit, on je rasista?“
No, i kdybych měl obavy z rasismu, odstěhoval bych se z Ameriky už dávno,“ řekl.
SNL odstartovala seriál scénkou Matta Damona, ve které si hollywoodská hvězdička udělala legraci z výpovědi Bretta Kavanaugha před soudním výborem Senátu o sexuálním napadení, kterou vznesla Christine Blasey Fordová.
I když nebyl odvysílán, záběry Westova chvástání nahrál na sociálních sítích komik Chris Rock.
Je nejasné, jestli se Rocce snažil Westovi vysmívat.
Také si West divákům postěžoval, že v zákulisí má co do nošení své hlavy zacházet.
„V zákulisí mě šikanovali.
Říkali: „Nechoďte tam s tím kloboukem na hlavě.“
Šikanovali mě!
A pak řeknou, že jsem na potopeném místě,“ řekl podle Washington Examineru.
West pokračoval: „Chcete se podívat na potopené místo?“ a řekl, že si „obléká mou supermanskou pláštěnku, protože to znamená, že mi nemůžete říkat, co mám dělat. Chceš, aby se svět pohnul kupředu?
Vyzkoušej lásku.“
Jeho výroky vyvolaly u diváků nejméně dvakrát bučení a herci ze SNL působili rozpačitě, informoval magazín Variety, v němž jeden člověk sdělil: „Celé studio zmlklo.“
West byl přivezen jako pozdní náhrada za zpěvačku Arianu Grande, jejímuž bývalému příteli, rapperovi Macu Millerovi před pár dny zemřel.
West mnohé mátl písní I Love it, převlečené za Perrierovu láhev.
West získal podporu od šéfa konzervativní skupiny TPUSA Candace Turner, která tweetovala: „Jednomu z nejodváženějších duchů: DĚKUJI PRO STANDING UP TO THE MOB.“
Moderátorka talk show Karen Hunter však tweetovala, že West prostě „byl tím, kým je, a to je absolutně úžasné“.
„Rozhodla jsem se však neodměnit nikoho (koupěním jeho hudby nebo oblečení nebo podporou jeho „uměle“) a věřím, že přijímá a chrlí ideologii, která poškozuje mou komunitu.
Je na svobodě.
To my taky,“ dodala.
Rapper před vystoupením na Twitteru oznámil, že si změnil jméno s tím, že je nyní formálně známý jako Kanye West.
Není prvním umělcem, který změnil své jméno a kráčí ve šlépějích Diddyho, známého také jako Puff Daddy, Puffy and P Diddy.
Spolupracující rapper, Snoop Dogg měl jméno Snoop Lion a samozřejmě zesnulá hudební legenda Prince, změnil své jméno na symbol a pak umělec dříve známý jako Prince.
Obvinění z pokusu o zabití v belfastské restauraci
Pětačtyřicetiletý muž byl obžalován z pokusu o vraždu poté, co byl v pátek v restauraci ve východním Belfastu pobodán muž.
Incident se stal v Ballyhackamore, uvedla policie.
Obžalovaný by se měl v pondělí dostavit k belfastskému magistrátnímu soudu.
Obvinění budou přezkoumána státním zastupitelstvem.
Hvězda Hry o trůny Kit Harington útočí na toxickou maskulinitu
Kit Harington je známý díky roli Jona Sněha ve středověkém fantasy seriálu Hra o trůny.
Jednatřicetiletý herec se však pustil do stereotypu chlapáckého hrdiny a říká, že takové role na plátně znamenají, že mladí chlapci mají často pocit, že musí být těžké, aby byli respektováni.
V rozhovoru pro The Sunday Times Culture Kit řekl, že věří, že se „něco pokazilo“ a tázal, jak řešit problém toxické maskulinity v éře #MeToo.
Kit, který se nedávno oženil se svou hereckou kolegyní z Hry o trůny Rose Leslie, také jednatřicetiletou, přiznal, že k řešení této problematiky „docela silně“ smýšlí.
„Cítím se v tuto chvíli osobně, poměrně silně – kde jsme se s maskulinitou pokazili,“ řekl.
„Učili jsme muže, když dospívali, pokud jde o problém, který vidíme teď?“
Kit věří, že televize může být částečně zodpovědná za vzestup toxické maskulinity díky svým velmi mužským postavám.
Pokračoval: „Co je vrozené a co se vyučuje?
Co se vyučujete v televizi a na ulicích, co dává mladým chlapcům pocítit, že musí být touto jistou stránkou bytí mužem?
Myslím, že je to opravdu jedna z velkých otázek v naší době – jak to změníme?
Protože je jasné, že mladým mužům se něco pokazilo.“
V rozhovoru také připustil, že by nedělal žádné prequely Hry o trůny nebo sequely, až seriál skončí příští léto s tím, že „skončil s bojištěmi a koňmi“.
Od Listopada si zahraje Kit v revivaci knihy Sama Sheparda Pravý západ, která je příběhem filmového producenta a jeho bratra, který je loupežníkem.
Herec nedávno prozradil, že setkání s manželkou Rose považuje za to, že ze Hry o trůny je to nejlepší.
„Potkal jsem svou manželku v tomto představení, takže v tomto smyslu mi to poskytlo mou budoucí rodinu a můj dosavadní život,“ řekl.
Rose si zahrála Ygritte, milostný zájem Kitovy postavy Jona Sněha, ve fantasy seriálu oceněném cenou Emmy.
Manželé se vzali v červnu 2018, na pozemcích Lesliina rodinného statku ve Skotsku.
HIV/AIDS: Čína hlásí 14% nárůst nových případů
Čína ohlásila 14% nárůst počtu svých občanů, kteří žijí s virem HIV a AIDS.
Více než 820.000 lidí jsou postiženi v zemi, zdravotníci říkají.
Jen za druhé čtvrtletí roku 2018 bylo nahlášeno asi 40 000 nových případů.
Drtivá většina nových případů byla přenášena sexem, což značkovalo změnu oproti minulosti.
Tradičně se HIV rychle rozšířil v některých částech Číny v důsledku infikovaných krevních transfuzí.
Počet lidí nakažených virem HIV se však snížil na téměř nulu, uvedli čínští hygienici na konferenci v provincii Yunnan.
Meziročně se však počet lidí žijících s virem HIV a AIDS v Číně stoupl o 100 000 lidí.
Přenos HIV prostřednictvím sexu je akutním tématem čínské LGBT komunity.
Homosexualita byla dekriminalizována v Číně v roce 1997, ale diskriminace LGBT lidí je prý na denním pořádku.
Vzhledem ke konzervativním hodnotám v zemi studie odhadují, že 70-90% mužů, kteří mají sex s muži, si nakonec vezme ženy.
Mnohé přenosy nemocí pocházejí z neadekvátní sexuální ochrany v těchto vztazích.
Čínská vláda od roku 2003 přislíbila univerzální přístup k lékům proti HIV jako součást snahy tuto problematiku řešit.
Maxine Watersová popírá, že zaměstnanec prozradil data senátorů za KSČ, vyvrátí „nebezpečné lži“ a „konspirační teorie“.
Zástupkyně USA Maxine Watersová v sobotu odsoudila nařčení, že člen jejího štábu vyvěsil osobní údaje tří republikánských amerických senátorů na Wikipedii.
Demokratka z Los Angeles tvrdila, že tato tvrzení předvádějí „ultrapravicoví“ experti a webové stránky.
„Lži, lži a další opovrženíhodné lži,“ uvedl Waters v prohlášení na Twitteru.
Zveřejněné informace údajně zahrnovaly domácí adresy a telefonní čísla amerických senátorů Lindseyho Grahama z Jižní Karolíny a Mika Lee a Orrina Hatche z Utahu.
Tyto informace se objevily na internetu ve čtvrtek zveřejněné neznámou osobou na Capitol Hillu během projednávání senátní poroty o obviněních ze sexuálních deliktů proti kandidátovi do Nejvyššího soudu Brettu Kavanaughovi.
K úniku došlo krátce poté, co tři senátoři vyslýchali Kavanaugha.
Konzervativní weby jako Gateway Pundit a RedState uvedly, že IP adresa, která identifikuje zdroj pracovních míst, byla spojována s Watersovou kanceláří a zveřejnila informace člena Watersova štábu.
„Toto nepodložené nařčení je naprosto nepravdivé a naprostá lež,“ pokračoval Waters.
„Člověk mého štábu – jehož totožnost, osobní údaje a bezpečnost byly v důsledku těchto podvodných a nepravdivých nařčení ohroženy – nebyl v žádném případě odpovědný za únik těchto informací.
Toto neopodstatněné nařčení je naprosto nepravdivé a naprostá lež.“
Watersovo prohlášení rychle vyvolalo na internetu kritiku, a to i ze strany bývalého tiskového mluvčího Bílého domu Ariho Fleischera.
„Toto popírání je rozzlobené,“ napsal Fleischer.
„Tím to nasvědčuje tomu, že nemá náladu být členkou Kongresu.
Je-li někdo obviňován z něčeho, co neučinil, nesmí se zlobit.
Neskutečně se vzpírují.
Nesmějí zpochybňovat podněty žalobce.
Musí být klidné a vyrovnané.“
Fleischer zřejmě přirovnával Watersovu reakci na kritiku demokratů vůči soudci Kavanaughovi, kterého kritici obviňovali, že během čtvrtečního přelíčení působil příliš rozzlobeně.
Omar Navarro, Republikánský kandidát kandidující na sesazení Waterse ve volbách do Sněmovny reprezentantů, také vyslovil své názory na Twitteru.
„Velké, pokud jsou pravdivé,“ psal na twitteru.
Ve své výpovědi Watersová uvedla, že její úřad upozornil „vhodné orgány a orgány činné v trestním řízení na tato podvodná tvrzení.
„Zajistíme, aby pachatelé byli odhaleni,“ dodala, „a aby byli právně odpovědní za všechny své činy, které jsou destruovatelné a nebezpečné pro kohokoli a pro všechny členy mého štábu.“
Recenze Johnny Angličtina znovu zasahuje – nedostatečně poháněná špionážní lžička Rowana Atkinsona
Dnes je tradicí hledat brexitové významy v jakémkoli novém snímku s britským sklonem a zdá se, že to platí i pro toto oživení franšízy britské akční komediálky – která začínala již v roce v roce 2003 Johnnym Englismem a v roce 2011 se probudila zpět k životu u Johnnyho Englana.
Půjde jazyková sebestie na téma toho, nakoreslit, nakolik jsme nesmysly, které jsou novými vývozními příležitostmi národa?
V každém případě má nekompetentní Johnny Englis s vyskakovacíma jiskrovým obličejem svou licenci, aby podruhé navrátivšoval věci – to jméno jeho signalizace víc než čehokoli jiného, že se jedná o širokou komickou kreaci určenou neanglicky mluvenými kinematografickými teritorii.
On je samozřejmě hloupý tajnůstkářský agent, který i přes své bizarní domýšlivostí na smoothie půvab dostal trochu Clouseau, špetku pana Beana a panáka tohoto chlapíka přispěl jedinou poznámkou do znělkové melodie Chariots of Ohnivé melodii na zahajovacím ceremoniálu olympiády v Londýně v roce 2012.
Je také původně založen na cestovateli a mezinárodně tajemném muži Atkinson kdysi hrál v dnes již zapomenutých Barclaycard televizní reklamě a zanechal za sebou chaos.
Tam jsou jeden nebo dva pěkné okamžiky v této poslední JE vycházce.
Miloval jsem Johnnyho Englishe, který se blížil k vrtulníku, oblečený ve středověké zbroji a listovech rotoru, které mu krátce řinčely o přilbu.
Atkinsnův dar pro fyzickou komedii je k vidění, ale tento humor působí dost slabostí a podivně nadbytečným, zvláště když „vážné“ filmové značkářky jako 007 a Mission Impossible nyní sebevědomě nabízejí komedii jako přísadu.
Ten humor mi připadá, jako by byl nadhazován spíše na dědičky než pro dospělé, a praštěná neštěstí Johnnyho Englise pro mě nejsou tak vynalézavá a soustředěná jako Atkinsonovy žvásty tichých filmů v Beanově osobnosti.
Věčně aktuálním předpokladem je, že Velká Británie má vážné potíže.
Kyber-hacker infiltroval britskou supertaj tajnou síť špiónů, odhalil identitu všech britských agentů v terénu ke zděšení agenta ve službě – což je pro Kevina Eldona bohužel malá role.
Je to poslední kapka pro premiéra, který je nafoukaná a ztroskotanější osobnost, která už trpí úplným zhroucením politické nepopularity: Emma Thompsonová dělá, co je v jejích silách, s touto kvazi-terezovou postavičkou, ale ve scénáři není nic moc, s čím by se dalo pracovat.
Její zpravodajští poradci ji informují, že vzhledem ke zkompromitování každého aktivního špióna bude muset někoho dostat z důchodu.
A to znamená podvádět samotného Johnnyho Englisanta, který je nyní zaměstnán jako učitel v nějakém nóbl podniku, ale vydávat lekce, jak se stát agentem v utajení v utajení: pár hezkých roubíků, protože Angličtina nabízí akademii špionáže typu School of Rock.
Englický je odvezen do Whitehallu na mimořádnou instruktáž a shledán se se svým bývalým dlouho trpitelným pomocníkem Bachem, kterého opět zahrál Ben Miller.
Bough je nyní ženatý muž, připoutaný ke veliteli ponorky, veselé hokej-stůl role, ve které Vicki Pepperdine je trochu zbytečný.
A tak Batman a Robin, kteří v tajné službě Jejího Veličenstva hrozně spřádali, jsou zpátky v akci a setkávají se s krásnou femme fatale Ophelia Bulletovou od Olgy Kurylenkové.
Mezitím premiér nebezpečně padá kouzlem charismatického technologického miliardáře, který prohlašuje, že dokáže vyřešit britské počítačové trápení: zlověstný Jason Volta, kterého hraje Jake Lacy.
Angličtina a Bough zahajují svou odyseu frézovitých nádeníků: převlečeni za číšníky zapálili bleskovou francouzskou restauraci; vytvářejí zmatek pašující se na Voltově luxusní jachtě; a Angličtina vyvolává čirou anarchistiku, když se pokouší použít náhlavní soupravu Virtual Reality, aby se seznámil s interiérem Voltova domu.
Pro tu poslední sekvenci jsou určitě vytaženy všechny zarážky, ale I když je přívětivé a bouřlivé, je o celé té věci docela dost dětské televize.
Docela umírněné.
A stejně jako u ostatních Johnnyho Angličanových filmů jsem se nemohl ubránit myšlence: nemůže britský filmový průmysl dát Rowanu Atkinsonovi roli, která by skutečně vystihovala jeho talentu?
Labouristé popírají, že vymýšlejí pro Brity, aby pracovali čtyři dny v týdnu, ale byli placeni za pět dní
Labouristická strana Jeremyho Corbyna má uvažovat o radikálním záměru, podle něhož budou Britové pracovat čtyři dny v týdnu, ale dostanou zaplaceno za pět.
Strana údajně chce, aby šéfy firem předali úspory dosažené revolucí umělé inteligence (AI) dělníkům tím, že jim dá den volna navíc.
Zaměstnanci by si užili třídenní víkendy, ale přesto by si domů brali stejnou mzdu.
Zdroje uvedly, že tato představa bude „vhodná“ k ekonomické agendě strany a plánům naklonit zemi ve prospěch pracujících.
Přechod ke čtyřdennímu týdeníku schválil kongres odborových odborových svazů jako způsob, jak mohou pracovníci využít měnící se ekonomiky.
Vysoce postavený zdroj z Labouristické strany řekl listu The Sunday Times: „Očekávání politiky by mělo být oznámeno do konce tohoto roku.
„Nestane se to přes noc, ale čtyřdenní pracovní týden je aspirace, která zapadá do přístupu strany k obnovení rovnováhy ekonomiky ve prospěch pracovníka i celkové průmyslové strategie strany.“
Labouristická strana nebyla první, kdo takovou myšlenku podpořil, když Strana zelených přislíbila čtyřdenní pracovní týden ve své předvolební kampani v roce 2017.
Snahu v současné době neschvaluje Labouristická strana jako celek.
Mluvčí Labouristické strany řekl: „Čtyřdenní pracovní týden není stranickou politikou a strana o něm neuvažuje.“
Stínový kancléř John McDonnell využil labouristické konference z minulého týdne, aby zhmotnil svou vizi socialistické revoluce v ekonomice.
Pan McDonnell řekl, že je odhodlán získat zpět moc od „ředitelů bez tváře“ a „profiteerů“ ve společnostech veřejných služeb.
Plány stíhaného kancléře také znamenají, že současní akcionáři vodohospodářských společností nemusejí získat zpět celý svůj podíl, protože labouristická administrativa by mohla provádět „odpočty“ na základě domnělého provinění.
Potvrdil také záměry umístit pracovníky do řídících a dozorčích společností a vytvořit inkluzivní vlastnících fondech tak, aby 10 procent vlastního jmění podniků v soukromém sektoru poskytlo zaměstnancům, kteří si přivlastňují roční dividendy ve výši až 500 liber.
Lindsey Grahame, John Kennedy řekněte „60 minutám“, zda vyšetřování Kavanaugaugera ze strany FBI může změnit jejich názor.
Vyšetřování FBI ohledně obvinění proti soudci Brettu Kavanaughovi zpozdilo závěrečné hlasování o jeho nominaci k Nejvyššímu soudu nejméně o týden a vyvstává otázka, zda by nálezy úřadu nemohly přimět případné republikánské senátory, aby stáhli svou podporu.
Korespondent časopisu „60 Minutes“ Scott Pelley se v nedělním rozhovoru zeptal republikánských senátorů Johna Kennedyho a Lindseyho Grahama, zda by FBI nedokázala odhalit něco, co by je vedlo k tomu, aby změnili svůj názor.
Kennedy se zdál otevřenější než jeho kolega z Jižní Karolíny.
„Samozřejmě,“ řekl Kennedy.
„Řekl jsem, že když jsem šel k výslechu, řekl jsem, že jsem mluvil se soudcem Kavanaugaughem.
Zavolal jsem mu potom, co se to stalo, to obvinění vyšlo najevo a řekl: „Udělal jsi to?“
Byl rezolutní, odhodlaný a jednoznačný.“
Grahamův hlas se však zdá být vytesán do kamene.
„Rozmyslel jsem si Bretta Kavanaugha a vyžadovalo by to dynamitní obvinění,“ řekl.
„Doktore Forde, já nevím, co se stalo, ale vím tohle: Brett to rázně popíral,“ dodal Graham s odkazem na Christine Blasey Fordovou.
„A každý, koho jmenovala, si to nemohl ověřit.
Už je to 36 let staré.
Nevidím, že by se něco nového měnilo.“
Co je Global Citizen Festival and Has it Done Anything to Decreate Poverty?
Tato sobota bude New York hostit Global Citizen Festival, každoroční hudební událost, která má nesmírně impozantní sestavu předvádějících hvězd a neméně impozantním posláním; ukončení světové chudoby.
Ve svém sedmém ročníku Global Citizen Festival uvidí desetitisíce lidí proudit do Velkého trávníku v Central Parku, aby si užili nejen vystoupení jako Janet Jackson, Cardi B a Shawn Mendes, ale také proto, aby zvýšili povědomí o skutečném gólu této akce ukončit do roku 2030 extrémní chudobu do roku 2030.
The Global Citizen Festival (Global Ob Citizen Festival), v roce 2012, je prodlouženou součástí Global Poverty Project, mezinárodní advokacie, která doufá, že překonají chudobu tím, že zvýší počet lidí, kteří proti ní aktivně bojují.
Aby návštěvníci koncertu obdrželi bezplatnou vstupenku na tuto akci (pokud jste nebyli ochotni za VIP vstupenku) museli návštěvníci koncertu absolvovat řadu úkonů nebo „opatření“ jako dobrovolnictví, posílat e-maily světovému lídrovi, telefonát nebo jakýmkoli jiným smysluplným způsobům, jak přispět ke zviditelnění povědomí o svém cíli skoncovat s chudobou.
Ale nakolik byl Global Citizen úspěšný a do konce svého cíle mu zbývalo 12 let?
Je představa odměňování lidí bezplatným koncertem skutečným způsobem, jak přesvědčit lidi, aby požadovali výzvu k akci, nebo jen dalším případem takzvaného „kliktivismu“ – lidé s pocitem, že skutečně něco změnili podepsáním internetové petice nebo zasláním tweetu?
Společnost Global Citizen od roku 2011 zaznamenala více než devatenáctimilionové „akce“ od svých příznivců a prosazuje řadu různých cílů.
Tvrdí, že tyto kroky pomohly podnítit světové lídry, aby oznámili závazky a politiky rovnající se více než 37 miliardám dolarů, jež mají do roku 2030 ovlivnit životy více než 2,25 miliardy lidí.
Počátkem roku 2018 skupina uváděla 390 závazků a oznámení vyplývajících z jejích akcí, z nichž nejméně 10 miliard již bylo vyplaceno nebo financováno.
Skupina odhaduje, že zajištěné finanční prostředky dosud měly přímý dopad na téměř 649 milionů lidí po celém světě.
Některé z klíčových závazků zahrnují The Power of Nutrition, britské partnerství mezi investory a realizátory odhodlané „pomáhat dětem k plnohodnotnému potenciálu“ a s příslibem poskytnout Rwandě 35 milionů dolarů na podporu ukončení podvýživy v hrabství po obdržení více než 4700 tweetů od globálních občanů.
„S podporou britské vlády, dárců, národních vlád a globálních Občanů, jako jste vy, můžeme ze sociální nespravedlnosti podvýživy v dějinách udělat poznámku podvýživy,“ řekla velvyslankyně The Power of Nutrition Tracey Ullmanová publiku během živého koncertu v Londýně v dubnu 2018.
Skupina také uvedla, že poté, co bylo přijato více než 5000 akcí vyzývajících Velkou Británii ke zlepšení výživy pro matky a děti, vláda ohlásila, že bude financovat projekt Power of Nutrition, který osloví 5 milionů žen a dětí s nutričními zákroky.
V reakci na jeden z častých dotazů na svých internetových stránkách se ptá: „Proč si myslíte, že můžeme skoncovat s extrémní chudobou?“
Globální občané odpověděli: „Bude to dlouhá a těžká stezka – někdy spadneme a ztroskotáme.
Ale stejně jako velká hnutí za občanská práva a boj proti apartheidu před námi uspějeme, protože společně jsme mocnější.
Janet Jackson, the Weeknd, Shawn Mendes, Cardi B, Janelle Monáe patří k některým vystoupením na letošním ročníku v New Yorku, kterou budou moderovat Deborra-Lee Furness a Hugh Jackman.
USA by mohly námořnictvu k „blokádě“ využít k „blokaádě“, která by brzdit ruský energetický export – ministr vnitra
Washington se „je-li to nezbytné“, uchýlit ke svému námořnictvu, aby zabránil ruské energetice zasáhnout trhy, a to i na Blízkém východě, prozradil americký internacionální tajemník Ryan Zinke, jak citoval Washington Examiner.
Zinke tvrdil, že ruské angažmá v Sýrii – zejména tam, kde funguje na pozvání legitimní vlády – je záminkou k prozkoumání nových energetických trhů.
„Domnívám se, že na Blízkém východě chtějí zprostředkovávat energetiku, stejně jako to dělají ve východní Evropě, v jižním břiše Evropy,“ řekl údajně.
A podle oficiálního činitele existují způsoby a prostředky, jak se s tím vypořádat.
„Spojené státy mají s naším námořnictvem tuto schopnost zajistit, aby byly námořní trasy otevřeny, a bude-li to nutné, zablokovat, zajistit, aby jejich energetika nevstoupila na trh,“ řekl.
Zinke hovořil k účastníkům akce pořádané neziskovou organizací Consumer Energy Alliance, která se stylizuje do role „hlasu energetického konzumenta“ v USA.
Přirovnal washingtonské přístupy k jednání s Ruskem a Íránem a konstatoval, že jsou fakticky stejné.
„Ekonomická varianta vůči Íránu a Rusku víceméně posiluje a nahrazuje palivo,“ řekl, když hovořil o Rusku jako o „jedineckém poníkovi“ s ekonomikou závislou na fosilních palivech.
Prohlášení přicházejí v době, kdy má Trumpova administrativa za úkol posílit vývoz zkapalněného zemního plynu zkapalněného zemního plynu do Evropy, čímž nahradila Rusko, což je pro evropské spotřebitele mnohem levnější varianta.
Za tímto účelem se představitelé Trumpovy administrativy včetně samotného amerického prezidenta Donalda Trumpa pokoušeli přesvědčit Německo, aby odstoupilo od „nevhodného“ projektu plynovodu Nord Stream 2, díky němuž podle Trumpa byl berlínská moskevská „zajatec“.
Moskva opakovaně zdůraznila, že plynovod Nord Stream 2 za 11 miliard dolarů, který má zdvojnásobit stávající kapacitu plynovodu na 110 miliard krychlových metrů, je čistě ekonomickým projektem.
Kreml tvrdí, že vášnivý nesouhlas Washingtonu s tímto projektem je veden jednoduše ekonomickými zdůvodněmi a příkladem nekalé konkurence.
„Domnívám se, že sdílíme názor, že energetika nemůže tvořit nástroj vyvíjející nátlak a že spotřebitelé by měli mít možnost vybírat si dodavatele,“ řekl ruský ministr energetiky Aleksandr Novak po zářijové schůzce s americkým ministrem energetiky Richem Perrym v Moskvě.
Postoj USA vyvolal vlnu odporu ze strany Německa, které znovu potvrdilo svou oddanost tomuto projektu.
Vedoucí německá organizace pro průmysl, Federace německého průmyslu (BDI), vyzvala USA, aby se držely dál od energetické politiky EU a bilaterálních dohod mezi Berlínem a Moskvou.
„Mám velký problém, když třetí stát zasahuje do našich dodávek energie,“ řekl Dieter Kempf, šéf Federace německého průmyslu (BDI) po nedávném setkání německé kancléřky Angely Merkelové a ruského prezidenta Vladimira Putina.
Alžběta Warren bude mít „tvrdý pohled“ na běh na prezidenta v roce 2020, Massachusetts Senator Says
Massachusettská senátorka Alžběta Warrenová v sobotu prohlásila, že po volbách do Sněmovny reprezentantů bude kandidovat „tvrdě“.
Na radnici v Holyoke v Massachusetts Warrenová potvrdila, že zváží kandidaturu.
„Je načase, aby ženy jely do Washingtonu a napravily naši rozvrácenou vládu, a to včetně ženy na vrcholu,“ řekla podle listu The Hill.
„Pozici po 6. listopadu se pořádně podívám na kandidaturu na prezidenta.“
Warren se vmísil na prezidenta Donalda Trumpa na radnici s tím, že „vede tento okres špatným směrem.
„Dělám si záležky, co Donald Trump dělá s naší demokracií,“ řekla.
Warrenová otevřeně kritizovala Trumpa a svého kandidáta do Nejvyššího soudu Bretta Kavanaugha.
Ve svém pátečním tweetu Warren ve svém pátečním tweetu řekl: „Samozřejmě, že před hlasováním potřebujeme vyšetřování FBI.“
Průzkum veřejného mínění, který byl zveřejněn ve čtvrtečním hlasování, však ukázal, že většina Warrenových vlastních voličů si nemyslí, že by měla v roce 2020 kandidovat.
Padesát osm procent „pravděpodobných“ voličů z Massachusetts uvedlo, že by senátorový senátor neměl kandidandovat, podle průzkumu Suffolk University Political Research Center/Boston Globe.
Třicítatřicet procent dotázaných takovou kandidaturu podpořilo.
Průzkum veřejného mínění ukázal větší podporu kandidatury bývalého guvernéra Devala Patricka, kde 38 procent podpořilo potenciální kandidaturu a 48 procent proti.
Dalšími významnými demokratickými jmény diskutovanými s ohledem na možnou kandidaturu v roce 2020 patří bývalý viceprezident Joe Biden a vermontský senátor Bernie Sanders.
Biden řekl, že se oficiálně rozhodne do ledna, informovala agentura Associated Press.
Sarah Palin cituje PTSD společnosti Track Palin na shromáždění Donalda Trumpa
Třiadvacetiletá Track Palinová strávila rok v Irálu poté, co narukovala na Špicberky.
Byl zatčen a obžalován z domácího incidentu v pondělí večer.
„Můj vlastní syn si prochází, čím si prochází tím, že se vraceje, mohu se ztotožnit s ostatními rodinami, které pociťují následky PTSD a s některými ranělivostí, se kterými se naši vojáci vracejí,“ řekla publiku na shromáždění Donalda Trumpa v Tulse v Oklahomě.
Palinová nazvala jeho zatýkání „slona v místnosti“ a o svém synovi a dalších válečných veterátorech řekla: „vracejí se trochu jinak, vracejí se zatvrzelí, vracejí se a přemýšlejí, jestli existuje úcta k tomu, co jejich spolubojovníci a letci a všichni ostatní členové armády této zemi věnovali.“
Byl zatčen v pondělí ve Wasille na Aljašce a obviněn z domácího násilného napadení jedné ženy, zasahujícího do nahlášeného domácího násilí a držení zbraně v opilosti, podle Dana Bennetta, mluvčího Wasillského policejního odboru.
18 států D.C. podporuje zpochybnění nové azylové politiky
Osmnáct států a District of Columbia podporují právní zpochybnění nové politiky Spojených států, která odpírá azyl obětem prchajícím před gangy nebo domácím násilím.
Zástupci osmnáctičlenné a okrsku podali v pátek ve Washingtonu žádost o přítele soudu, aby podpořili uchazeče o azyl zpochybňujícího tuto politiku, napsaly NBC News.
Úplné jméno žalující v žalobě Grace versus Sessions, kterou Americký svaz občanských svobod podal v srpnu proti federální politice, nebylo odhaleno.
Tvrdila, že její parťák „a syny z násilného gangu“ ji týrali, ale americké úřady zamítly její žádost o azyl 20. července.
Zadrželi ji v Texasu.
Advokáti států podporující Grace popsali Salvador, Honduras a Guatemalu, které produkují velké množství žadatelů o americký azyl, za státy, které čelí všudypřítomným problémům s gangy a domácím násilím.
Nová americká azylová politika zvrátila rozhodnutí imigračního odvolacího výboru z roku 2014, které umožňovalo imigrantům bez dokladů prchajícím z domácího násilí požádat o azyl.
Generální prokurátoledník okresu Columbia Karl Racine v pátečním prohlášení uvedl, že nová politika „ignoruje desítky let státního, federálního a mezinárodního práva“.
„Federální právo vyžaduje, aby všechny žádosti o azyl byly posuzovány na základě konkrétních skutečností a okolností žaloby, a taková překážka tuto zásadu porušuje,“ uvedl soudní úředník.
Advokáti ve stručnosti dále tvrdili, že politika odpírající vstup imigrantům poškozuje americkou ekonomii s tím, že je pravděpodobnější, že se stanou podnikateli a budou „dodávat potřebnou pracovní sílu“.
Generální prokurátor Jeff Sessions nařídil imigračním soudcům, aby v červnu nadále neposkytovali azyl obětem prchajícím před domácím zneužíváním a násilím gangů.
„Azyl je k dispozici pro ty, kteří opouštějí svou domovskou zemi z důvodu pronásledování nebo strachem z důvodu rasy, náboženství, národnosti nebo členství v určité společenské skupině či politickém mínění,“ uvedl Sessions ve svém oznámení o této politice z 11. června.
Azyl nikdy neměl zmírnit všechny problémy – dokonce ani všechny vážné problémy -, s nimiž se lidé potýkají každý den po celém světě.
Zoufalé zachraňování v Palu jako smrt zdvojnásobuje v závodě najít přeživší
Pro pozůstalé byla situace čím dál hrozivější.
„Působí velmi napjatě,“ řekla pětatřicátiletá maminka Risa Kusuma a utěšovala svého horečnatého chlapečka v evakuačním středisku ve vykuchaném městečku Palu.
„Každou chvíli přiváží sanitka těla.
Čistá voda je vzácná.“
Obyvatelé byli viděni, jak se vracejí do svých zničených domovů, probírají podmáčené majetky a snaží se zachránit všechno, co najdou.
Stovky lidí byly zraněny a nemocničovny poškozené zemětřesením o síle 7,5 o síle 7,5, byly přemoženy.
Část zraněných, včetně Dwiho Harise, která utrpěla zlomeninu páteře a ramene, odpočívala před Paluovou armádní nemocnicí, kde byli pacienti léčeni venku kvůli přetrvávajícím silným následným otřesům.
Slzy mu naplnily oči, když vyprávěl, jak pocítil prudké zemětřesení otřást hotelovým pokojem v pátém patře, který sdílel se svou manželkou a dcerou.
„Neměli jsme čas se zachraňovat.
Byl jsem vmáčknutý do trosek zdi, myslím,“ řekl Haris agentuře Associated Press a dodal, že jeho rodina je ve městě kvůli svatbě.
„Slyšel jsem, jak moje žena volá o pomoc, ale pak bylo zticha.
Netuším, co se jí a mému dítěti stalo.
Doufám, že jsou v bezpečí.“
Velvyslanec USA obviňuje Čínu, že „šikanuje“ propagandistickými inzeráty
Týden poté, co oficiální čínský deník spustil čtyřstránkový inzerát v americkém deníku, v němž vychutnával oboustranné přínosy americko-čínského obchodu, americký velvyslanec pro Čínu obvinil Peking, že zneužívá americký tisk k šíření propagandy.
Americký prezident Donald Trump se minulou středu odvolával na placený příplatek China Daily v Des Moines Register – státě nejprodávanějších novin v Iowě – poté, co obvinil Čínu ze snahy vměšovat se do listopadových amerických kongresových voleb, což Čína popírá.
Trumpovo nařčení, že se Peking snaží vměšovat do amerických voleb, označilo to, co američtí představitelé sdělili agentuře Reuters novou fází stupňující se kampaň ze strany Washingtonu s cílem vyvinout tlak na Čínu.
I když je běžné, že zahraniční vlády umisťují reklamu na podporu obchodu, Peking a Washington jsou v současné době uvězněny ve stupňující se obchodní válce, kvůli níž si vzájemně vyrovnávají cla na vzájemný dovoz.
Čínská odvetná cla na počátku obchodní války byla navržena tak, aby zasáhla vývozce ve státech jako Iowa, které podporovaly Trumpovu Republikánskou stranu, uvedli čínští a američtí odborníci.
Americký velvyslanec v Číně Terry Branstad a bývalý dlouholetý guvernér Iowy, významný vývozce zemědělského zboží pro Čínu, prohlásil, že Peking ublížil americkým dělníkům, zemědělcům a podnikům.
Čína, napsal Branstad ve svém názorovém článku v nedělním Des Moines Rejstříku, „nyní tuto šikanu zdvojnásobuje spuštěním propagandistických inzerátů ve vlastním svobodném tisku“.
„Čínská čínská vláda šířením své propagandistické propagandy vyvažuje hýčkanou americkou tradici svobody projevu a svobodného tisku tím, že umisťuje placenou reklamu do Des Moines Rejstříku,“ napsal Branstad.
„Naproti tomu ve zpravodajském stánku tady v Pekingu narazíte na omezené nesouhlasné hlasy a neuvidíte žádný pravdivý odraz různorodých názorů čínského lidu na znepokojivou ekonomickou trajektorii Číny, a to vzhledem k tomu, že sdělovací prostředky jsou pod pevným ohlasem Komunistické strany Číny,“ napsal.
Dodal, že „jeden z nejprominentnějších čínských deníků vyhýbal nabídce publikovat“ jeho článek, i když neuváděl, ve kterém deníku.
Republikáni znepřivolacení žen Voliči před pololetím s Kavanaughem Debaclem, analytici varují
Zatímco mnoho špičkových republikánů zastává a obhajuje kandidáta do Nejvyššího soudu Bretta Kavanaugha tváří v tvář několika obviněním ze sexuálního napadení, analytici varovali, že během nadcházejících voleb do Kongresu zaznamenají odpor, zejména ze strany žen.
Emoce, které to obklopují, jsou extrémně vysoké a většina republikánů už v záznamech ukazuje, že chtěli pokračovat v hlasování.
Tyhle věci se nedají vrásknout zpátky,“ řekl Grant Reeher, profesor politologických věd na Maxwellově škole Syracuské univerzity listu The Hill k článku, který byl zveřejněn v sobotu.
Reeher řekl, že pochybuje, že snaha senátora Jeffa Flakea (R-Arizona) v poslední minutě o prošetření vyšetřováním ze strany FBI postačí k uklidnění rozzlobených voličů.
„Ženy nezapomenou na to, co se včera přihodilo – nezapomenou na to zítra a ne na listopad,“ řekla v pátečním washingtonském deníku Karine Jean-Pierre, hlavní poradkyně a národní mluvčí progresivní skupiny MoveOn.
V pátek dopoledne demonstranti skandovali „November se blíží!“, jak demonstrovali na chodbě Senátu, když se republikáni ovládající justiční výbor rozhodli pokročit v Kavanaughově nominaci navzdory výpovědím doktorky Christine Blaseyové Fordové.
„Demokratické nadšení a motivace budou mimo tabulku,“ řekl zpravodajskému serveru nestranickému politickému analytikovi Stu Rothenberg.
„Lidé říkají, že už to bylo hodně, to je pravda.
Mohlo by to však být více, a to zejména mezi houpajícími se voličkami na předměstích a mladšími voliči ve věku od osmnácti do devětadvaceti let, které sice prezidenta nemají rády, ale často volí.“
Ještě před veřejným svědectvím Fordové, která podrobně popisovala její obvinění ze sexuálního napadení kandidáta do Nejvyššího soudu, naznačovali analytici, že kdyby republikáni tlačili dopředu s potvrzováním.
„Stala se z toho pro SPOZ zmatený zmatek,“ řekl Michael Steele, bývalý předseda Národního republikánského výboru, počátkem minulého týdne podle NBC News.
„Nejde jen o hlasování ve výborech nebo o závěrečném hlasování nebo o to, zda bude Kavanaugh dosazen na lavičku, je to také o tom, jak se k tomu republikáni postavili a jak se k ní chovali,“ upozornil Guy Cecil, režisér organizace Priorities USA, která pomáhá volit Demokraty, zpravodajskému kanálu.
Zdá se však, že Američané se poněkud rozcházeli v názoru na to, komu uvěřit v souvislosti se svědectvím Forda a Kavanaugaugona, přičemž o něco více se přiklání k tomu druhému.
Nový průzkum společnosti YouGov ukazuje, že 41 procent respondentů Fordově výpovědi rozhodně nebo pravděpodobně uvěřilo, zatímco 35 procent dotázaných Kavanaughovi rozhodně nebo pravděpodobně uvěřilo.
38 procent dotázaných uvedlo, že Kavanaugh během své výpovědi pravděpodobně nebo definitivně lhal, zatímco jen 30 procent řeklo to samé o Fordu.
Po nátlaku ze strany Flake FBI v současné době prošetřuje obvinění vznesená Fordem, jakož i nejméně jednou další žalobkyní Deborah Ramirezovou, napsal The Guardian.
Minulý týden vypověděla před soudní komisí Senátu pod přísahou, že ji Kavanaugh v sedmnácti v opilosti napadl.
Ramirez tvrdí, že kandidát do Nejvyššího soudu jí vystavil své genitálie, když navštěvovali večírky během svého studia na Yalu v osmapadesátých letech.
Vynálezce ze světa Wide Web plánuje založit nový internet na Googlu a Facebooku
Tim Berners-Lee, vynálezce World Wide Webu, spouští startup, který se snaží konkurovat Facebooku Facebooku, Amazonu a Googlu.
Nejnovější projekt technologické legendy Inrupt je společnost, která buduje open source platformu Solid společnosti Berners-Lee.
Solid umožňuje uživatelům, aby si vybrali, kde jsou jejich data uložena a k jakým údajům budou moci mít lidé přístup.
V exkluzivním rozhovoru pro Fast Company Berners-Lee žertoval, že záměrem Inreta je „světová nadvláda“.
„Musíme to udělat hned,“ řekl o startu.
„Je to historický okamžik.“
Aplikace využívá technologii společnosti Solid k tomu, aby si lidé mohli vytvořit vlastní „osobní on-line datové úložiště“ nebo POD.
Může obsahovat seznamy kontaktů, seznamy úkolů, kalendáře, hudební knihovnu a další osobní a profesionální nástroje.
Je to jako Google Drive, Microsoft Outlook, Slack a Spotify jsou k dispozici v jednom prohlížeči a to vše ve stejnou dobu.
Užitečné na osobním on-line úložišti dat je, že je zcela na uživateli, který má přístup k jakému druhu informací.
Společnost tomu říká „osobní zplnomocnění prostřednictvím dat“.
Záměrem Inrupt, podle generálního ředitele společnosti Johna Bruce, je, aby společnost přinášela zdroje, zpracovatele a vhodné dovednosti, které pomohou zpřístupnit Pevnost pro všechny.
Firmu v současné době tvoří Berners-Lee, Bruce, bezpečnostní platforma zakoupená firmou IBM, někteří vývojáři, kteří jsou smluvně vázáni pracovat na tomto projektu, a komunita dobrovolných kodérů.
Počínaje tímto týdnem by technologičtí vývojáři po celém světě mohli vytvářet své vlastní decentralizované aplikace využívající nástroje, které jsou k dispozici na webových stránkách Inrupt.
Berners-Lee řekl, že on a jeho tým nemluví „Facebooku a Googlu o tom, zda zavést úplnou změnu, kde jsou všechny jejich obchodní modely zcela převrácené přes noc.
„Neprojmeme je o svolení.“
Berners-Lee ve svém sobotním příspěvku zveřejněném na Medium napsalo, že Inruptovým „posláním je poskytování komerční energie a ekosystému, který pomáhá chránit celistvost a kvalitu nového pavučiny postaveného na pevnosti“.
Berners-Lee v roce 1994 proměnil internet, když založil World Wide Web Consortium na Massachusettském technologickém institutu.
Berners-Lee se v posledních měsících stýkal se vlivným hlasem v debatě o neutralitě sítí.
I při zahajování Inrupt zůstane Berners-Lee zakladatelem a ředitelem konsorciu World Wide Web Consortium, Web Foundation a Open Data Institute.
„Jsem neskutečně optimistický pro další éru pavučiny,“ dodal Berners-Lee.
Bernard Vann: WW1 Viktoriina kříže dušník oslavován
Jediná církevní církevní duchovenstva, která vyhrála Viktoriánský křížek během první světové války jako bojovník, se slaví ve svém rodném městě o 100 let později.
Reverend Bernard Vann zvítězil 29. září 1918 při útocích v Bellenglise a Lehaucourt.
O čtyři dny později byl zabit odstřelovačem a nikdy se nedozvěděl, že získal nejvyšší britské vojenské vyznamenání.
P pamětního kamene byl odhalen jeho dvěma vnoučaty na přehlídce v Rushdenu v hrabství Northamptonshire v sobotu.
Jeden z jeho dědečků, Michael Vann, řekl, že to bylo „brilantně symbolické“, že kámen bude odhalen přesně o 100 let poté, co jeho dědeček oceněný výkon.
Podle listu London Gazette vedl dne 29. září 1918 podplukovník Vann svůj prapor přes Canal de Saint-Quentin „velmi hustou mlhou a pod těžkou palbou polních a kulometů“.
Později vyběhl k palebné čáře a „největší galantností“ vedl linii dopředu, než se jednou rukou vrhl na polní pušku a vyřadil tři z odchlášť.
Podplukovník Vann byl zabit německým sniperem 4. října 1918 – něco přes měsíc před koncem války.
Dvaasedmdesátiletý Michael Vann řekl, že dědečkovy činy byly „něco, o čem vím, že jsem nikdy nemohl žít, ale něco, co je pokorné“.
Se svým bratrem doktorem Jamesem Vinnem také položili věnec po přehlídce, kterou vedla Brentwood Císařská Mládežnická kapela v Brentwoodu.
Michael Vann řekl, že se „cítí velmi poctěn, že může sehrát roli v průvodu“ a dodal, že chrabrost pravého hrdiny je demonstrována podporou, která bude poskytována mnohými lidmi“.
Fanoušci MMA zůstávali vzhůru celou noc, aby se dívali na Bellator 206, místo toho dostali Peppa Pig
Představte si to, zůstali jste vzhůru celou noc, abyste se dívali na přeplněný Bellator 206, jen proto, aby vám bylo odepřeno sledování hlavní události.
Účet ze San Jose obsahoval třináct soubojů, z toho šest na hlavní kartě a ukazoval se živě přes noc ve Velké Británii na Channel 5.
V šest ráno, právě když se Gegard Mousasi a Rory MacDonald chystali k sobě, diváci ve Velké Británii zůstali ohromeni, když se zpravodajství změnilo na Peppa Pig.
Některé to neohrožovalo poté, co zůstaly vzhůru až do časných ranních ranních hodin, zejména kvůli rvačce.
Jeden z fanoušků na Twitteru popsal přechod na dětskou karikaturu jako „určitý zvrácený vtip“.
„Jde o vládní nařízení, že v šest hodin dopoledne tento obsah nebyl vhodný, a tak museli přejít do dětského programování,“ řekl Dave Schwartz, viceprezident Bellatoru v oblasti marketingu a komunikace, když byl dotázán na vysílání.
„Peppa the pig,“ ano.“
Prezident společnosti Bellator Scott Coker uvedl, že budou v budoucnu zapracovávat na svém časoplánování zahrnutí diváků ve Velké Británii.
„Domnívám se, že když přemýšlím o opakování, tak si myslím, že to můžeme vyřešit,“ řekl Coker.
„Ale v neděli v šest hodin dopoledne a my si to budeme moci vynahradit až do neděle našeho času, v pondělním čase.
Ale pracujeme na tom.
Věřte mi, když se to přepínalo sem a tam, hrálo se sem a tam a všechny nebyly spřátelené.
Snažili jsme se to spravit, mysleli jsme, že je to technická závada.
Ale nebylo, byla to vládní záležitost.
Příště ti můžu slíbit, že se to nestane.
Ponoříme to do pěti zápasů místo na šest – jak to děláme normálně – a snažili jsme se to fanouškům přehnali a prostě jsme to přehnali a prostě jsme to přehnali.
Je to nešťastná situace.“
Desert Ostrov Discs: Tom Daley cítil 'inferior' nad sexualitou
Potápěč Tom Daley vypráví, že vyrůstal s pocitem, že je kvůli své sexualitě méněcenný ke všem – ale to mu dávalo motivaci stát se úspěchem.
Čtyřiadvacetiletý mladík řekl, že si neuvědomil, dokud nezačal chodit na střední, že „není každý jako já“.
Na prvním Radiu 4 Desert Island Discs, které uváděla Lauren Laverne, řekl, že hovořil o právech homosexuálů, aby dal ostatním „naději“.
Také říkal, že díky tomu, stát se rodičovským rodičovstvím se tolik nestará o výhru na olympiádě.
Pravidelná moderátorka dlouhotrvající show, Kirsty Young, si kvůli nemoci vzala několikaměsíčního volna.
Objevil se jako trosečník v Laverneho prvním pořadu, Daley řekl, že se necítil „menší než“ všichni ostatní, když vyrůstali, protože „není společensky přijatelné mít rád kluky a děvčata“.
Řekl: „Do dnešního dne byly tyto pocity, kdy jsem se necítil a cítil se odlišný, skutečnými věcmi, které mi dávaly sílu a sílu uspět.“
Chtěl prý dokázat, že je „něco“, aby nezklamal každého, až se nakonec dozví o jeho sexualitě.
Dvojnásobný bronzový olympijský medailista se stal ostře sledovaným LGBT bojovníkem a využil svého vystoupení na letošních Hrách Commonwealthu v Austrálii, aby apeloval na další země dekriminalizaci homosexuality.
Prohlásil, že promlouvá, protože se cítí šťastný, že může žít otevřeně bez následků, a chtěl dát ostatním „naději“.
Trojnásobný mistr světa řekl, že zamilování se do muže – amerického filmaře Dustina Lance Blacka, s nímž se setkal v roce 2013 – „mě zaskočilo.“
Minulý rok se Daley oženil s držitelem Oscara, který je o 20 let starší, ale řekl, že věkový rozdíl nikdy nebyl problém.
„Když projdete tolika věcmi v tak nízkém věku,“ absolvoval svou první olympiádu ve věku 14 let a jeho otec o tři roky později zemřel na rakovinu – řekl, že je těžké najít někoho ve stejném věku, kdo zažil podobné vzestupy a pády.
Manželé se stali rodiči v červnu po synovi Robertu Rayi Black-Daleym a Daley prohlásil, že se jeho „úplná perspektiva“ změnila.
„Pokud jste se mě loni ptali, šlo jen o 'potřebuji vyhrát zlatou medaili',“ řekl.
„Víš co, jsou důležitější věci než zlaté olympijské medaile.
Moje zlatá olympijská medaile je Robbie.“
Jeho syn má stejné jméno jako jeho otec Robert, který zemřel v roce 2011 ve věku 40 let poté, co mu byla diagnostikována rakovina mozku.
Daley řekl, že jeho otec neuznává, že umře, a jedna z posledních věcí, na kterou se ptal, byla, jestli už mají lístky do Londýna 2012 – protože chtěl být v první řadě.
„Nemohl jsem mu říct ,nebudete tady, abyste mohl být v první řadě, tati',“ řekl.
„Držel jsem ho za ruku, když přestal dýchat, a teprve když skutečně přestal dýchat a byl mrtev, jsem konečně uznal, že není neporazitelný,“ řekl.
V následujícím ročníku se zúčastnil olympiády v roce 2012 a získal bronz.
„Prostě jsem věděl, že tohle je to, o čem jsem snil celý svůj život – potápět se před domácím publikem na Olympijských akcích nebyl lepší pocit,“ řekl.
Inspirovalo to i k jeho prvnímu výběru písní Proud Heather Small, který s ním rezonoval při přípravě na olympiádu a stále mu naskočila husí kůže.
Desert Ostrov Discs vysílá BBC Radio 4 v neděli v 11:15 SELČ.
Out-of-of-form Mickelson benched na Ryder Cup v sobotu
Americký Phil Mickelson vytvoří rekord v neděli, kdy odehraje svůj 47. Ryder Cup utkání, ale on bude muset otočit svou postavu, aby se vyhnul nešťastnému milníku.
Mickelsona, hrajícího na bienále už dvanáctý zápas, nahrán kapitánem Jimem Furykem za sobotní čtyřhry a čtyřhranné záplavy.
Místo toho, aby byl v centru dění, jako tomu tak často bylo pro Spojené státy, pětinásobný hlavní vítěz rozdělit svůj den mezi být roztleskávač a pracovat na své hře na střelnici v naději, že napraví to, co ho trápí.
Osmačtyřicátý osmačtyřicátník není nikdy nejpřímočařejším z jezdců ani na vrcholu své kariéry, který se nehodí pro těsné Le Golfové národní hřiště, kde dlouzí hrubí rutinně trestají bludné záběry.
A není-li trať sama o sobě dostatečně skličující, Mickelsona v devátém nedělním utkání potýká s přesným vítězem British Open Francescem Molinarim, který se spojil s nováčkem Tommym Fleetwoodem, aby vyhráli všechny čtyři zápasy tohoto týdne.
Pokud Američany se čtyřmi body na zápasy ve dvouhře zaostávají o brejk o brejk, Mickelsonův souboj může být absolutně klíčový. Mickelsonův zápas by byl naprosto klíčový.
Furyk vyjadřoval svému muži sebedůvěru, ne že by mohl říct něco jiného.
„Plně porozuměl roli, kterou dnes měl, poplácal mě po zádech, obejmul mě a řekl, že zítra bude připravený,“ řekl Furyk.
„Má v sebe velkou důvěru.
Je členem Síně slávy a přidal tolik k těmto týmům v minulosti a v tomto týdnu.
Asi jsem si nedomyslela, že bude hrát dva zápasy.
Představoval jsem si toho víc, ale tak se to osvědčilo a tak jsme si mysleli, že musíme jít.
On tam chce být, stejně jako všichni ostatní.“
Mickelson překoná rekord Nicka Falda v počtu odehraných nedělních utkání Ryder Poháru.
To by mohlo znamenat konec Ryder Cup kariéry, která nikdy zcela odpovídala výšinám jeho individuálního rekordu.
Mickelson má 18 výher, 20 porážek a 7 poločasů, i když Furyk řekl, že jeho přítomnost přinesla některé nehmotnosti do týmu.
„Je zábavný, sarkastický, vtipný, rád si utahuje z lidí a v týmové kabině je skvěto,“ vysvětloval.
„Myslím, že mladší hráči se bavili tím, že se do něj pustili i tento týden, což bylo zábavné.
Poskytuje mnohem víc, než jen hru.“
Europe captain Thomas Bjorn ví, že velký náskok může brzy zmizet
Thomas Bjorn, evropský kapitán, ze zkušenosti ví, že značný náskok směřujícího do posledního dačního singlu v Ryder Cupu se může snadno proměnit v nepohodlnou jízdu v nepohodlnou jízdu.
Dán debutoval v roce 1997 na Valderrama, kde strana vedená Seve Ballesteros držela pětibodový náskok před Američany, ale jen těsně se dostal přes cílovou čáru s nosy vpředu nejtěsnějším rozdílem, když vyhrálo 141⁄2-131⁄2.
„Neustále si připomínáte, že jsme měli velký náskok ve Valderramě; měli jsme velký náskok v Brookline, kde jsme prohráli, a ve Valderrama, kde jsme vyhráli, ale jen tak tak,“ řekl Bjorn na snímku poté, co v pátečním i včerejščiném díle sledoval výhru ve třídě 2018 5:3 a vedl 10:6 v Le Golf National.
Historie ukáže mně a všem v tom týmu, že to ještě neskončilo.
Zítra půjdeš naplno zastrašit.
Jděte tam a dělejte všechny ty správné věci.
Tohle neskončí, dokud nezískáte body na tabuli.
Máme za cíl, a to pokusit se vyhrát tuto trofej, a na to se soustředí.
Celou dobu jsem říkal, že se soustředím na 12 hráčů, kteří jsou na naší straně, ale my jsme si tak dobře vědomi toho, co stojí na druhé straně – nejlepší hráči na celém světě.“
Potěšen tím, jak si jeho hráči vedli na náročném golfovém hřišti, Bjorn dodal: „Nikdy bych v tom nepřeháněl.
Zítra to bude jiná bestie.
Zítřek jsou jednotlivá představení, která předstoupí, a to je něco jiného.
Je skvělé být tam venku s partnerem, když to jde dobře, ale když jste venku jednotlivě, pak jste zkoušeni v plné své kapacitě jako golfista.
Toto poselství, přes které se musíte dostat k hráčům, je dostat ze sebe zítřek to nejlepší.
Teď opustíte svého parťáka a on musí jít a dostat ze sebe také to nejlepší.“
Oproti Bjornu, protějšek Jim Furyk bude hledat své hráče, aby vystupovali lépe individuálně, než dělali jako partneři, výjimkou Jordan Spieth a Justin Thomas, který nasbíral tři body ze čtyř.
Furyk sám byl na obou koncích těchto velkých obratů v posledním dnu, byl součástí vítězného týmu v Brookline, než skončil poražený, jak Evropa stáhla „Zázrak v Medinah.“
„Vzpomínám si na každé zatracené slovíčko,“ řekl v odpovědi na otázku, jak Ben Crenshaw v roce 1999, shromáždil své hráče, kteří mířili k poslednímu dnu.
„Zítra nás čeká 12 důležitých zápasů, ale vy byste se rád dostal k tak rychlému startu, jaký jste viděl v Brookline, jak jste to viděl v Medinah.
Když se tato hybnost rozjede jedním směrem, vyvíjí to velký tlak na ty prostřední zápasy.
Sestavili jsme podle toho naši sestavu a propustili kluky v módě, kterou jsme cítili, víte, snažíme se zítra vytvořit nějaké kouzlo.“
Thomas byl pověřen, aby se snažil vést fightbacku a čelí Rory McIlroy v nejvyšším utkání, Paul Casey, Justin Rose, Jon Rahm, Tommy Fleetwood a Ian Poulter další Evropané v horní polovině pořadí.
„Byl jsem s touto skupinou kluků v tomto pořadí, protože si myslím, že to pokrývá po celou dobu,“ řekl Bjorn ke svým singlovým volbám.
Nová německá válečná loď byla opět odložena
Nejnovější fregata německého námořnictva měla být postavena v roce 2014, aby nahradila stárnoucí válečné čluny z dob studené války, ale kvůli chybným systémům a ceně sněhové koulování tam potrvá nejméně do příštího roku, informovala místní média.
Uvádění „Rheinland-Pfalz“, vedoucí lodi zbrusu nových fregat třídy Baden-Wuerttembertreg, bylo nyní odloženo na první pololetí roku 2019, uvádí deník Die Zeit s odvoláním na vojenského mluvčího.
Plavidlo mělo nastoupit k námořnictvu v roce 2014, ale znepokojivé problémy po dodávkách sužovaly osud tohoto ambiciózního záměru.
Čtyři plavidla třídy Bádsko-Wuerttembersko, která námořnictvo nařídilo v roce 2007, budou nahrazena stárnoucími fregatami třídy Bremen.
Předpokládá se, že se vyznačovaly silným kanónem, řadou protiletadlových a protilodních střel, jakož i některými stealth technologiemi, jako jsou snížené radarové, infračervené a akustické signatury.
Mezi další důležité prvky patří delší doba údržby – mělo by být možné rozmísťovat nejnovější fregaty po dobu až dvou let mimo domovské přístavy.
Přetrvávající odklady však znamenají, že špičkové válečné lodě, o nichž se říkalo, že umožňují Německu přenášet moc do zámoří, přestárnou již v době, kdy nastoupí do služby, začne zastarávat, poznamenává deník Die Zeit.
Mrtvá fregata F125 se loni dostala na přední stránky novin, když německé námořnictvo oficiálně odmítlo loď uvést do provozu a vrátilo ji loděnici Blohm & Voss v Hamburku.
Bylo to poprvé, co námořnictvo vrátilo loď stavitelům lodí po dodávce.
Málo se vědělo o důvodech návratu, ale německá média uváděla řadu zásadních „softwarových a hardwarových defektů“, kvůli nimž byla válečná loď nepoužitelná, pokud byla nasazena do bojové mise.
Softwarové závady byly obzvláště důležité, protože plavidla třídy Báden-Wuerttemberg bude obsluhovat posádka čítající přibližně 120 námořníků – pouhá polovina pracovní síly na staršími fregatách třídy v Brémách.
Také vyšlo najevo, že loď má dramatickou nadváhu, což snižuje její výkonnost a omezuje schopnost námořnictva přidávat další vylepšení.
Předpokládá se, že sedmitisícititunový „Rheinland-Pfalz“ je dvakrát tak těžký, než jaké Němci používali Němci ve druhé světové válce.
Kromě vadného hardwarového vybavení, cenovka celého projektu – včetně výcviku štábu – se také stává problémem.
Tvrdí se, že dosáhla závratných 3,1 miliardy eur (3,6 miliardy dolarů), oproti původním 2,2 miliardám eur.
Obzvláště důležité jsou problémy se svírající nejnovější fregaty ve světle nedávného varování, že německá námořní síla se zmenšuje.
Počátkem letošního roku Hans-Peter Bartels, náčelník bezpečnostního výboru německého parlamentu, připustil, že námořnictvu ve skutečnosti „docházejí rozmístěné lodě“.
Oficiální činitel uvedl, že problém se v průběhu času rozbaloval, protože staré lodě byly vyřazeny z provozu, ale nebyla poskytnuta žádná náhradní plavidla.
Naříkal, že žádná z fregat třídy Báden-Wuerttembersko se nemůže připojit k námořnictvu.
National Trust odposlouchává tajný život netopýrů
Nový výzkum prováděný na panství ve skotské vysočině má za cíl odhalit, jak netopýři využívají krajinu ve svém lovu potravy.
Předpokládá se, že tyto nálezy vnesou nové světlo do chování unikátních létajících savců a pomohou usměrňovat budoucí ochranářské činnosti.
Studie vědců z National Trust pro Skotsko bude sledovat běžné a soprán pipistrelles, stejně jako hnědé long-eared a Daubenton netopýři v Inverewe Gardens ve Wester Ross.
Speciální záznamy budou umístěny na klíčových místech v okolí pozemku sledovat netopýří aktivity po celou sezónu.
Zaměstnanci a dobrovolníci NHS budou rovněž provádět mobilní průzkumy za použití ručních detektorů.
Odborné zvukové analýzy všech nahrávek bude zjistit frekvenci netopýra volání a které druhy dělají, co.
Poté bude vytvořena mapa stanovišť a zpráva s cílem vytvořit podrobný krajinný obraz jejich chování.
Rob Dewar, ochránce přírody poradce pro NTS, doufá, že výsledky odhalí, které oblasti biotopy jsou pro netopýry nejdůležitější a jak jsou využívány každým druhem.
Tyto informace vám pomohou určit výhody řízení stanovišť práce, jako je tvorba luk a jak nejlépe udržovat lesy pro netopýry a další přidružené druhy.
Počet netopýrů ve Skotsku a ve Spojeném království v uplynulém století značně poklesl.
Jsou ohroženy stavebními a rozvojovými pracemi, které ovlivňují hřad a ztrátu přirozeného prostředí.
Větrné turbíny a osvětlení mohou také představovat riziko, stejně jako flypapers a některé chemické ošetření stavebních materiálů, stejně jako útoky koček v zájmovém chovu.
Netopýři ve skutečnosti nevidomí.
Vzhledem ke svým nočním loveckým návykům jsou však jejich uši užitečnější než jejich oči, pokud jde o chycení kořisti.
Používají sofistikovanou techniku ozáření, aby určili brouky a překážky ve své letové dráze.
NTS, která zodpovídá za péči více než 270 historických budov, 38 významných zahrad a 76 000 hektarů půdy po celé zemi, bere netopýry velmi vážně.
Má deset vyškolených expertů, kteří pravidelně provádějí průzkumy, hýčkají inspekce a někdy zachraňuje.
Tato organizace dokonce zřídila ve Skotsku první a jedinou specializovanou netopýří rezervační rezervaci v Threave kombi v Dumfries and Galloway, která je domovem osmi z deseti skotských netopýřích druhů.
Manažer společnosti David Thompson říká, že usedlost je pro ně ideálním územím.
„Tady v Threave máme skvělou oblast pro netopýry,“ řekl.
„Máme tu staré budovy, spoustu veteránských stromů a všechna dobrá stanovišť.
O netopýrech je však stále mnoho neznámého, a tak nám práce, kterou provádíme zde i v jiných objektech, pomohou více porozumět tomu, co potřebují, aby se jim dařilo.“
Zdůrazňuje, že je důležité kontrolovat netopýry před prováděním údržby ve vlastnostech, protože je možné, že bezděčné ničení jednoho mateřského hnízda by mohlo zabít až 400 samic a mláďat, což by mohlo vyhladit celou místní populaci.
Netopýři jsou chráněni a je nezákonné je zabíjet, obtěžovat nebo rušit nebo ničit jejich hnízdiště.
Elisabeth Ferrellová, skotská pracovnice nadace Bat Conservation Trust, vybízí veřejnost, aby přiložila pomoc.
Řekla: „Stále se máme co učit o našich netopýrech a pro mnoho našich druhů prostě nevíme, jak se jejich populaci daří.“
Ronaldo odmítá obvinění ze znásilnění, když se právníci chystají zažalovat německý magazín
Cristiano Ronaldo označil obvinění ze znásilnění, která proti němu byla vznesena, za „falešné zprávy“ s tím, že se lidé „chtějí propagovat“ tím, že používají jeho jméno.
Jeho obhájci se chystají zažalovat německý zpravodajský týdeník Der Spiegel, který tato obvinění zveřejnil.
Portugalec Portugalska a Juventusu byl obviněn ze znásilnění Američanky jménem Kathryn Mayorgové v hotelovém pokoji v Las Vegas v roce 2009.
Údajně jí zaplatil 375 000 dolarů, aby o incidentu mlčela, informoval v pátek deník Der Spiegel.
Třiatřicetiletý Ronaldo ve videozáznamu na Instagramu pro svých 142 milionů odběratelů několik hodin poté, co byla tato tvrzení nahlášena, označil tyto zprávy za „falešné zprávy“.
„Ne, to ne, ne.
To, co dnes řekli, falešné zprávy,“ říká pětinásobný vítěz Zlatého míče do kameře.
„Chtějí se propagovat tím, že budou používat mé jméno.
To je normální.
Chtějí být slavní, aby mohli vyslovit mé jméno, ale je to součást naší práce.
Jsem šťastný muž a všechno v pořádku,“ dodal hráč s úsměvem.
Ronaldovi právníci se chystají Der Spiegelu žalovat kvůli obviněním, která podle agentury Reuters označili za „neoprávněné ohlašování podezření v oblasti soukromí“.
Advokát Christian Schertz řekl, že hráč bude požadovat náhradu „morální škody ve výši odpovídající závažnosti protiprávního jednání, což je pravděpodobně jedno z nejzávažnějších porušení osobních práv v posledních letech“.
K údajnému incidentu údajně došlo v červnu roku 2009 v apartmánu Palms Hotel and Casino v Las Vegas.
Po schůzce v nočním klubu se Ronaldo a Mayorga údajně vraceli do hercova pokoje, kde ji údajně análně znásilnil, podle dokumentů předložených u okresního tribunálu okresu Clark v Nevadě.
Mayorga tvrdí, že Ronaldo po údajném incidentu padl na kolena a řekl jí, že je „z 99 procent“ „dobrému chlapíkovi“, kterého „jedno procento“ zklamalo „jedno procento“.
V dokumentech se uvádí, že Ronaldo potvrdila, že dvojice souložila, ale že to bylo dobrovolné.
Mayorgaová také tvrdila, že šla na policii a pořídila fotografie svých zranění v nemocnici, ale později souhlasila s mimosoudním urovnáním, protože cítila „strach odplaty“ a bála se „veřejného ponižování“.
Čtyřiatřicetiletá žena tvrdí, že nyní usiluje o zvrácení osady, protože ji údajný incident i nadále traumatizuje.
Ronaldo byl na pokraji příchodu do Realu Madrid z Manchesteru United v době údajného napadení, a letos v létě přestoupil do italských gigantů Juve za 100 milionů eur.
brexit: Velká Británie „navždy bude litovat“, že ztratila výrobce automobilů
Spojené království „navždy lituje“, pokud po brexitu ztratí pozici světového lídra ve výrobě automobilů, prohlásil ministr obchodu Greg Clark.
Dodal, že je „znepokojující“, že společnost Toyota UK sdělila BBC, že pokud Británie opustí EU bez dohody, dočasně zastaví výrobu ve své továrně v Burnastonu nedaleko Derby.
„Potřebujeme dohodu,“ řekl pan Clark.
Japonský výrobce automobilů uvedl, že dopad zpoždění na hranicích v případě brexitu bez dohody může stát pracovní místa.
Závod v Burnastonu, který vyrábí značky Auris and Avensis společnosti Toyota, vyprodukoval loni téměř 150 000 vozů, z čehož bylo 90% vyvezeno do zbytku Evropské unie.
„Domnívám se, že bude-li Británie na konci března vystoupit z Evropské unie, v naší továrně dojde k zastavení výroby,“ řekl Marvin Cooke, výkonný ředitel Toyoty v Burnastonu.
Jiní výrobci automobilů ve Spojeném království vyvolali obavy, že opouštějí EU bez dohody o fungování přeshraničního obchodu, včetně společností Honda, BMW a Jaguar Land Rover.
BMW například tvrdí, že po brexitu na měsíc zavře továrnu Mini v Oxforfordu.
Hlavními obavami jsou podle výrobců automobilů rizika dodavatelského řetězce v případě brexitu bez dohody o brexitu.
Výrobní linka Toyoty je řízena „just-in-time“, přičemž součástky přijíždějí každých 37 minut od dodavatelů ve Spojeném království i v EU pro automobily vyrobené na zakázku.
Pokud Spojené království 29. března opustí EU bez dohody, mohlo by dojít k poruchám na hranicích, což by podle odvětví mohlo vést ke zpožděním a nedostatku součástek.
Bylo by vyloučeno, aby Toyota držela ve svém závodě v Derbyshiru více než jednodenní inventuru, tvrdila společnost, a tak by byla výroba zastavena.
Pan Clark řekl, že plán Theresy Mayové z Chequers pro budoucí vztahy s EU je „přesně kalibrován tak, aby se zamezilo těmto kontrolám na hranicích“.
„Potřebujeme se dohodnout. Chceme mít tu nejlepší dohodu, která umožní, jak sám říkám, netěší jen úspěch, který se má těšit v současnosti, ale abychom se chopili této příležitosti,“ řekl v dnešním pořadu BBC Radio 4.
„Důkazy nejen od Toyoty, ale i od jiných výrobců je, že musíme být absolutně schopni pokračovat ve velmi úspěšném souboru dodavatelských řetězců.“
Toyota nedokázala sdělit, jak dlouho bude výroba zastavena, ale v dlouhodobém horizontu varovala, že zvýšené náklady sníží konkurenceschopnost elektrárny a nakonec připraví o pracovní místa.
Peter Tsouvallaris, který pracuje v Burnastonu 24 let a v továrně je svolavatelem odborového svazu Unite, řekl, že jeho členové mají čím dál větší znepokoje: „Podle mých zkušeností, jakmile tyto práce odejdou, už se nikdy nevrátí.
Mluvčí vlády řekl: „Předložili jsme přesný a věrohodný plán našeho budoucího vztahu s EU.“
Schůzka Trumpa s Rosensteinem může být opět odložena, říká Bílý dům
Setkání Donalda Trumpa se zástupcem generálního prokurátora Rodem Rosensteinem by mohlo být „tlačeno o další týden“, protože boj o kandidáta do Nejvyššího soudu Bretta Kavanaugha pokračuje, uvedl v neděli Bílý dům.
Rosenstein dohlíží na práci zvláštního právního zástupce Roberta Muellera, který vyšetřuje ruské vměšování do voleb, vazeb mezi Trumpovými spolupracovníky a Ruskem a potenciální maření spravedlnosti ze strany prezidenta.
Bez ohledu na to, zda Trump zástupce generálního prokurátora propálí, a tím ohrozí Muellerovu nezávislost, rozdmýchává washingtonské drby už celé měsíce.
Počátkem tohoto měsíce New York Times uvedly, že Rosenstein diskutoval o nošení odposlechu k nahrávání rozhovorů s Trumpem a možnosti odvolání prezidenta prostřednictvím 25. dodatku.
Rosenstein tuto zprávu popřel.
Minulé pondělní šel do Bílého domu, mezi zprávami se chystal rezignovat.
Setkání s Trumpem, který se tehdy účastnil Organizace spojených národů v New Yorku, bylo naopak ohlášeno ve čtvrtek.
Trump řekl, že „raději nevypustí“ Rosensteina, ale pak byla schůzka odložena, aby nedošlo ke střetu se soudcovským výborem Senátu, ve kterém Kavanaugh a jedna z žen, které ho obvinily ze sexuálního obtěžování, doktorka Christine Blasey Fordová, vypovídaly.
Trump v pátek nařídila týdenní prošetření žalob proti Kavanaughovi ze strany FBI, což dále oddálilo řádné hlasování Senátu.
Tisková mluvčí Sarah Sandersová vystoupila v nedělním zpravodajství Fox News.
Na otázku ohledně Rosensteinovy schůzky odpověděla: „Datum pro to nebylo stanoveno, mohlo by to být tento týden, mohla bych vidět, že odsunut o další týden vzhledem ke všem dalším věcem, které probíhají s nejvyšším soudem.
Uvidíme to a já vždycky rád informuji novináře.“
Někteří novináři by toto tvrzení zpochybňovali: Sanders nepořádá tiskový brífink v Bílém domě od 10. září.
Moderátor Chris Wallace se ptal proč.
Sandersová řekla, že zmenšení brífinků nebylo způsobeno nechutí televizních reportérek „předvádějících se“, i když řekla: „Nebudu nesouhlasit s tím, že vystupují.“
Naznačovala, že přímý kontakt mezi Trumpem a tiskem vzroste.
„Premiér dělá více Otázek a odpovědí než kterýkoli jiný prezident před ním,“ řekla a bez uvedení důkazů dodala: „Dívali jsme se na ta čísla.“
Instruktáže stále proběhnou, řekl Sanders, ale „mají-li mít tisk možnost klást prezidentovi Spojených států otázky přímo, je to nekonečně lepší, než mluvit se mnou.
Snažíme se o to často a v posledních několika týdnech jste nás to viděli dělat často a to zaujme místo tiskového brífinku, kdy budete moci hovořit s prezidentem Spojených států.“
Trump při odchodu z Bílého domu nebo při účasti na otevřených zasedáních či tiskových konferencích s hostujícími hodnostárnami pravidelně odpovídá.
Samostatné tiskové konference jsou vzácné.
Prezident tento týden v New Yorku možná předvedl proč a před shromážděnými novináři vystoupil volnomyšlenkářem a místy bizarním vystoupením.
Hygienický sekretář píše zaměstnancům EU v NHS ve Skotsku kvůli obavám z brexitu
Ministryně zdravotnictví napsala zaměstnancům EU pracujícím ve skotské NHS, aby vyjádřili vděčnost a přáli, aby po brexitu setrvali.
Poslanecký klub Jeane Freeman zaslaly dopis, v němž zbývalo necelých šestaměsíc, než Spojené království vystoupí z EU.
Skotská vláda se již zavázala uhradit náklady na vyřízené žádosti občanů EU pracujících v jejích decentralizovaných veřejných službách.
Ve svém dopise napsala: „Během léta pokračovala jednání mezi Spojeným královstvím a EU o vystoupení a směřovala k očekávaným rozhodnutím letos na podzim.
Vláda Spojeného království však také zintenzivňuje své přípravy na možný scénář bez dohody.
Vím, že to pro vás musí být velmi znepokojivé období pro vás všechny.
Z tohoto důvodu jsem chtěl nyní zopakovat, nakolik oceňuji příspěvek každého zaměstnance, bez ohledu na jeho národnost.
Kolegové z celé EU i mimo ni přinášejí cenné zkušenosti a dovednosti, které posilují a zlepšují práci ve zdravotnictví a přinášejí přínosem pro pacienty a komunity, kterým sloužíme.
Skotsko je absolutně vaším domovem a my si velmi přejeme, abyste tu zůstali.“
The Christion Abercrombie podstoupil naléhavou chirurgii poté, co Utrpení poraněné hlavy
Tennessee State Tigers obránce Christion Abercrombie podstoupil akutní chirurgický zákrok poté, co utrpěl poranění hlavy při sobotní porážce 31-27 na Vanderbilt Commodores.
Trenér Tennessee Rod Reed řekl novinářům, že ke zranění došlo krátce před koncem poločasu.
„Přišel k postranní čáře a prostě se tam zhroutil,“ řekl Reed.
Trenéři a zdravotničtí pracovníci poskytli Abercrombiemu kyslík u postranní postranní čáry, načež ho položili na nosítka a odnesli ho k dalšímu vyšetření.
Představitel státu Tennessee řekl Chrisi Harrisovi z WSMV v Nashvillu v Tennessee, že Abercrombie byl po operaci ve Vanderbiltově zdravotnickém středisku.
Harris dodal, že „neexistují žádné podrobnosti o typu / rozsahu zranění dosud“ a Tennessee State se snaží přijít na to, kdy ke zranění došlo.
Abercrombie v červeném dresu je ve své první sezóně v Tennessee State po přestupu z Illinois. Po přestupu z Illinois.
V sobotním utkání odehrával celkem pět tacklů, což mu vyneslo celkem 18 branek v sezoně.
Zahraničním kupcům bude účtováno vyšší kolkovné, když si koupí nemovitost ve Velké Británii
Zahraničním kupcům bude účtováno vyšší kolkovné, když si koupí nemovitost ve Velké Británii za peníze navíc použité na pomoc bezdomovcům podle nových toryovských plánů
Tento krok neutralizuje úspěch Corbynovy snahy přilákat mladé voliče
Nárůst kolkovného bude vybíráno od těch, kteří ve Spojeném království neplatí daně
Ministerstvo financí očekává, že vybere až 120 milionů liber ročně na pomoc bezdomovcům.
Zahraničním odběratelům bude při koupi nemovitosti ve Velké Británii účtována vyšší sazba kolkovného – s dodatečnou hotovostí použitou na pomoc bezdomovcům Theresa Mayová to dnes ohlašuje.
Tento krok bude vnímán jako snaha neutralizovat úspěch snahy Jeremyho Corbyna přilákat mladé voliče sliby poskytnout cenově dostupnější byty a zaměřit se na vysoce výdělečně činné.
Nárůst kolkovného bude uvalen na jednotlivce a firmy, které ve Spojeném království nezaplatí daně, přičemž peníze navíc posílily snahu vlády bojovat s tvrdým spánkem.
Poplatek – který je navíc k současnému kolkovnému, včetně vyšší úrovně zavedené před dvěma lety u druhotných bytů a nábytkových nákupů na splátky – by mohl činit až tři procenta.
Ministerstvo financí očekává, že tento krok vynese až 120 milionů liber ročně.
Odhaduje se, že třináct procent novostaveb londýnských nemovitostí kupují nerezidenti Spojeného království, což žene ceny nahoru a ztěžuje prvopočátečním zájemcům dostat se na žebřík bydlení.
Mnohé bohaté oblasti země – zejména v hlavním městě – se staly „městami duchů“ kvůli vysokému počtu zahraničních odběratelů, kteří tráví většinu svého času mimo zemi.
Nová politika přichází jen několik týdnů poté, co Boris Johnson vyzval ke snížení kolkovného, které by pomohlo většímu počtu mladých lidí vlastnit jejich první domov.
Obvinil velké stavební firmy, že udržují vysoké ceny nemovitostí tím, že shazují pozemky, ale nepoužívají je, a naléhalo na paní Mayovou, aby upustila od kvót na cenově dostupné byty, a napravila „houserskou ostudu Británie“.
Pan Corbyn ohlásil poutavou sérii navrhovaných reforem v oblasti bydlení, včetně regulace nájemného a ukončení „nedůležitého“ vystěhování.
Chce také dát radnicím větší pravomoci k výstavbě nových domovů.
Paní Mayová řekla: „Minulý rok jsem řekla, že věnuji své premiérství obnově britského snu – že život by měl být lepší pro každou novou generaci.
A to znamená opravit náš rozvrácený trh s nemovitostmi.
Británie zde bude vždy otevřena lidem, kteří zde chtějí žít, pracovat a budovat život.
Nemůže však být správné, že pro jedince, kteří nežijí ve Spojeném království, stejně jako společnosti se sídlem v zahraničí, je stejně snadné koupit si bydlení jako těžce pracující britští obyvatelé.
Pro příliš mnoho lidí se sen o vlastnictví domu stal až příliš vzdáleným a nedůstojnost tvrdého spánku zůstává až příliš reálná.“
Jack Ross: „Mou nejvyšší ambicí je řídit Skotsko.“
Šéf Sunderlandu Jack Ross říká, že jeho „konečnou ambicí“ je v určitém stádiu stát se skotským manažerem.
Dvaačtyačtyřicetiletý Skot si vychutnává výzvu oživit severovýchodní klub, který v současné době zaujímá třetí místo v první lize, o tři body níž.
Letos v létě se přestěhoval na Stadium of Light poté, co v minulé sezoně dovedl St Mirren zpět ke skotské premiéře.
„Chtěl jsem hrát za svou zemi jako hráč.
Mám čepici B a bylo to,“ řekl Ross pro BBC Scotland's Sportsound.
„Během mládí jsem s tátou hodně vyrůstal u Skotska v Hampdenu a vždycky mě to táhlo zpátky.
Tato příležitost by se ale naskytla jen tehdy, budu-li úspěšný v managementu klubu.“
Mezi Rossovy předchůdkyně jako manažera Sunderlandu patří Dick Advocaat, David Moyes, Sam Allardyce, Martin O'Neill, Roy Keane, Gus Poyet a Paulo Di Canio.
Bývalý Alloa Athletic Šéf říká, že necítil žádné znepokojení v následování takových zavedených názvů v tak velkém klubu, když předtím odmítl předehrávky z Barnsley and Ipswich Town.
„Úspěch pro mě v tuto chvíli bude měřit podle 'můžu vrátit tento klub do Premier League?'
Vzhledem ke struktuře a zázemí tohoto klubu nepochybně patří do Premier ligy,“ uvedl.
„Dosáhnout to tam není snadný úkol, ale pravděpodobně bych na sebe pohlížela jako na úspěšného, jen pokud se mi podaří dostat klub zpátky tam.“
Ross je teprve tři roky ve své manažerské kariéře, po obdobě jako asistent šéfa v Dumbartonu a patnáctiměsíčním kouzlu trenérského štábu Hearts.
V následující sezoně pak pomohl Alloyovi zotavit se ze sestupu do třetí ligy a v následující sezoně proměnil St Mirren z pokraje sestupu na vítěze mistrovského titulu.
A Ross říká, že se teď cítí pohodlněji, než se kdy cítil během své hráčské kariéry v Clyde, Hartlepoolu, Falkirku, St Mirren a Hamilton Academical.
„Pravděpodobně to byla skutečná křižovatka,“ vzpomínal, když se staral o Alloy.
„Upřímně jsem uvěřil, že management je pro mě ten pravý, víc než hraní.
Zní to bizarně, protože se mi dařilo v pohodě, živil jsem se tím rozumně a užíval jsem si pár rozumných výšin.
Ale hrát může být těžké.
Je spousta věcí, kterými se musíš týdně prokousat.
Stále si tím procházím, pokud jde o stres a nátlaku při práci, ale vedení mi prostě připadá správné.
Vždycky jsem to chtěla zvládnout a teď to dělám, připadá mi nejpohodlnější, jaké jsem měla ve své kůži po celý svůj dospělý život.“
Plný rozhovor si můžete poslechnout v pořadu Sportsound v neděli 30. září na Rádiu ve Skotsku od 12:00 do 13:00 SELČ
Perfektní doba na pintu je v sobotu v 17:30, zjistil průzkum
Letní vlna veder posílila tržby britských hospod, které se potýkají s potýkavami, ale vršila větší tlak na restaurační řetězce.
Hospodské a barmanské skupiny zaznamenaly v červenci nárůst tržeb o 2,7 %, ale tržby v restauracích klesly o 4,8 %.
Peter Martin z podnikatelské poradenské společnosti CGA, která čísla sestavila, řekl: „Pokračování slunečního svitu a delší než očekávaná účast Anglie na Světovém poháru znamenaly, že červenec následoval podobný vzorec jako předchozí měsíc v červnu, kdy hospody vzrostly o 2,8 procent, až na to, že restaurace byly zasaženy ještě tvrději.
Pokles o 1,8 procenta restauračního obchodování v červnu se v červenci jen zhoršil.
Hospody a bary vedené nápoji fungovaly zdaleka nejsilněji, s like-for-lajky nahoru více, než byly v restauracích.
Hospody vedené stravováním trpěly také na slunci, i když ne tak dramaticky jako provozovatelé v restauracích.
Vypadá to, že lidé jen chtěli jít na skleničku.
Napříč řízenými hospodami a v barech byl prodej nápojů za meziměsíční nárůst o 6,6 procenta, přičemž jídlo kleslo o tři procenta.“
Paul Newman z analytika volného času a pohostinství RSM řekl: „Tyto úspěchy pokračují v trendu vidíme od konce dubna.
Počasí a dopad velkých společenských nebo sportovních událostí zůstávají největšími faktory, pokud jde o prodej na mimodoměrovém trhu.
Nikoho nepřekvapí, že restaurační skupiny i nadále bojují, i když meziročního poklesu tržeb o 4,8 procenta bude k přetrvávajícím nákladovým tlakům obzvlášť bolestivý.
Dlouhé horké léto nemohlo nastat v horší dobu pro obsluhy vedené potravinami a čas ukáže, zda mírnější teploty, které jsme v srpnu zažili, poskytnou tolik potřebnou úlevu.“
Celkový růst tržeb napříč hospodami a restauracemi, včetně nově otevřených nabídek, činil v červenci 2,7 procenta, což odráží zpomalení rozhozů ve značkových akvizicích.
Prodejní pozorovatel společnosti Coffer Peach Tracker pro britský hospodský, barový a restaurační sektor shromažďuje a analyzuje údaje o výkonnosti od 47 provozních skupin s celkovým obratem více než 9 miliard liber a je zavedeným průmyslovým měřítkem.
každé páté dítě má tajné účty na sociálních sítích, které skrývá před svými rodiči
Každé páté dítě – některým je teprve 11 let – má tajný účty na sociálních sítích, které skrývají před svými rodiči a učiteli, odhalil průzkumy
Průzkum 20 000 středoškolských žáků odhalil růst „falešných Insta“ stránek
Novinka umocnila obavy, že je zveřejňován sexuální obsah
Dvacet procent žáků uvedlo, že mají „hlavní“ vyúčtování, který mohou rodičům ukázat
Jedno z pěti dětí – některým je teprve 11 let – vytváří účty na sociálních sítích, které tají před dospělými.
Průzkum mezi 20 000 středoškolskými žáky odhalil prudký růst „falešných Insta“ účtech, což je narážka na server pro sdílení fotografií Instagram.
Novinka zvýšila obavy, že je zveřejňován sexuální obsah.
Dvacet procent žáků uvedlo, že provozují dezinfikovaný „hlavní“ účet, na kterém jsou zobrazeni rodiči, a zároveň mají soukromé.
Jedna matka, která narazila na tajnou stránku své třináctileté dcery, našla puberťáka, který nabádal ostatní, aby „mě znásilňovali“.
Průzkumy společnosti Digital Awareness ve Spojeném království (Digital Awarwareness UK and the Headmasters“ and Headmistress' Conference (HMC) nezávislých škol zjistily, že 40 procent lidí ve věku 11 až 18 let má dva profily, z nichž polovina se přiznala k vedení soukromých účtů.
Šéf HMC Mike Buchanan řekl: „Znepokojuje, že mnoho teenagerů je v pokušení vytvořit on-line prostory, kde je rodiče a učitelé nenajdou.“
Eilidh Doyle bude „Hlas pro atlety“ na skotské atletické radě
Eilidh Doyl byla zvolena do představenstva společnosti Scottish Athletics na výroční valné hromadě řídícího orgánu.
Doylová je nejoceňovanější atletkou ve Skotské dráhové i dráhové dráze a běžec Ian Beattie popsal tento krok jako skvělou příležitost pro ty, kteří tento sport vedou, aby těžili z jejích rozsáhlých zkušeností na mezinárodní úrovni za posledních deset let.
„Eilidh má obrovský respekt ve skotské, britské a světové atletické komunitě a jsme si jisti, atletika ve Skotsku by obrovsky prospěla tím, že by ji přivedla na šachovnici,“ řekl Beattie.
Doyle řekl: „Jsem dychtivý jednat jako hlas pro sportovce a doufám, že mohu skutečně přispět a pomoci řídit tento sport ve Skotsku.“
Američana, který zvítězil v běhu na 200 metrech a 400 metrech na olympijských hrách v Atlantě v roce 1996, mezi svými čtyřmi zlatými olympijskými medailemi a nyní je pravidelným znalcem BBC, nemohl chodit poté, co utrpěl tranzortní ischemický útok.
Na twitteru napsal: „Dnešním obdobím před měsícem jsem prodělal mrtvici.
Nemohl jsem chodit.
Lékaři říkali, že jen čas ukáže, jestli se uzdravím nebo do jaké míry.
Byla to vyčerpávající práce, ale plně se vzpamatovala, znovu se naučila, jak chodit a dnes cvičí agility!
Děkujeme za povzbuzující poselství!“
Reklama s prsním čerpadlem srovnávající matky s krávami rozděluje názory online
Firma zabývající se prsními čerpadly rozděluje názory na internetu inzerátem, v němž přirovnává kojné matky k dojímaným kravám.
U příležitosti uvedení údajně „prvního mlčivého nositelného prsu na světě“ zveřejnila spotřebitelská technologická společnost Elvie reklamu inspirovanou jadrným videonahrávkou, aby předvedla volnost, kterou nové čerpadlo dává vyjadřujícím se matkám.
Čtyři skutečné maminky tančí ve stodole plné sena plných krav na skladbu, která obsahuje texty jako: „Ano, dojím sama, ale nevidíte žádný ocas“ a „V případě, že jste si nevšimli, že to nejsou vemena, jsou to moje prsa.“
Sborové pokračují: „Vyčerpávejte to, odčerpáváme to, krmím je miminka, pumpuju, pumpuju to, dojím své dámy.“
Reklama, která byla zveřejněna na facebookové stránce firmy, však vyvolala kontroverzi na internetu.
S 77.000 zhlédnutími a stovkami komentářů, video má smíšené reakce od diváků, s mnohými říká, že zlehčuje „horory“ v mlékárenském průmyslu.
„Velmi špatné rozhodnutí používat krávy k propagaci tohoto produktu.
Stejně jako my musí otěhotnět a rodit, aby mohli produkovat mléko, až na to, že jejich miminka jsou jim ukradena během několika dní po porodu,“ napsala jedna.
Prsní čerpadlo Elvie se diskrétně vejde do kojenecké podprsenky (Elvie/Matka)
Jiný poznamenal: „Pochopitelně traumatizující pro matku i dítě.
Ale co když je nepoužijeme k reklamě na prsní pumpu matkám, které si nechají svá mláďata?“
Někdo další dodal: „Taková nepřístupná reklama.“
Jiní reklamu hájili a jedna žena přiznala, že píseň považovala za „veselou“.
„Já si myslím, že je to rodová představa.
Měla bych jednu, kdybych ještě kojila.
Pumpováním jsem si připadala přesně jako kráva.
Inzerát je trochu šílený, ale bral jsem to tak, jak to bylo.
Toto je geniální produkt,“ napsal jeden z nich.
„Jedná se o zábavnou reklamu zaměřenou na maminky, které čerpají (často na svých pracovištích nebo toaletách) a působí jako „krávy“.
To není reklama chvála nebo souzení mlékárenského průmyslu.“
Na konci videa skupina žen odhalí, že všechny tančily s diskrétními lodičkami zastrčenými v podprsenkách.
Koncepce kampaně je založena na vhledu, že mnoho žen, které pijí prsou, tvrdí, že se cítí jako krávy.
Elvie Pump je však naprosto tichá, nemá žádné dráty ani hadičky a diskrétně se vejde do kojenecké podprsenky, což dává ženám volnost pohybovat se, objímat své děti a při pumpování dokonce chodit ven.
Ana Balarinová, partnerka a ECD ve společnosti Mother k tomu poznamenala: „Elvie Pump je tak revolučním produktem, že si zasloužila smělé a provokativní uvedení na trh.
Vytvářením paralely mezi expresí žen a dojnic jsme chtěli pumpování prsou a všechny jeho výzvy v záři reflektorů demonstrovat zábavným a příbuzným způsobem neuvěřitelný pocit svobody, který nové čerpadlo přinese.
Není to poprvé, co se čerpadlo Elvie dostalo na titulní stránky novin.
Během londýnského Týdne módy se na přehlídkovém mračném molu objevila matka dvou dětí návrhářky Marty Jakubowski, která tento produkt používala.
Stovky migrujících dětí se potichu stěhovaly do stanového kempu na texaské hranici
Počet zadržovaných migrujících dětí prudce vzrostl, i když měsíční hraniční přechody zůstaly relativně nezměněné, zčásti proto, že ostrá rétorika a politika zavedená Trumpovou administrativou ztěžují umisťování dětí ke sponzorům.
Většina sponzorů byla tradičně samotnými neregistrovanými imigranty a báli se, že ohrozí svou vlastní schopnost setrvat v této zemi tím, že vystoupí a vyžádají si dítě.
Riziko se zvýšilo v červnu, kdy federální orgány oznámily, že potenciální sponzoři a další dospělí členové jejich domácností budou muset odevzdat otisky prstů a že údaje budou sděleny imigračním úřadům.
Minulý týden Matthew Albence, vysoce postavený úředník imigračního a celního úřadu, před Kongresem vypověděl, že agentura zatýkala desítky lidí, kteří žádali sponzorování nezletilých přistěhovalců bez doprovodu.
Agentura později potvrdila, že 70 procent zatčených nemá předchozí záznam v trestním rejstříku.
„Téměř 80 procent jedinců, kteří jsou buď sponzory, nebo členy domácnosti sponzorů, jsou zde v zemi ilegálně, a velká část z nich jsou kriminální cizinci.
Pokračujeme tedy v pronásledování těchto jedinců,“ řekl pan Albence.
Ve snaze zpracovat děti rychleji zavedli úředníci nová pravidla, která budou vyžadovat, aby se někteří z nich dostavili k soudu do jednoho měsíce poté, co byli zadrženi, a nikoli po 60 dnech, což byl podle pracovníků v azylovém domě dosavadní měřítko.
Mnoho z nich vystoupí prostřednictvím videokonferenčního hovoru, spíše než osobně, aby svůj důvod k právnímu statusu obhájili před imigračním soudcem.
Ti, kteří jsou prohlášeni za nezpůsobilé pro úlevu, budou urychleně deportováni.
Čím déle zůstávají děti ve vazbě, tím je pravděpodobnější, že se stanou úzkostnými nebo depresemi, což může vést k násilným výbuchům nebo pokusům o útěk, jak uvádějí pracovníci útulku a zprávy, které ze systému vyplynuly v posledních měsících.
Obhájci uvedli, že tyto obavy zesílí ve větším zařízení, jako je Tornillo, kde je pravděpodobnější přehlédnutí náznaků toho, že dítě bojuje.
Dodali, že stěhování dětí do stanového městečka, aniž by jim poskytlo dostatek času na emocionální přípravu nebo na rozloučení s kamarády by mohlo znásobit traumatologii, se kterou se mnozí již potýkají.
Sýrie sděluje americkým, francouzským a tureckým „okupačním silám“, aby se okamžitě stáhly
Ministr zahraničních věcí Valíd al-Moualem v projevu před Valným shromážděním OSN rovněž vyzval syrské uprchlíky, aby se vraceli domů, i když válka v této zemi trvá již osmým rokem.
Moualem, který rovněž zastává funkci vicepremiéra, řekl, že zahraniční síly jsou na syrské půdě ilegálně pod záminkou boje proti terorismu a „budou odpovídajícím způsobem řešeny“.
„Okamžitě a bez jakýchkoliv podmínek se musí stáhnout,“ řekl shromážděním.
Moualem trval na tom, že „válka proti teroru je téměř u konce“ v Sýrii, kde od roku 2011 zemřelo více než 360 000 lidí, přičemž miliony dalších byly vykořeněny ze svých domovů.
Prohlásil, že Damašek bude pokračovat v „boji v této posvátné bitvě, dokud nevyčistíme všechna syrská teritoria“ jak od teroristických skupin, tak od „jakékoli nezákonné zahraniční přítomnosti“.
Spojené státy mají v Sýrii přibližně 2 000 vojáků, kteří zejména cvičí a radí jak kurdským silám, tak syrským Arabům, kteří se postavili proti prezidentu Bašáru Asadovi.
Francie má v terénu více než 1000 vojáků ve válkou zmítané zemi.
Pokud jde o otázku uprchlíků, Moualem řekl, že podmínky pro jejich návrat jsou v pořádku, a obvinil „některé západní země“, že „rozšířily iracionální obavy“, které přiměly uprchlíky, aby se drželi dál.
„Vyzvali jsme mezinárodní společenství a humanitární organizace, aby tyto návraty usnadnily,“ řekl.
„Politizují to, co by mělo být čistě humanitární záležitostí.“
Spojené státy a Evropská unie varovaly, že pro Sýrii nedojde k obnově, dokud mezi Asadem a opozpozicí nevznikne politická dohoda o ukončení války.
Diplomaté OSN tvrdí, že nedávná dohoda mezi Ruskem a Tureckem o vytvoření nárazníkové zóny v poslední velké povstalecké pevnosti v Idlibu vytvořila příležitost prosadit politické rozhovory.
Rusko-turecká dohoda odvrátila rozsáhlý útok syrských sil podporovaných Ruskem na provincii, kde žijí tři miliony lidí.
Moualem nicméně zdůraznil, že dohoda má „jasné termíny“ a vyjádřil naději, že se vojenská akce zaměří na džihádisty včetně bojovníků z Fronty an-Nusra napojené na Al-Káidu, kteří „budou vymýceni“.
Poslanec OSN Staffan de Mistura doufá, že brzy svolá první zasedání nového výboru složeného z vládních a opozičních poslanců k vypracování poválečné ústavy Sýrie a vydláždí cestu k volbám.
Moualem stanovil podmínky pro účast syrské vlády ve výboru s tím, že práce poroty by měla být omezena „na přezkoumání článků současné ústavy“ a varoval před vměšováním.
Proč Trump vyhraje druhé volební období
Podle této logiky by pan Trump v roce 2020 zvítězil ve znovuzvolení, pokud, jak mnozí liberální diváci pravděpodobně doufají, nerozhodnou impeachment a skandál.
Co by bylo bezpochyby „Nejdramatičtějším zakončovacím finále prezidentství všech dob!“
V současné době se neobjevily žádné známky únavy diváků.
Od roku 2014 se sledovanost v hlavním vysílacím čase u CNN více než zdvojnásobila na 1,05 milionu a v MSNBC se téměř ztrojnásobila na 1,6 milionu.
Televizní stanice Fox News má v průměru 2,4 milionu diváků v hlavním vysílacím čase, což je o 1,7 milionu více než před čtyřmi lety, podle Nielsena, a „The Rachel Maddow Show“ stanice MSNBC překonala sledovanost kabelové televize s až 3,5 miliony diváků ve velkých zpravodajských večerech.
„Toto je požár, ke kterému jsou lidé přitahováni, protože to není něco, čemu rozumíme my,“ řekl Neal Baer, předváděcí běžec ABC „Určovaný přeživší“, o tajemníkovi kabinetu, který se stane prezidentem poté, co útok zničí Capitol.
Nell Scovell, zkušená komediální scenáristka a autorka „Just the Funny Parts: and a Few Hard Truths About Sneaking Into the Hollywood Boys“ Club,“ má jinou teorii.
Pamatuje si jízdu taxíkem v Bostonu před volbami v roce 2016.
Řidič jí sdělil, že bude volit pana Trumpa.
Proč? ptala se.
„Řekl: „Protože mě rozesměje,“ řekla mi slečna Scovellová.
V tom zmatku existuje zábavní hodnota.
Na rozdíl od čehokoli jiného v televizi by samozřejmě dějové linky přicházející z Washingtonu mohly rozhodnout o budoucnosti Roe vs. Wade, zda se rodiny imigrantů dokážou znovu sjednotit a zdraví globální ekonomiky.
Vyladění je luxus, který si mohou dovolit jen ti nejvíce privilegovaní diváci.
A přesto to sahá víc než být informovaným občanem, když se ocitnete v šesté hodině, kdy sledujete, jak panel expertů debatuje o tom, jak Bob Woodward používá „hluboké zázemí“ pro svou knížku „Strach“, brokovnici Paula Manaforta v pštrosí kožešině za 15 000 dolarů („odědle husté arogancí“, píše The Washington Post) a o důsledcích strašlivých popisů anatomie pana Trumpa ze Stormy Daniels.
Já, například, už se na Super Maria nikdy nepodívám stejným způsobem.
„Součástí toho, co dělá a které vyvolává pocit, že vás každou noc něčím krmí,“ řekl Brent Montgomery, šéf společnosti Wheelhouse Entertainment a tvůrci seriálu „Pawn Stars“, o rotujícím obsazení Trumpovy show a každodenních dějových zvratech (vyvolávání boje s NFL, chvála Kim Čong-una).
Nemůžete si dovolit zmeškat jednu epizodu nebo zůstáváte pozadu.
Když jsem tento týden zastihl pana Fleisse, před jeho domem na severním pobřeží Kauai bylo slunečných 80 stupňů, ale byl zalezlý uvnitř a sledoval MSNBC, když nahrával CNN.
Nedokázal se odpoutat, ne když Brett Kavanaugh čelil justičnímu výboru Senátu a budoucnost Nejvyššího soudu visela na vlásku.
„Vzpomínal jsem si, jak jsme tehdy dělali všechny ty bláznivé pořady a lidé říkali: ,Toto je počátek konce západní civilizace,"“ Pan Fleiss mi řekl.
„Myslel jsem, že je to vtip, ale ukázalo se, že měli pravdu.“
Amy Chozicková, spisovatelka časopisu The Times zabývající se byznysem, politikou a médii, je autorkou memoárů „Chasing Hillary“.
Vnější peníze zaplavují nejtěsnější volební závody ve Sněmovně
Překvapuje mě, že sedmnáctina Pensylvánské sedmnáctky zaznamenává záplavu peněz, a to díky reorganizaci kongresových distriktů, které vynesly dva dosavadní představitele v souboji o stejné křeslo.
Tento nedávno překreslený předměstský okrsek v Pittsburgu štve Demokratickou republiku Conor Lamb, který loni na jaře získal křeslo v jiném okrsku v mimořádných volbách.
Lamb kandiduje proti dalšímu úřadujícímu prezidentovi, republikánovi Keithu Rothfusovi, který v současné době reprezentuje starý pensylvánský 12. okrsek, který se silně překrývá s novou sedmnáctkou.
Mapy byly přepracovány poté, co Nejvyšší soud v Pensylvánii v lednu rozhodl, že staré distrikty jsou neúprosně gerrymandovány ve prospěch Republikánů.
Zápas v nové sedmnáctce odstartoval financování volební kampaně mezi hlavními vládními sponzorovacími složkami pro financování, kongresovým výborem Demokratické kampaně Demokratické kampaně (DCCC) a Národním Republikánským volebním výborem (NRCC).
Lamb se v Pensylvánii stal známým jménem po těsné výhře v široce sledovaných březnových mimořádných volbách do 18. kongresového okrsku Pensylvánie.
Toto křeslo zastával Republikán více než deset let a prezident Donald Trump zvítězil v okrsku o 20 bodů.
Političtí experti poskytli Demokratům nepatrnou převahu.
U.S. Weighed Penalizing El Salvador přes podporu pro Čínu, pak ustoupen
Diplomaté poznamenali, že Dominikánská Republika a Panama už Peking poznaly jen s malou odezvou ze strany Washingtonu.
Pan Trump měl vřelé setkání s panamským prezidentem Juanem Carlosem Varelou v červnu 2017 a měl hotel v Panamě, dokud partneři nevystěhovali manažerský tým Trump Organization.
Představitelé Ministerstva zahraničí se rozhodli odvolat americké šéfy diplomatických misí ze Salvadoru, Dominikánské Republiky a Panamy kvůli „nedávným rozhodnutím neuznávání Tchaj-wanu“, uvedla počátkem tohoto měsíce ve svém prohlášení Heather Nauertová.
Tresty však byly zvažovány pouze proti Salvadoru, který v roce 2017 obdržel americkou pomoc v odhadované částce 140 milionů dolarů, a to i za kontrolu narkotik, rozvoj a ekonomickou podporu.
Navržené tresty, které zahrnovaly škrty ve finanční pomoci a cílená vízová restrikce, by byly bolestivé pro středoamerickou zemi a její vysokou míru nezaměstnanosti a vražd.
Jak interní schůzky pokračovaly, severoameričtí a středoameričtí představitelé odložili konferenci na vysoké úrovni zaměřenou na bezpečnost a ekonomickou prosperitu, aby navázali podobným loňským shromážděním, které bylo vnímáno jako krok ve snaze zabránit migrantům, aby zamířili do Spojených států.
Do poloviny září však nejvyšší představitelé administrativy dávali jasně najevo, že chtějí, aby konference pokročila kupředu, což v podstatě ukončilo veškeré zvažování trestů pro Salvador.
Viceprezident Mike Pence má nyní vystoupit před konferencí, která je nyní naplánována na pátek v polovině října, jako signál o dovozu, který administrativa na shromáždění umisťuje, uvedli diplomaté.
Třemi americkými vyslanci se v tichosti vrátili do Salvadoru, Panamy a Dominikánské Republiky bez nových těžkých vzkazů a trestů z Washingtonu.
Mluvčí pana Boltona z Bílého domu odmítl komentovat podrobnosti debaty, které popsali tři američtí představitelé, včetně dvou diplomatů, kteří souhlasili s projednáním interního jednání pod podmínkou anonymity.
Jejich výpovědi byly potvrzeny externím analytikem, který je blízký administrativě a také hovořil pod podmínkou anonymity.
Historie studia
Druhou bačkou k upuštění by mohla být zpráva zvláštního právního zástupce Roberta Muellera o možném maření spravedlnosti pana Trumpa, o čemž jsou nyní ve veřejných záznamech velmi přesvědčivé důkazy.
Pan Mueller údajně také obrací své pátrání na to, zda kampaň pana Trumpa spolupracovala s Ruskem při jeho útoku na naše volby.
Pokud Kongres změní majitele, pan Trump se ocitne tváří v tvář odpovědnosti v tomto orgánu, stejně jako se připravuje jít znovu před voliče, a možná nakonec před porotu svých vrstevníků.
Jedná se o mnoho úřadů a já tím nechci naznačovat, že pád pana Trumpa je nevyhnutelný – ani pád jeho ekvivalentů v Evropě.
Každý z nás na obou stranách Atlantiku musí učinit rozhodnutí, která ovlivní, jak zdlouhavý tento boj může být.
V roce 1938 byli němečtí důstojníci připraveni proti Hitlerovi uspořádat státní převrat, jen kdyby mu Západ vzdoroval a podpořil Čechoslováky v Mnichově.
Selhali jsme a propásli jsme příležitost, abychom se vyhnuli krvavému masakru.
Historie se otáčí kolem těchto inflexních bodů a neúprosný pochod demokracie se urychlí nebo zpozdí.
Američané nyní čelí několika těmto inflexním bodům.
Co budeme dělat, když pan Trump vyhodí náměstka generálního prokurátora Roda Rosensteina, muže, který řídí osud Muellera?
Rosenstein je ve střehu od té doby, co tento deník informoval, že loni naznačoval, že tajně nahrál prezidenta a spekuloval o tom, že je nezpůsobilý do úřadu.
Pan Rosenstein říká, že výpověda Timesů je nepřesná.
„Jak zareagujeme v případě, že nově vyžádané vyšetřování Bretta Kavanaugaugha ze strany F.B.I. nebude úplné ani spravedlivé – nebo pokud bude potvrzen Nejvyššímu soudu navzdory věrohodným obviněním ze sexuálního napadení a nepoctivého svědectví?
A především, budeme v pololetí hlasovat pro kongres, kvůli kterému bude pan Trump hnát k zodpovědnosti?
Pokud tyto testy neuspějeme, čeká demokracii dlouhá zima.
Ale věřím, že neselháme, a to kvůli lekci, kterou jsem se naučil v Praze.
Moje matka byla československá Židovka, kterou do Osvětimi deportoval tentýž na nacistický režim, který kdysi okupoval můj velvyslanecký domov.
Přežila, přistěhovala se do Ameriky a o 60 let později mě vyslala zapálit Sabbath svíčky na tom stole s hákovým křížem.
S tím, co je mým dědictvím, jak mohu nebýt optimistou, pokud jde o naši budoucnost?“
Norman Eisen, vysoce postavený spolupracovník Brookingsova institutu, je předsedou Občanů za odpovědnost a etiku ve Washingtonu a autorem knihy „The Last Palace: Europe's Turbulent Century in Five Lives and One Legendary House“.
Rangers' Graham Dorrans optimistický před Rapid Vídeň střety
Rangers hostí Rapid Vídeň ve čtvrtek s vědomím, že vítězství nad Rakušany, po impozantní remíze ve Španělsku proti Villarrealu počátkem tohoto měsíce, je v silné pozici, aby se kvalifikovali ze skupiny G Evropské ligy.
Zranění kolene zabránil středopolař Graham Dorrans, aby své první vystoupení v sezoně až do remízy 2-2 s Villarrealem, ale věří, že Rangers mohou použít tento výsledek jako odrazový můstek k větším věcem.
„Byl to dobrý bod pro nás, protože Villarreal jsou dobrá strana,“ řekl jedenatřicetiletý útočník.
„Šli jsme do zápasu v domnění, že něco získáme, a vyšli jsme s bodem.
Možná jsme to nakonec zvládli, ale remíza celkově byla asi férový výsledek.
V prvním poločase byli asi lepší a ve druhém poločase jsme vyjeli a byli jsme lepší.
Do čtvrtka to bude další velká evropská noc.
Doufejme, že získáme tři body, ale to bude těžká hra, protože ve svém posledním zápase měli dobrý výsledek, ale vzhledem k tomu, že diváci jsou za námi, jsem si jistý, že se můžeme posunout dál a dosáhnout pozitivního výsledku.
Minulý rok byl určitě těžký, mezi vším, co se dělo s mými zraněními a změnami v samotném klubíčku, ale teď je na tom místě pocitový faktor.
Družstvo je dobré a kluci si to opravdu užívají; trénink je dobrý.
Doufejme, že teď budeme pokračovat, hodíme minulou sezónu za hlavu a budeme úspěšní.“
Ženy ztrácejí spánek kvůli strachu z důchodového spoření
Navzdory tomu, že účastníci průzkumu měli jasnou představu o tom, jak chtějí, aby se o ně pečovalo, málokdo o tom mluvil se svými rodinnými příslušníky.
Přibližně polovina jednotlivců v celostátní studii uvedla, že hovořila se svými manželi o nákladech na dlouhodobou péči.
Pouhých 10 procent uvedlo, že o tom mluvili se svými dětmi.
„Lidé chtějí, aby se o ně staral rodinný příslušník, ale nepodnikají kroky k tomu, aby si s nimi popovídali,“ řekla Holly Snyderová, viceprezidentka celostátního životního pojištění.
Zde je místo, kde začít.
Poraďte se se svým manželem a s dětmi: Nemůžete připravit svou rodinu, aby vám poskytovala péči, pokud svá přání neslouhodnete v předstihu.
Spolupracujte se svým poradcem a svou rodinou, abychom prodiskutovali, kde a jak získat péči, protože tato rozhodnutí mohou být významným faktorem při určování nákladů.
Přiveďte svého finančního poradce: Váš poradce vám také může pomoci vymyslet způsob, jak tyto výdajové výdaje uhradit.
Volba vašeho financování pro dlouhodobou péči může zahrnovat tradiční pojištění pro dlouhodobou péči, hybridní životní pojištění peněžní hodnoty, které pomůže pokrýt tyto výdajové výdaje, nebo sebepoškozování vaším vlastním majetkem – pokud máte peníze.
Kladivo své právní dokumenty: odvraťte právní bitvy v průsmyku.
Zavolejte zmocněnec ve zdravotnictví tak, abyste určili důvěryhodného jedince dohlížet na vaši lékařskou péči a zajistili, aby odborníci vyhověli Vašim přáním v případě, že nejste schopni komunikovat.
Udělejte si také plnou moc za své finance.
Vybrali byste důvěryhodnou osobu, která za vás učiní finanční rozhodnutí, a zajistíte, aby vaše bankovky byly zaplaceny, pokud jste nezpůsobilí.
Nezapomínejte na drobné detaily: Představte si, že váš starší rodič má lékařskou pohotovost a je na cestě do nemocnice.
Byl byste schopen zodpovědět otázky o lécích a alergiích?
Veslujte tyto detaily v psaném Plánu, abyste byli připraveni.
„Ve hře nejsou jen finančnictví, ale kdo jsou doktoři?“ zeptal se Martin.
„Jaké jsou ty léky?
Kdo se postará o psa?
Mějte ten plán připravené.“
Muž několikrát postřelený vzduchovkou v Ilfracombe
Jeden muž byl mnohokrát postřelen vzduchovkou vzduchovkou, když se vracel domů.
Čtyřicátnice byla v oblasti Oxford Grove ve městě Ilfracombe v Devonu, když byla střelena do hrudníku, břicha a ruky.
Policisté popsali střelbu, ke které došlo kolem 02:30 SELČ, jako „náhodný čin“.
Oběť útočníka neviděla.
Jeho zranění neohrožují život a policie žádá svědky.
Zemětřesení a tsunami v Indonésii
Nejméně 384 lidí bylo zabito silným zemětřesením a tsunami, které zasáhly indonéské město Palu v pátek, uvedli oficiální činitelé s tím, že počet obětí vzroste.
Vzhledem k tomu, že byla vyřízena komunikace, se humanitárním činitelům nedařilo získat žádné informace z Donggala regency, oblasti severně od Palu, která je blíže epicentru zemětřesení o síle o síle o síle 7,5.
V Palu bylo evakuováno více než 16 000 lidí poté, co katastrofa udeřila.
Zde jsou některá klíčová fakta o Palu a Donggala, na ostrově Sulawesi:
Palu je hlavní město centrální provincie Sulawesi, která se nachází na konci úzké zátoky na západním pobřeží ostrova Sulawesi s odhadovaným počtem registrovaných 379 800 v roce 2017.
Město slavilo své čtyřicáté výročí, když udeřilo zemětřesení a tsunami.
Donggala je regentství táhnoucí se podél více než 300 km (180 mil) pobřežnictví na severozápadě ostrova Sulawesi.
Rekupectví, administrativní oblast pod provincií, mělo v roce 2017 podle odhadů 299 200 obyvatel.
Rybolov a farmaření jsou oporou ekonomiky centrální provincie Sulawesi, zejména pobřežní oblasti Donggala.
Těžba niklu je také důležitá v provincii, ale soustředí se převážně v Morowali na opačném pobřeží Sulawesi.
Palu a Donggala byly za posledních 100 let zasaženy tsunami několikanásob, podle indonéské Agentury pro zmírňování Katastrofy.
V roce 1938 tsunami zabila více než 200 lidí a zničila stovky domů v Donggale.
Tsunami zasáhla v roce 1996 také západní Donggalu a vyžádala si jich devět.
Indonésie leží na seizmicky Tichém ohnivém prstenci a je pravidelně zasažena zemětřeseními.
Zde jsou některé z hlavních otřesů a tsunamis v posledních letech:
2004: Velké zemětřesení na západním pobřeží indonéské provincie Aceh v severní Sumatře 26. prosince vyvolalo tsunami, které zasáhlo 14 zemí a zabilo 226 000 lidí podél pobřeží Indického oceánu, více než polovina z nich v Acehu.
Různé otřesy zasáhly západní pobřeží Sumattry koncem března a začátkem dubna loňská.
Stovky lidí zahynuly na ostrově Nias u pobřeží Sumattry.
V roce 2006 udeřil již o síle 6,8 magnitudy jižně od nejlidnatějšího indonéského ostrova Jávy, což vyvolalo tsunami, která udeřila do jižního pobřeží a zabila téměř 700 lidí.
V roce 2009 udeřilo zemětřesení o síle o síle 7,6 stupně poblíž města Padang, hlavního města provincie Západní Sumatra.
Bylo zabito více než 1100 lidí.
V roce 2010 došlo k zemětřesení o síle o síle o síle 7,5 stupně zemětřesení u Sumattry, které spustilo tsunami o síle až 10 metrů, jež zničilo desítky vesnic a zabilo asi 300 lidí.
2016: Mělké zemětřesení zasáhlo regentství Pidie Džaja v Acehu a způsobilo zkázu a paniku, když to lidem připomněla devastace smrtícího zemětřesení a tsunami v roce 2004.
Tsunami se tentokrát nespustilo, ale více než 100 jich bylo zabito spadlými budovami.
2018: Indonéský turistický ostrov Lombok zasáhly závažné zemětřesení a zabily více než 500 lidí, většinou na severní straně ostrova.
Zemětřesení zničilo tisíce budov a zanechalo tisíce turistů, kteří dočasně uvízli.
Nejstarší syn Sarah Palinové zatčen za domácí násilí
Společnost Track Palin, nejstarší syn bývalého guvernéra Aljašky a viceprezidentské kandidátky Sarah Palinové, byl zatčen na základě obvinění z napadení.
Devětadvacetiletý Palin z Wasilly na Aljašce byl zatčen pro podezření z domácího násilí, zasahování do hlášení domácího násilí a kladení odporu při zatýkání, jak vyplývá ze čtvrteční reportáže aljašské státní policie.
Podle policejních zpráv, když se jedna známá pokusila zavolat policii, aby nahlásila údajné zločiny, vzal jí telefon.
Palinová je držena ve vyšetřovací vazbě v Mat-Su Pretrial Facility a je držena na nezajištěném dluhopisu ve výši 500 dolarů, uvedla KTUU.
Objevil se u soudu v sobotu, kde prohlašoval, že „není vinen, pro jistotu“, když byl dotázán na svou obhajobu, informoval televizi.
Palin čelí třem přestupkům třídy A, což znamená, že může být uvězněn až na dobu jednoho roku a potrestán pokutou ve výši 250 000 dolarů.
Byl také obžalován z přestupku třídy B, který se trestá jednodenním pobytem ve věznici a pokutou ve výši 2 000 dolarů.
Není to poprvé, co byla proti Palinové vznesena trestní oznámení.
V prosinci 2017 byl obžalován z napadení svého otce Todda Palina.
Jeho matka Sarah Palinová zavolala policii, aby nahlásila údajný útok.
V současné době se případ projednává aljašským soudem pro veterány.
V lednu 2016 byl obžalován z domácího napadení, zasahování do nahlašování trestného činu domácího trestného činu souvisejícího trestného činu domácího násilí a držení zbraně pod vlivem alkoholu v souvislosti s tímto incidentem.
Jeho přítelkyně tvrdila, že ji praštila do obličeje.
Sarah Palinová byla kritizována skupinami veteránů v roce 2016 poté, co spojila násilné chování svého syna s PTSD vyplývajícím z jeho služby v Iráku.
Indonéské zemětřesné tsunami
Nejméně 384 lidí zahynulo po pátečním zemětřesení, které zasáhlo indonéský ostrov Sulawesi.
Zemětřesení o síle 7,5 stupně vyvolalo tsunami a zničilo tisíce domů.
Elektrické a komunikační sítě klesají a očekává se, že v nadcházejících dnech vzroste počet mrtvých.
Zem zemětřesení zasáhlo přímo u centrálního Sulawesi, které leží severovýchodně od indonéského hlavního města Jakarty.
Na sociálních sítích kolují videa ukazující okamžik nárazu.
Stovky lidí se shromáždily na plážové slavnosti ve městě Palu, když tsunami ztroskotala na pevnině.
Federální prokurátoři požadují ojedinělý trest smrti pro podezřelého z teroristického atentátu
Federální prokurátoři v New Yorku požadují trest smrti pro Sayfulla Saipova, podezřelého z newyorského teroristického útoku, při němž zahynulo osm lidí – vzácný trest, který nebyl ve státě vykonán za federální zločin od roku 1953.
Třicetiletý Saipov údajně využil pronajatého kamionu Home Depot k útoku na cyklostezce podél West Side Highway na Dolním Manhattanu, kde v říjnu srazil chodce a cyklisty ve své cestě.
K ospravedlnění trestu smrti budou muset prokurátoři prokurátoři dokázat, že Saipov „úmyslně“ zabil osm obětí a „úmyslně“ způsobil vážné ublížení na zdraví, v souladu s oznámením o záměru domáhat se trestu smrti podaného v jižním okrsku New Yorku.
V obou těchto bodech obžaloby lze podle soudního dokumentu vyústit až k trestu smrti.
Týdny po útoku federální velká porota obvinila Saipova ve dvaadvacetinásobné obžalobě, která zahrnovala osminásobné obvinění z vraždění za vydírání, typicky užívaných federálními prokurátory v případech organizovaného trestného činu, a obžalobu z násilí a ničení motorových vozidel.
Útok vyžadoval „podstatné plánování a promyšlenost,“ uvedli prokurátoři a popsali způsob, jakým ho Saipov prováděl, za „ohavný, krutý a zvrácený“.
„Sayfullo Habibullaevic Saipov způsobil rodinám a přátelům Diega Enriqua Angeliniho, Nicholase Clevese, Ann-Laure Decadta, Darrena Drakea, Ariela Erlije, Hernana Ferruchiho, Hernana Diega Mendozy a Alejandra Damiana Pagnucca,“ uvádí oznámení o záměru.
Pěti oběťmi tvořili turisté z Argentiny.
Už je to deset let, co jižní okres New Yorku naposledy stíhal případ trestu smrti.
obžalovaný Khalid Barnes byl usvědčen ze zabití dvou dodavatelů drog, ale v září roku 2009 byl odsouzen na doživotí.
Naposledy byl trest smrti vykonán v newyorském federálním případu v roce 1953 pro Juliuse a Ethel Rosenbergovy, manželského páru popraveného poté, co byli usvědčeni ze spiknutí za účelem spáchání špionáže do Sovětského svazu během studené války před dvěma lety.
Oba Rosenbergové byli usmrceni elektrickým křeslem 19. června 1953.
Saipov z Uzbekistánu podle soudních dokumentů projevil nedostatek lítosti ve dnech a měsících následujících po útoku.
Vyšetřovatelům sdělil, že má dobrý pocit z toho, co udělal, uvedla policie.
Saipov podle obžaloby řekl úřadům, že byl k provedení útoku inspirován poté, co ve svém telefonu shlédl videa z ISIS.
Požádal o vyvěšení vlajky ISIS ve svém nemocničním pokožce, uvedla policie.
Prohlásil, že neobhájil ve dvaadvacetinásobnou obžalobu.
David Patton, jeden z federálních veřejných obhájců Saipova, řekl, že jsou „zjevně zklamáni“ rozhodnutím obžaloby.
„Domníváme se, že rozhodnutí požadovat trest smrti, spíše než přijmout doznané viny k doživotní věznici bez možnosti propuštění pouze prodlouží traumatologii z těchto událostí pro všechny zúčastněné,“ řekl Patton.
Saipovův obhájcovský tým předtím žádal prokurátory, aby nežádali trest smrti.
Poslanec ČSSD tvrdí, že NIGEL FARAGE by měl být pověřen vyjednáváním o brexitu
Nigel Farage přísahal „mobilizovat lidovou armádu“ dnes během protestu na toryovské konferenci.
Bývalý lídr UKIP prohlásil, že politici musí od euroskeptiků „pocítit horko“, protože jeden z poslanců Theresy Mayové naznačoval, že by měl vést jednání s EU.
Konzervativní náhradník Peter Bone na pochodu v Birminghamu řekl, že Spojené království by už bylo „vyloučeno“, kdyby byl pan Farage ministrem brexitu.
Výzva, před kterou paní Mayová stojí při slaďování svých hluboce rozpolcených hodností, je však zdůrazněna tím, že konzervativci podporující setrvání v běhu se připojují k samostatnému protestu proti brexitu ve městě.
Premiérka usilovně usiluje o to, aby svůj kompromisní plán v Chequers udržela na správné cestě uprostřed útoků zastánců brexitu, zastánců setrvání v EU.
Spojenci trvali na tom, že bude prosazovat snahu dosáhnout dohody s Bruselem navzdory odporu – a donutí euroskeptiky a labouristy, aby si vybrali mezi jejím balíčkem a „chaosem“.
Pan Bone sdělil, že v Solihullu se shromážděním Leave Means Leave rallye v Solihullu, že chce „zahanbit Chequers“.
Naznačoval, že pan Farage se měl stát protějšantem a být mu svěřena odpovědnost za jednání s Bruselem.
„Kdyby tomu velel on, už bychom byli venku,“ řekl.
Poslanec za Wellingborough dodal: „Postavím se za brexit, ale musíme Chequers zahodit.“
Vyjádřil svůj nesouhlas s Unií a řekl: „Nevedli jsme světové války, abychom byli podřízeni.
Ve své vlastní zemi si chceme vytvořit vlastní zákony.“
Pan Bone zavrhl návrhy, že se veřejné mínění od hlasování v roce 2016 změnilo: „Představa, že Britové změnili svůj názor a chtějí setrvat, je zcela nepravdivá.“
Brexitář Andrea Jenkyns byl také na pochodu a řekl novinářům: „Jednoduše říkám: Pane premiére, naslouchejte lidem.
„Chequers je u široké veřejnosti nepopulární, opozice ho nebude volit, nepopulární u naší strany a našich aktivistů, kteří ve skutečnosti buší do ulic a nechávají nás zvolit.
Odhoďte Chequers a začněte naslouchat.“
V ostrém poselství paní Mayové dodala: „Premiéři zachovávají svá pracovní místa, i když dodrží své sliby.“
Pan Farage sdělil, že politici shromáždění musí „cítit horko“, mají-li zrazovat rozhodnutí učiněné v referendu v roce 2016.
„Tady teď jde o otázku důvěry mezi námi – lidmi – a naší politickou třídou,“ řekl.
„Snaží se zradit brexit a my jsme dnes tady, abychom jim řekli 'nepovolíme, aby vám to prošlo'.“
V poselství nadšenému davu dodal: „Chci, abyste přiměli naši politickou třídu, která je na pokraji zrady brexitu, pocítila horko.
„Mobilizujeme lidovou armádu této země, která nám dala vítězství v brexitu a nikdy si neodpočineme, dokud se nestanou nezávislým, samosprávným, hrdým Spojeným královstvím.“
Zůstavitelé mezitím pochodovali Birminghamem, než uspořádali dvouhodinovou demonstraci v centru města.
Desítka aktivistů mávala toryům proti brexitovým praporům toryů proti brexitu poté, co tato skupina o víkendu odstartovala.
Labouristický protějšek lord Adonis zesměšňoval konzervativce kvůli bezpečnostním problémům se stranickými aplikacemi, když byla konference otevřena.
„Toto jsou lidé, kteří nám říkají, že mohou mít zavedené IT systémy a všechny technologie pro Kanadu plus, pro bezproblémovou hranici, pro volný obchod bez hranic v Irsku,“ dodal.
„Je to úplná fraška.
Neexistuje něco jako dobrý brexit,“ dodal.
Warren plánuje „tvrdý pohled“ na kandidaturu na prezidenta
Americká senátorka Alžběta Warrenová po listopadových volbách „tvrdě přihlédne ke kandidatuře na prezidenta“.
The Boston Globe hlásí, že Massachusettská demokratka hovořila o své budoucnosti během sobotní radnice v západním Massachusettts na radnici v západním Massachusetts.
Warren, častý kritik prezidenta Donalda Trumpa, se v listopadu uchází o znovuzvolení proti státnímu zástupci GOP Geoffu Diehlovi, který byl spolupředsedou Trumpovy volební kampaně v Massachusetts v roce 2016.
Byla v centru spekulací, že v roce 2020 by se s Trumpem mohla utkat s Trumpem.
Sobotní odpolední událost v Holyoke byla jejím 36. setkáním s voliči používajícími formát radnice od Trumpova nástupu do funkce.
Účastnice se jí zeptala, jestli má v plánu kandidovat na prezidentku.
Warrenové odpověděly, že je načase, aby „ženy jely do Washingtonu spravit naši rozvrácenou vládu, a to včetně ženy na vrcholu“.
Zatčeni při zastřelení Simů z LSU
Policie v Baton Rouge v sobotu oznámila, že podezřelý byl zatčen při pátečním zastřelení basketbalisty LSU Wayda Simse.
Policejní oddělení Baton Rouge oznámilo zatčení Dvacetiletého Dyteona Simpsona na tiskové konferenci dopoledne.
Zveřejnili videozáznam páteční střelby, ve kterém požádali o pomoc s identifikací muže viděného na záběrech.
Dvacetiletý Sims byl postřelen a zabit poblíž kampusu Jižanské Univerzity v pátek.
„Wayde Sims utrpěl střelné poranění do hlavy a v důsledku toho nakonec zemřel,“ policejní šéf Murphy J.
Wayde zakročil, aby bránil svého přítele a byl zastřelen Simpsonem.
Simpson byl vyslýchán a přiznán, že byl na místě, měl u sebe zbraň a přiznal se ke střelbě na Wayda Simse.
Simpson byl zatčen bez incidentu a vzat do vazby v East Baton Rouge Parish Police Department.
6-noha-6 junior, který vyrostl v Baton Rouge, Sims hrál ve 32 hrách s 10 startů v minulé sezoně a v průměru 17,4 minuty, 5,6 bodů a 2,9 doskoků na zápas.
Ruská Grand Prix: Lewis Hamilton zakončil světový titul poté, co mu tým objednává výhru nad Sebastianem Vettelem
Od chvíle, kdy Valtteri Bottas kvalifikoval před Lewisem Hamiltonem, vyšlo v sobotu jasně najevo, bylo jasné, že v závodě budou hrát velkou roli týmové objednávky Mercedesu.
Bottas měl od pólové tyčinky dobrý start a Hamiltona málem pověsil, když v prvních dvou zatáčkách hájil svou pozici a vyzval Vettela, aby zaútočil na svého týmového kolegu.
Vettel vešel do boxů jako první a nechal Hamiltona běžet do zácpy na ocase smečky, což mělo být rozhodující.
Okolo zajel mercedes o kolo později a vyrazil za Vettela, ale Hamilton šel napřed po nějaké akci mezi kolečky, při které jezdec Ferrari neochotně nechával volavku s rizikem setrvání po dvojitém pohonu k obraně ve třetí zatáčce.
Max Verstappen odstartoval ze zadní řady roštu a ke konci svého 21. kola byl v sedmém.
Většinu závodu pak vedl, držel se pneumatik, mířil rychlým dojezdem a předstihl Kimiho Raikkonena jako čtvrtý.
Ve 44. kole se nakonec dostal do boxů, ale ve zbývajících osmi kolech nestačil, protože Raikkonen obsadil čtvrté místo.
Je to náročný den, protože Valtteri celý víkend odváděl fantastickou práci a byl skutečný džentlmen, o kterém mi bylo řečeno.
Tým odváděl tak výjimečnou práci, že měl jedničku dvě,“ řekl Hamilton.
That Was Really Bad Body Language
Prezident Donalda Trumpa se na sobotním mítinku vysmál senátorce Dianne Feinsteinové kvůli jejímu naléhání, aby neprozradila dopis Christine Blaseyové Fordové obviňující kandidáta do Nejvyššího soudu Bretta Kavanaugha ze sexuálního obtěžování.
Prezident na shromáždění v Západní Virginii nevyjádřil přímo k výpovědím Forda před soudním výborem Senátu, místo toho komentoval, že to, co se děje v Senátu, ukázalo, že lidé jsou „zlí, protivní a nepravdiví“.
„Jediná věc, která by se mohla přihodit, a tu krásnou věc, která se v posledních několika dnech v Senátu odehrává, když vidíte ten hněv, rozzlobené, zlé a ošklivé a nepravdivé,“ řekl.
„Když se podíváte na úniky a úniky a oni pak řeknou „oh, já jsem to neudělal.
Neudělal jsem to.“
Vzpomínáš si?
Dianne Feinsteinová, vyzradila tě?
Vzpomeň si na její odpověď... vypustil jsi ten dokument – „oh, oh, cože?
To snad ne.
Neprozrazila jsem to.“
No, počkejte chvilku.
Nepustili jsme... Ne, neprozradili jsme je,“ dodal v dojmu senátora.
Feinsteinová dostala dopis, v němž Ford podrobně popsal obvinění proti Kavanaughovi již v červenci, a ten unikl již v září – ale Feinsteinová popřela, že k úniku informací došlo z její kanceláře.
„Tvrzení doktorky Fordové jsem neskrývala, neprozradila jsem její výpovědi,“ sdělila Feinsteinová.
„Požádala mě, abych to považoval za důvěrné, a já to držel v tajnosti tak, jak žádala.“
Nezdálo se však, že by jejímu popírání vyhovovalo prezidentovi, který během sobotního mítinku komentoval: „Řeknu vám, že to byla opravdu sprostá řeč těla.
Možná to neudělala, ale tohle je ta nejhorší řeč těla, jakou jsem kdy viděl.“
Prezident pokračoval v obhajobě kandidáta do Nejvyššího soudu, kterého tři ženy obvinily ze sexuálního obtěžování, a naznačil, že Demokraté tato obvinění využívali ke svým vlastním cílům.
„Jsou odhodláni převzít moc všemi potřebnými prostředky.
Vidíte tu podlost, nechutnost, je jim jedno, komu ublíží, koho budou muset přejet, aby získali moc a kontrolu,“ hlásilo podle Mediaite prezidenta.
Elite League: Dundee Stars 5-3 Belfast Giants
Patrick Dwyer trefil dva góly pro Giants proti Dundee
Dundee Stars odčinili páteční prohru Elitní ligy proti Belfast Giants výhrou v odvetném utkání 5-3 v Dundee v sobotním utkání.
Giants získali náskok dvougólového náskoku údery Patricka Dwyera a Francise Beauvilliera.
Mike Sullivan a Jordan Cownie přinesli domácí mety, než Dwyer navrátivší náskok Giants.
Francois Bouchard vyrovnal pro Dundee před dva Lukas Lundvald Nielsen góly zajistil jejich vítězství.
Byla to třetí porážka Elite League v sezoně pro muže Adama Keefa, který přišel zezadu porazit Dundee 2-1 v Belfastu v pátek večer.
Jednalo se o čtvrté utkání sezóny, kdy Giants zvítězili v předchozích třech utkáních.
Dwyerův otvírák přišel ve čtvrté minutě na 3:35 z asistence Kendolla McFaulla a David Rutherford asistoval, když Beauvillier o čtyři minuty později zdvojnásobil náskok.
V rušném zahajovacím zápase, Sullivan přivedl domácí zpět do hry v 13:10, než Matt Marquardt se stal poskytovatelem Cownieho vyrovnávací gól v čase 15:16.
Dwyer zajistil Giants vzal náskok do první přestávky, když trefil svůj druhý gól v noci na konci první třetiny.
Domácích se přeskupili a Bouchard je opět vyřadil za vyrovnaných poměrů gólem v přesilovkovém gólu 27:37.
Cownie a Charles Corcoran v kombinaci pomoci Nielsen dát Dundee vedení poprvé v utkání pozdě ve druhé třetině a on zajistil výhru s jeho tým pátý v polovině závěrečné třetiny.
Giants, kteří nyní prohráli čtyři ze svých posledních pěti utkání, jsou doma Milton Keynes ve svém příštím utkání v pátek.
Ředitel letového provozu umírá, aby zajistil stovkám v letadle může uniknout ze zemětřesení
Řídící letového provozu v Indonésii je oslavován jako hrdina poté, co zahynul a zajistil, aby se letadlo se stovkami lidí bezpečně zvedlo ze země.
Více než 800 lidí zahynulo a mnoho se jich pohřešuje poté, co ostrov Sulawesi v pátek zasáhlo závažné zemětřesení, které vyvolalo tsunami.
Silné následné otřesy nadále sužují tuto oblast a mnozí jsou uvězněni v troskách ve městě Palu.
Ale přestože jeho kolegové prchali o život, jednadvacetiletý Anthonius Gunawan Agung odmítl opustit své stanoviště v divoce kymácející řídicí věži na letišti Mutiara Sis Al Jufri.
Zůstal nablízku, aby se ujistil, že let 6321, který byl v té době na přistávací dráze, mohl bezpečně odstartovat.
Pak skočil z řídící věži, když si myslel, že se hroutí.
Zemřel později v nemocnici.
Mluvčí Air Navigation Indonésie Yohannes Sirait uvedl, že toto rozhodnutí možná zachránilo stovky životů, uvedla australská stanice ABC News.
Připravili jsme helikoptéru z Balikpapapanu v Kalimantanu, aby ho odvezla do větší nemocnice v jiném městě.
Naneštěstí jsme ho dnes dopoledne ztratili dřív, než helikoptéra doplula do Palu.
„Srdce nám láme, když o tom slyšíme,“ dodal.
Mezitím se úřady obávají, že počet mrtvých by mohl dosáhnout tisíců, přičemž agentura pro zmírňování následků katastrofám v zemi uvedla, že přístup do měst Donggala, Sigi a Boutong je omezený.
„Předpokládá se, že mýtné se stále zvyšují, protože pod troskami bylo ještě mnoho těl, zatímco mnohým se nedařilo,“ řekl mluvčí agentury Sutopo Purwo Nugroho.
Vlny sahající až do výše šesti metrů zpustošily Palu, který v neděli uspořádá hromadný pohřbu.
Vojenská a obchodní letadla přivádějí pomoc a zásoby.
Pětatřicátiletá Risa Kusuma, pětatřicetiletá matka, řekla Sky News: „Každou chvíli přiváží sanitka těla.
Čistá voda je vzácná.
Minipotrhy jsou vyrabovány všude.“
Jan Gelfand, šéf Mezinárodního červeného kříže v Indonésii, řekl CNN: „Indonéský Červený kříž závodí, aby pomohl pozůstalým, ale nevíme, co tam najdou.
To už je tragédie, ale mohlo by to být mnohem horší.“
Indonéský prezident Joko Widodo dorazil do Palu v neděli a vyzval tamní armádu: „Žádám vás všechny, abyste pracovali ve dne v noci na splnění všech úkolů souvisejících s evakuací.
Jste připraveni?“ hlásila CNN.
Indonésii začátkem letošního roku zasáhla zemětřesení v Lomboku, při nichž zemřelo více než 550 lidí.
Havárie mikronésie: Air Niugini nyní říká, že jeden muž se pohřešuje po havárii laguny
Letecká společnost provozující letadlo, které narazilo do pacifické laguny v Mikronésii, nyní tvrdí, že jeden muž se pohřešuje poté, co již dříve uvedly, že všech 47 pasažérů a posádka se potápějícím letadlem bezpečně evakuovalo.
Společnost Air Niugini ve své zprávě uvedla, že od sobotního odpoledne nebyla schopna vysvětlit cestujícího muže.
A aerolinky uvedly, že spolupracují s místními úřady, nemocnicemi a vyšetřovateli ve snaze muže najít.
Letecká společnost okamžitě neodpověděla na žádosti o bližší informace o cestujícím, jako je jeho věk nebo státní příslušnost.
Místní čluny pomáhaly zachraňovat ostatní pasažéry a posádku poté, co letadlo narazilo do vody při pokusu o přistání na ostrově Chuuk.
Úřady v pátek uvedly, že sedm lidí bylo převezeno do nemocnice.
Aerolinky uvedly, že šest pasažérů zůstalo v sobotu v nemocnici a všichni byli ve stabilizovaném stavu.
Co havárii způsobilo a přesný sled událostí zůstává nejasné.
Letectvo i americké námořnictvo uvedly, že letadlo přistálo v laguně kousek od ranveje.
Někteří svědci se domnívali, že letadlo přeletělo přistávací dráhu.
Americký pasažér Bill Jaynes řekl, že letadlo přiletělo velmi nízko.
„To je mimořádně dobrá věc,“ podotkl Jaynes.
Daynes říkal, že se s ostatními dokázal brodit po pás hlubokou vodou až k nouzovým výjezdům v potápějící se rovině.
Tvrdil, že letušky zpanikařily a křičely a že utrpěl lehké poranění hlavy.
Americké námořnictvo uvedlo, že námořníci pracující v okolí na vylepšení mola také pomohli při záchraně pomocí nafukovacího člunu kyvadlového člunu dopravovat lidi na pevninu předtím, než se letadlo potopilo ve výšce asi 30 metrů (100 stop) vody.
Z údajů organizace Aviation Safety Network vyplývá, že za poslední dvě dekády zahynulo 111 lidí při haváriích aerolinek registrovaných Papu-Novou Guineou registrovaných PNG, ale žádná z nich se netýkala společnosti Air Niugini.
Analyzátor vylíčil časovou osu noční ženy upálené zaživa
Obžaloba odložila svůj případ v sobotním opakovaném procesu s mužem, který je obviněn z upálení ženy z Mississippi zaživa v roce 2014.
Americký analytik Paul Rowlett vypovídal celé hodiny jako odborný svědek v oblasti zpravodajské analýzy.
Porotě nastínil, jak používal záznamy z mobilních telefonů, aby poskládal pohyby devětadvacetiletého obžalovaného Quintona Tellise a devatenáctileté oběti Jessicy Chambersové tu noc, kdy zemřela.
Rowlett uvedl, že obdržel lokační údaje z několika mobilních telefonů, které dokazovaly, že Tellis byl s Chambersem večer po její smrti, což bylo v rozporu s jeho dřívějšími tvrzeními, napsal The Clarion Ledger.
Když údaje ukázaly, že jeho mobil byl s Chambersem v době, kdy tvrdil, že byl se svým přítelem Michaelem Sanfordem, policie si šla promluvit se Sanfordem.
Sanford v sobotu předstoupil a dosvědčil, že ten den ve městě nebyl.
Když prokurátoři zeptali, zda Tellis mluvil pravdu, když řekl, že tu noc seděl v Sanfordově náklaďáku, Sanford odpověděl, že „lže, protože můj náklaďák byl v Nashvillu“.
Další nesrovnalostí bylo, že Tellis řekl, že znal Chamberse asi dva týdny, když zemřela.
Záběry z mobilních telefonů naznačovaly, že se znají teprve týden.
Rowlett řekl, že někdy po Chambersově smrti Tellis vymazal Chambersovy smsky, hovory a kontaktní informace ze svého telefonu.
„Vymazal ji ze svého života,“ řekl Hale.
Obhajoba je naplánováno, že obhajoba zahájí závěrečné řeči v neděli.
Soudce řekl, že očekával, že soud půjde před porotu ještě téhož dne.
The High Breed: What is conscious hip hop?
hip-hopové trio chce zpochybnit negativní pohled žánru tak, že naplní svou hudbu pozitivními poselstvími.
Vysočeši z Bristolu prohlašují, že hip-hop ustoupil od svého původu politických poselství a řešení společenských otázek.
Chtějí se vrátit k jeho kořenům a učinit vědomý hip-hop opět populárním.
Umělci jako The Fugees a Common zaznamenali nedávné oživení ve Velké Británii prostřednictvím umělců jako Akala a Lowkey.
Další černoch?!
NY chůva žaluje pár kvůli vyhazovu po „rasistické“ sms
Jedna newyorská chůva zažaluje pár za diskriminační vyhazov poté, co obdržela nesprávně nasměrovanou zprávu od matky stěžující si, že je „další černoška“.
Manželé popírají, že jsou rasisté a přirovnávají žalobu k „vydírání“.
Lynsey Plasco-Flaxman, matka dvou dětí, vyjádřila zděšení, když se dozvěděla, že nová poskytovatelka péče o dítě Giselle Maurice je černoška poté, co v roce 2016 přijela ke svému prvnímu pracovnímu dnu v roce 2016.
„NO OOOOOOOOOOOOOOOOOOOOOOOOOOOOOOOOOOOOOOOOOOOOOOOOOOOOOOOOOOOOOOOOOOOOOOOOOOROVÁ JINÝ PRÁVA,“
Avšak místo toho, aby to poslala svému manželovi, zaslala ho slečně Mauricové dvakrát.
„Nepohodlný“ Plasco-Flaxman vyhodil slečnu Mauricovou s prohlášením, že jejich odcházející chůva Afroameričana odvedla špatnou práci a podle listu New York Post uvedla, že jejich odcházející chůva, která byla Afroameričanka, odvedla špatnou práci a že místo toho očekávala Filipína.
Slečna Maurice dostala zaplaceno za jeden den v práci a poslána domů do Uberu.
Maurice zažaluje manžele o kompenzaci kvůli vyhazovu a domáhá se odškodnění ve výši 350 dolarů denně za šestiměsíční živá štace, na kterou byla původně najata, byť bez kontraktu.
„Chci jim to ukázat, hele, takové věci se nedělají,“ řekla v pátek listu The Post a dodala: „Vím, že je to diskriminace.“
Manželé se ohradili proti tvrzením, že jsou rasisté, a prohlásili, že ukončení Mauricova pracovního poměru bylo rozumné, protože se obávali, že jí nemohou důvěřovat poté, co ji urazili.
„Manželka jí poslala něco, co nechtěla říct.
Ona není rasistka.
Nejsme žádní rasisté,“ řekl listu Post manžel Joel Plasco.
„Dali byste však své děti do rukou někoho, na koho jste byl hrubý, i kdyby to bylo omylem?
Vašeho novorozeneckém dítěti?
Ale no tak.“
Plasco obžalobu obdaroval „vydírání“ a prohlásil, že jeho žena má jen dva měsíce volna a je ve „velmi obtížné situaci“.
„Pustíš po někom, jako je on?
To není moc hezká věc,“ dodal investiční bankéř.
Zatímco právní případ stále probíhá, soud veřejného smýšlení si pospíšil s pranýřováním páru na sociálních sítích a zpražil je za jejich chování a logiku.
Paddingtonští nakladatelé se obávali čtenářů nesouviset s mluvícím medvědem
Bondova dcera Karen Jankel, která se narodila krátce poté, co byla kniha schválena, k dopisu řekla: „Je těžké vcítit se do bot někoho, kdo ho čte poprvé předtím, než byl zveřejněn.
Teď je velmi zábavné vědět, co víme o Paddingtonově obrovském úspěchu.“
Když řekla, že její otec, který pracoval jako kameraman BBC, než se nechal inspirovat psaním dětské knihy malého medvídka, by byl optimistický, že jeho práce byla odmítnuta, dodala, že 60. výročí vydávání knih bylo po jeho loňské smrti hořkosladké.
Z Paddingtonové, kterou popisuje jako „velmi důležitého příslušníka naší rodiny“, dodala, že její otec je tiše pyšný na jeho konečný úspěch.
„Byl to docela tichý člověk a nebyl to vychloubačný člověk,“ řekla.
„Ale protože Paddington k němu byl tak reálný, bylo to skoro, jako když máte dítě, které něčeho dosáhne: jste na něj hrdí, i když to opravdu není vaše práce.
Myslím, že Paddingtonovu úspěšnost nahlížel tak nějak tímto způsobem.
I když to byl jeho výtvor a jeho představivost, vždycky připisoval zásluhy samotnému Paddingtonovi.“
Dcera umírala a já se musel loučit po telefonu.
Po přistání byla její dcera převezena do Nemocnice Louise Pasteura 2, kde jí lékaři marně zachraňovali její život.
„Nad pravidelně volal, že je to opravdu špatné, že se od ní neočekávalo, že to zvládne,“ řekla paní Ednan-Laperousová.
„Pak mi zavolal Nad, že do dvou minut umře, a musel jsem se s ní rozloučit.
A to jsem udělal.
„Tashi, mám tě moc ráda, drahoušku.
Brzy budu u tebe.
Budu u vás.
Léky, které jí doktoři dávali, aby udržela své srdce v chomáji, se pomalu vytrývaly a opouštěly její organismus.
Chvíli umírnila před rukou a tohle všechno se uzavíralo.
Musel jsem tam jen tak sedět a čekat s vědomím, že se to všechno vyvíjí.
Nedokázala jsem skučit, křičet nebo plakat, protože jsem byla v situaci obklopena rodinami a lidmi.
Musel jsem to opravdu udržet pohromadě.“
Nakonec do letadla nastoupila paní Ednan-Laperouse, která truchlí nad ztrátou své dcery, po boku ostatních pasažérů – nedbala na utrpení, kterým procházela.
„Nikdo to nevěděl,“ řekla.
„Měl jsem hlavu skleslou a celou tu dobu padaly slzy.
Těžko se vám to vysvětluje, ale právě v letadle jsem cítil nepřekonatelný soucit k Nadovi.
Že potřebuje mou lásku a porozumění.
Věděla jsem, jak moc ji miluje.“
Truchlící ženy vydávají pohlednice, aby zabránily sebevraždám na bridži
Dvě ženy, které kvůli sebevraždě ztratily své blízké, pracují na tom, aby zabránily tomu, že si ostatní vezmou život.
Sharon Davis and Kelly Humphreys vystavují na velšském můstku lístky s inspirativními zprávami a telefonními čísly, které si lidé mohou vyžádat.
Synu slečny Davis Tylerové bylo 13, když začal trpět depresemi a v osmnácti letech spáchal sebevraždu.
„Nechci, aby nějaký rodič pociťoval každý den to, co já,“ řekla.
Pětačtyřicetiletá paní Davisová, která žije v Lydney, uvedla, že její syn byl nadějný kuchař s nakažlivým úsměvem.
„Všichni ho znali kvůli jeho úsměvu.
Vždycky říkávali, že jeho úsměv ozáří každou místnost.“
Před svou smrtí se však práce vzdal, protože byl „na opravdu temném místě“.
V roce 2014 Tylerův bratr, kterému bylo v té době 11 let, našel svého sourozence poté, co si vzal vlastní život.
Paní Davisová řekla: „Neustále se obávám, že dojde k nárazu na efekt.“
Slečna Davis stvořila vizitky, „dát lidem najevo, že existují lidé, za kterými můžete jít a můžete s nimi mluvit, i když je to přítel.
Neseďte mlčky – musíte si povídat.“
Slečna Humphreysová, která se s paní Daviesovou přátelí již několik let, ztratila Marka, svého patnáctiletého společníka, nedlouho po smrti jeho matky.
„Neřekl, že se necítí sklesle, má depresi nebo tak něco,“ řekla.
„Pár dní před Vánoci jsme si všimli jeho změny v postoji.
Na Štědrý den se ocitl na samém dnu – když děti otevíraly své dárky, nenavázaly jim oční kontakt nebo tak něco.“
Prohlásila, že jeho smrt pro ně byla obrovským traumatem, ale musí se tím prokousat: „Roztrhá to rodinu díru.
Roztrhává nás to na kusy.
Ale my všichni musíme pokračovat a bojovat.“
Máte-li co se s tím smířit, můžete Samaritánům zavolat zdarma na linku 116 123 (Spojené království s Irskem), e-mailem jo@samaritans.org nebo navštivte webové stránky Samaritánů zde.
Budoucnost Bretta Kavanaugaugha visí na vlásku, zatímco FBI zahajuje vyšetřování.
„Domníval jsem se, že pokud se nám skutečně nepodaří získat něco takového, o co žádal – vyšetřování s omezeným časovým rozmezím, omezeném rozsahem – mohli bychom možná přinést trochu jednoty,“ řekl pan Flake v sobotu a dodal, že se obává, že se výbor „rozpadá“ uprostřed zakořeněných partyzánských zálusků.
Proč pan Kavanaugh a jeho Republikánští příznivci nepožadovali, aby to vyšetřila FBI?
Jejich neochota je způsobena načasováním.
Volby do Kongresu zbývají jen za pět týdnů, 6. listopadu – pokud si republikáni, jak se očekávanou, budou výrazně oslabeni ve svých pokusech o zvolení do nejvyšším soudu v zemi.
George W. Bush zvedal telefon, aby zavolal senátorům a lobboval za podporu pana Kavanaugha, který pracoval v Bílém domě pro pana Bushe a jeho prostřednictvím se seznámil se svou manželkou Ashley, která byla osobní sekretářkou pana Bushe.
A co se stane, až FBI vydá svou zprávu?
V Senátu se bude hlasovat, kde v současné době zasedá 51 Republikánů a 49 Demokratů.
Stále není jasné, zda pan Kavanaugh může získat alespoň 50 hlasů na plénu Senátu, což by umožnilo viceprezidentovi Mika Pence zlomit remízu a potrestat ho Nejvyššímu soudu.
Severokorejský přeběhlík čítá „pokračování“ za Kima
Počet severokorejských přeběhlíků do Jižní Koreje klesl poté, co se Kim Čong-un před sedmi lety dostal k moci, uvedl jihokorejský zákonodárce.
Společnost Park Byeong-seug s odvoláním na údaje jižního ministerstvu pro sjednocení uvedla, že v loňském roce došlo k 1 127 přeběhlíkům – oproti 2 706 v roce 2011.
Pan Park řekl, že přísnější hraniční kontroly mezi Severní Koreou a Čínou a vyšší sazby účtované pašeráky lidí jsou klíčovými faktory.
Pch Pchjongjang se veřejně nevyjádřil.
Drtivé většině přeběhlíků ze Severu je nakonec nabídnuto jihokorejské státní občanství.
Podle Soulu více než 30 000 Severokorejců ilegálně překročilo hranice od konce korejské války v roce 1953.
Nejvíce prchá přes Čínu, která má nejdelší hranici se Severní Koreou a je snazší ji překračovat než přísně chráněná demilitarizovaná zóna (DMZ) mezi oběma Korejemi.
Čína považuje přeběhlíky spíše za ilegální migranty než za uprchlíky a často je násilím repatriuje.
Vztahy mezi severem a jihem, který je stále technicky ve válečném stavu, se v posledních měsících výrazně zlepšily.
Počátkem tohoto měsíce se vedoucí představitelé těchto dvou zemí sešli v Pchjongjangu k rozhovorům zaměřeným na zablokovaná jednání o denuklearizaci.
Stalo se tak po červnovém historickém setkání amerického prezidenta Donalda Trumpa s Kim Čong-unem v Singapuru, kdy se široce dohodli, že budou usilovat o bezproblémový korejský poloostrov.
Severokorejský ministr zahraničí Ri Yong-ho však v sobotu obvinil americké sankce z nedostatečného pokroku od té doby.
„Bez jakékoli důvěry v USA nebude důvěra v naši národní bezpečnost a za takových okolností není možné, abychom se nejprve jednostranně odzbrojili,“ řekl pan Ri v projevu před Valným shromážděním OSN v New Yorku.
Nancy Pelosi označila Bretta Kavanaugha za „hysterického“, prohlásila, že je nezpůsobilý zasedat k Nejvyššímu soudu
Místopředsedkyně Sněmovny reprezentantů Nancy Pelosiová nazvala Bretta Kavanaugauga „hysterického“ kandidáta Nejvyššího soudu a prohlásila, že je temperamentně nezpůsobilý sloužit k Nejvyššímu soudu.
Pelosiová to komentovala v sobotním rozhovoru na Texas Tribune Festival v texaském australském Austinu.
„Nemohla jsem si pomoct, ale myslela jsem si, že i kdyby žena někdy vystupovala tímto způsobem, řekla by 'hysterická',“ řekla Pelosiová ke své reakci na Kavanaughovu výpovědi ve čtvrtečním soudním výboru Senátu.
Kavanaugh emocionálně popřel obvinění, že sexuálně napadl doktorku Christine Blasey Fordovou, když byli oba teenageři.
Kavanaugh byl během své premiérové výpovědi velmi emocionální, chvílemi téměř křičel a dusil se, když hovořil o své rodině a svých středoškolských letech.
Demokraty ve výboru také výslovně odsoudil a označil je za „groteskní atentát“ organizovaný liberály rozhořčenými, že Hillary Clintonová prohrála prezidentské volby v roce 2016.
Pelosiová uvedla, že věří, že Kavanaughovo svědectví dokazuje, že nemůže sloužit v Nejvyšším soudu, protože to dokazovalo, že je zaujatý proti demokratům.
„Domnívám se, že diskvalifikuje s těmito výroky a způsobem, jakým šel po Clintonových a Demokratech,“ řekla.
Pelosiová odmítla, když byla dotázána, zda se pokusí Kavanaugha obžalovat z velezrady, bude-li potvrzena, a pokud demokraté získají většinu ve Sněmovně reprezentantů.
„Řeknu to takhle – pokud neříká pravdu Kongresu nebo FBI, pak se nehodí jen do Nejvyššího soudu, ale i na to, aby byl u Nejvyššího soudu,“ řekla Pelosiová.
Kavanaugh je v současné době soudcem okresního okresního odvolacího soudu.
Pelosiová dodala, že jako Demokratka byla znepokojena možnými Kavanaughovými rozhodnutími proti zákonu o cenově dostupné péči nebo Roe versus Wade, protože je považován za konzervativního soudce.
Kavanaugh ve svých potvrzovacích slyšeních odbočoval k otázkám, zda zvrátí některá rozhodnutí Nejvyššího soudu.
„Nepřístupovat hysterickému a zaujatému člověku, aby šel k soudu a očekával, že řekneme 'není to úžasné',“ řekla Pelosiová.
Ženy ho potřebují vytřískat.
Je to spravedlivý výmysl, přelévající se měsíce a roky zuřivosti a ona ho nemůže dostat ven bez pláče.
„Pláčeme, když se rozzlobíme,“ řekla mi o 45 let později slečna Steinemová.
„Nepomyslím, že to není nic neobvyklého, že ne?“
Pokračovala: „Velice mi pomáhala žena, která byla někde výkonnou ředitelkou, která tvrdila, že také plakala, když se rozzlobila, ale rozvinula techniku, která znamenala, že když se rozzlobila a rozplakala se, řekla osobě, se kterou se bavila: „Můžete si myslet, že jsem smutná, protože pláču.
Jsem rozzlobený.“
A pak prostě jela dál.
A myslím, že to bylo geniální.“
Slzy jsou povoleny jako odbytiště hněvu částečně proto, že jsou zásadně nesprávně pochopeny.
Jedna z mých nejostřejších vzpomínek z rané práce v ordinaci ovládané muži, kde jsem kdysi plakala nevýslovného vzteku, byla, že mě chytila za límec na krku starší žena – mrazivá manažerka, jíž jsem byl odjakživa trochu vyděšený – která mě zatahovala do schodů.
„Nikdy ať tě nevidí, jak pláčeš,“ řekla mi.
„Nevědí, že zuříš.
Myslíte si, že jste smutný a budete mít radost, protože se k vám dostali.“
Patricia Schroeder, tehdejší demokratická kongresmanka z Colorada, spolupracovala s Garym Hartem na jeho kandidatuře do prezidentské kandidatury.
V roce 1987, když byl pan Hart přistižen v mimomanželském poměru na palubě lodi zvané Opičí podnikání a odstoupen ze závodu, slečna Schroederová, hluboce frustrovaná, usoudila, že není důvod, proč by neměla zkoumat myšlenku kandidovat na prezidentku sama.
„Nebylo to dobře promyšlené rozhodnutí,“ pronesla se smíchem o 30 let později.
„Už bylo sedm dalších kandidátů v závodě a to poslední, co potřebovali, byl další.
Někoho to nazval Sněhurka a Sedm trpaslíků.“
Vzhledem k tomu, že kampaň byla opožděná, zaostávala za sháněním finančních prostředků, a tak přísahala, že se do klání nepřihlásí, pokud nezíská 2 miliony dolarů.
Byla to prohraná bitva.
Zjistila, že někteří její příznivci, kteří dávali 1 000 dolarů mužům, jí dali pouhých 250 dolarů.
„Myslí si, že dostanu slevu?“ divila se.
Když pronesla svůj proslov, v němž oznámila, že nezahájí formální kampaň, zmocnily ji emoce – vděčnost lidem, kteří ji podporovali, frustrace ze systému, který tak ztěžoval shánění peněz u voličů spíše než na delegáty, a hněvem nad sexismem -, že se začala dusit.
„Člověk by si myslel, že jsem se nervově zhroutila,“ vzpomínala slečna Schroederová na to, jak na ni reagoval tisk.
„Člověk si myslel, že Kleenex je můj firemní sponzor.
Vzpomínám si, jak jsem si říkal, co mi dá na náhrobní kámen?
„Plakala?“
Jak americko-čínská obchodní válka může být pro Peking dobrá
Otevírající salvy obchodní války mezi USA a Čínou byly ohlušující, a i když bitva ještě zdaleka není u konce, roztržka mezi těmito zeměmi může Pekingu z dlouhodobého hlediska prospívat, tvrdí odborníci.
Americký prezident Donalda Trumpa vypálila na začátku letošního letošního roku první varování zdaněním klíčového čínského vývozu včetně solárních panelů, oceli a hliníku.
Nejvýraznější eskalace se objevila v tomto týdnu, kdy nová cla postihla položky v hodnotě 200 miliard dolarů (150 miliard liber), což v podstatě zdanilo polovinu veškerého zboží přicházejícího do USA z Číny.
Peking podnikl odvetné kroky pokaždé v naturáliích, naposledy uvalil cla ve výši pěti až desetiprocentu na americké zboží v hodnotě 60 miliard dolarů.
Čína se zavázala, že se vyrovná americké střele před záběry a druhá největší ekonomika na světě v brzké době pravděpodobně nezamrkne.
Přinutit Washington, aby ustoupil, znamená ustoupit v požadavcích, ale veřejné poklonu před USA by bylo pro Si Ťin-pchinga, čínského prezidenta, příliš trapné.
Experti přesto tvrdí, že bude--li Peking jednat správně, americké tlaky na obchodní válku by mohly Čínu v dlouhodobém horizontu pozitivně podpořit snížením vzájemné závislosti obou ekonomik.
„Skutečnost, že rychlé politické rozhodnutí ve Washingtonu nebo v Pekingu by mohlo vytvořit takové podmínky, které vyvolávají ekonomický propad v kterékoli zemi, je ve skutečnosti mnohem nebezpečnější, než si přihlížející dosud přiznali,“ řekla Abigail Grace, spolupracovnice výzkumu, která se zaměřuje na Asii v think tanku Centra pro novou americkou bezpečnost.
Sýrie je „připravena“ na návrat uprchlíků, říká ministr zahraničí
Sýrie hlásí, že je připravena na dobrovolný návrat uprchlíků, a apeluje na pomoc při obnově země zdevastované více než sedm let trvající válkou.
Ministr zahraničních věcí Valid al-Moualem před Valným shromážděním Organizace spojených národů uvedl, že podmínky v zemi se zlepšují.
„Situace v terénu je dnes stabilnější a bezpečnější díky pokroku dosaženému v boji s terorismem,“ uvedl.
Vláda pokračuje v rehabilitaci oblastí zničených teroristy, aby obnovila normálnost.
V současné době existují všechny předpoklady pro dobrovolný návrat uprchlíků do země, kterou museli opustit kvůli terorismu a jednostranným ekonomickým opatřením zaměřeným proti jejich každodennímu životu a jejich živobytí.
OSN odhaduje, že více než 5,5 milionu Syřanů opustilo zemi od vypuknutí války v roce 2011.
Dalších šest milionů lidí žijících v této zemi potřebuje humanitární pomoc.
Al-Moualem řekl, že syrský režim by uvítal pomoc při obnově zdevastované země.
Zdůraznil však, že nepřijme podmínečnou asistenci ani pomoc ze zemí, které povstání sponzorovaly.
Evropa stvrdila vítězství Ryder Cupu v Paříži
Tým Evropy zvítězil v Ryder Cupu 2018, když porazil tým USA s konečným náskokem 16,5 ku 10,5 na hřišti Le Golf National u pařížské reprezentace ve Francii.
Spojené státy prohrály šestkrát za sebou na evropské půdě a od roku 1993 nevyhrály Ryderův pohár v Evropě.
Evropa znovu získala korunu, když dánského kapitána Thomase Bjorna dosáhlo 14,5 bodu potřebného k porážení Spojených států.
Americká hvězda Phil Mickelson, který bojoval po většinu turnaje, ponořil svůj tee-shot do vody na par-3 16. jamce a připustil svůj zápas s Francescem Molinarim.
Itálie golfista Molinari zářil ve všech svých kolech, se stal 1-of-4 hráči někdy jít 5-0-0, protože současný formát turnaje začal v roce 1979.
Američana Jordana Spietha vyřadil poměrem 5&4 nejníže nasazeným hráčem v evropském týmu Thorbjornem Olesenem z Dánska.
Nejvýše nasazený hráč světa Dustin Johnson padl v poměru 2 a 1 s Ianem Poulterem z Anglie, který si možná zahrával ve svém finálovém Ryder Cupu.
Jako veterán osmi Ryder Poháru, Španěl Sergio Garcia se stal turnaji all-time winningest evropské s 25,5 kariérního bodu.
„Obvykle nepláču, ale dnes si nemůžu pomoct.
Byl to náročný rok.
Jsem vděčná, že si mě Thomas vybral a uvěřil ve mě.
Jsem tak šťastná, tak šťastná, že ten pohár získala zpátky.
Týká se to mužstva a jsem rád, že jsem mohl pomoci,“ řekl dojatý Garcia po evropském vítězství.
Předává pochodeň svému krajanovi Johnu Ramovi, který sundal americkou golfovou legendu Tigera Woodse v nedělním singlovém zápase 2:1.
„Neuvěřitelná pýcha, kterou pociťuji, abych porazil Tigera Woodse, když jsem vyrůstal, když jsem toho chlapa sledoval,“ řekl třiadvacetiletý Rahm.
Woods prohrál všechny čtyři zápasy ve Francii a nyní má bilanci 13-21-3 v kariérním rekordu Ryder Cupu.
Podivná statistika od jednoho z největších hráčů všech dob, který vyhrál 14 velkých titulů na druhém místě za Jakem Nicklausem.
Tým USA bojoval celý víkend, aby našel fairwaye s výjimkou Patricka Reeda, Justina Thomase a Tonyho Finaua, kteří hráli high-calibre golf v průběhu celého turnaje.
Americký kapitán Jim Furyk po neuspokojivém výkonu svého družstva hovořil: „Jsem na tyto kluky pyšný, bojovali.
Dnes dopoledne nastal čas, kdy jsme Evropu trochu zatížili.
Škrábali jsme to.
Klobouk před Thomase.
Je to skvělý kapitán.
Všech 12 jeho hráčů hrálo velmi dobře.
Přeskupíme se, budu spolupracovat s americkou PGA a Výběrem Ryder Poháru a pohneme se kupředu.
Miluji těchto 12 kluků a jsem hrdý, že mohu sloužit jako kapitán.
Musíš smeknout s čepicí.
Přehráli nás.“
Red Tide Aktualizace: Koncentrace klesají v Pinellas, Manatee a Sarasota
Nejnovější zpráva f floridské komise pro ryby a volně žijící živočichy ukazuje celkové snížení koncentrací Red Tide v částech oblasti Tampa Bay.
Podle FWC jsou náplavnější kvasné podmínky hlášeny v oblastech okresů Pinellas, Manatee, Sarasota, Charlotte a Collier, což naznačuje snížení koncentrací.
Červený příliv táhne přibližně 130 mil pobřeží od severních Pinellas až po jižní hrabství Lee.
Náplasti lze nalézt asi 10 mil od pobřeží okresu Hillsborough, ale v menším počtu lokalit oproti minulému týdnu.
Červený příliv byl také pozorován v okrese Pasco.
V uplynulém týdnu byly zaznamenány mírné koncentrace v hrabství Pinellas nebo v jeho příbřežní části okresu Pinellas, nízké až vysoké koncentrace v okrsku Hillsborough, zázemí pro vysokou koncentraci okresu Sarasota nebo na moři okresu Sarasota, zázemí ke středním koncentracím v okrese Charlotu, zázemí k vysokým koncentracím v okrese Lee nebo na moři a nízké koncentraci v okrese Collier.
Respirační dráždidlo je nadále hlášeno v okresech Pinellas, Manatee, Sarasota, Lee a Collier.
Respirační podráždění nebylo hlášeno v severozápadní Floridě v uplynulém týdnu.
