Welsh National Assembly members feare to be called muppets
Among some members of the National Assembly there was consternation. This is the result of a proposal to change their title as members of the Welsh Parliament.
The idea arose in connection with plans to rename the assembly to the Welsh Parliament.
Assembly members from all sides of the political scene are concerned that they may become the subject of mockery.
One of the Labour MPs voiced concerns of his party, saying the new name rhymes with the Welsh words "twp" and "pwp."
For non-Waless readers: in Welsh, the word “twp” means a fool, and the word “pwp” – feces.
One Plaid Cymru politician stated that his party was "dissatisfied" with the proposals and presented other solutions.
A member of the Welsh Conservative Party said that his party is “opened” to change its name. However, he pointed out that the word “MWP” is very similar to the word “muppet”.
In this case, the Welsh letter “w” is pronounced similarly to the letter ‘u’ in the English dialect Yorkshire.
The assembly committee, which is currently working on a draft law changing its name, took the following position: "A naturally final decision on the future title of the members of the assembly will belong to themselves."
The Government of Wales Act 2017 gave the Welsh National Assembly the right to change its name.
In June, the committee published the results of a public consultation on the proposal. Renaming the assembly into the Welsh Parliament gained widespread support.
In addition, the committee backed a proposal to change the title of the members of the assembly to “Member of the Welsh Parliament”, i.e. WMP in English, although the abbreviation “MWP” enjoyed the greatest popularity among the public.
Assembly members are proposing alternative solutions. Difficulties in reaching a consensus are a nuisance for Elin Jones, chairman of the assembly, which in the coming weeks should present the bill.
The law introducing reforms will also take into account other changes in the manner of work of the assembly, including the rules for dismissing members and the structure of the comitology system.
Members of the National Assembly will be able to vote on their future title when discussing the bill.
Macodonians vote in referendum to change the country's name
Next Sunday, the voters will decide whether their country will soon bear the name of the Republic of North Macedonia.
The popular vote is intended to help avert a decades-long dispute with neighboring Greece, which houses a region called Macedonia.
The government in Athens has long argued that the name of their northern neighbor constitutes a territorial claim, and has repeatedly opposed attempts to join the European Union and NATO.
Ǵorge Ivanov, the president of Macedonia and an opponent of a referendum on changing the name, said he would disregard the results of the vote.
However, supporters of the plebiscite, including Prime Minister Zoran Zaew, maintain that change is necessary to enable the state to join the European Union and NATO.
Bells in New York's St. Martin's Church are silent about problems afflicting churches in Harlem
“Older people I talk to say that in the past on every corner you could find a bar and a church,” Henry Adams said.
“Currently, there is no trace of them.”
As he says, the disappearance of bars is understandable.
“Currently, people are sociable in a different way,” he noted.
“Bars have ceased to be a place for regular meetings of members of the community.”
In the case of churches, however, he is worried that the funds from the sale of property will not be enough for as long as the decision-makers believe, and that “sooner or later they will be at the starting point.”
He added that churches could be replaced by apartment buildings inhabited by people who would not support the remaining surrounding temples.
As he said: “The overwhelming majority of people buying flats in such buildings will be white. This will accelerate the complete closure of churches, because it is unlikely that new residents will become members of these parishes.”
Both churches were built by a gathering of white faithful, even before Harlem joined the metropolitan community in 1870 (the church of St. Martin joined the community a decade later).
The original gathering of white Methodists left the district in the 1930s.
At that time, the surrounding Afro-American assembly seized ownership of the building.
St. Martin's Church was seized by an assembly chaired by Reverend John Howard Johnson who led a boycott against sellers from the 125th Street (Harlem's main shopping street), opposing hiring or promoting African-Americans.
The 1939 fire significantly damaged the building, but the parishioners of John Howard Johnson made plans to rebuild the temple and ordered the construction of a bell assembly.
Reverend David Johnson, the son of John Howard Johnson, and his successor at St. Martin's Church, proudly called the new carylion "bells of the poor."
The expert, which struck the bells in July, described them in a different way as "a cultural treasure" and an "irreplaceable historical instrument."
Tiffany Ng, an expert from the University of Michigan, also noted that this is the world’s first carillion operated by a black musician. This artist was Dionisio A. Lind, who 18 years ago moved to Riverside Church, where a larger band was waiting for him.
Malcolm J. Merriweather said that the church of St. Martin did not replace him.
In recent months there have been a number of complicated events involving architects and contractors in the church of St. Martin. Some of them were brought to the place by lay leaders of the church, and some – the diocese of the Episcopal Church.
In July, the parish council (the governing body of a parish composed of secular leaders) addressed its concerns to the diocese, claiming that it "wants to shift the costs to the council," although the council did not take part in hiring architects and contractors sent to the site.
Some parishioners also complain about the lack of transparency on the part of the diocese.
A shark injured a 13-year-old diving in search of lobsters in California
Authorities reported that last Saturday, a shark attacked and injured a 13-year-old diving in search of lobsters in California. The incident happened on the first day of the lobster season.
The attack took place just before 7 a.m. near Beacon’s Beach in the U.S. city of Encinitas.
Chad Hammel reported to KSWB-TV in San Diego that on Saturday morning for about half an hour he was diving with friends when he heard a cry for help. Immediately with a group of acquaintances, they approached the boy to help pull him out of the water.
As Hammel said, at first it seemed to him that the boy was excited to catch the lobster. He soon realized, however, that the child was screaming: “I was bitten!
"I've been bitten!"
Upon reaching the scene, Chad Hammel noticed that the boy had completely torn skin in the collarbone area.
“I started shouting at everyone to escape from the water: ‘There’s a shark in the water,’” Hammel added.
The boy was transported by helicopter to the Children’s Hospital Children’s Hospital in San Diego. His condition was described as critical.
The species of shark responsible for the attack remains unknown.
During a news conference paramedic Captain Larry Giles said the fish had already been spotted a few weeks earlier. However, it was acknowledged that it did not belong to a species of menacing sharks.
Larry Giles added that the victim suffered serious injuries to the upper torso.
In order to carry out an investigation and for security reasons, the authorities for 48 hours closed the entrance to the beach from Ponto Beach in Casablad, up to Swami Beach in Ecinitas.
Larry Giles noted that more than 135 species of sharks lived in the area, although most of them are not considered dangerous.
Sainsbury’s chain of stores plans to expand its operations in the British cosmetics market
Sainsbury's chain throws down glosses to stores such as Boots, Superdrug and Debenhams, introducing cosmetic departments referring in style to department stores, as well as specially trained retailers.
As part of a significant investment in the British cosmetics market – which is worth 2.8 billion pounds and is constantly developing despite declines in the fashion industry and household goods – there will be larger racks with cosmetic products in 11 stores owned by the chain. If the initiative succeeds next year, activities will be extended to the next points.
The return to the cosmetics industry stems from the search for ways of developing the space previously occupied by televisions, microwaves and household items.
According to Sainsbury’s, the network will double the number of cosmetic products and offer up to 3,000 articles. For the first time, goods from brands such as Revlon, Essie, Tweezerman or Dr. PawPaw will appear in the assortment for the first time.
The currently sold L’Oreal, Maybelline and Burt’s Bees products will also receive more space and separate areas similar to those known even from Boots stores.
In addition, the supermarket chain plans to refresh its range of make-up products Boutique. From now on, most of the articles will be vegan-friendly, which younger customers are increasingly demanding.
In addition to this, perfume retailer Fragrance Shop will create test points at two Sainsbury’s supermarkets. The first opened last week in Croydon, south London, and the second will be built in Selly Oak, Birmingham, later in the year.
The prevalency of online sales and the daily shopping of small amounts of food in local stores means that supermarkets need to encourage customers to visit more.
Mike Coupe, president of Sainsbury's, said outlets would increasingly resemble department stores as the network tries to fight discounters such as Aldi or Lidl, offering more services and non-food products.
Sainsbury’s has placed Argos outlets in hundreds of stores and has been introducing a number of Habitat outlets since the acquisition of both companies two years ago. According to the company, this contributes to increasing grocery sales and an increase in investment profitability.
The previous attempt to reorganize departments with cosmetic products and pharmaceuticals ended in failure.
At the beginning of the 21st century, Sainsbury’s created a joint-venture company from Boots. However, the cooperation ended in the aftermath of the conflict over the distribution of revenues from pharmacies operating in supermarkets.
Sainsbury’s introduces a new strategy in the aftermath of the sale of 281 pharmacies to Celesio, the owner of the Lloyds Pharmacy chain, for 125 million pounds three years ago.
According to reports, Lloyds will contribute to the implementation of the plan, introducing an expanded range of luxury brands for skin care, including La Roche-Posay and Vichy, to the chain's four stores.
Paul Mills-Hicks, Sainsbury’s commercial director, said: “We’ve transformed the appearance and nature of cosmetics departments to improve customer experiences.
We've invested in special training for co-workers so they can help consumers when shopping.
Our brands are able to meet all needs, and the friendly environment and convenient locations allow us to attract the attention of customers looking for cosmetic products, as well as to question the existing ways of shopping.”
Peter Jones 'furious' after Holly Willoughby pulls out of contract worth 11 million pounds
Peet Jones, the star of Dragons' Den, was "furious" when he learned that Holly Willoughby intends to pull out of a 11 million pound lifestyle brand to focus on a renewed partnership with Marks and Spencer and ITV
Holly Willoughby doesn't have time for their brand offering accessories and household goods called Truly.
The activity was often compared to the Goop brand owned by Gwyneth Paltrow.
This morning, the 37-year-old presenter announced her departure via Instagram.
A sudden decision to leave a thriving lifestyle brand and focus on a renewed partnership with Marks & Spencer and ITV undertaken by Holly Willoughby infuriated Peter Jones, star of Dragons’ Den.
According to sources, Peter Jones was "furious" when a popular television presenter announced during a nervous Tuesday meeting at the headquarters of his business empire in Marlow, Buckinghamshire that due to new contracts worth up to 1.5 million pounds she would not have time to devote herself to their brand offering Truly accessories and household items.
The company was previously compared to Gwyneth Paltrow’s Goop brand. It was also supposed to double Holly Willoughby’s fortune estimated at 11 million pounds.
After announcing his decision to leave the Truly brand by 37-year-old Holly Willoughby on Instagram, Peter Jones left the UK, going to one of his holiday homes.
As the source said: "Truly's brand was a priority for Holly Willoughby.
She had her future with her and wanted to deal with her for the next several decades.
The decision to withdraw from the activity completely surprised all those involved.
No one could believe what happened on Tuesday. It was already so close to entering the market.
There are ready-to-sell goods in Marlow Warehouse.”
Experts believe the resignation of the presenter of This Morning and one of Britain's most successful stars could cost the company millions of pounds due to significant investments into products -- including items ranging from pillows through candles to clothing and household items - and will also lead to a further delay of entry into the market.
It can also mean the end of long-lasting friendship.
Holly Willoughby (mother of three children) and her husband Dan Baldwin have had a close relationship with Peter Jones and his wife Tara Capp for ten years.
Holly Willoughby and Tara Capp founded the Truly brand in 2016, and Peter Jones, 52-year-old, joined them as president in March.
The couples spent their holidays together, with Jones taking a 40% stake in a television production company owned by Dan Baldwin.
Holly Willoughby is expected to become an M&S brand ambassador and will replace Ant McPartlin as the host of I'm A Celebrity on ITV.
A source close to Peter Jones said last night: "We won't be commenting on his business affairs."
Difficult conversation, “and then we fell in love with each other”
The president joked about criticism of the media caused by the remembrance that some people deemed "inconvenient to the statesman," as well as a positive relationship with North Korea's leader.
Why did President Trump give up so much?
Trump said with a mocking voice, pretending to be a TV presenter:
“I didn’t give up anything.”
The president pointed out that Kim Jong-un is interested in the second meeting. The first meeting took place in Singapore in June and was hailed by Trump as a big step towards the denuclearization of North Korea.
However, negotiations on nuclear disarmament are being delayed.
More than three months after the June summit in Singapore, North Korean Foreign Minister Ri Yong Ho told world leaders at the U.N. General Assembly on Saturday that he sees no "analogous response" from the United States to North Korea's early efforts to disarm.
He noted that instead the United States upholders sanctions and pressuring.
President Trump expressed a much more optimistic view in his speech.
"We're doing great with North Korea," he said.
“Were planning a war with North Korea.
Millions of people would have died.
Now we have a wonderful relationship.”
The president said his efforts to improve relations with Kim Jong-un had a positive effect: they led to an end to missile tests, helped free the hostages and returned the remaining U.S. soldiers home.
In addition, he defended his unusual approach while discussing relations with Kim Jong-un.
“It’s easy to behave presidentially. However, instead of 10,000 people waiting outside and trying to get to a crowded stadium, we’d have 200 people here,” Trump said, pointinging his finger at the crowd gathered directly in front of them.
A tsunami and an earthquake in Indonesia completely destroyed one of the islands, killing hundreds of people
After an earthquake on Lombok, foreign NGOs were told that their help was not needed.
Despite the loss of a roof over the head by more than 10% of Lombok residents, the authorities did not declare a natural disaster, which is a prerequisite for speeding up the activities of international aid.
“Unfortunately, in many cases, the authorities have made it very clear that they are not demanding international support. The situation is therefore difficult,” said Selina Sumbung.
Although Save the Children are preparing to travel to Palu's Indonesian city, it is not yet certain whether international staff will be able to operate at the scene.
Sutopo Purwo Nugroho, a spokesperson for the national disaster agency, said the Indonesian authorities were assessing the situation in Palu to see if assistance from international organizations should be allowed.
Faced by the tremors constantly felt in Indonesia, the country remains completely unprepared to deal with the forces of nature.
Although tsunami shelters have been built in Aceh province, they are rare for the rest of the coastline.
The absence of a siren warning about the Palu tsunami – despite issuing a warning – was likely to have an impact on the death toll.
Even in the most favorable conditions, traveling between Indonesian islands is a challenge.
Natural disasters make logistics even harder.
A hospital ship that was stationed on Lombok Island is headed to help the victims of the quake into the city of Palu. However, it will take at least three days to reach your destination.
President Joko Widodo has made an improvement in Indonesian infrastructure the main point of his campaign and has allocated plenty of funds to roads and railways.
However, in the face of next year’s elections, the president’s administration is struggling with a lack of resources.
In addition, Joko Widodo came under pressure due to persisting religious tensions in the country. Members of the majority Muslim community adopted a more conservative form of faith.
More than 1,000 people have died, and tens of thousands of residents have lost a roof over their heads as a result of fights between Christian and Muslim gangs using machetes, bows, arrows and other straight weapons on the streets.
Look: Liverpool player Daniel Sturridge scores goal to draw against Chelsea
Daniel Sturridge rescued Liverpool from losing Chelsea in the English Premier League, scoringing in the 89th minute of Saturday's match at Stamford Beat in London.
Sturridge received a pass from Xherdan Shaqiri at a distance of about 27 yards from Chelsea's goal at 1:0 to the detriment of his team.
Before taking a shot in the direction of a distant goal, he moved the ball to his left leg.
The ball soared high above the penalty area towards the upper right corner of the net.
She then fell into the goal, flying over Kepa Arrizabalaga.
“I just tried to take the position and take the ball, knowing that players like Shaqiri are always trying to move it forward as much as possible. I wanted to give myself the best opportunity to shot,” Sturridge told LiverpoolFC.com.
“I noticed Kante approaching, accepted the ball, and gave the shot away without thinking more deeply.”
Chelsea led 1:0 in the middle of the match after the goal of Belgian star Eden Hazard scored in the 25th minute.
The Blues striker kicked the ball with his heel to Mateo Kovačić and then ran towards Liverpool's half.
Kovačić quickly accepted the pass in the middle of the pitch.
He then made a beautiful play forward into the penalty area back to Hazard.
Hazard overtook the defenders and with his left's foot fired a shot towards the long post, which passed Liverpool goalkeeper Alisson Becker.
Liverpool will face Napoli in the Champions League group stage on Wednesday at 15:00 at Stadio San Paolo in Naples (Italy).
Chelsea will face Videoton in the UEFA Europa League on Thursday at 15:00 in London.
The death toll from Indonesia's tsunami has risen to 832 people
Indonesia’s Disaster Agency said on Sunday morning, the death toll from the country’s recent earthquake and tsunami has risen to 832 people.
During the conference, Sutopo spokesman Purwo Nugroho reported that as a result of Friday’s 7.5-degree quake, many people were trapped under debris. Additionally, the tremor triggered a tsunami wave 6 meters high.
Inhabited by more than 380 thousand people, the citity of Palu is full of rubbles of collapsed buildings.
Police have arrested a 32-year-old man suspected of stabbing the woman
After finding the woman's body this morning in Birkenhead, Merseyside County, an investigation into the killing was launched.
A 44-year-old woman was found at 7:55 a.m. with stab wounds at Grayson Mews on John Street. A 32-year-old man was arrested.
Police are asking for contact from people in the area who have seen or heard any suspicious incident.
Brian O'Hagan, a commissioner from the Investigation Division, said: "The investigation is at an early stage, but I would like to call for contact with all those who were near John Street in Birkenhead at the time who saw or heard anything suspicious.
I am also appealing to all drivers, and in particular to taxi drivers whose recorders may have consolidated materials useful during the investigation.”
A police spokesman confirmed that the woman was inhabiting Birkenhead and that her body had been found inside the property.
In the afternoon, those claiming to know the woman arrived at the scene to find out where she was found.
Police said they were in the process of informing the victim's family about the incident.
A taxi driver living in Grayson Mews recently attempted to get into an apartment building. However, he was informed by police that entry to the facility and its abandonment is currently prohibited.
He disappeared when he found out what had happened.
Residents have just been informed that they will not be able to return to their apartments in the near future.
It was heard that one of the officers explained to the man that the area was currently believed to be a crime scene.
A weeping woman appeared at the scene.
She didn’t stop saying, “It’s sorry.”
At 14:00 there were two police cars on the fenced-off area, and another police vehicle was parked next to it.
There are officers guarding the apartment building inside the separated zone.
Persons with information are asked to be contacted via Twitter (@MerPolCC) or by phone at 101, or to report anonymously via Crimestoppers at 0800 555 111, specifyinging event number 247 on September 30.
Cromwell's monument to the British parliament's latest casualty in dispute over 're-writing history'
Removing the monument would bring justice for the Taliban's reminiscent destruction of many English cultural and religious monuments by its radical, puritan supporters.
However, the Cromwell Society described Jeremy Crick’s proposal as “madness” and “an attempt to rewrite history.”
John Goldsmith, president of the Cromwell Society, said: "Given the ongoing debate over the removal of monuments, it was a matter of time for Oliver Cromwell in front of the Westminster Palace.
The illucostive actions in the course of English civil wars were neither commissioned nor executed by Cromwell.
Perhaps for the actions of his ancestor Thomas centuries earlier it was decided to punish not this Cromwell.
The way Sir William Hamo Thorneycroft introduced Cromwell at the monument testifies to the reputation of this politician in the 19th century and that for many people he is a character still worth commemorating.
John Goldsmith told The Sunday Telegraph: "Cromwell's many people were seen - perhaps more often in the 19th century than today - as a defender of parliament against external pressures. In this case, of course, it was about the monarchy.
The assessment of how accurate this statement is is the subject of constant historical debate.
However, it is certain that the conflict of the mid-17th century shaped the further development of our nation, and Cromwell is a recognizable figure identifying one of the parties to the division.
His accomplishments as lord of protector also deserve to be commemorated and commemorated.”
There has been a deadly slaughter of a farmer by a pig in China
According to local media reports, there has been a deadly pig attack on a farmer in a marketplace in southwestern China.
On Sunday, the South China Morning Post newspaper reported that a dead man named Yuan had been fouled with a bloodied and slit artery near a pigsty on a market in the town of Liupanshui, Kuejczou province.
A pig breeder prepares to carry out vaccinations in a piggy store on May 30, 2005, the city of Xining, in Qinghai (China) province.
According to reports, the man arrived at the market with his cousin from the neighboring Junnan province to sell 15 pigs.
The next morning, his cousin found the man's body and noticed an open door to the nearby pigsty.
He said there was a large piglet in the pigsty with blood on his face.
The autopsy confirmed that it was a nearly 250-kilogram pig who fatally beaten the farmer.
"My cousin's legs were bleeded and messed up," a man named Wu was quoted as saying by Guiyang Evening News.
The CCTV footage shows Yuan arrived at the market on Thursday at 4:40 a.m. to feed the pigs.
His body was found about an hour later.
The animal that killed the man didn't belong to Yuan or his cousin.
The market manager told Guiyang Evening News in an interview that for the duration of the collection of evidence by the police, the piglet was isolated to avoid another attack.
According to reports, the man's family and the market authorities are negotiating compensation for death.
There have been cases of swine attacks on humans before, although they are rare.
In 2016, a pig assaulted a woman and her husband on a Massachusetts farm. The man suffered fatal wounds.
Ten years earlier in Wales, a nearly 300-kilogram pig nailed a farmer to a tractor. The man's wife managed to pull the animal away.
After being eated by an Oregon farmer by pigs in 2012, one farmer in Manitoba told CBC News that these animals are not usually aggressive, but the taste of blood can unleash violent behavior.
“They just want to have fun.
They're like an inquisitive child... they don't want to hurt anyone.
It's just that you have to show them the right respect," he said.
Hurricane-residues Rosa will result in heavy rainfall in the southwestern U.S
Hurricane Rosa is losing its strength by moving over the cooler waters of Mexico's northern coast.
In the coming days, however, it will cause heavy rainfall in northern Mexico and the south-western United States.
Hurricane Rosa blows at a speed of almost 137 km/h. On Sunday, at 5:00 a.m. of eastern time, it was given a category 1. It was then located 620 km southwest of Punta Eugenia, Mexico.
According to forecasts on Sunday, Rosa will move to the north.
In the meantime, over the Pacific Ocean, it is beginning to form rather than heading east towards the west coast of the United States. On Monday, Rosa will approach the California Peninsula in the form of a tropical storm, moving masses of humid air north to the southwestern United States.
On Monday, it will bring precipitation up to 25 cm high on part of the territory of Mexico.
In the following days, tropical humid air coming into contact with the impending low will cause heavy rainfall in the U.S
In some places, precipitations ranging in height from 2.5 to 10 cm will lead to sudden floods, the movement of pollution and possible landslides in desert areas.
Moist tropical air will cause precipitation from 5 to 7.5 cm per hour. This is especially the case for parts of Nevada and Arizona.
Even 5 to 10 cm of rain is predicted in some areas of the U.S
Due to the dispersed nature of tropical precipitation, it is possible to cause sudden floods and rapid changes in conditions.
In the face of the threat of tropical rain, it is strongly discouraged to move on foot in the desert area.
Abundant downpours can turn ducks into rushing rivers, and thunderstorms will cause local gusty winds and dust displacement.
Coming than will bring heavy local rainfall on the coast of Southern California.
Rains with a total height of more than 1.3 cm are possible, which may cause small displacements of pollution and danger on the roads.
This would be the first rainfall in the region.
Passing tropical rains will begin to approach Arizona on late Sunday and early Monday. On Monday afternoon and Tuesday, precipitation will occur in more areas.
On Tuesday, heavy rains will reach the Four Corners region in the western part of the United States and will last until Wednesday.
In October, with the cooling in the Arctic region throughout the United States, temperature fluctuations may occur. However, there will be heat in the inter-tropical zone.
This can lead to rapid temperature changes over short distances.
A good example is Sunday's temperature differences in the middle parts of the United States.
Between Kansas City (Mousore state) and Omaha (Nebraska state) and between St. Louis (Mourosa State) and Des Moines (Iowa state), these differences are almost 10 degrees Celsius.
In the coming days, sustained summer temperatures could rise again.
In much of the central and eastern U.S., a warm beginning of October is expected. Temperatures should fluctuate from 26 to 32 degrees Celsius in the area from the southern part of the Great Plains to part of the Northeast.
On Tuesday in New York, the temperature could reach a value of up to 27 degrees Celsius, which is about 5 degrees above average.
Long-term climatic forecasts indicate a high likelihood of above-average temperatures occurring in the east of the United States in the first half of October.
More than 20 million people have watched Brett Kavanauguh's interrogations
More than 20 million people have watched on six television stations moving Thursday's hearing of Supreme Court Justice candidate Brett Kavanaugh and Christina Blasey Ford, a woman accusing a lawyer of sexual harassing taking place in the 1980s.
Despite an ongoing political deadlock on Friday, commentators had to interrupt regularly broadcast programs to report an abrupt return: an agreement proposed by Senator Jeff Flake, according to which the FBI will conduct a week-long prosecution investigation.
Christine Blasey Ford testified in front of a Senate judiciary that she was 100% sure Kavanaugh groped her while intoxicated and tried to take her clothes off during a high school party.
In his emotional statement Kavanaugh said that he was convinced that such a situation did not happen.
It is possible that Friday’s number of television viewers was even greater than 20.4 millions reported by Nielsen.
The company counted the average number of CBS, ABC, NBC, CNN, Fox News Channel and MSNBC viewers.
However, for other stations including PBS, C-SPAN and Fox Busian Network, figures have not yet been available.
In addition, Nielsen tends to find it difficult to measure viewerships among people in workplaces.
The number given is similar to the viewership of American football knockout competitions or the awards of the American Film Academy.
According to Nielsen Fox News Channel, whose presenters strongly supported Kavanaugh's nomination, had the highest viewership, amounting to an average of 5.69 million viewers during a full-day hearing.
In second place was ABC with 3.26 million viewers.
CBS had 3.1 million viewers, NBC 2.94 million, MSNBC 2.89 million and CNN 2.52 million.
Interest in the topic remained high after the hearing was completed.
Jeff Flake has become a key figure in Friday's events.
In the early hours of the morning, it was captured by CNN and CBS station cameras after the office of this moderate Republican issued a statement that he had decided to support Kavanaugh's nomination. In the video, he yelled at demonstrators who obstructed him entering the elevator on his way to question the judiciary committee.
Flake with his head down for a few minutes listened to unfavorable opinions. The whole event was broadcast by CNN station.
“I’m standing here in front of you and asking.
Do you think he's telling the nation the truth?
You have the strength in the face of the impotence of so many women," he heard from a demonstrating woman.
Prior to the closure of the elevator door, Jeff Flake said his office had issued an appropriate statement and that he would speak during a committee hearing.
Later, television stations continued to broadcast events in anticipation of a vote over the handover of Kavanaugh's nomination to the entire Senate.
Flake said he would only support the nomination if he knew that the FBI would investigate the accusations next week, which a minority of Democrats insisted.
Flake was persuaded, in part, by conversations with his friend, Senator Chris Coons of the Democratic Party.
Flake made the decision after meeting Chris Coons and several other senators.
Flake's election was important because Republicans wouldn't have the votes needed to approve Brett Kavanaugh's nomination without an investigation.
President Trump has opened FBI proceedings for accusations made against Brett Kavanaugh.
Britain's Prime Minister Theresa May accuses critics of exploiting Brexit for their own benefit
Prime Minister Theresa May accused critics of her plan to leave the European Union for playing Britain's future and undermining the national interest.
Prime Minister Theresa May arrives at the Conservative Party conference in Birmingham (United Kingdom), 29 September 2018.
In another interview, alongside the one depicting Theresa May on the title page, the former foreign secretary in her government, Boris Johnson attacked a plan for a future relationship with the European Union in the aftermath of Brexit, according to which Britain and the EU could collect tariffs on their own behalf, calling it "completely ridiculous."
Wayde Sim's shooting: Police arrested Dyteon Simpson suspected of LSU player's murder
Police have arrested a suspect in connection with the fatal shooting of Wayde Sims, a 20-year-old basketball player featured in Louisiana University (LSU).
According to reports from the Baton Rouge police headquarters, twenty-year-old Dyteon Simpson was detained and placed in custody on suspicion of second-degree murder.
Authorities released footage of a confrontation between Sims and Simpson. Police said Sims had lost his glasses during a brawl.
As reported by CBS-linked WAFB, police officers found these glasses at the scene annd Simpson's DNA traces were detected on them.
Police said after questioning Simpson that he had pleaded guilty to Wayde's shooting.
According to the detainee’s lawyer, the amount of the deposit was set at 350 thousand dollars.
On Friday, the coroner's office in East Baton Rouge issued a preliminary report that said the cause of death was a gunshot wound to the head and neck.
The police headquarters expressed thanks to Louisiana's state police search group, a forensic laboration state police, the Southern University police and nearby residents for their help with the investigation leading to the arrest.
Joe Alleva, LSU's sporting director, thanked local law enforcement agencies for their "diligence and pursuit of justice."
Sims was 20.
Measuring 198 cm, the man grew up in Baton Rouge. His father Wayne Sims also played basketball at LSU.
In his last season, he recorded averages of 5.6 points and 2.6 rebounds per game.
On Friday morning, LSU basketball coach Will Wade said the team was "devastated" and "shaken" by Wayde's death.
“It’s one of those things we’re constantly afraid of,” Will Wade said.
The ashes emitted by the volcano date back to the cities of Mexico
The ashes coming out of the Popocatépetl volcano have reached the southern districts of the Mexican capital.
On Saturday, Mexico's national disaster prevention center advised Mexicans to approach the volcanic due to increased crater activity and 183 cases of gas and ash emissions over 24 hours.
The centre noted numerous rumblings and tremors.
Pictures published on social media show windshield cars covered with a thin layer of ashes in districts of Mexico, such as Xochimilco.
Since the 7.1-degree earthquake that struck Mexico in September 2017, geophysicists have seen an increase in volcanic activity located 72 km southeast of the country's capital.
Also known as Don Goyo has been active since 1994.
Police clash with Catalan separatists ahead of independence referendum anniversary
On Saturday, six people were arrested in Barcelona as a result of clashes of demonstrators supporting the independence of Catalonia with police prevention units. On this day, thousands of people took part in hostile demonstrations commemorating the first announcing referendum on Catalonia's secession.
A group of masked separating supporters pelted police officers with eggs and powder paint. Dark clouds of dust shrouded streets usually full of tourists.
The clashes also took place in the later part of the day. In order to halt fighting, police forces used batons.
For several hours, groups supporting independence chanted “We don’t forget, we don’t forgive”. Opponents of secession shouted “Long live Spain”.
As reported by the local press, fourteen people have received medical assistance for minor injuries sustained during protests.
After a year after the October 1 referendum, the tension did not weaken. Although the authorities in Madrid declared them illegal, it is still a reason to be celebrated for Catalans who wanted secession.
Voters overwhelmingly voted in favour of independence. However, the turnout was low due to a wide-ranging boycott of opponents.
According to Catalan authorities, nearly 1,000 people suffered injuries last year in violent clashes with police trying to prevent polling stations from voting.
On Friday evening, groups of people supporting the independence of the region decided to prevent demonstrations supporting police officers.
The demonstration took place despite this, however, a change of route was forced.
Narcis Termes, a 68-year-old electrician involved in a separatist protest with his wife, said there was no more hope of Catalonia's independence.
“Last year we experienced some of our most beautiful moments in our lives.
My parents were crying with joy that they could vote, but now we're stuck at a no-win point," he said.
Despite a significant but small victory in local elections in December last year, parties supporting the secession of Catalonia are struggling to continue their activities. Many of the most recognized leaders have decided to leave or are awaiting in custody for the trial in relation to the role played in the referendum and the subsequent declaration of independence.
Joan Puig, a forty-two-year-old phone-recording phone protest supporting police, said politicians on both sides of the dispute were fueling the conflict.
“The situation is getting tighter,” he said.
On Saturday, Oriol Junqueras, one of nine Catalan leaders held in custody since the end of last year, announced his desire to run in next year's European Parliament elections.
“Candidation in the European elections is the best way to condemnate the crisis of the democratic values of the Spanish government,” he said.
Londonderry: men arrested after driving car into house
Three men aged 33, 34 and 39 were arrested in the aftermath of hitting a car several times into a house in the city of Londonderry.
The incident happened at Ballynagard Crescent on Thursday at around 19:30 British time (BST).
Commissioner for Investigativing and Investigation Department Bob Blemmings said the damage covered the gate and the building.
At some point towards the car could also be fired from the crossbow.
Menga's goal provides Livingston win over Rangers 1:0
Dolly Menga's first goal for Livingston brought the team victory
Since this season, Livingston has set the Rangers in bewilderment, dealing Steven Gerrard only a second defeat in his 186 matches as club coach from Ibrox Park.
Dolly Menga's goal turned out to be victorious, and Gary Holt's team moved up to second place in the table with Hibernian.
Gerrard's team remains this season without a victory away at the Premiership. Next Sunday, the team will face the Hearts leader, to whom he loses eight points.
Earlier, as early as Thursday, the Rangers will host the Rapid Vienza team as part of the UEFA Europa League.
Livingston is extending a series of victories in his division to six games. Coach Holt hasn't experienced a defeat since replacing Kenny Miler last month.
Livingston have missed a few opportunities against indisposed opponents
The team led by Holt should have taken the lead much earlier, as the team's game brought Rangers a lot of problems.
At first, Scott Robinson broke through the defense and fired a shot into the goal light, but he failed to score a goal. Then Alan Lithgow failed to hit after Craig Halkett's head-to-knock.
The hosts allowed the Rangers to play closer to the goal, knowing they could threaten their rivals during solid fragments of the game.
And that's how the decisive goal fell.
Following a free kick by the Rangers, Livingston found the opportunity. Declan Gallagher and Robinson collectively created the situation of Menga, which scored a goal from the middle of the penalty area.
At this stage, Rangers had more possessions, but they couldn't push through the hosts' defence and didn't cause any major problems for goalkeeper Liam Kelly.
This scheme was repeated in the second half. Alfredo Morelos fired one shot on Kelly’s goal.
Scott Pittman's rehearsal was defended by Rangers goalkeeper Allan McGregor, and Lithgow failed to hit the goal light from another permanent snippet ordered in favour of Livingston.
Rangers continued attacks in Livingston’s penalty area, but they couldn’t take advantage of the situation. They demanded two penalty shootouts after Halkett’s intervention against Glenn Middleton’s replacement and one hand play. In both cases, however, the players’ pretensions were rejected.
“Phenomenal” performance of Livingston – analysis
Alasdair Lamont from BBC Scotland at Almondvale Park
Wonderful performance and result for Livingston.
In his opinion, they played great, once again going beyond expectations.
Their style and line-up have hardly changed since they returned to the extraclass. However, Holt should be appreciated for motivating the team to play.
This match had many heroes.
Captain Craig Halkett played a huge role, directing a well-organized defence, while Menga made Connor Goldson and Joe Worrall have to be very attentive throughout the match.
Rangers lacked the will to fight.
Although there are great moments under Gerrard’s leadership, they didn’t maintain their standards in this match.
In their game, something seemed to be missing: only once managed to break through the hosts’ defense. It should be a serious warning to the Rangers, who found themselves in the middle of the table.
Mixed responses to Erdogan's visit to Cologne
During Saturday's breakfast in Berlin (29 September), the leaders of Turkey and Germany were accompanied by smiles and beautiful weather.
It was the last day of President Erdogan’s controversial visit to Germany. Visits were aimed at improving relations between NATO allies.
Disputes have led to differences in issues such as human rights, freedom of the press and Turkey’s accession to the European Union.
After the meeting, Erdogan went to Cologne, where he opened a new huge mosque.
In this city lives the largest number of Turks outside their homeland.
For security reasons, a 25-thousand-year-old crowd gathered in front of the temple were blocked, however. Supporters of the president, however, gathered in the area to see their leader.
Hundreds of Erdogan's opponents - including many Kurds - have also decided to express their opinion, condemning Turkey's leader's policies and the German government's decision to adopt a politician in the country.
Opposing protests, they reflect the divisions raised by the visit of a politician hailed as a hero by some Turks living in Germany and considered an autocrat by others.
Deptford road traffic accident: Cyclist died as a result in car collision
A cyclist died after a collision with a car in London.
The accident occurred near a crowded intersection of Bestwood Street and Evelyn Street in Deptford, the city's south-eastern district, at about 10:15 a.m
After the incident, the driver stopped the vehicle, and paramedics arrived at the scene. Despite the intervention, the man died at the scene of the accident.
A few months ago on Childers Street (about one and a half kilometers away from the scene of Saturday’s accident) there was another fatal accident involving a cyclist.
Metropolitan police have reported that officers are working to identify the dead man and inform family members about the incident.
Roads were closed and bus detours were organized, and drivers were instructed to avoid the nearby area.
Long Lartin's corrective facility: Six officers sustained riot injuries
As reported by the authorities of the facility, six officers suffered injuries as a result of riots in a men's correctional facility with a higher level of safety.
Riots at HMP Long Lartin's correctional facility in Worcestershire began on Sunday around 9:30 a.m. British time (BST) and are still ongoing.
For riots involving eight prisoners in one of the wings of the plant, a specialized unit "Tornado" was called.
Officers staying at the scene suffered minor injuries to their faces.
A spokesperson of the plant said: "Specially trained personnel have been involved at HMP Long Lartin's correctional facility.
Six officers suffered minor injuries.
“We do not tolerate violence in our facilities. We are convinced that those responsible will be handed over to police and can spend more time in prison.”
There are more than 500 inmates, including some of the country's most dangerous criminals.
According to reports in June, the director of the facility had to go to the hospital after he was attacked by one of the prisoners.
In October last year, prevention units were called to the plant due to threatening riots, under which employees were attacked with bullets to play billiards.
Sudden flooding caused by Hurricane Rosa threatens Phoenix, Las Vegas and Salt Lake City (possibly a beneficial effect on drought areas)
It is rare for tropical depression to reach the state of Arizona. This is likely to happen early next week. Remains of Hurricane Rosa are moving through the desert areas of the Southern West, posinging a threat of sudden flooding.
The National Weather Service has already issued a warning about the possibility of emergencious flooding on Monday and Tuesday in western Arizona, southern and eastern Nevada, south-eastern California and Utah, including cities such as Phoenix, Flagstaff, Las Vegas and Salt Lake City.
According to the forecasts on Tuesday, Rosa will pass directly over Phoenix. On Monday afternoon, the rainfall will begin.
“Since 1950, just ten tropical cyclones have maintained a state of storm or tropical depression at a distance of 320 km from Phoenix.
Hurricane Katrina (in 1967) approached a distance of 65 km from the Arizona state border.”
The latest National Hurricane Center models forecast precipitations ranging in height from 5 to 10 cm. In some areas of Mogollon Rim in Arizona, they can reach heights of up to 15 cm.
In the other desert areas of the Southern West – including the central Rocky Mountains and the Great Basin – the precipitation height is probably between 2.5 and 5 cm, and in some areas up to 10 cm.
Persons from areas at risk of sudden flood precipitation accompanying Hurricane Rosa may provide relief, as the region has been struggling with drought for some time.
Although floods pose a serious threat, some precipitation will improve the situation in the South West, where there is a state of drought.
According to weather.com, U.S. Drought Monitor estimates that nearly 40% of the Arizona area face severe droughts belonging to the second highest categories.
Hurricane Rosa arrives first at the California Peninsula in Mexico.
On Sunday morning, Rosa continued to move with hurricane force, reaching speeds of up to 137 km/h. It is currently located 620 km south of Punta Eugenia in Mexico and heading north at 19 km/h.
Hurricane encounters the cooler waters of the Pacific Ocean, resulting in its waning.
According to forecast, it will hit Mexico with the force of a tropical storm on Monday afternoon or evening.
Intense rainfall in some parts of Mexico could pose a major flood risk.
Weather.com reported that "in the area from the California Peninsula to the north-western part of the state of Sonora, precipitation with a height of 7 to 15 cm is predicted, although they can reach 25 cm."
Hurricane Rosa will then pass through Mexico towards the north in the form of a tropical storm. On Tuesday, in the early hours of the morning, it will reach the Arizona state's border as a tropical depression. By Tuesday evening, it will travel to the southern part of the state of Utah.
“The most serious threat posed by Hurricane Rosa or its remnants are very heavy rainfall on the California Peninsula, in the north-west of Sonora, and in the southwestern desert areas of the United States,” the National Hurricane Center reported.
According to the forecasts, rains will cause life-threatening floods and the movement of pollution in the desert and mud avalanches in mountainous terrain.
Midsomer Norton attack: Four people arrested in attempted murder
Three teenagers and a twenty-year-old man were arrested on suspicion of the attempted murder of a sixteen-year-old found with stab wounds in Somerset.
The boy was found in Excelsior Terrace, in Midsomer Norton, on Saturday, around 4:00 a.m. British time (BST).
The victim was taken to hospital and her condition remains "stable."
Police from Avon and Somerset reported that one seventeen-year-old, two eighteen-years-old and a twenty-year-old man, were arrested in the Radstock area at night.
Officers ask to be contacted by all persons with recordings of the event.
Trump stated that Brett Kavanaugh "has experienced the meanness and angery" of the Democratic Party
"The vote cast for Judge Kavanaugh is a vote against the ruthless and outrageous conduct of the Democratic Party," Trump said at a rally in Wheeling, West Virginia.
Trump claimed Kavanaugh had "explored the meanness and wrath" of the Democratic Party during the nomination process.
On Thursday, Brett Kavanaugh testified before the congress. He firmly and emotionally denied Christina Blasey Ford’s accusations. The woman claims that a few decades ago, when they were both teenagers, the man committed sexual assault against her.
Ford also testified during a hearing in the case of her allegations.
On Saturday, the president said Kavanaugh's "U.S. people could convince themselves of their brilliance, class and courage."
“The voice cast for Judge Kavanaugh is the voice of one of the most outstanding lawyers of our time, an expert on the law of great merit to the community,” he said.
The president did not explicitly address Brett Kavanaugh's nomination, discussing the importance of Republican turnout in the half-election presidency.
“We are five weeks away from the most important choices in our lives.
“I don’t run in this election, but I remain very active,” he said.
“I’m constantly fighting to defend our great candidates.”
Trump says Democrats are pursuing a policy of "resisting and obstrucing activity."
As one of the assistants of an important Republican politician told CNN, the first key Senate vote on Kavanaugh's nomination is expected by Friday at the latest.
Hundreds of earthquake and tsunami death toll in Indonesia
Authorities said at least 384 people died on Saturday—many of whom were hijacked by high waves crashing into beaches—in the aftermath of a strong earthquake and tsunami that hit Indonesia’s Sulawesi island.
On Friday, hundreds of people gathered on the beach to take part in a festival held in the city. At dusk, waves reaching up to 6 meters high, kidnapping many people and destroying everything on their way.
Tsunami was the result of an earthquake of 7.5 degrees.
"When there was a threat yesterday, those on the beach didn't escape immediately and fell victim to a tsunami," Sutopo Purwo Nugroho, a spokesperson for the Indonesian disaster agency BNPD, told a conference in Jakarta.
“Tsunami attacked everything on its way, hijacking cars, logs and houses,” Nugroho reported. He then added that before reaching the shoreline, the element was moving at sea at 800 km/h.
As he said, some rescued themselves by climbing trees and managed to survive.
Approximately 16,700 people were evacuated to 24 centres in Palu.
Aerial photographs published by the disaster agency show a number of destroyed homes and shops, damaged and collapsed bridges and a mosque surrounded by water.
On Saturday, the coastal city was hit by aftershocks.
There have been a number of earthquakes in the area inhabited by 2.4 million people.
According to a statement from the Indonesian Technology Assessment and Use Agency (BPPT), the energy triggered by an extensive Friday earthquake was about two hundred times the energy of an atomic bomb dropped on Hiroshima during World War II.
The statement stated that the geographical location of the city, which is located at the end of a long, narrow bay, may have compounded the effects of the tsunami.
Sutopo Purwo Nugroho described the damage as "significant" and said hundreds of homes, hospitals, shopping malls and hotels had collapsed.
He then added that the bodies of parts of the victims were found under collapsed buildings, 540 people were injured and 29 people were presumed missing.
Nugroho said the fatalities and damage could be greater along the shoreline 300 km north of Palu, in an area called Donggala, which was closer to the epicentre of the quake.
According to Nugroho, communications "have been completely paralyzed," so there are no reports from Donggala province.
“More than 300 thousand people live there,” the Red Cross said in a statement. It was also added that the organization’s staff and volunteers are going to places affected by defeat.
"We can already talk about the tragedy, although the situation may deteriorate significantly," the statement said.
On Saturday, the agency faced widespread criticism due to a lack of information about a tsunami strike in Palu. Authorities, however, said the waves came shortly after the warning was issued.
An amateur footage shared on social media shows a man screaming from the building, trying to warn about an incoming tsunami of people on the street.
Within minutes, a wall of water crashed into the shore, hijacking buildings and cars.
Reuters was unable to immediately confirm the authenticity of the recording.
The earthquake and tsunami caused significant shortages in the supply of electricity, preventing communication within Pal. This, in turn, made it difficult for the authorities to coordinate rescue efforts.
According to the authorities, the military has started sending transport planes with help from Jakarta and other cities, but evacuees still badly need food and other basic essentials.
Located in the city, the airport was opened exclusively for transports with humanitarian assistance. The airport will remain closed until October.
On Sunday, President Joko Widodo is scheduled to visit centers for people evacuated in Palu.
More than 800 tsunami deaths in Indonesia.
Situation is very bad.
As Doseba T. Sinay, the national director of World Vision, reported, the personnel of this organization arrived securely from Donggala province to the city of Palu and found shelter in tarp tents placed in the courtyard of the office. Along the way, the workers passed many ravaged areas.
“They told me they’d saw a lot of destroyed houses,” he said.
Situation is very bad.
Although some groups are slowly starting to provide assistance, there have been voices of criticism that employees of foreign humanitarian organizations with extensive experience are prevented from traveling to Palu.
According to Indonesian law, receiving funding, resources and personnel from abroad can only be started after announcing the site of the disaster with an area of national disaster.
That hasn't been done yet.
"Officially, we are still dealing with a regional disaster," a spokesman for the Indonesian Red Cross said.
“Once the government recognizes that there has been a national defeat, we will be able to start accepting international aid, but this has not happened yet.”
Two days after Friday's Palu earthquake and tsunami, friends and families of missing people still hold the hope that their loved ones will somehow find themselves in the midst of destruction.
On Saturday, a little boy was pulled from the canals.
On Sunday, paramedics released the woman, which spent two days under the rubble next to her mother's body.
Gendon Subandono, coach of the Indonesian paragliding team, trained two missing paragliders taking part in this month's Asian Olympics.
As Petra Mandaga said, other people trapped in the Roa Roa hotel were his pupils.
“As an experienced paraglider, I struggle with my own emotional burden,” he said.
Gendon Subandono recounted how, within a few hours of the paraglider's appearance among the paraglider community, information about the collapsion of the Roa Roa Hotel was desperately sending messages via WhatsApp messenger to athletes taking part in the festival on the beach.
His messages were marked with only one gray hook instead of a pair of hooks in blue.
“It seems to me that this means that the messages have not been delivered,” he said.
Thieves stolen USD 26 750 while replenishing cash at an ATM at Newport on the Levee shopping mall
According to Newport's police headquarters on Friday morning, thieves stole USD 26 750 to a Brink employee who was replenising cash at an ATM at Newport on the Leve shopping mall.
"The driver of the car emptied the ATM in the entertainment complex and was preparing to replenish the cash," Detective Dennis McCarthy said in a statement.
Another man "ran up from behind to a Brink employee" and stole a bag with money for an ATM.
According to the communiqué, witnesses saw several suspects running away from the scene. Police, however, did not say how many people were involved in the theft.
All persons with information on the identity of thieves are asked to contact the Newport police station at 859-292-3680.
Kanye West: rapper changes name to Ye
Rapper Kanye West decided to change his name to Ye.
Announcing his intention on Twitter on Saturday, he wrote about himself: "A person formerly known as Kanye West."
The forty-one-year-old musician has been using the pseudonym Ye for some time. It is also the title of his eighth album released in June.
The change occurred prior to a visit to Saturday Night Live. The artist is expected to present his new Yandhi album during the performance.
He will replace the singer Ariana Grande, which, according to the creators, resigned “for emotional reasons.”
West has previously stated that the word “Ye” is not only an abbreviation of its current artistic nickname, but has a religious meaning.
“It seems to me that ‘ye’ is the most commonly used word in the Bible. In Scripture, it means ‘you’,” West said in an earlier period of the year, discussing the title of an album with a radio presenter nicknamed Big Boy.
“So I’m you, I’m us, it’s about us.
First, I was Kanye, which means the only person. Now I’m Ye – a reflection of all our good, bad and confusing qualities.
The album shows who we are.”
West was among the other famous rappers who decided to change their name.
Sean Combs, known as Puff Daddy, P. Diddy and Diddy, announced this year that he wants to be called Love and Brother Love.
JAY-Z, a former collaborator of West, also wrote down his pseudonym in various ways, with a connector, without a connector and in capital letters.
Mexican President Andrés Manuel López Obrador pledges not to use troops against civilians
On the eve of the 50th anniversary of the bloody suppression of student demonstrations, Mexican President-elect Andrés Manuel López Obrador (AMLO) pledged never to use the military against civilians.
On Saturday in the square of the Three Cultures López Obrador promised "never to use the military to repress the Mexican people."
On October 2, 1968, soldiers opened fire on the square towards a peaceful demonstration, killing up to 300 people. The incident occurred at a time when left-wing student movements were beginning to develop throughout Latin America.
López Obrador has vowed to support young Mexican residents by providing monthly financial assistance to learners as well as creating more free public colleges.
He said unemployment and a lack of educational opportunities pushes the young towards criminal groups.
The United States should double funding for artificial intelligence research
According to Kai-Fu Lee, an investor and expert in artificial intelligence working for Google, Microsoft and Apple, as China’s activity grows in this area, the United States should reduce spending on AI research.
The remarks are related to announcements on artificial intelligence published by various U.S. government agencies, despite the fact that the U.S. does not have an official AI strategy.
Meanwhile, last year China unveiled its plan, according to which it wants to become the most innovative country in the field of artificial intelligence by 2030.
“To begin with, we need to redouble the AI research budget: all other countries are far behind the United States, and we are trying to make another breakthrough in this area,” Kai-Fu Lee said.
In an interview this week, CNBC also said doubling funds could double the chances of making another artificial intelligence breakthrough in the United States.
Lee, whose book “AI Superpowers: China, Silicon World Order) was published this month by Houghton Mifflin Harcoud, is the president of Sinovation Ventures. The company has invested in one of the most notable companies dealing with artificial intelligence in China.
In the 1980s, Kai-Fu Lee worked at Carnegie Mellon University to create an AI system that defeated America’s best Othello player at the time. He then held a managerial position at Microsoft Research and was the president of Google’s Chinese division.
Lee acknowledged the success of earlier technological initiatives of the U.S. government, e.g
As Kai-Fu Lee said, scientists in the United States often have to try very hard to receive government subsidies.
“It’s not China that’s taking away our top academia, it’s the corporations.”
For several years, Facebook, Google and other technology companies have been hiring distinguished scientists to work on artificial intelligence.
According to Lee, changes in immigration policy could also help the United States develop AI.
“I believe that those dealing with artificial intelligence who have obtained a doctoral degree should automatically admit a green card,” he said.
In July 2017, the Chinese State Council published a plan to create next-generation artificial intelligence.
As Lee pointed out, China’s National Natural Science Foundation of China provides funding to members of academic institutions in a similar way to the U.S. National Science Foundation and other government organizations granting funds to U.S. researchers. The quality of academic activity in China, however, is lower.
In an earlier period of this year, the U.S. Department of Defense established a Joint Artificial Intelligence Center, which will involve partners from the world of industry and science. The White House, on the other hand, announced the creation of a special committee on Artificial Intelligence.
DARPA also announced this month the allocation of US$2 billion to an initiative called AI Next.
The National Science Foundation currently invests more than US$100 billion a year in AI research.
At the same time, the U.S. initiative to create a national AI security commission hasn't moved forward for months.
The Macedonians are voting in the referendum to change the name of their state
On Sunday, the Macedonians voted in a referendum on changing the name of their country to the Republic of North Macedonia. This movement would allow to avert a decades-long dispute with Greece, which is blocking the country's efforts to join the European Union and NATO.
Greece, where Macedonia’s historical land is located, maintains that the name of its northern neighbor constitutes a claim to its territory. As a result, it vetoed the country’s accession to the EU and NATO.
In June, the governments of both states reached an agreement on naming. The nationalists, however, say the change would undermine the ethnic identity of the Slavic majority living in Macedonia.
President �дorge Ivanov said he would not take part in the vote. A campaign encouraging a boycott raised doubts as to whether the turnout would reach the minimum level of 50% required to declare the referendum binding.
The referendum asked the following question: "Do you support joining NATO and the EU in the aftermath of accepting an agreement with Greece."
Proponents of changing the name, including Prime Minister Zoran Zaev, say that it is worth paying the price for the possibility of joining Macedonia – one of the countries created after the fall of Yugoslavia – to such organizations as the European Union or NATO.
“I voted for the future of my country so that young people of Macedonia can live free under the umbrella of the European Union. Membership in the EU will provide us all with greater security,” said 79-year-old Oliwera Georgijewska from Skopje.
Although the referendum is not legally binding, a sufficient number of MPs have pledged to respect the results of the vote.
Changing the name requires the support of two-third members of parliament.
The state's electoral commission said no unusual events had been reported until 13 p.m.
However, the turnout at this hour was only 16% compared to 34% in the last parliamentary elections of 2016. At that time, 66% of eligible people cast their vote.
“I voted because of my children. Our place is in Europe,” said 62-year-old Ǵosze Tanewski, voter from Skopje.
On September 30, 2018, in the city of Strumica in Macedonia, the country's prime minister Zoran Zaew, his wife Zorica and his son Dushko cast their vote in a referendum on changing the name of the country to open the way to membership of NATO and the European Union.
In front of the parliament building in Skopje, 54-year-old Vladimir Cavardarkov prepared a small scene and set up chairs in front of tents unleashed by people boycotting the referendum.
“We support membership of NATO and the EU, but we want to join these organisations with their heads raised, not the back door.”
“We are a poor country, but we have dignity.
If they don’t want us as Macedonia, we can turn to other countries such as China or Russia and become part of Eurasian integration.”
Prime Minister Zaew argues that NATO membership will bring Macedonia's needed investment, where the unemployment rate is more than 20%.
“I believe that the vast majority will vote in favor of changing the name in the referendum, because 80% of the citizens support the European Union and NATO,” Zaew said.
He stated that voting for a "yes" constitutes a "confirmation of our future."
In a poll published last Monday by the Macedonian public research institute, between 30 and 43% of voters declared their desire to participate in the referendum. This is less than the required turnout.
According to another poll conducted by Macedonia's Telma TV in Sunday's referendum, 57% of respondents plan to vote.
70% of those surveyed said they would support changing their names.
In order for the vote to be successful, turnout must amount to 50% + 1 vote.
Defeat in the referendum would be the first major blow to pro-Western government's policies since taking power in May last year.
Sergio Aguero of Manchester City beat Brighton's entire defender and scores goal
Sergio Aguero and Raheem Sterling have sent home Brighton's defence in Saturday's meeting ended with a score of 2:0 for Manchester City. The match was played at Etihad Stadium in Manchester (England).
Goal scored by Aguera in the 65th minute looked childily easy.
The action began by passing in the middle of the pitch to an Argentine striker.
The footballer surpassed Brighton's three defenders.
Aguero was then among Brighton's four players.
He played one of them first, and then he surpassed the others and found himself on the brink of Brighton's penalty area.
That's when he played the ball to the left, where Sterling was waiting for it.
The English striker immediately handed the ball back to Aguera in the penalty area, who beat Brighton goalkeeper Mathew Ryan with a shot to the right side of the goal.
"Aguero is facing a foot injury," Manchester City coach Pep Guardiola told reporters.
“We talked about the possibility of playing 55, 60 minutes.
And that's exactly what happened.
We were lucky he scored in that time.”
However, it was Sterling who ensured blue's first lead in the Premier League.
The goal in question came in the 29th minute.
In this action, Aguero received the ball deeply on Brighton's half.
He sent a wonderful pass along the left side of the pitch to Leroy Sane.
Sane made several moves, allowing Sterling to move to the far post.
The Manchester City striker headed the ball into the net just before it fell out on the cars.
Manchester City will face Hoffenheim in the UEFA Champions League group stage on Tuesday at 12:55 p.m. The meeting will take place at Rhein-Neckar-Arena Stadium in Sinsheim (Germany).
Scherzer wants to spoil Rockies' chances
After losing his chances of taking part in the play-off stage by the Washington Nationals, Scherzer didn't have to feature in the starting line-up.
However's loving rivalry, Scherzer hopes to feature in Sunday's meeting against the Colorado Rockies as soon as the Rockies retain their chances to perform in the play-off stages. The team currently has one more victory from the Los Angeles Dodgers in the NL West division.
Rockies can at least count on a wild card if they win Friday’s meeting against the Nationals with a score of 5:2. However, they still want to get their first division title.
“Despite the fact that we’re playing ‘for nothing’, at least we’ll get out on the field, knowing that the atmosphere in Denver and the opponents’ performance will be at the highest level as in the rest of the season.
“Why wouldn’t I want to participate in this meeting?”
The Nationals have not yet announced the starting pitcher for Sunday's meeting. However, the team is leaning towards putting Scherzer in the starting line-up.
It would have been Scherzer's thirty-fourth appearance in the starting line-up line-up. He took part in Thursday's throwing practice and is hoping to perform on Sunday.
The right-handed thrower of the team from Washington recorded results of 18-7 and ERA 2.53. He eliminated the batters 300 times and scored 220 and 2/3 rounds per season.
Trump's rally in West Virginia
Trump did not explicitly refer to Brett Kavanaugh's nomination as a Supreme Court justice, discussing the importance of Republican turnout in the half-premises election.
“In November, we put all the achievements at stake so far.
One of the most important choices in our lives is five weeks away.
Although I don’t run, I remain very active. I’m constantly defending our great candidates,” he said.
He then continued, “We’re dealing with a terrible group of radical Democrats. We see their actions with our own eyes.”
They are determined to take power by all possible means. They are vile and malicious.
They don’t care who they’re going to hurt and who they have to hurt in order to gain power and control. Embracing power and control is their purpose. However, we won’t give it back to them.”
As he said, the Democrats are pursuing a mission to "resist and obstruct business."
"This has been very well seen in the last four days," he said, calling the Democrates "evil, vicious, unpleasant and untrue."
The president referred to the Senate judiciary's committee, citing U.S.-named-named U.S. Democratic Senator Dianne Feinstein, meeting a loud boom from the crowd.
“Do you remember her answer?
Are you responsible for a document leak?
“Oh, am I listening?
No... I mean... no». Her bodily speech was terrible. It was the worst body speech I’ve ever seen.”
Labour is no longer a group of people with different views.
The party is intolerant to those expressing their own opinions
When Momentum activists in my party voted to give me a reprimand, I wasn't surprised.
In the end, I'm a member of a group of Labour MPs who have recently been told that they're not welcome, and all because of their own opinions.
My parliamentary colleague Joan Ryan faced similar treatment because she objected to anti-Semitism.
In my case, the rebuke request was due to a disagreement between me and Jeremy Corbyn.
The differences concerned the importance of responsible economic policies, national security and Europe. Ironically, Jeremy Corbyn opposed the position of previous leaders on these issues.
In Friday's announcement of a meeting by Labour MPs from the Nottingham East constituency, it was said: "we want the meetings to be open and productive."
For eight years, I have served as a Labour MP for most of Friday’s meetings of the General Committee, this is what it looked like.
Unfortunately, many meetings are going differently now. It’s been long forgotten about the promise of “warmer and gentler” politics, if you’ve ever remembered it.
It is increasingly obvious that there are no different views being tolerated in the Labour Party. Every opinion is assessed in terms of compliance with the leadership of the party.
It all started not long after Jeremy Corbyn took the position of chairman. Colleagues, for whom it seemed to me that we had similar views, began to expect me to change direction and take positions with which I would have previously disagreed. They concerned issues such as national security or the EU single market.
After every public appearance – regardless of the content – I encounter on social media attacks calling for nominations to be stripped, to condemn centrism or to leave the Labour Party.
It's not just my experience.
I am more fortunate than some of my colleagues, because the remarks directed at my address are rather political in nature.
I admire the professionalism and determination of colleagues who experience treatment in a sexist or racistic way on a daily basis, but do not avoid further action.
One of the most disappointing aspects of the current policy is the transition to the agenda with offending others.
Last week Jeremy Corbyn stated that Labour should support a culture of tolerance.
In fact, we are no longer a group of people with different views. With every request for a “vote of no confidence” and any change in the rules for the choice of the party’s worldview, it narrows.
Over the past two years, I’ve been repeatedly suggesting that I don’t lean out and keep some issues silent. Back then, everything “would be fine.”
But that’s not whay I dealt with politics.
Since joining the Labour Party 32 years ago as a pupil as a result of negligence of Margaret Thatcher’s government, which led to the break-up of my school classroom, I try to take care of the better quality of public services for those in need – both as a local councillor and a minister.
I've never hid my convictions, even during my last election campaign.
Everyone in Nottingham East district knew my position and they knew about the differences of opinion with the party's authorities.
I would like to say to those who supported Friday’s proposal that I cannot understand the desire to waste time and energy on the issue of my loyalty to Labour in the face of an impending Brexit that will harm households, businesses and public services.
The most important message, however, is addressed not to Nottingham Momentum, but to my constituents (both members of the Labour Party and the others): I am proud that I can serve you. I promise that no threats to undo the nominations or ad hoc political goals will prevent me from acting in accordance with my convictions and in the best interests of all of you.
Chris Leslie is an MP from the Nottingham East
Ayr vs. Melrose 38:17 – Undefeated Ayr rises again
Two late touchdowns may have somehow distorted the final result. However, there is no doubt that Ayr's team deserved victory in this extremely interesting Scottish extra-league match.
The team came first in the table and remains the only unbeaten team.
At the end, it's a standout defense and a better take-up of the odds that led the hosts' team to victory. Coach Peter Murchie may have been happy with his pupils.
"Matches so far have been a challenge for us, but we're still unbeaten, so I'm happy," he said.
Robyn Christie of the Melrose team stated: "You have to pay your respect to Ayr's players. They made better use of the opportunities between us."
Ayr took the lead in the 14th minute after attaching Grant Anderson and raising Frazier Clim. However, a yellow card for Rory Hughes, which came to the team from the Glasgow Warriors team, allowed Melrose to level the score when Jason Baggot grabbed the ball after an untapped chance of an increase.
Climo increased Ayr's lead after a kick from the penalty shootout just before the end of the first half. He scored the touchdown first, and later he seized a chance of an increase, getting a score of 17:5 for Ayr.
Melrose started the second half well. Patrick Anderson's tapping elevated by Baggot reduced the loss to five points.
Then there was a longer halt to the game due to Ruaridh Knott’s serious injury. The player was lifted off the pitch on a stretcher. After the resumption, Ayr increased the lead after Stafford McDowall’s touchdown and Clim’s elevation.
Subsequently, acting team captain Ayr Blair Macpherson received a yellow card. Melrose re-used its number: the touchdown with an unused attempt to raise Bruce Colvin reduced the lead.
The hosts took over the initiative when Struan Hutchinson received a yellow card for knocking down Clim without the ball. MacPherson scored a touchdown on the back of an impending defense.
Climo seized the chance to increase. He then again managed to raise the score just after the game resumed when Kyle Rowe caught the shot from the penalty shootout and enabled winger Gregor Henry to score his fifth touchdown for the hosts.
Still Game's star begins career in the catering industry
Ford Kieran, the star of the series Still Game, seems to have started in the catering industry. It has recently been discovered that he has become the director of the restaurant management company.
The 56-year-old actor takes on the role of Jack Jarvis on the BBC's popular sitcom. He performs and co-creates the series together with his longtime comedy partner Greg Hemphill.
The duo announced that the upcoming ninth season will be the last in the history of the series. All indications are that Ford Kiernan is already planning the future after leaving “Craiglang”.
According to official data, he became the director of Adriftmorn Limited.
The actor declined to comment on the subject, albeit a Scottish Sun informant has hinted that Kiernan is trying to get involved in a "developing catering industry" in Glasgow.
“The sea belongs to us”: deprived of access to the sea, Bolivia hopes that the judgment will reopen its way to the Pacific
Sailors are patrolling the vicinity of the naval base in La Paz.
From public buildings there are blue flags.
In naval ports from Lake Titicaca to the Amazon there is the following motto: "The sea is ours by law.
Getting it back is our duty.”
In not having access to the sea of Bolivia, the memory of the shoreline lost to Chile in a bloody conflict over resources from the 19th century is still alive. Quitely like dreams of re-sailing in the Pacific Ocean.
These hopes are perhaps the greatest in several decades. Bolivia is awaiting the judgment of the International Court of Justice. It is to be handed down on October 1 after a five-year trial.
"Bolivia's actions are gaining momentum. Residents are unanimous, optimistic and are counting on a favorable verdict," Bolivian diplomat Roberto Calzadilla said.
Many Bolivians across the country will jointly watch the meeting of the International Court of Justice. They hope that the Hague-based organization will recognize Bolivia’s claim and, after decades of fruitless talks, Chile will have to enter into negotiations to grant the state independent access to the sea.
Evo Morales, Bolivia's charismatic president, who will face a controversial re-election battle next year, also puts hope in Monday's ruling.
"We're very close to returning to the Pacific," he vowed at the end of August.
However, some analysts say that the chances of a favorable ruling for Bolivia are small, and that even a favorable decision would not change much.
The Hague-based United Nations have no authority to confess Chile to Bolivia. It also stipulated that it will not affect the findings of possible talks.
As Paz Zárate, a Chilean specialist in international law said, the decision of the International Court of Justice will be issued six months after the presentation of the final arguments. Such a short time shows that the matter “was not complicated.”
Unluckily, Bolivia's past four years have been able to distance the country from its target.
“The issue of access to the sea has been appropriated by the current Bolivian administration,” said Paz Zárate.
Morales' relentless rhetoric deprived the Chileans of any remnants of goodwill, she suggested.
Bolivia and Chile will resume talks at some point, but it will be very difficult in the face of the situation.
There has been no exchange of ambassadors for both countries since 1962.
Eduardo Rodríguez Veltzé, a former president and Bolivia's representative in The Hague, disagreed with the opinion that the court's decision-making process was extremely swift.
Monday will bring Bolivia a "unique opportunity to start a new era in terms of relations with Chile" and an opportunity to "end the 139-year-old period of disputes involving mutual benefits," he said.
Calzadilla also denied that Morales, still one of Latin America’s most popular presidents, used the topic of access to the sea as part of a political game.
"Bolivia will never give up the right of access to the Pacific Ocean," he added.
“Judgment is an excellent opportunity to believe that we need to deal with the past.”
North Korean authorities say nuclear disarmament will not happen until they can trust the United States.
Norther Korea's foreign minister, Ri Yong Ho, states that his nation will never get rid of nuclear weapons as long as it can trust Washington.
Ri spoke at the U.N. General Assembly on Saturday.
He urged the United States to keep its promises made during the Singapore summit between the leaders of the two countries.
His comments came at a time when U.S. Secretary of State Mike Pompeo appears to be on the brink of resuming suspended nuclear diplomacy more than three months after a meeting in Singapore with North Korean leader Kim Jong Une.
Ri argues that it is a “gloom” that the failure to abolish sanctions and the U.S. opposition to the declaration ending the Korean war has ever brought North Korea to its knees.
Washington refuses to agree to sign the declaration without Pyongyang first taking concrete disarmament steps.
Both Kim Jong Un and U.S. President Donald Trump want another meeting.
However, there is widespread skepticism that Pyongyang is serious about decommissioning the arsenal, which is seen in North Korea as the only means to guarantee safety.
Pompeo plans to visit Pyongyang next month in preparation for Kim-Trump's second summit.
Parish fashion shows herald the appearance of the latest line of great headgear in clothing stores.
If you want to enlarge your collection of hats or completely cover yourself from the sun, then we have good information for you.
Fashion designers Valentino and Thom Browne have unveiled a range of crazy, oversized headgear included in their 2019 summer collection that dazzled in style during Paris Fashion Week.
Extremely impractical hats towered on Instagram this summer. These designers decided to present their stunning creations on the catwalk.
Valentino's distinguished work was a giant beige hat decorated with a wide, feathered roundabout flooding the models' heads.
Other oversized accessories included watermelons decorated with jewels, a wizard’s hat, and even a pineapple, but they were not designed to warm the head.
Thom Browne also showed off a number of peculiar masks — just in time for Halloween.
Many colorful masks had their lips sewn up and were more reminiscent of Hannibal Lecter's style than haute couture.
One creation resembled diving equipment with snorkel and glasses, and another looked like molten ice cream.
And if you don't want to break up with great fashion, you're lucky.
Observers of styles predict that huge hats can go to clothing stores.
Unsized hats follow “La Bomba”, a straw hat with a 61 cm wide roundabout, which was already worn by everyone – from Rihanna to Emily Ratajkowski.
The iconic brand behind this extremely impractical hat, which spilled through social media, presented another great creation on the catwalk – a straw beach bag almost as large as the model wearing it in a swimsuit.
The burnt-off orange raffia bag, finished with raffia tassels and topped with a white leather handle, stood out in the Jacquemus La Riviera collection for the 2019 summer season during Paris Fashion Week.
Luke Armitage, celebrity stylist FEMAIL: “I expect large hats and beach bags to appear in stores the next summer – due to the fact that the designer managed to make such a big impact, it would be difficult not to take advantage of the demand for oversized accessories.”
John Edward: language skills necessary for citizens of the world
Independent schools in Scotland are constantly enjoying their scientific achievements – in 2018 they were able to boast further outstanding exam results, supported by individual and collective successes in sports, arts, music and other social endeavors.
Represented by the Scottish Council of Independent Schools (SCIS), schools attended by more than 30,000 pupils across Scotland are aiming to provide the best level of service provided to pupils and parents.
Independent schools aim to prepare students for further and higher education, their chosen career path and to indicate their role as citizens of the world.
As an educational sector with the opportunity to develop and implement a curriculum tailored to the needs of the school, we can see that modern languages are still popular and desirable subjects to choose from in schools.
Nelson Mandela once said, “If you talk to another man in a language he understands, then it goes into his head.
If you speak to him in his own language, it goes to his heart.”
This is a clear reminder that we can't rely only on English when we want to build relationships and trust with people from other countries.
The results of the last exam this year show that languages rank first in the league rankings, with the highest pass rates occurring for independent schools.
A total of 68 percent of students who studied foreign languages received a higher A grade.
Data collected from 74 SCIS member schools found that 72 per cent of pupils scored A in Mandarin, and 72 per cent of German learners, 69 per cent of French learners and 63 per cent of Spanish learners also earned an A rating.
This demonstrates that independent schools in Scotland support foreign languages as the necessary skills that children and young people will undoubtedly need in the future.
Currently, language learning, as electives, is conducted in the same scope as learning STEM subjects (science, technology, engineering and mathematics) as part of curriculars in independent schools and elsewhere.
A 2014 study conducted by the UK Commission for Employment and Skills found that employers had a 17 percent lack of candidate language skills as a reason for difficulties in staffing vacancies.
That is why language skills are increasingly becoming a necessity to prepare young people to start their professional careers.
These skills are essential in a globalised world with a growing number of jobs requiring knowledge of languages,
A lifelong skill, such as learning a second language, will provide a huge advantage in the future – regardless of your chosen path of professional development.
The ability to communicate directly with people from other countries automatically increases the chances of a multilingual person in relation to competition.
According to a 2013 YouGov poll attended by more than 4,000 British adults, 75% of them were unable to speak a foreign language well enough to have a conversation, and the French language was the only language whose percentage of speakers was double-digit, i.e. 15%.
That’s why investing in teaching foreign languages is so important for today’s children.
Knowing several languages, in particular the languages of developing economies, will provide children with a better chance of finding suitable employment.
In Scotland, each school will be different in terms of the languages taught.
Many schools will focus on more classic modern languages, while others will teach languages that are most important to the UK in the perspective of 2020, such as Mandarin or japanese.
Regardless of the interests of the child, there will always be many languages to choose from in independent schools, which will be taught by specialized teaching staff in this area.
Scotch independent schools are committed to creating a teaching environment that will prepare children and arm them with the skills necessary to succeed – regardless of what the future holds for them.
Currently, there is no denying that, in the international business environment, languages are still crucial for the future of the country, and so this must be reflected in education.
Modern languages should be treated as “international communication skills.”
Independent schools will continue to offer Scottish youth a great selection, diversity and level.
That's just the way it belongs.
John Edward, President of the Scottish Council of Independent Schools
LeBron's debut in the Lakers on Sunday in San Diego.
Fans wanting to see LeBron James' debut at the Los Angeles Lakers have finally arrived.
Luke Walton, the Lakers coach, announced that LeBron James will play in Sunday's pre-season game against the Denver Nuggets team in San Diego.
It's not yet clear how many minutes he'll be playing.
"More than one, but less than 48," Walton said on the Lakers team's official website.
Lakers reporter Mike Trudell announced on Twitter that James will most likely play an incomplete number of minutes.
After training that took place earlier this week, James was asked about his plans for six pre-season Lakers games.
“At this stage of my career, I don’t need to take part in pre-season matches to prepare,” he said.
Trump's election rally in West Virginia, YouTube channel
President Donadl Trump is starting a series of campaign rallies this evening in Wheeling, West Virginia.
It's the first Trump-planned campaign rallies to be held next week, along with stopovers at friendly venues such as Tennessee and Mississippi.
Along with a vote confirming the suspension of his election to fill a vacant position in the Supreme Court, Trump seeks to build support in the forthcominging election at the halfway point of government, as Republicans may face a loss of control over Congress when the votes are cast in November.
At what time will Trump’s campaign rally take place in West Virginia this evening, and where will you be able to watch it online?
Trump's campaign rally in Wheeling, West Virginia, will take place today at 19.00 p.m., i.e. Saturday, September 29, 2018.
Trump's campaign rally in West Virginia can be followed live online on YouTube.
Trump is likely to speak out about this week's hearings of Supreme Court nominated candidate Brett Kavanaugh, which took place in a tense atmosphere over allegations of sexual misbehavior, as well as an anticipated Senate vote to suspend selection for a period of up to one week, in terming the FBI's investigation.
However, the main goal of this series of campaign rallies is to provide support to Republicans facing difficult November elections.
That's so, President Trump's five-voltage campaign next week aims "to mobilize volunteers and supporters to assist Republicans in protecting and expanding the majority in the Senate and the House of Representatives."
“Congressional scrutiny is such an important point in the president’s timetable that he will visit as many states as he approaches the hottest season of the campaign,” Trump said.
Today’s election rally at the Wesbanco Arena in Wheeling can attract supporters from “Ohio and Pennsylvania, as well as the attention of the media from Pittsburgh” — West Virginia Metro News.
On Saturday, Trump will visit Western Virginia — the state where he won by more than 40 percentage points in 2016 — for the second time in the last month.
Trump is trying to help West Virginia's nominee for the Senate, Republican Patrick Morrisey losing in the polls.
“That’s not a good sign for Morrisey when the president arrives to support him in polls,” Simon Haeder, a political scientist at West Virginia University.
Ryder Cup 2018: United States team shows fighting spirit, maintaining hope of victory in Sunday's singles
After three unilateral sessions, the foursome format taking place on Saturday afternoon could have been what Ryder Cup needed.
The ragging pendulum of momentum is a completely invented sports concept, but one in which the players really believe, and already the most at such competitions as these.
So what's their momentum like at this point?
"They've led by six points, and now they're only leading four, so I think we have a little momentum," Jordan Spieth said.
Europe, of course, leads by four points, while there are still twelve to be scored.
The Americans, Spieth says, however, feel the wind in their sails and have worthy role models, especially in the form of Spieth and Justin Thomas, who played together throughout the day and each of them could boast getting three points out of four.
Spieth is dangerous in all areas and sets an example.
Screams at the entire throat, which are a sign of excitement, became louder and louder during the duration of his round, sinking a key putt and winning the match when he and Thomas scored two holes in two strokes.
His rebounce on the ground, which gave them victory with a score of 15, was met with a similar cry – one that makes it clear that the American team is still in the game.
"It's enough to focus and worry about your own match," Spieth said.
That's all that's left for each of these players.
18 holes to victory.
The only players who have scored more points in the last two days than Spieth and Thomas were Francesco Molinari and Tommy Fleetwood, an undeniable Ryder Cup story.
A strange but charming pair of the European team won four out of four and were not mistaken.
“Moliwood” is the only couple who didn’t score bogey on Saturday afternoon, but also escaped the bogeys on a Saturday morning, Friday afternoon, and back nine on Friday morning.
The way of playing and how their energy seems to flow both to and from the noisy crowd proves that these players should be defeated on Sunday, and that there is no better player than Fleetwood or Molinari, who could seal the potential victory of the European team at Le Golf National.
It would be best if they played at the same time on different pits.
However, it is too early to talk about the victory of the European team.
Bubba Watson and Webb Simpson quickly played Sergio Garcia, the fourth-ball hero when he was paired with Alex Noren.
Bogey and the two-double-double-double on the front nine dug the Spaniard and Swede into a hole they would never get out of.
There's no one on Sunday who can help you get out of the hole.
Fourball and foursome formats are as fascinating due to interactions between couples, the advice they give, the advice they don’t give, and how in an instant there may be a change of strategy.
Europe has so far played better as a team and has taken a significant advantage on the last day, but the foursome session has also shown that the U.S
Europe with a score of 10-6 takes the lead in the Ryder Cup's final day.
Europe with a significant advantage on the last day of Ryder Cup after the win with the result of 10-6 Saturday's fourball and foursom matches with the United States.
Inspired duo Tommy Fleetwood and Francesco Molinari launched a charge with two victories over the struggling Tiger Woods, boosting their previous score at Le Golf National to four points.
Thomas Bjorn's European team trying to preserve the trophy he lost at Hazeltine two years agore dominated the unaimed American team in the morning fourball format, winning the series with a 3-1 result.
The U.S. put up more resistance in foursome format, winning two matches but couldn't make up for losses.
To preserve the trophy, Jim Furyk's team must score eight points from 12 singles, which will take place on Sunday.
Fleetwoode is Europe's first runner-up to score four points in a row, while along with Molinari (this team was named "Molliwood" after a sensational weekend) are just the second pair in Ryder Cup's history, having scored four points in their four opening games.
After crushing Woods and Patrick Reed in fourball format, they beat the pumped-out Woods and American debutant Bryson Dechambeau with an even more empathetic 5&4 score.
Woods, who struggled for two Saturday games, occasionally showed glimpses of genius, but so far has lost 19 of his 29 games in fourball and foursome formats, seven in a row.
Justin Rose, who did not take part in the morning fourball format, returned to Henrik Stenson in foursome format to defeat 2&1 Dustin Johnson and Brooks Koepka, who ranked 1 and 3.
The European team, however, did not all go their way on this pleasant, cold day in a field southwest of Paris.
Three-time lead winner Jordan Spieth and Justin Thomas set a benchmark for the Americans, scoring two points on Saturday.
They won a decisive victory with a 2&1 score over Spaniard Jon Rah and Ian Poulter in fourball format and came back later to beat Poulter and Rory McIlroy with 4&3 a foursome format, losing two opening holes.
Only twice in Ryder Cup's history has it happened for the team to make up for a four-point loss by starting the singles, although it would only be enough for Furyk's team to keep the trophy.
Taking, however, before two days second place, Sunday's counter-attack seems rather unlikely.
Northern Korea says "state-of-the-line no" unilateral disarmament without trust.
North Korea's foreign minister said Saturday during a speech at the U.N. that the failure to lift sanctions only exacerbates North Korea's lack of confidence in the United States and there is no way that the country has unilaterally given up its nuclear weapons under such circumstances.
Ri Yong Ho said at the Annual General Assembly that North Korea took "significant measures of goodwill" last year, such as halting nuclear and missile tests, dismantling nuclear test sites and a commitment to non-proliferation of weapons and nuclear technology.
“But we don’t see any specific response from the U.S.,” he said.
“Without confidence in the United States, there will be no guarantee of our national security, and under such circumstances there is no unilateral disarmament of North Korea.”
While Ri reiterated his well-known North Korean complaints about Washington’s dislike of “gradual” approach to denuclearization, under which North Korea would be rewarded for gradually taking action, its statement appeared to be significant because it did not reject unilateral denuclearization, as happened in the past.
Ri referred to a joint statement issued by Kim Jong Un and Donald Trump at the first-ever summit between the incumbent president of the United States and North Korea's leader on June 12, when Kim Jong Un pledged to work to "denuclearize the Korean peninsula," and Trump pledged North Korea's security assurances.
North Korea expected a formal end to the Korean War (1950-1953), but the U.S. delegation announced that Pyongyang must first give up nuclear weapons.
Washington has also resisted calls to ease harsh international sanctions against North Korea.
"The United States insists on "denuclearization in the first place" and increases the pressure through sanctions to achieve its goal in a forced manner, opposing even the signing of a "declaration to end the war," Ri said.
“The belief that sanctions can bring us to our knees are the glooms of people who act towards us in an ignorant way.
However, the problem is that the failure to abolish sanctions exacerbates our distrust.”
Ri did not mention plans for a second summit between Kim Jong Un and Donald Trump, which the leader of the United States spoke about at the beginning of the week at the U.N. forum.
Instead, the minister highlighted three meetings between Kim Jong Un and South Korean leader Moon Jae-in over the last five months, after which he added: "If South Korea, rather than the United States, party to denuclearization did not occur at the time."
Mim this, the tone of Ri's speech was completely different compared to last year, when he said during the U.N. General Assembly that targeting North Korea's missiles on U.S. territory is inevitable after "Mr Evil President" Trump (Mr. Bad President Trump) called Kim Jong Un a "rocket man" on a suicidal mission.
This year at the U.N. forum Trump, which last year threatened the "total destruction" of North Korea, praised Kim Jong Un for his courage in taking steps for disarmament, but he also said he still needed to put a lot of work into, and he also stated that until North Korea was deprived of nuclear weapons, sanctions would not be lifted.
On Wednesday, Trump said he didn't set a timeframe for it, saying, "Whether it takes two years, three years or five months, it doesn't matter."
China and Russia say the U.N. Security Council should reward Pyongyang for the steps taken.
However, U.S. Secretary of State Mike Pompeo told the U.N. Security Council on Thursday that “Enforcing security council sanctions must continue and continue until we determine full, final and verified denuclearization.”
Since 2006, the Security Council has unanimously tightened sanctions against North Korea in an attempt to quell Pyongyangu's nuclear and ballistic missile program.
Pompeo met Ri outside the U.N. General Assembly forum and later said he would revisit Pyongyang next month in preparation for his second summit.
Pompeo has visited North Korea three times this year, but his last visit cannot be called a success.
He left Pyongyang in July, saying progress had been made, after which within a few hours North Korea condemned him for "making gangster demands."
North Korea pledged this month at a meeting with Moon Jae to dismantle a missile testing site and a nuclear complex if the U.S. takes "appropriate measures."
He said Kim Jong Un told him that the "appropriate measures he cares about are security guarantees that Trump has pledged to provide in Singapore, and take steps to normalize relations with Washington."
Harvard students attend a course on adequately lengthy rest
A new course at Harvard University held this year has provided all students with more sleep, which was aimed at tackling a growing macho culture involving learning by "all-night caffeine-powered students."
Academic students from the best university in the world often have no idention of the basics of taking care of themselves.
Charles Czeisler, professor of sleep medicine at Harvard Medical School and specialist at Brigham and Women's Hospital, has developed a course that he believes is the first of its kind in the United States.
To create the course, he was inspired by giving a speech about the impact of sleep deprivation on science.
“At the end of the speech, one girl approached me and said, ‘what’s only being said to me now that I’m in my senior year?”
She stated that no one had ever told her about the importance of sleep, which surprised me," The Telegraph said.
During the course, which took place for the first time this year, it is explained to students how good sleep habits help in achieving good academic and sports performance, as well as improving the overall well-being of students.
Paul Barreira, professor of psychiatry at Harvard Medical School and chief executive of the university's health service, said the course was decided to introduce after it was found that students had suffered from a severe lack of sleep within a week.
An hour-long course includes a number of interactive tasks.
One section includes an image of a dorm room where students click coffee cups, curtains, exercises and books for information about the effects of caffeine and light and how sleep deprivation affects athletic performance, as well as how important it is to maintain sleep regularity.
In another section, participants learn how long-term lack of sleep can increase the risk of heart attack, stroke, depression and cancers.
A campus map with interactive icons encourages participants to reflect on their daily routine.
“We know this won’t result in an immediate change in student behavior.
But we believe they have a right to know — just as everyone has the right to know the health effects of cigarette smoking,” Professor Czeisler added
A culture of pride from "all-night science" still exists, he said, adding that modern technology and ever-growing pressure on students means an ever-increasing problem of lack of sleep.
Ensuring enough good-quality sleep should be a “secret weapon” of students that combats stress, exhaustion and anxiety, and even avoids gaining weight, because lack of sleep causes the brain to go into starvation, making the student constantly hungry.
Raymond So, a 19-year-old Californian studying chemical and physical biology, assisted Professor Czeisler in developing the course after taking one of his classes last year during his freshman year at Harvard.
He said the course opened his eyes and inspired him to push to introduce a course for the entire campus.
The next step according to him is to ask all postgraduate students to complete a similar degree program before moving on to a competitive institution.
Professor Czeisler recommended that students set an alarm reminding them when you need to go to sleep and when you need to get up, as well as to be aware of the detrimental impact of “blue light” emitted by electronic device screens and LED lighting, which can upset the circadian rhythm and lead to problems with falling asleep.
Livingston 1 - 0 Rangers: Menga gets Gerrard's team
Rangers once again suffered during a away fight in Livingston when Dolly Menga with his shot led to the defeat of the dismantled Steven Gerrard's dismantled team, yielding a 1-0 score.
The Ibrox Stadium team wanted to record its first victory since the February 4-1 triumph over St Johnstone, but Gary Holt's team beat Gerrard for the second time in 18 games, causing his team a difference of eight points against Ladbrokes Premiership - Hearts.
Menga scored a goal seven minutes before the end of the first half, and the Rangers line-up showing a lack of commitment didn't look like he was going to improve.
While Rangers recorded a drop in sixth place, Livingston climbed third — just behind Hibernian at the loss of one goal.
The Rangers team may be in more trouble due to having to bear the wound of Liner referee Calum Spence after he was hit with an object thrown from the guest stands.
Gerrard made eight changes to the team, allowing him to overtake Ayr and move on to the Betfred Cup semi-finals.
Holt, in turn, went through with the same eleven Livingston, who took a point to the Hearts team last week, being delighted with the way his well-trained team tired at every step of his opponents.
Rangers may dominate possession of the ball, but it was the Livingston team that did more with the ball once they got it.
They should have scored in just two minutes, when Menga's first line-up of the ball allowed Scott Pittman to face Allan McGregor's goal, but the midfielder did not take his chance.
Keaghan Jacobs then addressed a deep free kick to Captain Craig Halkett, but his team-mate Alan Lithgow playing in the defending position could only stay in the back position.
The Rangers regained control in the third quarter, but it looked as if they had more hope than believing in their game.
Alfredo Morelos certainly acknowledged that he deserved a penalty kick fifteen minutes before the end of the game when he and Steven Lawless bumped into each other, but referee Steven Thomson dispelled the Colombian's claim.
Rangers managed to fire only two goals in the first half, but former Ibrox goalkeeper Liam Kelly was barely concerned about Lassana Coulibala's head and Ovie Ejaria's faint shot.
While Livingston's 34-minute opening goal may have been opposed to the course of the game, no one can deny that they deserved him for the very effort put into getting it.
Again, Rangers couldn't handle the deep fixed fragment of the game made by Jacobs.
Scott Arfield didn't react when Declan Gallagher threw the ball into Scott Robinson, who retained calm, giving to Menga for a simple finish of the action.
Gerrard was not idle at half-time and replaced Coulibaly with Ryan Kent—which almost immediately made an impact on the winger who threw the ball into Morelos, but the impressive Kelly managed to block it, coming from his position.
Livingston continued to drag guests into the game exactly as they like when Lithgow and Halkett made long passes one after the other.
Holt's team may have increased the lead in the final minutes, but McGregor pawned well in front of Jacobs, after which Lithgow dismissed the game from the corner.
Rangers' reserve, Glenn Middleton, once again hoped for a penalty kick as he tangled with Jacobs, but Thomson turned his gaze again.
Almanac: Geiger's meter inventor
And now the page from our “Sunday Morning” Almanac: September 30, 1882 — 136 years ago... the day the future physicist Johannes Wilhelm “Hans” Geiger was born in Germany.
Geiger developed a method to detect and measure radioactivity that eventually led to the formation of a device known as a Geiger counter.
Since then, Geiger’s counter has become both an element of science and pop culture, such as the 1950 film “Bells of Coronado,” starring these seemingly unlikely cowboy-scientists Roy Rogers and Dale Evans:
Man: “What the hell is it?”
Rogers: “It’s a Geiger counter that is used to locate radioactive minerals such as uranium.
When you put on these headphones, you’ll hear the effects of atoms emitted by radioactive minerals.”
Evans: “You can hear something right now!”
"Hans" Geiger died in 1945, a few days before his 63rd birthday.
But the invention that bears his name has survived to this day.
A new cancer vaccine can teach the immune system to "see" hostile cells.
A new cancer vaccine can teach the immune system to “see” hostile cells and destroy them
The vaccine teaches the immune system to recognize enemy cells as part of treatment.
This method consists in separating immune cells from the patient and changing them in the laboratory.
Then they can “see” a protein common to many cancers. Then they are re-injected into the body.
The trial vaccine shows promising results in patients with different types of cancers.
In one woman treated with an immune-treating vaccine to recognize enemy cells, ovarian cancer atrophy was observed for more than 18 months.
The method consists in separating immune cells from the patient, changing them in the laboratory, so that they can “see” a protein common to many cancers called HER2, and then re-injecting these cells to the patient.
Professor Jay Berzofsky of the U.S. National Cancer Institute in Bethesda in Maryland said, "Our results indicate that this vaccine is promising very well."
HER2 “drives the growth of several types of cancers”, including breast, ovarian, lung and colorectal cancer, Professor Berzofsky explained.
A similar approach of taking immune cells from patients and “teaching” their location of cancer cells worked in the treatment of some type of leukemia.
Kanye West embarks on a pro-Trump diatribe on Saturday Night Live, with a MAGA cap on its head.
It didn't go very well.
Kanye West was "hugged" at the studio over the course of Saturday's Saturday Night Live show after praising U.S. U.S. President Donald Trump and said he would run for office in 2020.
After performing his third song titled Ghost Town that night, during which he wore a hat with the inscription "Make America Great," he conducted an argument against the Democrats and re-expressed his support for Trump.
“Whenever I talk to white people, I hear, ‘How can you like Trump? He’s a racist!”
“If I was concerned about racism, I would have moved out of America a long time ago,” he said.
The SNL's program began with a sketch with Matt Damon, in which the Hollywood star mocked Brett Kavanaugh's testimony filed before a Senate judiciary on allegations of sexual assault brought by Christine Blasey Ford.
Even though it wasn't streamed, footage of West was uploaded to social media by comedian Chris Rock.
It's not known if Rock wanted to mock West by posting the post.
In addition, West complained to the audience that he had problems with his hat behind the scenes.
“They looked at me behind the scenes.
They told me not to come out with that hat on my head.
They've caught up with me!
And then they say I have no choice," he said, "The Washington Examiner.
West continued, “Are you saying I don’t have a choice?” adding, “I’m going to put on a supermena cape, so you won’t be able to tell me what to do. Do you want the world to move forward?
Let’s accept ourselves.”
His words twice provoked “booming” to the audience, and members of the SNL team looked embarrassed – reports Variety. A person in the studio during these events: “In the studio there was grave silence.”
West was invited to the show in place of singer Ariana Grande, whose ex-boy, rapper Mac Miller, had died a few days earlier.
West intrigued many with the performance of the track I Love it in the disguise of a Bottle of Perrier water.
West got support from Conservative TPUS group boss Candace Turner posted the following tweet: "To one of the bravest: THANK YOU FOR PUTTING YOURSELF TO THE MAFIA."
TV host Karen Hunter on her Twitter account said West simply "was himself and it's absolutely wonderful."
“However, I will NOT reward a person (by purchasing her music or clothes or supporting their ‘arts’), who, I think, accepts and spreads an ideology harmful to my community.
He's free.
We are also free," she added.
In front of the show, the rapper announced on Twitter that he had changed his name and that he was now "formally called Kanye West."
However, he's not the first artist to change his name — he follows in the footsteps of Diddy, also known as Puff Daddy, Puffy and P Diddy.
A friendly rapper, Snoop Dogg, adopted the name Snoop Lion, and the music legend, Prince, changed his name into a symbol, and then an artist formerly known as Prince.
Accusation of attempted manslaughter in Belfast restaurant stabbing
A 45-year-old man has been charged with attempted murder after he stabbed a man at a restaurant in eastern Belfast on Friday.
The incident happened in Ballyhackamore, police reported.
The defendant is due to appease on Monday before a settlement court in Belfast.
The charges will be investigated by the prosecutor's office.
Game of Thrones star Kit Harington raises the issue of toxic masculinity
Kit Harington is known for his role as Jon Snow in a medieval HBO television series "Game of Thrones."
The 31-year-old actor struck the stereotype of a macho hero, saying that showing such roles on the screen causes young boys to often think they had to play tough guys to be respected.
Giving an interview to Sunday Times Culture, Kit stated that "something went wrong" and wondered how to deal with the problem of toxic masculinity in the #MeToo era.
Kit, who recently married his partner from the Game of Thrones set, 31-year-old actress Rose Leslie, acknowledged that he felt "quite confident," raising the issue.
“Personally, I’m feeling pretty confident at this point — where we made a mistake about masculinity?” he said.
“What did we teach men during their adolescence, from the perspective of the problem we’re dealing with right now?”
Kit believes that the development of toxic masculinity may be partly responsible television due to the depiction of very masculine characters.
He continued: "What attitudes are innate, and how learned?
What he learns on TV and on the streets, what makes young boys begin to think that they have to stand on a certain side to be a man?
I think this is one of the most important issues of our time – what can be done to change this?
It’s clear that things aren’t okay with young men.”
In the interview, he also confessed that he would no longer star in any prequel or sequel Game of Thrones after completing the series the following year, saying he had "ended up with battlefields and horses."
From November, Kit will star in Sam Shepard's "True West," which is a story about a cinematographer and his brother, a thief.
The actor recently revealed that he considers getting to know his wife Rose as the best thing that happened to him in Game of Thrones.
“On set, I met my wife, which provided me with my future family and my new life,” he said.
In this award-winning Emmy, fantasy series Rose played Ygritte — an object of love interests of a character played by Kit, Jon Snow.
The couple married in June 2018 on the grounds of Leslie's family estate in Scotland.
HIV/Aids: China reports 14 percent increase in new cases
China has announced a 14 percent increase in the number of citizens living with HIV and suffering from AIDS.
More than 820 000 people are affected, according to the country's health workers.
In the second quarter of 2018 alone, about 40 000 new cases were reported.
The vast majority of new cases were sexually transmitted, a change from the past.
Traditionally, HIV spreads rapidly in some parts of China as a result of a transfusion of infected blood.
However, the number of people infected in this way has been almost completely reduced, Chinese health officials said at a conference in Yunnan province.
However, year-over-year the number of people living with HIV and suffering from AIDS in China has increased by 100,000 people.
Sexually transmitted HIV is a serious problem in China's LGBT community.
Homosexualism was decriminalized in China in 1997, but discrimination against LGBT people is widespread.
Taking into account the conservative values of the country, the study estimates that 70–90% of men having sex with men will eventually marry a woman.
Many cases of transmission of the disease are due to insufficient protection when having sex in these relationships.
Since 2003, the Chinese government has ensured universal access to HIV drugs as part of efforts to combat this problem.
Maxine Waters denies that one of her team members has leaked data from Republican senators — “dangerous lies” and “conspiracy theory.”
U.S. Home Member Maxine Waters on Saturday dismissed allegations that a member of her team posted the personal details of three Republican senators on Wikipedia pages of the aforementioned lawmakers.
A member of the Los Angeles-based Democrat Party said the accusations were put forward by experts and websites linked to "ultra-Right wings."
"Lies, lies and even more nefarious lies," Waters said in a Twitter statement.
The public information reportedly included U.S. U.S. Senators Lindsey Graham from South Carolina and Mike Lee and Orrin Hatch from Utah.
It was posted by an unknown person on Capitol Hill during a Senate panel hearing on allegations of sex offenses against Supreme Court nominee Brett Kavanaugh.
The spill occurred some time after Kavanaugh's candidacy was challenged by three senators.
Conservative sites such as Gateway Pundit and RedState reported that the IP address identifying the source of the posts was linked to the Waters cabinet and had published information about the Waters team member, Hill reported.
"This unfounded allegation is completely false and it's a one hundred percent lie," Waters continued.
“A member of my team – whose identity, personal information and security was compromised as a result of these fraudulent and false allegations — was in no way responsible for the leakage of this information.
This unfounded allegation is completely false, and it is a one hundred-percent lie.”
Waters's statement quickly drew criticism online, including from Ari Fleischer — a former White House spokesperson.
"Such a way of denial is bad," Fleischer wrote.
“This suggests that she doesn’t have the temperament to be a Member of Congress.
When someone is accused of something they didn't do, they can't be angry.
He can't provoke.
It cannot question the motives of the person making the allegations.
He has to stay calm for that.”
Fleischer seemed to compare Waters' reaction to criticism of the Democrats against Judge Kavanaugh, which was accused of displaying excessive anger during Thursday's interrogation.
Omar Navarro, the Republican candidate running in the mid-term election to replace Waters, also expressed his thoughts on Twitter.
"That's a big deal, if that's true," he tweeted.
In her statement, Waters said her cabinet had notified "the competent authorities and law enforcement agencies of these fraudulent accusations."
“The perpetrators will be unmasked and held accountable for all of their actions that pose a threat to any of my team members,” she said.
Johnny English: Knockout is a spy parody with the weakened Rowan Atkinson
Looking for references to Brexit in every new film with a British thread has already become the norm. This seems to apply to a new part of the action and comedy film series “Johnny English”, which began in 2003 with the film “Johnny English” and has returned to cinema screens in 2011 with the film “Johnny English: Reactivation”.
Will a self-jimmy satire on how hopeless we are become the country's new export commodity?
In any case, eternally astonished, characterized by a rubber face, incompetent Johnny English was again licensed to screw up — his name more than anything else signals that it was an elaborate, comic-oriented product intended for non-English-speaking viewers.
Of course, he's a silly secret agent who, despite his bizarre tastes for smoothie glamour, has a bit from Inspector Clouseau, a pinch of Jasio Fasola and a cape from this guy adding one note to the melody of the Chariots of Fire theme at the opening ceremony of the 2012 London Olympics.
In the past, he was also a traveler and a world man-secret — Atkinson once starred in Barclaycard’s forgotten TV commercials, in which he left chaos.
In the latest Johnny English movie, there are one or two moments worthy of attention.
I really liked the scene in which Johnny English approached the helicopter, being dressed in medieval armor, while his helmet was rhythmically struck by rotor blades.
On the screen you can clearly see Atkinson’s gift for physically playing comedy, but the sense of humor seems to be quite low-fly and unnecessary, especially since nowadays also “serious” film brands, such as 007 and Mission Impossible, offer comedy elements as part of the film.
Humorous elements seem to be aimed at children rather than adults – in my other, the crazy adventures of Johnny English are not as ingenious and coherent as the gags in Atkinson’s mute films about Jasie Beans.
It's always been a time-to-date assumption that Britain is in serious trouble.
A cyberhacker penetrates the British super-secret network of spies, revealing the identity of all British agents operating in the field — much terrified of an agent in the duty, Kevin Eldon, which unfortunately played a small role.
This is the last drop in the spell of the prime minister’s bitterness, which is a pompous, wasted figure already suffering from a nervous breakdown caused by a lack of political popularity: Emma Thompson is doing everything she can, taking on the role of Theresa May, but the scenario doesn’t give her the opportunity to develop her wings.
Her advisers from the intelligence agency inform her that due to the disclosure of the identity of all active spies, she will have to return one of the retired agents to service.
And that means an inept Johnny English himself, currently employed as a teacher at some elegant school, giving unofficial lessons on how to become an undercover agent — a couple of nice gags while giving espionage lessons through English.
English is summoned to Whitehall for the briefing, reconnecting with his former midfielder Bough, played again by Ben Miller.
Bough is now a married man associated with the commander of a submarine — a cheerful but somewhat tired character played by Vicki Pepperdine.
So Batman and Robin's part-timber in Her Majesty's secret service return to action, encountering the beautiful femme fatale Ophelia Bulletova, a character played by Olga Kurylenko.
Meanwhile, the prime minister is dangerously possessed by a charismatic tech billionaire, who says he can solve Britain’s computer problems — it’s the ominous Jason Volta, played by Jake Lacy.
English and Bough begin their crusade made up of absurd situations: dressed as waiters setting fire to a French restaurant; introducing chaos, sneaking aboard a luxury Volta yacht; and English wreaks havoc when using a virtual reality set in order to get acquainted with the interior of Volta's house.
In the latter sequence, all restrictions disappear, however, despite the nice and loud performance, the whole film is very similar to children's television.
A typical medium.
As with other Johnny English films, I couldn't resist the thought: cann't Britain's film industry give Rowan Atkinson a role that would really suit his talent?
Labour denies that it is developing a plan, which foresees a four-day working week for Britons, for which they will receive remuneration in five days
Jeremy Corbyn's Labour party will consider introducing a radical plan under which Britons will work four days a week, receiving pay in five days.
The party reportedly wants company bosses to pass on to workers the austerities gained through a revolution related to the development of artificial intelligence (AI), giving them an extra day off.
Thanks to this, employees could enjoy a three-day weekend, earning the same amount of salary.
Sources say that this idea will “fit” into the party’s economic agenda and plans to meet the country’s expectations of employees.
Moving into a four-day working week has been endorsed by the Trade Union Congress as a way for workers to take advantage of changing the economy.
A senior Labour member told The Sunday Times: "It is expected that there will be a policy change announcement before the end of this year."
“It won’t happen overnight, but a four-day working week is something that fits the party’s approach to restoring economic balance for the worker’s benefit, as well as the party’s overall industrial strategy.
The Labour Party is not the first party to support such an idea — the Green Party has pledged to introduce a four-day working week during the 2017 election campaign.
At present, however, these plans are not supported by all members of the Labour Party.
A Labour spokesperson said: "A four-day workweek is not party policy and its introduction is not under consideration."
John McDonnell, Chancellor of the shadow cabinet, used last week's Labour Conference to present his vision of a socialist revolution in the economy.
Mr McDonell said he was determined to regain power from "faceless directors" and "speculators" at utility companies.
Chancellor's plans from the shadow cabinet also mean that the current shareholders of water companies may not regain their entire participation, because the Labour government could make "deductions" based on the abuses detected.
He also confirmed plans to place employees on company boards and set up integrative equity funds in order to donate 10 percent of the equity of private sector companies to employees who receive annual dividends of up to 500 pounds.
Lindsey Graham and John Kennedy respond in the "60 minutes" program to the question of whether the FBI's investigation into Kavanaugh could make them change their mindset
The FBI's investigation into the charges against Judge Brett Kavanaugh delayed the final vote on his Supreme Court nomination by at least a week and prompted a question as to whether the findings of an investigative bureau could prompt Republican senators to withdraw their endorsement.
In an interview conducted Sunday's "60 Minutes," Scott Pelley asked Republican senators John Kennedy and Lindsey Graham whether the FBI could discover something that might lead to a change in their attitude.
Kennedy was more open-minded than his South Carolina teammate.
“Of course,” Kennedy said.
“Going to the hearing, I spoke to Judge Kavanaugh.
I called him after it happened when that allegation came out, and I asked, “Did you do it?”
He was firm, decisive and unequivocal.”
Graham's opinion, however, appears to have been carved in stone.
"I've made a decision about Brett Kavanaugh and a strong allegation is needed to change it," he said.
“Dr. Ford, I don’t know what happened, but I know this: Brett strongly denied it,” Graham added, addressing Christine Blasey Ford.
“None of the people he gives could verify it.
It's been 36 years.
I don’t think anything will change.”
What is the Global Citizen Festival event and has it contributed to reducing poverty in any way?
Next Saturday’s Global Citizen Festival will take place in New York, an annual music event that boasts an extremely impressive line-up of stars and an equally impressive mission – the eradication of poverty in the world.
For the seventh time, the Global Citizen Festival will visit tens of thousands of people coming to Great Lawn in Central Park, not only to enjoy the performances of such stars as Janet Jackson, Cardi B and Shawn Mendes, but also in order to support the achievement of the most important goal of this event, which is the liquidation of extreme poverty until 2030.
The Global Citizen Festival, launched in 2012, is an expansion of the Global Poverty Project, an international group of activists to combat poverty by increasing the number of people actively fighting it.
In order to receive a free ticket for this event (unless it was decided to buy a VIP ticket), the participants of the concert had to perform a number of tasks or “actions”, such as volunteering, sending an e-mail to a world leader, making a phone call or other significant actions to help raise awareness about the purpose of eliminating poverty.
But what successes can Global Citizen boast in the 12 years remaining to achieve its goal?
Is the idea of rewarding people with a free concert a good way to convince them to take action, or another case of so-called "clictivism," when people feel like they're doing something important by signing an online petition, or posting a tweet?
Global Citizen says it has recorded more than 19 million “actions” in support of the action since 2011, aiming to achieve many different goals.
He also argues that these actions have helped stimulate world leaders to announce more than US$37 billion worth of commitments and regulations that are expected to impact the lives of more than 2.25 billion people by 2030.
At the beginning of 2018, the group cited 390 liabilities and announcements resulting from its activities, under which at least 10 billion dollars have already been paid or financed.
The group estimates that secured funds have so far had a direct impact on nearly 649 million people worldwide.
Some of the key commitments include The Power of Nutrition, a UK partnership of investors and implementers involved in "helping children to reach their full potential," which promised to donate to Rwanda US$35 million to help eliminate malnutrition in the country, after Global Citizen members uploaded more than 4,700 tweets.
“With the support of the British government, donors, national governments and members of Global Citizen, such as you, we can make the social injustice of malnutrition go down in history” — Tracey Ullman, ambassador of Power of Nutrition, during a live concert in London in April 2018.
The group also said that after carrying out more than 5000 actions calling on Britain to improve the quality of nutrition of mothers and children, the government has announced funding for the Power of Nutrition project, which will reach up to 5 million women and children with nutritional problems.
One of the most frequently asked questions on his website, which was “When’s the certainty that extreme poverty can be eradicated?”
“It’s going to be a long and difficult road – sometimes we’re going to stumble and fail.
But just as in the case of the ersty great civil rights movements and the fight against apartheid, we will succeed because together we are stronger.
Janet Jackson, the Weeknd, Shawn Mendes, Cardi B, Janelle Monáe are among the stars performing at this year's event in New York, hosted by Deborra-Lee Furness and Hugh Jackman.
The U.S. could use the navy to “lock down” Russian energy exports — Home Secretary
Washington can resort to its navy to prevent an influx of Russian energy into markets, including those in the Middle East
Zinke maintained that Russia’s involvement in Syria, especially where it works at the invitation of a legitimate government, is an excuse to explore new energy markets.
“I believe that the reason they are in the Middle East is to want to mediate energy trading, as is the case in Eastern Europe,” he said.
According to the official, there are ways and means to solve this problem.
"The United States, thanks to its navy, has the ability to make sure that maritime routes remain open and, if necessary, create a blockade in order to ensure that their energy does not hit the market," he said.
Zinke spoke to the participants of an event organized by the Consumer Energy Alliance, a non-profit group that describes itself as the “voice of the energy consumer” in the United States.
He also compared Washington’s approach to Russia and Iran, noting that they were actually the same.
"Iran's and Russia's economic option is more or less about the use and substitution of fuels," he said, comparing Russia to a "pony who knows one trick" with an economy dependent on fossil fuels.
These statements came at a time when the Trump administration is continuing its mission to increase exports of liquefied natural gas to Europe — which is a much cheaper option for European consumers compared to Russian gas.
To this end, officials of the Trump administration, including U.S. President Donald Trump himself, are trying to convince Germany to withdraw from the implementation of the “inappropriate” Nord Stream 2 gas pipeline project, which according to Trump has made Berlin a “slaver” of Moscow.
Moscow has repeatedly emphasized that the 11-billion-dollar Nord Stream 2 pipeline, which is expected to double the existing capacity of up to 110 billion cubic meters, is purely an economic project.
The Kremlin argues that Washington’s fervent opposition to the implementation of this project is purely due to economic reasons and is an example of unfair competition.
"We believe that we share the notion that energy cannot be a tool to exert pressure and that consumers should be able to choose suppliers," Russian Energy Minister Aleksandr Novak said after a meeting with U.S. Energy Secretary Rick Perry in Moscow in September.
The position of the United States provoked a violent reaction from Germany, which confirmed its commitment to the implementation of the project.
Germany's leading industrial organisation, the Federation of German Industry (BDI), urged the United States not to interfere in the EU's energy policy and bilateral agreements between Berlin and Moscow.
“I think it’s a big problem when a third country interferes with our energy supplies,” said Dieter Kempf, head of the Federation of German Industry (BDI), after a recent meeting between German Chancellor Angela Merkel and Russian President Vladimir Putin.
Eligena Warren, a Massachusetts senator, said she would consider running for president in 2020
Elabila Warren, the Massachusetts senator, said Saturday that she would consider running for president after the mid-term election.
During a meeting in Holyoke, Massachusetts, Warren confirmed she was considering her candidacy.
“It’s time for women to go to D.C. and fix a broken government. This also applies to women holding the highest position,” she said.
“After November 6, I will consider my candidacy for the position of president.”
During the meeting, Warren mentioned President Donald Trump, saying she "leads the country in the wrong direction."
"I'm very concerned about what Donald Trump is doing with our democracy," she said.
Warren, without a garden, expressed her criticism of Trump and his Supreme Court candidate, Brett Kavanaugh.
On Twitter Friday, Warren tweeted: "Obviously we need an FBI investigation before voting."
The poll, published on Thursday, however, showed Warren's majority of voters didn't think they should run in 2020.
Fifty-eight percent of Massachusetts voters choosing the "probably" option said the senator shouldn't run, according to a poll conducted by Suffolk University Political Research Center/Boston Globe.
Thirty-two percent supported the candidacy.
The poll showed greater support for the candidacy of former Gov. Deval Patrick — 38 per cent of people supported his potential candidacy, and 48 per cent were opposed to it.
Other well-known names from the democratic camp considered in relation to the potential candidacy in 2020 are former Vice President Joe Biden and Senator Vermont Bernie Sanders.
Biden said he would make an official decision by January, the Associated Press reported.
Sharah Palin talks about Track Palin's post-traumatic stress (PTSD) syndrome during Donald Trump's campaign rally
Track Palin (26 years old) spent a year in Iraq after enlisting the military in September.
On Monday night, he was arrested and charged with domestic violence.
"What my own son is going through, what he has to go through when he returns, I understand other families who are feeling the effects of PTSD and the wounds with which our soldiers are coming back," she tolded an audience at Donald Trump's campaign rally in the city of Tulsa, Oklahoma.
Palin called her son's arrest a "taboo subject," after which she said of her son and other war veterans: "they come back a little changed, they come back hardened, they come back, wondering if they would be shown respect for what their fellow soldiers, airmen and all other members of the military had given from themselves to their country."
He was arrested Monday in Wasilla, Alaska, and was charged with domestic violence against a woman, urging to give false testimony in a report on domestic violence and possession of weapons in an intoxicated state, according to Dan Bennett, a spokesperson for Wasilla Police Department.
18 states and the District of Colombia support the fight against a new asylum policy
Eighteen states and the District of Columbia support a legal challenge to a new U.S. policy that refuses to grant asylum to victims fleeing a gang or domestic violence.
Representatives of 18 states and the district filed an amicus curiæ letter in Washington on Friday to support an asylum seeker struggling with this policy, according to NBC News.
The plaintiff's full name in the lawsuit Grace v. Sessions, which the American Civil Liberties Union filed against federal politics in August, has not been released.
She said her partner "and his violent sons from the gang" had abused her, but U.S. officials rejected her asylum application on July 20.
She was arrested in Texas.
Prosecutors of the above-mentioned states supporting Grace described El Salvador, Honduras and Guatemala, where there are a large number of asylum seekers in the U.S., as countries facing widespread problems with gangs and domestic violence.
A new U.S. asylum policy overturned the 2014 Board of Immigration Appeals decision that allowed undocumented immigrants fleeing domestic violence to apply for asylum.
Karl Racine, Attorney General of the District of Columbia, said in a Friday statement that the new policy "ignores the state, federal and international law in force for decades."
"Federal law requires that all asylum applications be considered on the basis of specific facts and circumstances, and such a prohibition violates this principle," as written in the amicus curiæ letter.
Prosecutors further argued in a letter that policies denying migrants entry would harm the U.S. economy, arguing that they could become entrepreneurs and "constitute the necessary workforce."
Attorney General Jeff Sessions in June ordered immigration judges to stop granting asylum to victims fleeing domestic violence and those caused by gangs.
"Asylum is available to those who are leaving their country of origin due to persecution or fear racially, religiously, nationally or due to belonging to a particular social group or having other political beliefs," Sessions said in his statement of 11 June on asylum policy.
Asylum was never intended to solve all the problems – even serious ones – that people from all over the world face on a daily basis.
Desperate rescue attempts in Palu in a situation where the death toll has doubled in a race aimed at finding survivors
For the survivors, the situation became more and more tragic.
"It's a very intense feeling," said 35-year-old mother Risa Kusuma, comforting her fevered son at an evacuation center in the devastated city of Palu.
“Every minute an ambulance brings bodies.
There is a lack of clean water.”
Residents were seen returning to destroyed homes, searching water-soaked belongings and trying to save anything they could find.
Hundreds of people were wounded, and hospitals, damaged by a 7.5-degree earthquake, quickly overcrowled.
Some of those injured, including Dwi Haris, who suffered spinal and shoulder fractures, rested outside the military hospital in Palu, where patients were being treated outdoors due to severe aftershocks.
Tears filled his eyes, as he recounted a violent earthquake that shooked the room on the fifth floor of a hotel he shared with his wife and daughter.
“There wasn’t time to save yourself.
I think I've been pressed into the rubble of the wall," Haris told the Associated Press, adding that his family had come to the city for the wedding.
“I heard my wife cry out for help, after which her voice quieted down.
I don’t know what happened to her and my child.
I hope they're safe.'
The U.S. ambassador accuses China of "harassment" with propaganda ads.
A week after an official Chinese newspaper posted a four-page advertisement in a U.S. newspaper praising the mutual benefits of U.S.-Chinese traffiction, the U.S. ambassador to China accused Beijing of using the U.S. press to spread propaganda.
U.S. President Donald Trump last Wednesday referred to a paid addition to China Daily in the Des Moines Regier, the most popular newspaper in Iowa, accusing China of trying to meddle into the U.S. congressional elections on November 6.
Trump's allegation that Beijing was trying to interfere in the U.S. election confirmed what U.S. officials told Reuters that this was a new stage in escalating Washington's campaign aimed at putting pressure on China.
While it is normal for foreign governments to place advertisements promoting trade with their countries, Beijing and Washington are currently escalating a trade war that has led to rise tariffs on reciprocal imports.
China's retaliatory tariffs at the start of the trade war were expected to affect exporters in states such as Iowa, which supported Trump's Republican Party.
Terry Branstad, the U.S. ambassador to China and former long-time governor of Iowa, the chief exporter of agricultural products to China, said Beijing has caused harm to U.S. workers, farmers and businesses.
Branstad stated in an article in Sunday’s edition of the Des Moines Register that China “is now doublingly beginning harassment by placing propaganda ads in our own free press.”
“By spreading its propaganda, the Chinese government is benefiting from a respected American tradition of freedom of speech and a free press, placing paid advertising in the Des Moines Register,” Branstad wrote.
However, there will be no voices of opposition at the street kiosk in Beijing, and there will be no real reflection of the divergent opinions that the Chinese may have about the disturbing economic direction chosen by China, given the fact that the media is under the strong control of the Chinese Communist Party," he wrote.
He added that "one of China's best-known newspapers declined to publish" his article, though he did not say which newspaper.
Republicans are alienating each other before mid-term elections women with voting rights through the Kavanaugh scandal, analysts have warned
While a number of leading Republicans are backing and defending Supreme Court nominee Brett Kavanaugh in the face of several allegations of sexual assault, the analyst warns that these members will meet during impending mid-term elections with a violent response, particularly from women.
The emotions accompanying this event are unusually great, and the Republican majority already officially wants to vote.
“This can’t be undone,” Grant Reeher, a professor of political science at Maxwell School at the University of Syracuse, said in an article published on Saturday.
Reeher said he had doubts as to whether Senator Jeff Flake (Arizon)'s efforts to carry out a last-minute investigation by the FBI would be enough to appease rage voters.
"Women won't forget what happened yesterday — they won't forget it tomorrow, and they won't forget it until November," Karine Jean-Pierre, a senior adviser and spokeswoman for the progressive MoveOn group, said in a statement.
On Friday morning, protesters chanted "Novembern is Coming," demonstrating in the hall of the Senate because of the Republicans controlling the Judiciary Committee's failure to unwithdress Kavanaugh's nomination despite testimony from Dr. Christine Blasey Ford.
"The level of democratic enthusiasm and motivation will go beyond the scale," Stu Rothenberg, an unbiased political analyst, told one of the news sites.
“Humans say he’s been tall, and it’s true.
But it may be higher, especially among undecided women from suburbs and younger voters between the ages of 18 and 29 who, while they don't like the president, often don't vote."
Even prior to a public testimony, Ford, in which she detailed her allegations of sexual assault against a candidate to the Supreme Court, analysts suggested that if Republicans had decided to approve their candidacy, it might have come to a violent response.
"The Republican party needs to deal with quite a mess," Michael Steele, former president of the Republican National Committee, told NBC News earlier last week.
“It’s not just about a committee vote or a final vote, or whether Kavanaugh will be elected, it’s also about the way Republicans have dealt with this situation and how they’ve treated Ford,” Guy Cecil, director of U.S. Priorities, a group that helps elect the Democrats, stated on one news channel.
However, the Americans seem to be somewhat divided as to who they believe in the face of Ford and Kavanaugh’s testimony, with the latter having slightly greater support.
A new YouGov poll shows that 41 percent of respondents strongly or rather believed Ford's testimony, while 35 percent said they strongly or rather believed Kavanaugh's testimony.
In addition, 38% of respondents said Kavanaugh probably or certainly lied when testifying, while only 30% found the same about Ford.
After Flake's pressure, the FBI launched an investigation introduced Ford's allegations, as well as at least one other accuser, Deborah Ramirez, as reported by The Guardian.
Ford testified last week under oath before the Senate Judicial Committee that Kavanaugh, under the influence of alcohol, assaulted her at the age of 17.
Ramirez claims the Supreme Court nominee showed her genitals during admission during her studies at Yale University in the 1980s.
The creator of the World Wide Web is planning to launch a new Internet in order to compete with Google and Facebook platforms.
Tim Berners-Lee, creator of the World Wide Web, is launching a startup that is expected to compete with Facebook, Amazon and Google platforms.
Inrupt’s latest technology legend project is an open-source platform-based company, Solid, owned by Berners-Lee.
Solid allows users to choose where their data is stored and what people have access to specific information.
In an exclusive interview with Fast Company, Berners-Lee joked that the purpose of creating Inrupt was "domination of the world."
“We have to do it now,” he said, referring to the startup.
“Historic moment has come.”
The app uses Solid platform technology to allow people to create their own “online store with personal data” or POD.
It may contain contact lists, to-do lists, a calendar, a music library and other personal and professional tools.
It's like Google Drive, Microsoft Outlook, Slack and Spotify available in one browser and at the same time.
A unique feature of an online store with personal data is that it is entirely up to the user who has access to what information.
The company calls it a "personal empowerment through data."
According to the company’s CEO, John Bruce, Inrupt’s idea is to provide resources, processes and the right skills to help make the Solid platform available to all people.
Currently, the company includes Berners-Lee, Bruce, a security platform purchased by ICBM, several developers hired to work on the project, and a volunteer development community.
Beginning this week, technology developers around the world were able to create their own decentralized applications using the tools available on Inrupt's website.
Berners-Lee said he and his team don't talk to "Facebook and Google about whether to make a total change, which day by day will turn all their business models upside down.
“I don’t ask their permission.”
In a post published on the Medium platform on Saturday, Berners-Lee wrote that "Inrupt's mission is to provide commercial energy and the ecosystem to help protect the integrity and quality of a new network built based on the Solid platform."
In 1994, Berners-Lee changed the Internet when he founded the World Wide Web Consortium at the Massachusetts Institute of Technology.
In recent months, Berners-Lee has contributed a lot to the debate about net neutrality.
Including Inrupt Berners-Lee will remain the founder and director of the World Wide Web Consortium, the Web Foundation and the Open Data Institute.
“I’m extremely excited to think about the next era in the development of the network,” Berners-Lee added.
Bernard Vann: decoration of the clergyman with the Cross of Victoria during World War I
The memory of England's only clergyman, which during World War I as a combatant was awarded the Victoria Cross, was commemorated 100 years later in his hometown.
Lt. Reverend Bernard Vann was decorated on September 29, 1918 for an assault on Bellenglise and Lehaucourt.
He was killed by a sniper four days later, having never learned that he had been awarded Britain's highest military order.
On Saturday, his two grandchildren unveiled a commemorative stone during a parade in Rushden, Northamptonshire.
One of his grandchildren, Michael Vann, said the unveiling of the stone exactly on the 100th anniversary of his grandfather's decoration had an "extremely symbolic character."
According to the London Gazette, on September 29, 1918, Colonel Vann led his battalion through the Saint-Quentin Canal "in a very dense fog and under severe shelling from field cannons and machine guns."
He then rushed to the line of fire, and with “greatest courage” led her forward, then single-handedly launched an attack on the position of the field cannons, neutralizing three of them.
Colonel Vann was killed by a German sniper on October 4, 1918, just over a month before the end of the war.
Michael Vann (72) said his grandfather's actions were "something I would never be able to live up to, but at the same time something humble."
Together with his brother, Dr. James Vann, he laid a wreath after the end of a parade led by the Brentwood Imperial Youth Band.
Michael Vann said he felt "very honored to take part in the parade," and added that "the courage of the true hero manifests itself in the support he receives from many."
MMA fans didn't sleep all night to watch Bellator 206, instead they got Peppa's Pig.
Imagine you didn’t sleep all night to watch the Emotious Bellator 206 and ultimately not be able to see the main fight.
Gala's show at San Jose featured 13 fights, including six on the home card, and was shown live overnight in the UK on Channel 5.
At 6 a.m., as Gegard Mousasi and Rory MacDonald were preparing to fight, viewers in the UK were shocked by changing the show to Peppa's Pig.
Some were disappointed after they didn't sleep until the early hours of the morning specifically to see the fight.
One fan on Twitter described swapping for a children's cartoon as "something a sick joke."
"Under a government regulation, content of this type is inappropriate so that it can be released at 6 a.m., making it necessary to change to a children's program," said Dave Schwartz, Bellator's senior vice president of marketing and communications, when asked about the broadcast.
“Peppa’s pig, yes.”
Bellator's president Scott Coker has said they will refine the timetable to include UK viewers in the future.
"When I'm thinking about a repeat of the situation, I think we'll be able to fix it," Coker said.
“But it’s Sunday six in the morning, so we won’t be able to deal with it until Sunday according to our time, and Monday according to their time.
But we're working on it.
Believe me, when there was a change of program, we were inundated by a lot of comments, none of which sounded friendly.
We were trying to fix it... we thought it was a technical glitch.
But it wasn't a glitch, it was just a legal issue.
I can promise that such a situation will not happen again.
We will limit the program to five fights instead of six — i.e. to the standard amount. Too much we wanted to please the fans and, unfortunately, we overdo it.
It’s an unfortunate situation.”
Desert Island Discs: Tom Daley felt 'worse' because of sexuality
Tom Daley, an Olympic water jumper, says he grew up feeling inferior to everyone else because of his sexuality, but it gave him the motivation to succeed.
The 24-year-old said he didn't realize that not everyone was like him until he went to high school.
On the Desert Island Disces program of Radio 4 hosted by Lauren Laverne, he said he was talking about gay rights to give others "hope."
He also said he would become a parent made him care less about winning the Olympics.
The usual host of this program, Kirsty Young, took several months off due to the disease.
Appearing in the first-time show led by Laverne, Daley said that growing up, he felt "less valuable" than others because "concomitantly liking boys and girls wasn't socially acceptable."
He said, “To this day, this sense of lesser value and being different is something that gives me the strength to succeed.”
He said he wanted to prove he was “worth something” so as not to disappoint everyone when they finally found out about his sexuality.
The two-time Olympic bronze medalist has become a high-profile activist of the LGBT community and used his performance at this year's Commonwealth Games in Australia to urge more countries to decriminalize homosexuality.
He said he had decided to express himself because he felt happy to be able to live openly, without any implications, and wanted to “hope” in this way.
The three-time world champion said that falling in love with a man — American filmmaker Dustina Lance Black, whom he met in 2013 — “surprised him.”
Daley married an Oscar winner (which is 20 years older than him) last year, pointing out that such an age difference has never been a problem for him.
“When you go through so much at such a young age,” he meant his first Olympics at the age of 14 and his father’s death from cancer three years later, “he said it was difficult for him to find someone of the same age who had experienced similar ups and downfalls.”
The couple became the parents of a boy named Robert Ray Black-Daley in June. Daley said his perception of certain things had completely changed.
“Last year, the most important thing for me was winning a gold medal,” he said.
“And you know what? There are more important things than Olympic gold medals.
“My Olympic gold medal is Robbie.”
His son bears the same name as his father Robert, who died at the age of 40 in 2011 after being diagnosed with brain cancer.
Daley said his father didn't accept that he was dying, and one of the last things he asked about was whether they already had tickets for the 2012 London Olympiad — he wanted to have a front-row seat.
“I couldn’t tell him, ‘You won’t be with us to be in the front row, Dad,” he said.
“I held his hand when he stopped breathing. It wasn’t only when he stopped breathing and died that I realized he wasn’t invincible,” he said.
The following year, Daley took part in the 2012 Olympics and won bronze.
“I knew this is what I’ve been dreaming about all my life — jumping into the water in front of a crowd of people at the Olympics — it’s been the best feeling possible,” he said.
It also inspired him to choose the first song — Proud performed by Heather Small — which accompanied him in preparation for the Olympic Games and which still gives him goosebumps.
The Desert Island Discs programme airs on BBC Radio 4 every Sunday at 11:15 a.m BST.
Mickelson's lack of form on the bench during Saturday's Ryder Cup
U.S. Phil Mickelson will set a record on Sunday when he plays his 47th match in the Ryder Cup, but he'll have to work on his form so that he doesn't leave his mark.
Mickelson, playing for the twelfth time in an event taking place every two years, was sent back to the bench by Captain Jim Furyk for the duration of Saturday's fourball and foursome games.
Instead of being at the center of the action, as was often the case on the United States team, the five-time main winner had to spend the day cheering on the team and working to improve his game in the hope of fixing the reason for his referral to the bench.
The 48-year-old, who has never fired the simplest strokes, even at the height of his career, doesn't work very well on the tight-and-nature Le Golf National, on which erroneous strokes are mercilessly punished by long erouches.
And if the field itself isn't daunting enough for Mickelson, in the ninth game on Sunday, he has to face the precision of the British Open winner - Francesc Molinari, who teamed up with rookie Tommy Fleetwood to win all four games this week.
If the Americans (with a loss of four points at the start of 12 singles) start the game with verve, Mickelson's match could prove extremely crucial.
Furyk expressed confidence in his player – he probably couldn’t do anything else.
“He fully understood his role today, patted me on the back, embraced me with his hand and said that tomorrow he would be ready,” Furyk said.
“He’s very self-confident.
He's in the celebrity gallery and contributed a lot to his bands both in the past and this week.
I didn't think he'd play two games.
I thought there'd be more, but that's how it turned out and that's how we had to do it.
He wants to play all the time, just like everyone else.”
Mickelson will break Nick Faldo's record for Ryder Cup matches played on Sunday.
This could mark the end of his Ryder Cup career, which has never matched his individual achievements.
Mickelson has 18 wins, 20 defeats and seven draws. Furyk said his presence contributed a lot to the team.
"He's funny, sarcastic, witty, mocking and it's good to have him in the team room," he explained.
“I think the younger players had a good time with him this week, which was nice to see.
He contributes so much more than just a game.”
European team captain Thomas Bjorn knows that a big point advantage could soon shrink
Thomas Bjorn, the captain of the European team, knows from experience that a significant point advantage before the start of singles on the last day of Ryder Cup can easily turn into difficult gameplay.
The Dane debuted in 1997 in a match on the Valderrama field, where, together with the accompanying vice-captain Sev Ballesteros, he had a five-pointed advantage over the Americans, but the finish line passed by the shortest possible hair, winning 141⁄2-131⁄2.
“It’s impossible to forget that we had a big advantage on Valderram’s field; we also had a big advantage on the Brookline field, where we lost, and in the case of Valderram we only won by a hair,” Bjorn said, in the picture, after winning the 5-3 Class of 2018 on both Friday and yesterday, which gave the lead 10-6 on the Le Golf National field.
Time's going to tell me and all the team members that it's not over.
You're doing your best tomorrow.
Get out there and do everything right.
The end will be only when points appear on the board.
We have a goal of winning a trophy, and that's what we have to focus on.
“I’ve been focusing on 12 players who are on our side, but we’re also good at people on the opposite side — the best players in the world.”
Bjorn, delighted with how his players have handled themselves on a difficult field, added: "I wouldn't do it any better.
That's different tomorrow, however.
Singles start tomorrow, and that's another issue.
It’s good to play with your partner when everything goes the way, but when you play alone, your golfing skills are tested to the limit.
It's a message you have to convey to the players, it's to give it your all tomorrow.
Your partner also has to give it their all.”
Jim Furyk, unlike Bjorn, will expect their players to perform better alone than they did when playing with their partner, with the exception of Jordan Spieth and Justin Thomas, who have scored three points out of four.
Furyk himself experienced the big twists of the last day, being a member of the victorious team on the Brookline field, after which he failed after the European team performed a "miracle on the Medinah field."
"I remember every word," he said in response to the question of how Ben Crenshaw, the captain in 1999, warmed up to the fight of his contestants on his final day.
“Tomorrow we’re playing 12 important games — you’d like to get started at a fast pace, as was the case in Brookline and Medinah.
If that momentum goes one way, it's going to put a lot of pressure on the middle games.
We've set our line-up appropriately and put the guys in a way that would enable us to enchant tomorrow."
Thomas was tasked with counter-attacking, facing Rory McIlroy in the major match, as well as Paul Casey, Justin Rose, Jon Rahm, Tommy Fleetwood and Ian Poulter — other players of the European team in the top half of the show.
"I've decided on this group of guys in that order because I think he's going to do it throughout the game," Bjorn said of his singles choices.
A new German warship delayed again
The latest frigate of the German navy should be commissioned in 2014 to replace aging Cold War warships, but this will not happen at least until next year due to faulty deals and rising at an alarming rate, local media reported.
"Rheinland-Pfalz, the main ship of the new Baden-Wuerttemberg-class frigate, has been postponed to the first half of 2019, according to Die Zeit, citing the words of a military spokeswoman.
The ship should have been included in the navy in 2014, but as a result of problems that arose after delivery, it was necessary to make changes to this ambitious project.
Four Baden-Wuerttemberg units commissioned by the navy in 2007 will replace aging Bremen-class frigates.
Of course, they will be equipped with a powerful gun, a number of anti-aircraft and anti-ship missiles, as well as technological solutions preventing detection, providing m.in. reduction of radar, infrared and acoustic traces.
Other important features include longer periods between maintenances – the operation of new frigates should be possible for up to two years away from the home ports.
Continuous delays, however, mean that these modern warships, which are intended to enable Germany to respond to situations abroad, will already be obsolete at the start of service.
The wretched frigate F125 made headlines last year when the German navy officially refused to put the ship into operation and returned it to Blohm & Voss yard in Hamburg.
It was the first time the navy had returned the vessel to the shipyard after delivery.
Little was known about the reasons behind the return, but the German media reported on a number of key "flaws in software and hardware" that made the ship useless in the combat mission.
Particularly important were the disadvantages of the software, as Baden-Wuerttemberg ships are to be operated by a crew of about 120 sailors, which is half as much as in the case of older Bremen-class frigates.
It has also emerged that the ship is far too heavy, which reduces its performance and limits the navy's ability to carry out future modernizations.
It is believed that the 7,000-tonne ship "Rheinland-Pfalz" is twice as heavier as ships of similar class used by the Germans during World War II.
In addition to defective equipment, the cost of the entire project, including crew training, also becomes a problem.
It is said to have reached a staggering level of €3.1 billion (US$3.6 billion), while the initial cost amounted to €2.2 billion.
Problems with the commissioning of the new frigates are of particular importance in the light of recent warnings that the strength of the German naval fleet is shrinking.
Earlier this year this year, Hans-Peter Bartels, the head of the German parliament's defence committee, acknowledged that the navy "ends ships capable of use."
He also said that this problem increased over time as a result of the decommission of old units without the provision of replacement vessels.
In addition, he expressed his dissatisfaction with the fact that none of the Baden-Wuerttemberg-class frigates could have been included into the naval fleet.
The National Trust eavesdromes the secret lives of bats
New research carried out on property in the Scottish Highlands area is designed to show how bats use the landscape when acquiring food.
Research results are expected to shed new light on the preservation of these exceptional flying mammals and help target future efforts to protect them.
The research, led by researchers from the National Trust for Scotland, will look at dwarves common and fine, as well as brown bats with long ears and bats from a family of ore nights at Inverewe Gardens in Wester Ross.
In key places around the property, special recorders will be deployed for all-seasonal tracking of bat activity.
NHS staff and volunteers will also carry out field examinations using portable detectors.
The expert audible analysis of all recordings is aimed at determining the frequency of signals sent by bats and how individual species behave.
Next, a habitat map and report will be developed to create a detailed picture of their behaviour on a landscape scale.
Rob Dewar, a nature conservation adviser at NTS, hopes that the results will reveal which habitat areas are most important for bats and how they are used by each of the species.
This information will help to identify the benefits of habitat management work, such as the creation of meadows, as well as the best ways to maintain forest areas for bats and other related species.
Bant populations in Scotland and across the UK have declined significantly over the past century.
They are threatened by construction and development work, which have an impact on perches and habitat loss.
Wind turbines and lighting installations can also pose a threat, as can fly sticks and certain chemicals used in building materials and even domestic cats.
Bats aren’t really blind.
However, due to the nocturnal hunting habits, their ears are more helpful than their eyes in catching prey.
They use a complicated echolocation technique to search for worms and obstacles along their way.
The NTS organization, which is responsible for caring for more than 270 historic buildings, 38 important gardens and 76,000 hectares of land across the country, takes bats very seriously.
It consists of ten trained experts who regularly carry out examinations, pervert inspections and sometimes even rescue operations.
The organisation has even founded Scotland's first and only dedicated bat reserve at the Threave estate in Dumfries and Galloway, which is home to eight out of ten Scottish bat species.
David Thompson, the estate's manager, says it's the perfect territory for bats.
“Threave has a great area for bats,” he said.
“We have old buildings, lots of old trees and excellent habitats.
However, there are still many unknowns when it comes to bats. The work we’re doing here and in other possessions will help us better understand what they need to grow.”
It emphasizes the importance of inspections in terms of the occurrence of bants before proceeding to carry out maintenance work in estates, because the inadvertent destruction of one peg can kill up to 400 females and youngers, which can lead to the extinction of the entire local population.
Bats are protected — it’s illegal to kill, harass or disturb them, and to destroy their perches.
Elisabeth Ferrell, a Scottish Bat Conservation Trust officer, encouraged the public to provide assistance.
She said: "We still have a lot to learn about our bats, and in the case of many species, we don't even know how their populations are doing."
Ronaldo rejects allegations of rape, while his lawyers intend to sue a German magazine
Cristiano Ronaldo described the rape allegations against him as "fake news," saying people "want to promote themselves," using his name.
His lawyers intend to sue German news magazine Der Spiegel, which published the allegations.
The Juventus Portuguese striker was accused of raping an American woman, Kathryn Mayorga, in a hotel room in Las Vegas in 2009.
According to Friday’s reports, Der Spiegel was supposed to pay a woman 375 000 dollars for silence.
Ronaldo (33 years old), a few hours after announcing the allegations, in an instagram live broadcast aimed at his 142 million followers, he described the reports as "fake news."
“No, no, no, no, no.
“Today’s reports are fake news,” the five-time winner of the gold ball said.
“They want to promote themselves using my name.
Nothing new, sir.
They want to be famous by pronouncing my name, but it's part of my job.
I'm happy and everything's fine," added the footballer with a smile on his lips.
Ronaldo's lawyers are preparing to sue Der Spiegel magazine over the allegations they called "unacceptable reporting of suspicions in the area of privacy protection," Reuters reported.
Lawyer Christian Schertz said the footballer would demand compensation for "moral damage in an amount corresponding to the weight of the breach, which is probably one of the most serious violations of personal rights in recent years."
The alleged incident took place in June 2009 at the Palms Hotel and Casino hotel room in Las Vegas.
After a meeting at Ronaldo's nightclub, Ronaldo and Mayorga reportedly went to the footballer's room, where he allegedly raped the woman anally, according to documents filed at the Clark County District Court in Nevada.
Mayorga claims Ronaldo fell to his knees after the alleged incident and told her that in "99 per cent he's a good guy," which was deceived by that "one percent."
According to documentation, Ronaldo confirmed that the couple had sex, but this was done by mutual consent.
Mayorga also says she went to the police and that photos of her injuries had been taken at the hospital, but she later agreed to an out-of-court settlement because she was "afraid of retaliation" and "public humiliation."
The 34-year-old says she now wants to invalidate the settlement because she still can't forget the alleged incident.
At the time of Ronaldo's alleged assault, he switched from Manchester United to Real Madrid, and moved to Juventus this summer after paying 100 million euros for him.
Brexit: UK 'will forever regret' departure of automakers
Britain "would regret it forever" if, after leaving the European Union, it lost its status as a world leader in car manufacturing, Business Minister Greg Clark said.
He added that he was "compromised" when a Toyota UK official said in an interview with the BBC that if the UK left the EU without a deal, then production at a factory in Burnaston near Derby would be temporarily halted.
“We need an agreement,” Clark said.
A representative of the Japanese car manufacturer said the effects of delays at the border in the event of a no-deal on Brexit could lead to a reduction in jobs.
Burnaston, which produces Auris and Avensis models, produced almost 150 000 cars last year, 90% of which were exported to other European Union countries.
"In my opinion, if the UK leaves the European Union at the end of March without a deal, then there will be a halt to production at our factory," said Marvin Cooke, managing director of Toyota at Burnaston.
Other British automakers are afraid of leaving the EU without agreement on how cross-border trade, including Honda, BMW and Jaguar Land Rover, operates.
For example, BMW intends to close its Mini car factory in Oxford a month after Brexit.
The main concerns are, according to the car manufacturers, about the dangers of the supply chain in the event that the UK leaves the European Union without an agreement.
The Toyota production line operates on a “just-in-time” basis, under which parts reach every 37 minutes from suppliers in both the UK and the EU for custom-made cars.
If the UK leaves the EU without a deal on March 29, there could be obstacles at the border, which industry says could lead to delays and parts shortages.
According to the company’s representative, Toyota wouldn’t be able to withstand more than one day without deliveries to its Derbyshire plant, making production halted.
Clark said Theresa May's Chequers plan for future relations with the EU is "precisely structured in order to avoid control at the border."
"We need an agreement. We want to achieve the best possible agreement that will allow us not only to enjoy the current success, but will also allow us to take proper advantage of this situation," he said on today's BBC Radio 4 programme.
“Not only Toyota’s statements, but also other manufacturers show that we need to be able to continue what made up to a very efficient set of supply chains.”
Toyota's representation has not been able to say how long production will be halted, but warned that in the long term, additional costs will reduce the competitiveness of the plant, which will lead to a reduction in employment.
Peter Tsouvallaris, who has been working at Burnaston plant for 24 years and is a member of Unite's trade union board, said the union's members are increasingly concerned: "I know from experience that if there is a decommissioning of jobs, they will never be restored.
A government spokesperson said: "We have put forward a precise and credible plan for our future relationship with the European Union."
Trump's meeting with Rosenstein could be delayed again, according to the White House
Donald Trump's important meeting with Deputy Attorney General Rod Rosenstein could be "delayed for another week" because of a relentless fight for supreme court candidate Brett Kavanaugh, the White House said on Sunday.
Rosenstein oversees the work of special accuser Robert Mueller, which explores the possibility of Russian interference in elections, ties between Trump's close associates and Russia, and potential obstruction of justice efforts by the president.
Whether Trump fires deputy attorney-general, thus threatening Mueller's independence, has been a hot topic in Washington for months.
Earlier this month, the New York Times newspaper reported that Rosenstein was discussing wearing a wiretap in order to record conversations with Trump, as well as the possibility of removing the president from his post on the basis of the 25th amendment.
Rosenstein denied these reports.
Last Monday, however, he went to the White House in the face of reports that he was about to resign.
The date of the meeting with Trump, which was at the U.N. headquarters in New York at the time, has been set for Thursday.
Trump said he'd rather not fire Rosenstein. There had been a postponement of the meeting to avoid colliding with a hearing by a Senate judiciary committee, during which testimony was given by Kavanaugh and one of the women who accused him of sexual abuse, Dr. Christine Blasey Ford.
On Friday, Trump ordered a week-long FBI investigation into the allegations against Kavanaugh, which further delayed the Senate vote.
Trump spokeswoman Sarah Sanders appeared on Fox News on Sunday.
When she was asked about a meeting with Rosenstein, she replied: "A deadline has not yet been set for this meeting, it could take place this week, and it could be postponed by another week, taking into account all events related to the Supreme Court.
We’ll see, I’ll inform the press.”
Few reporters questioned the statement: Sanders hasn't held a White House news conference since September 10.
The show's host, Chris Wallace, asked about the reason for this.
Sanders said that a small number of press conferences were not due to a reluctance to "ostentatious" television journalists, after which she added: "I won't hide that they are "ostentatious."
She then suggested that direct contact between Trump and the press would increase.
"The current President conducts more 'questions and answers' sessions than any other president before him," she said, adding without giving evidence: "We've read the numbers."
Press conferences will continue to take place, Sanders said, but “if journalists have the opportunity to directly ask the president of the United States, this is a much better solution than talking to me.
We try to do this regularly, and in the last few weeks we have done this very often. Press conferences will give way to such sessions, during which it will be possible to talk directly with the president of the United States.”
Trump regularly answers questions when leaving the White House or attending open sessions or press conferences with host dignitaries.
Solo press conferences are rare.
This week in New York, the president may have demonstrated what this is the case, behaving too freely and sometimes bizarrely in front of assembled journalists.
Health minister writes to workers from European Union countries employed at NHS Scotland facing Brexit concerns
The health minister sent a letter to workers from European Union countries employed in the Scottish health service to express their gratitude from the country and ask them not to leave after Brexit.
Jeane Freeman, a member of the Scottish parliament, sent the letter for less than six months until Britain left the European Union.
The Scottish Government has already pledged to cover the costs of examining "settled status" applications for EU citizens working in decentralised public services.
Freeman wrote in her letter: "Negotiations on Britain's exit from the European Union have continued in the summer of the summer. The relevant decisions will be taken in the autumn of this year.
The British government has also stepped up preparations for a possible no-deal exit scenario.
I know it's a very disturbing period for all of you.
That is why I would like to reiterate once again how much I value the contribution of every member of staff, regardless of their nationality.
Colleagues from all over the EU and beyond bring valuable experience and skills that strengthen and improve the work of the health service and bring benefits to the patients and communities we serve.
Scotland is your home and we really want you to stay here.”
Christion Abercrombie undergoes surgery due to head injury
Tennessee State Tigers charger Christion Abercrombie underwent surgery as a head injury in Saturday's match against Vanderbilt Commodores, which ended in defeat for the Tennessee team with a score of 31-27, Mike Organ reported.
Rod Reed, the Tennessee State team's chief coach, told reporters that the player had sustained the injury shortly before the end of the first half.
“He approached the sideline, then fell to the ground,” Reed said.
Coaches and medical staff gave Abercrombie oxygen on the sideline, then placed it on a stretcher and carried it out for further testing.
A Tennessee State representative told Chris Harris of WSMV in Nashville (Tennessee) that Abercrombie was operated at Vanderbilt Medical Center.
Harris added that "there are no details yet regarding the type/size of the injury," and Tennessee State is trying to determine where the injury occurred.
Abercrombie (a second-year student exempted from representing a college for a year to improve their skills) is playing his first season in the Tennessee State team after being transferred from Illinois.
On Saturday before the end of the match, he had five charges, giving him 18 charges throughout the season.
Foreign buyers will be charged a higher stamp duty when buying property in the UK
Under new Tory plans, buyers from abroad will be charged higher stamp duties for the purchase of real estate in the UK. The funds obtained in this way will be used to help the homeless.
This move is intended to unleash the success of Jeremy Corbyn’s actions aimed at attracting the young electorate.
The increase in stamp duty will cover people who do not pay taxes in the UK.
In this way, the Treasury predicts that it will gain up to 120 million pounds a year to help the homeless.
Theresa May will report today that foreigners buying properties in the UK will be charged a higher stamp duty, and the additional funds obtained in this way will be earmarked to help the homeless.
This move is perceived as an attempt to offset Jeremy Corbyn’s efforts to attract the young electorate with the promises of cheaper housing and to increase the burden on more earners.
Higher stamp duties will apply to individuals and non-tax companies in the UK. Additional measures are intended to assist the government in the fight against homelessness.
In addition to the current stamp duty, including two years ago higher rates for second homes and flats bought for rent, is up to three percent.
The Treasury expects this move to yield as much as 120 million pounds a year.
It is estimated that 13 per cent of newly built properties in London are bought by residents of other countries, leading to rising prices and making it difficult to buy their first home or apartment.
Because a lot of foreigners buy real estate, and spend most of their time outside the country, many wealthy regions—especially the capital—have turned into “guid cities.”
The new rules come in just a few weeks after Boris Johnson's call for a reduction in stamp duties that would help young people buy their first home.
He accused big developers of maintaining high property prices by occupying the property, but its non-utilisation. He also urged Prime Minister May to lift limits on cheap housing in order to eradicate Britain's "housing scandal."
Jeremy Corbyn announced a number of attractive housing reforms, including rental regulation and the end of eviction "without a reason."
He also wants to give local governments greater powers to build new homes.
Theresa May said: "Last year I said that as prime minister I would be committed to rebuilding the British dream of making the life of each successive generation better than the previous one.
It also means repairing our shaky housing market.
Britain will always be open to people who want to live, work and build their lives.
However, it is not right that people who do not live here, as well as foreign companies, can buy real estate here as hard-working British residents.
For too many people, the dream of their own home has become very distant, but the humiliation associated with the need to stay on the street remains too real.”
Jack Ross: 'My biggest ambition is to become a Scotland selector'
Sunderland coach Jack Ross says his "greatest ambition" is to become Scotland's selector at some point.
This forty-two-year-old Scot is committed to working to heal the North-East club, which is currently ranked third in the League One with a three-point loss relative to the best team.
He moved to the Stadium of Light this summer after last season introducing St Mirren back to the Scottish Premiership.
“I wanted to represent my country as a player.
But I only managed to get into the B team," Ross said in an interview with BBC Scotland's Sportsundound.
“As a child, I’ve often watched Scotland’s matches in Hampden with my father, and I’ve always been attracted to it.
However, such a possibility will come only on the condition that I succeed as the coach of the club.”
Among Ross' predecessors as Sunderland coach included Dick Advocaat, David Moyes, Sam Allardyce, Martin O'Neill, Roy Keane, Gus Poyet and Paulo Di Canio.
Former coach Alloa Athletic says he doesn't feel intimidated, taking on the role after such illustrious personalities at such a big club, having previously rejected proposals from Barnsley and Ipswich Town.
“Currently, success will be measured for me by whether I will be able to bring this club back back to the Premier League.
Taking into account its structure and the facilities at its disposal, there is undoubtedly its place,” he adds.
“It won’t be easy to do that, but I’ll probably feel that I’ve been successful here, only if I succeed.”
Rossa’s coaching career lasted only three years. Before that, he was an assistant coach at Dumbarton and belonged to the Hearts coaching team for 15 months.
He then helped Alloa advance again after relegating into the third division, and in the following season he led St Mirren's team from the bringe of dropping to the championship title.
Jack Ross says he's much more comfortable right now than he did when he played for Clyde, Hartlepool, Falkirk, St Mirren and Hamilton Academical.
“That was the real turning point,” he recalls taking the position of Coach Alloa.
“I really believed that leading a team suited me a lot better than just playing.
It's going to sound odd, because as a player I've been doing well, I've made good money and I've achieved some measurable success.
However, playing is a heavy piece of bread.
Every week you have to get through different situations.
They still meet me when it comes to stress and the pressure of the coach's job, but I feel good in this role.
“I’ve always wanted to train others and I’m doing it now. I can say that at the moment I feel the most in place throughout my adult life.”
You can listen to the entire interview at Sportsound on Sunday, September 30 on Scotland radio between 12:00 and 13:00 BST
Research shows that the best time for a beer is 17.30 a.m
The summer heatwave has caused a violent influx of customers into British pubs, but has bounced hiccups at restaurant chains.
Studies have shown that sales in pubs and bars increased by 2.7 percent in July, but fell 4.8 percent in restaurants.
Peter Martin of the consulting firm CGA, which developed the data, says: "Continuous heat and longer-than-expected participation of England in the World Championship caused the results of July to develop similarly to June, when turnover in pubs increased by 2.8 percent, with the difference that restaurant salaries fell even further.
Recorded in June's 1.8-percent decline in sales at restaurants in July grew even further.
Drinking pubs and bars fared by far the best – their increase in sales exceeded the decline recorded in restaurants.
Pubs serving food also suffered in the heat, although not as much as restaurant owners.
It looks like people were just thirsty.
Beverage sales in managed pubs and bars rose 6.6 percent this month, and food fell by three per cent.”
Paul Newman, of RSM's entertainment and tourism analysis company, says: "These results fit into the trend we've seen since the end of April.
The most important factors influencing the volume of consumption “outside the house” remain the weather and large sports or social events.
The fact that restaurant chains are going through difficult times is not surprising, although a decrease in sales of 4.8 percent compared to the previous year will have particularly severe consequences, taking into account the constant pressure to reduce costs.
The long and hot summer came at the least favorable moment for the owners of premises serving food and time will tell whether the slightly more moderate temperatures we had in August will bring so much necessary respite.”
Total sales growth in pubs and restaurants, taking into account those newly opened, amounted to 2.7 percent in July, reflecting a slowdown in brand development.
Coffer Peach Tracker, which monitors sales in the UK’s pubs, bars and restaurants sectors, collects and analyzes performance data from 47 operational groups with a total turnover of more than 9 billion pounds. It sets recognized industry standards.
One in five children has secret social media accounts he hides from his parents
Studies have shown that one in five children — some as young as 11 years old — have secret accounts on social networks that they hide from their parents and teachers
The survey conducted among 20 thousand secondary school pupils showed an increase in the number of “fake Insta” pages
These news compounded fears that there are sexual content published on them
Twenty percent of the pupils said they had a "major" account they show their parents
One in five children — some as young as 11 years old — sets up accounts on social networks he doesn’t reveal to adults.
A survey of 20,000 secondary school pupils showed a rapid increase in the number of “fake Insta” accounts — the name refers to Instagram, where you can share photos.
These news has compounded fears that these accounts are used to publish content of a sexual nature.
Twenty-percent of pupils said they run a polite "main" account, which shows their parents, and also has private accounts.
One of the mothers, who accidentally came across the secret side of her 13-year-old daughter, encountered a teen who urged others to "rape her."
A study conducted in independent schools by Digital Awareness UK and Headmasters" and Headmistresses" Conference (HMC) found that 40 percent of pupils between the ages of 11 and 18 run two profiles. Half of them admit to maintaining private accounts.
HMC's president, Mike Buchanan, says, "It's worrying that so many teenagers are creating their places online where parents and teachers can't find them."
Eilidh Doyle will become the "vote of athletes" on the Scottish Athletics board
At an annual general meeting of Scottish Athletics, Eilidh Doyle was elected to the board as non-executive director.
Eilidh Doyle is Scotland’s most successful athlete. President Ian Beattie described this move as a great opportunity for people who manage sports to take advantage of their extensive international experience in the last decade.
"Eilidh enjoys great respect in the communities of Scottish, British and global athletics, and we are confident that introducing it to the board will bring great benefits to Scotch athletics," Beattie said.
Doyle said: "I'm very pleased to have the opportunity to convey the voice of athletes to the council, and I'm hoping to be able to really help manage the sport in Scotland."
The American, who among his four Olympic gold medals has victories in the 200 and 400 meters at the 1996 Atlanta Olympiad, and is now regularly appearing at the BBC as an expert, can't walk as a result of a transient ischemic attack.
He tweeted: "A month ago I had a stroke.
I couldn't walk.
Doctors said that time would tell if I would regain my fitness and to what extent.
It was a catering job, but I fully recovered, learned to walk again and went back to training!
“Thank you for all your words of support!”
Lactators’ advertising, which compares mothers to cows, arouses extreme emotions on the Internet
The breastfeeding company sparked a storm online by posting an advertisement that compares breastfeeding mothers to milked cows.
In order to announce the launch of "the world's first silent breastweaker to wear under clothing," its producer, Elvie, has published a mocking advertisement in the form of a music video that emphasizes the freedom it provides to mothers.
It depicts four real mothers dancing in a hay-filled barn for a piece in which you can hear the words:  “Yes, I milk, but you don’t see the tail” and “As if you didn’t notice, it’s not mentions but my boobs.”
The chorus goes like this: “Pump them out, pump them out, feed them to the children, pump them out, pump them out, I milk their ladies.”
Advertising, which was published on the company’s Facebook page, caused a lot of controversy on the Internet.
The video currently has 77,000 views and hundreds of comments. Users express extreme opinions, many of them saying that it is inappropriate to joke about the “horror” that takes place in the dairy industry.
“Using cows to advertise this product was a very bad idea.
Like people, in order to give milk, they have to get pregnant and give birth to a calf, except that their children are taken away after a few days from birth.”
Elvie breast pump can be worn unnoticed under the feeding bra (Elvie/Mother)
Another person commented: "It is, of course, traumatic for both the mother and the baby.
Sure, let’s use cows to advertise breast pumps for mothers who can keep their children.”
Someone else added: "This advertisement is completely detached from reality."
Others are defending the clip — one of the women said she thought the song was “funny.”
“I think it’s a brilliant idea.
If I were still breastfeeding, I'd buy one.
I felt like a cow.
Advertising is a little crazy, but I'm not looking for a second bottom in it.
It's a brilliant invention," someone wrote.
“It’s a functival advertisement aimed at mothers who pull away food (often at work or toilets) and feel like ‘cows.’
It is not intended to praise or criticize the dairy industry.”
At the end of the film, it turns out that the women danced with breast pumps attached discreetly to their breasts.
The campaign was inspired by the notion that many nursing women feel like cows.
Elvie's breast pump, however, it's completely quiet, there's no cables or tubes and you can wear it unnoticed under a feeding bra, which gives women the freedom to move, hold children on their hands and even leave the house while pulling food away.
Ana Balarin, partner and creative director at Mother, said, “Elvie’s lactator is such a revolutionary product that he deserved a bold and provocative premiere.
By juxtaposing nursing women and dairy cows, we wanted to show all the challenges associated with extracting food, while presenting in a funny and coherent way an incredible sense of freedom that it provides.
This isn't the first time Elvie's breastfall has come to the forefronts.
During the London Fashion Week during Marta Jakubowski’s catwalk there was a mother of two children with this product attached.
Hundreds of immigrant children have been secretly transferred to a tent camp on the Texas border
The number of detained immigrant children is skyrocketing, although the number of people crossing the border every month doesn’t actually change. This is partly due to the fact that strict rhetorics and rules introduced by President Trump's administration have made it difficult to place children at sponsors.
The majority of sponsors are usually undocumented immigrants who are afraid of being exposed to deportation if they apply for a child.
Such a risk increased in June when federal authorities announced that potential sponsors and other adults living on the common farm would be taking fingerprints, which would then be passed on to immigration offices.
Last week, a senior official at Immigration and Customs Enforcement Matthew Albence testified before Congress that his agency had already arrested dozens of people who volunteered as sponsors for unaccompanied children.
The agency later confirmed that 70 per cent of those arrested hadn't been previously listed.
“Nearly 80 percent of people who are sponsors or residing with them in one household stay illegally, and a large part of them are foreigners with a criminal past.
That's why we're constantly after them," Albence said.
Employees of the shelter say that, as part of efforts to speed up the regulation of the children’s circumstances, officials introduced new rules that require some of them to appear in court within a month of detention – and not after 60 days, as was the case according to previous standards.
There will be a lot set up through video conferencing, rather than personally asking an immigration referee to legalize their status.
Those who do not qualify for dismissal will be deported immediately.
According to shelter employees and reports that have been published in recent months, the longer the children are in custody, the easier they can become restless or fall into depression, which in turn can lead to outbursts of aggression or escape attempts.
Defenders have found that these problems are even more serious for larger resorts such as Tornillo, where, due to its size, it is easier to overlook the signals that something bad is happening with the child.
They also added that transferring children to a tent camp without giving them adequate time to prepare emotionally or saying goodbye to their friends can intensify the trauma that many of them are already struggling with.
Syria urges U.S., French and Turkish "occupation forces" to withdraw immediately
During an appearance before the U.N. General Assembly, Syria's foreign minister, Walid al-Moualem, also urged refugees from Syria to return home, even though the war in the country is going on for the eighth year.
Moualem, who also acts as deputy prime minister, said foreign forces were on Syrian soil illegally, under the pretext of combating terrorism, and "we will deal with them appropriately."
“They must withdraw immediately and unconditionally,” he announced to the Congregation.
Moualem claims that "the war on terrorism is almost oven" in Syria, where more than 360,000 people have been killed since 2011 and millions have been forced to flee their homes.
He says Damascus will continue to "lead its holy battle until clearing Syrian territory" from both terrorist groups and "any foreigners staying on it illegally."
There are currently about 2,000 U.S. troops stationed in Syria, who are mainly involved in training Kurdish forces and Syrians opposing President Bashar al-Assad and advising them.
In addition, there are more than 1,000 French soldiers in a war-ravaged country.
When it comes to refugees, Moualem stated that conditions are good enough for them to come back, and accused "some Western countries" of "raising irrational fear," which discourages them from returning.
“We asked the international community and humanitarian organizations to help these returns,” he said.
“They politicize matters that should have a purely human dimension.”
The United States and the European Union have warned that as long as President Assad does not enter into a political agreement with the opposition to end the war, Syria will not receive any aid for reconstruction.
U.N. diplomats say the latest agreement between Russia and Turkey on the establishment of a buffer zone in the last major rebel bastion in Idlib has created an opportunity to continue political talks.
The treaty between Russia and Turkey has helped prevent a major attack by Syrian forces backed by Russia on a province where three million people live.
Moualem stressed, however, that the deal had a "clear timeframe," and expressed hope that military action would target jihadists, including militanters from the al-Qaeda-linked Levant Civil Defense Front, which would be "eliminated."
The U.N. envoy, Staffan de Mistura, hopes to convene the first meetings of a new commission made up of members of the ruling party and the opposition in order to develop a sketch of Syria's post-war constitution and prepare for elections.
Moualem outlined the conditions for the Syrian government's participation in the commission, saying that the panel's work should be limited "to verifying the provisions of the current constitution" and warned against interference.
Why Trump will win the election again
According to this logic, President Trump would have been elected for a second term in 2020, unless, as many liberal observers probably hoppes, his presidency would sooner end in office removal and scandal.
It would undoubtedly be "the most dramatic finale of the presidency so far."
So far, there are no signs of viewer fatigue.
Since 2014, CNN's primate tim's viewerships have doubled and reached 1.05 million viewers, and the MSNBC channel has almost tripled, to 1.6 million viewers.
According to Nielsen, Fox News attracts an average of 2.4 million viewers during the highest viewership hours, an increase from 1.7 million years ago, and MSNBC’s “The Rachel Maddow Show” program achieved the highest scores among cable television, attracting as many as 3.5 million viewers of evening news programs.
“Humans fly like moths to fire — that’s something we don’t understand,” said Neal Bear, chief producer of the ABC series “Designated Survivor” about the secretary of the cabinet, which after an attack on Capitol becomes president.
Nell Scovell, an experienced comedy writer and author of "Just the Funny Parts: And a Few Hard Truths About Sneaking Into the Hollywood Boys" Club, has another theory.
She mentions how she took a taxi in Boston before the 2016 election.
The driver said he would vote for Trump.
“Why?” she asked.
"Because he'll make me laugh," he replied.
“Chaos has an entertainment value.”
Of course, reports from Washington could, like nothing else shown on television, determine the future of Roe v. Wade’s case, about the admissibility of merging immigrant families or about the state of the global economy.
Exclusion is a luxury that only the most privileged viewers can afford.
Besides, it’s not just about being a well-informed citizen when it’s the sixth hour you’ve been watching a panel of experts debating Bob Woodward’s use of secret informants while writing the book “Fear,” Paul Manafort’s ostrich-skinned jacket for $15,000 (“clothes overloaded with pride,” as The Washington Post put it out), or the implications of the president’s shock details
For example, I will never look at Super Mario like I did before.
“What he’s doing is in part reminiscent of a reality show in that it delivers new content every night,” said Brent Montgomery, CEO of Wheelhouse Entertainment and creator of “Pawn Stars.”
You can't afford to miss an episode because you'll be in arrears.
When I met this week with Mike Fleiss, the weather on the north coast of Kauai Island, where he has his home, was beautiful, but he was sitting inside, watching MSNBC and recording CNN at the same time.
He couldn't get away from it, not when Brett Kavanaugh was standing before the Senate Judiciary Committee and weighing on the future of the Supreme Court.
“I rememember how we used to do all these crazy programs, and people used to say ‘it’s the beginning of the end of Western civilization,” Fleiss told me.
“I thought they were joking, but it turns out they were right.”
Amy Chozick, who writes to The Times about business, politics and the media, is the author of "Chasing Hillary" memoirs.
Influx of money from the outside for the congressional election campaign
It is not surprising that after the reorganization of constituencies, as a result of which two current congressmens now stand in the race for one position, a river of cash flows into the 17th electoral constituency in Pennsylvania.
Pittsburg’s recently created suburban constituency is represented in Congress by a representative of the Democrats, Conor Lamb, who obtained his place in another constituency during special elections last spring.
Lamb competes with another current congressman, Republican Keith Rothfus now representing the former 12th district in Pennsylvania, which largely coincides with the new district 17.
District maps were corrected after the Pennsylvania Supreme Court's January verdict, which ruled that the old districts were designated dishonestly, which gave an advantage to the Republicans and was unconstitutional.
The race in the new constituence 17 began with a fight to finance campaigns between the party’s main funding bodies — the Democratic Congressional Committee (DCCC) and the National Republican Campaign Committee (NRCC).
Lamba's name gained popularity in Pennsylvania after winning by a hair in a widely commented election to the 18th constituency held in March.
The Republican has been in this position for more than a decade, and Donald Trump has won in this district by 20 points.
Policy experts gave Democrats a slight advantage.
The United States considered punishing El Salvador for supporting China, but withdrew from the idea
Diplomats noted that the Dominicans and Panama had already acknowledged Beijing, despite Washington's slight opposition.
In June 2017, President Donald Trump held a cordial meeting with President of Panama, Juan Carlos Varela, and by the time the Trump Organization’s management team was expelled in Panama.
State Department officials have decided to recall U.S. chief diplomatic missions from El Salvador, the Dominican Republic and Panama because of "recent decisions to stop recognizing Taiwan," as department spokesman Heather Nauert said in a statement this month.
However, the sanctions under consideration were to be imposed only on El Salvador, which, according to estimates in 2017, received 140 million dollars of aid from the United States, among others, for the fight against drugs and support for development and the economy.
The proposed sanctions, which were supposed to cover restrictions on financial assistance and the granting of visas to certain individuals, would be very severe for this Central American country, which is struggling with high unemployment and a high murder rate.
As international meetings progressed, North and Central American officials postponed a high-level conference aimed at security and economic well-being to address proposals from a similar assembly from last year that was seen as a step forward in efforts to prevent immigrants from entering the United States.
In mid-September, top administration officials made it clear that they wanted the conference to take place, thus cutting off all considerations of sanctions against El Salvador.
Diplomats say that now at the conference, which is currently scheduled for mid-October, Vice President Mike Pence is expected to appear, which is expected to be a signal of inviting representatives of the administration.
Three U.S. envoys returned quietly to El Salvador, Panama and the Dominican Republic. This was not accompanied by any new strict communications or punishments from Washington.
A White House spokesperson for John Bolton declined to comment on the details of the debate, which were put forward by three U.S. officials, including two diplomats who, subject to anonymity, agreed to discuss internal negotiations.
Their accounts were confirmed by an external analyst from the environment of the administration, who also spoke anonymously.
Learn history
Another element may be a report by special prosecutor Robert Mueller on the possible obstruction of justice action by President Trump, for which there is currently concrete evidence available to the public.
According to reports, Robert Mueller's investigation is also being investigated whether Donald Trump's campaign had anything to do with Russia's attack on U.S. elections.
If the line-up of Congress changes, President Trump will be held accountable by him in preparation for a re-appearance before voters, and perhaps even be tried before the jury.
There are a lot of unknowns here, and I don’t want to suggest that Trump’s downfall — or those in his equal positions in Europe — is inevitable.
All of us on both sides of the Atlantic have to make a choice that decides how much longer this can last.
In 1938, German officers were ready to carry out a couple against Hitler, if only the West had resisted him and supported Czechoslovakia in Munich.
It didn't work out and we've lost the opportunity to unleash the years of carnage that followed.
The turns of history revolve around such turning points, accelerating or slowing down the inevitable process of democracy.
There are now a few such turning points in front of the Americans.
What do we do if Donald Trump fires Attorney General Rod Rosenstein, the man on whom the future of Robert Mueller's investigation depends?
Rosenstein has been in Trouble since we revealed last year that he had proposed a secret recording of the president last year and speculated that he wasn't fit for office.
According to Rosenstein, the account presented by The Times is inaccurate.
“How do we react if the FBI’s newly commissioned investigation into Brett Kavanaugh proves incomplete or unfaithful, or if he is appointed as a Supreme Court jedge, despite his credible accusations of sexual assault and making false statements?
And above all – will we elect people who will hold Donald Trump accountable in the middle of the presidential term?
If we don't go through these trials, there will be tough times for democracy.
However, I believe that we will succeed – due to the lesson I received in Prague.
My mother was a Czechoslovak Jew. She was deported to Auschwitz by the same Nazi regime that once occupied my ambassador's residence.
Survived, emigrated to America and 60 years later sent me to ignite Sabbath candles on that table marked with a swastika.
“Having such a legacy, how could I not look to the future optimistically?”
Norman Eisen, a senior research associate at the Brookings Institution, is the president of Citizens for Responsibility and Ethics in Washington, D.C., and the author of "The Last Palace: Europe's Turbulent Century in Five Lives and One Legendary House."
Rangers club player Graham Dorrans is optimistically awaitinging for a match against Rapid Vienna
Rangers are takinging Rapid Vienna on Thursday with the knowledge that victory against the Austrians, obtained after an impressive draw with Villareal reached this month in Spain, will significantly increase their chances of qualifying from the G of the Europa League.
Up to a 2:2 draw with Villareal's knee injury prevented midfielder Graham Dorrans from playing this season, but he believes this result will work on the Rangers like a springboard to greater success.
"It's done well to us because Villarreal is in good shape," the 31-year-old said.
“We went to this match with the belief that we were going to achieve something — and won a point.
Perhaps in the end we could still push them, but in general the draw is probably a fair result.
Spaniards were probably better in the first half, but in the second it was us who were better.
As for Thursday, it's another important evening for Europe.
We hope that we will be able to score three points, but this match will be difficult, because our opponent got a good result in his last match. However, I am sure that thanks to the support of the fans, we will go through this and we will win a positive result.
The last year has been decidedly tough because of everything related to my injury and changes at the club itself, but now we all feel good in our seats.
The team is great and the boys really like to play. Workouts are going well.
I hope that we can move on, leave the last season behind and be successful.”
Fear about retirement savings keeps women awake
Although the people taking part in the survey knew exactly how they wanted them to be taken care of, few talked about it with their family.
In a study conducted by Nationwide, about half of the participants said they had spoken to their spouse about the cost of long-term care.
Only 10 percent said they talked about it with their children.
“People want them to be dealt with by a family member, but they don’t talk about it,” said Holly Snyder, vice-president at Nationwide, who sells life insurance.
Where do we begin?
Speak to your spouse and children: “You won’t prepare your family to take care of yourself if you don’t express your will beforehand.
Together with an adviser and your family, talk about where and how you want to be looked after, because this choice will be an important factor in determining costs.
Ask a financial adviser for help: It can help you find a way to pay those expenses.
Funds for long-term care can come from a traditional policy for such care, a hybrid policy that allows you to withdraw cash to cover such expenses, or from your own assets – if you have it.
Prepare legal documents: This will prevent court battles.
Designate a trusted healthcare attorney who will supervise it and make sure that the right people follow your will if communication becomes impossible.
Also consider hiring an attorney to handle your finances.
Choose a trusted person, because she will make financial decisions for you and make sure that all bills are paid if you are unable to do it yourself.
Don’t forget the details: Imagine that your elderly parent suddenly needs medical attention and is going to the hospital right now.
Can you answer questions about medications and allergies?
Write out all the information in order to have it prepared.
“It’s not just about finances, it’s about who the doctors are,” Martin asks.
“What medications do you take?
Who will take care of the dog?
It’s important to have such a plan at hand.”
A man repeatedly shot from a windbreaker in Ilfracombe
The man was repeatedly shot from a windbreaker as he returned home from an evening party.
The forty-something-year-old was in the Oxford Grové area of Ilfracombe in Devon County when he was shot in the chest, abdomen and hand.
Police officers described the shooting, which took place at about 02:30 BST time, as an "accidental action."
Victim couldn't see the attacker.
The injuries sustained are not threatening the life of the man. The police are asking for witnesses to the incident to come forward.
Earthquakes and tsunamis in Indonesia
According to official reports, at least 384 people died as a result of the massive earthquake and tsunami that struck the Indonesian city of Palu on Friday. The number of casualties will probably increase.
Due to broken communication, the rescuers were unable to obtain any information from Donggala's cabupaten, which is located to the north of Palu, closer to the epicenter of the 7.5-degree earthquake.
More than 16 000 people were evacuated after the Palu disaster.
Here are some of the most important informations about the city of Palu and Cabupaten Donggala on Celebes Island:
Palu is the capital of Celebes Central, a province located at the end of a narrow bay on the western coast of the island. According to estimates, in 2017 it was inhabited by 379 800 people.
When there was an earthquake and tsunami, the 40th anniversary of its founding was celebrated in the city.
Donggala is a cabupaten (an administrative unit lower from the province) stretching along the north-west coast of the island for more than 300 km.
It is estimated that in 2017 it was inhabited by 299 200 people.
The main branches of the economy of Celebes of Central are fisheries and agriculture, which have developed especially in Donggal's cabupaten on the coast.
Another source of income for the province are nickel mines, but they are located mainly in Morowali, on the opposite coast of Celebes.
According to the Indonesian Disastroct Elimination Agency over the past 100 years, earthquakes and tsunamis have haunted Palu and Donggala several times.
In 1938, a tsunami that hit Donggala killed more than 200 people and destroyed hundreds of homes.
In 1996, nine people were killed in a tsunami in West Donggali.
Indonesia is located on a seismically active Pacific rinl of fire, so earthquakes occur there quite regularly.
The largest earthquakes and tsunamis in recent years:
2004: A major quake on December 26 hit the west coast of Aceh province in the north of Sumatra triggered a tsunami that hit 14 countries, killing 226,000 people on the Indian Ocean coast, more than half in Aceh.
2005: At the end of March and the beginning of April, Sumatra's west coast was visited by a series of strong earthquakes.
Hundreds of people have been killed on the island of Nias off the coast of Sumatra.
2006: In southern Java, Indonesia's most populous island, there was a 6.8-degree quake, triggering a tsunami that stormed into the southern coast, killing nearly 700 people.
2099: A 7.6-degree quake took place near Padang, the capital of Western Sumatra.
More than 1,100 people were killed.
2010: A magnitude 7.5 earthquake struck one of the Mentawai islands near the coast of Sumatra. It triggered a tsunami wave up to 10 meters high, which destroyed dozens of villages and killed about 300 people.
2016) The shallow quake hit Pidie Jay's cabupaten in Aceh province, causing destruction and panic among the people who still remembered the damage that the devastating 2004 earthquake and tsunami brought.
This time there was no tsunami, but collapsing buildings killed more than 100 people.
2018: Big Earthquakes hit Indonesia's tourist island, Lombok, killing more than 500 people, mostly on its northern side.
They destroyed thousands of homes and caused temporary trouble for thousands of tourists.
Sara Palin's eldest son arrested for domestic violence
Track Palin, the eldest son of former Alaskan governor and vice-presidential candidate Sara Palin, has been arrested on suspicion of assault.
According to a report released Saturday by Alaska State Troopers originating in Wasilla, Alaska, the 29-year-old was taken into custody with allegations of domestic violence, obstruction of filing and resisting arrest.
According to a police report, when a friend of the suspect tried to call the police in order to report the crime, he took her phone.
KTUU reports that Palin is in investigative custody of Mat-Su and has a designated bail of 500 dollars.
According to her information last Saturday, he stood trial, where in his defensive speech he stated that he was "certainly innocent."
There are three Class A misdemeanors, which means it can receive up to a year in prison and 250 000 dollars in fines.
He was also charged with a Class B offense, for which he faces a prison day penalty and fines of 2000 dollars.
This is not the first time Palin has been charged with criminal charges.
In December 2017, he was charged with assaulting his father, Todda Palin.
That's when his mother, Sarah Palin, called the police to report the attack.
The case is currently pending in front of an Alascan veterans claims court.
In January 2016, he was charged with domestic violence, obstruction of filing and possession of a gun in an intoxicated state in connection with the incident.
His partner says he punched her in the face.
In 2016, groups of veterans criticized Sarah Palin, who linked her son's aggressive behavior to post-traumatic stresperson syndrome he contracted while serving in Iraq.
Hundreds of people have been killed in a tsunami after an earthquake in Indonesia
At least 384 people were killed in Friday's quake, which was hit by the Indonesian island of Celebes.
A 7.5-degree quake triggered a tsunami and destroyed thousands of homes.
Electricity and connectivity are not working and the number of casualties is expected to rise in the coming days.
The quake occurred near the central part of Celebes Island, which is located northeast of Indonesia's capital, Jakarta.
On social media there are videos showing the timing of the crash.
When the tsunami hit the coast, there were hundreds of people on the beach in Palu, where the festival was taking place.
Federal prosecutors are demanding the death penalty for a suspected terrorist attack in New York
Federal prosecutors from New York are seeking the death penalty for Sayfull Saipov suspected of carrying out a terrorist attack in New York that left eight people dead. This is a rare punishment — it has not been carried out in this state for a federal offence since 1953.
To carry out an attack that took place in October on a bike path running along the West Side Highway in Lower Manhattan, thirty-something Saipov allegedly used a rented Home Depot truck, which pedestrians and cyclists ran over on his way.
According to a notification filed in New York's Southern District of New York about its intention to demand the death penalty to justify its necessity, prosecutors will have to prove that Saipov "deliberately" killed eight victims and "intentionally" caused serious bodily injury.
According to the court document, for both of these charges, they face the death penalty.
A few weeks after an attack by a federal juror, it presented Saipov with an indictment covering 22 positions, including eight counts of murder as part of illegal activity — a procedure typically used by federal prosecutors in organized crime cases — and an allegation of violence and the destruction of motor vehicles.
According to prosecutors, orchestrating the attack required “solid planning and rethinking.” The way Saipov carried it out described it as “monstrous, cruel and immoral.”
“Sayfullo Habibullaevic Saipov brought harm, damage and loss to the families and friends of Diego Enrique Angelini, Nicholas Cleves, Ann-Laure Decadt, Darren Drake, Ariel Erlij, Hernan Ferruchi, Hernan Diego Mendoza, and Alejandra Damian Pagnucca.”
Five of the victims were Argentine nationals who stayed in New York tourism.
The last time for the death penalty in New York District was filed ten years ago.
Defendant Khalid Barnes was found guilty of murdering two drug dealers, but eventually in September 2009 he heard a life sentence.
The death penalty as a result of a federal case was last carried out in New York in 1953 on Julius and Ethel Rosenbergs. The marriage was executed after two years earlier they were found guilty of conspiracy and espionage to the Soviet Union during the Cold War.
Both Rosenbergs were executed in an electric chair on June 19, 1953.
According to court documents, Saipov, which is native to Uzbekistan, in the months after the attack showed no remorse.
Police say he told investigators he felt good about what he had done.
According to the indictment, Saipov confessed to the authorities that he was inspired by ISIS videos that he watched on his phone.
According to police, he also demanded that an ISIS flag be displayed in his hospital room.
An indictment involving 22 charges responds that he is innocent.
David Patton, one of the federal public defenders who represent Saipova, said they were "obviously disappointed" with the prosecutor's decision.
“We believe that the decision to demand the death penalty and the rejection of a life sentence without the possibility of early dismissal after a guilty plea will only prolong the suffering these events have reduced to all those concerned,” he said.
Saipov's defense team had previously asked prosecutors not to demand the death penalty.
Tory MP says NIGEL FARAGE should take responsibility for Brexit negotiations
During today's protest, which took place during the Tories conference, Nigel Farage vowed "to mobilize an army of the people."
The former leader of the United Kingdom Independence Party (UKIP) said politicians must "feel hot" beating from Eurosceptics when one of Theresa May's parliamentarians suggested he should take responsibility for negotiations with the European Union.
Conservative MP Peter Bone told demonstrators in Birmingham that if Farage had been secretary for Brexit, "the United Kingdom would already be outside the EU."
However, the addition of Tories in favour of remaining in the community for a separate protest against Brexit held in the city further highlighted the burden of reconciling its deeply divided ranks facing Theresa May.
The Prime Minister is struggling to implement his Chequers trade-of-compromise plan among attacks by Brexit supporters, his opponents and the European Union itself.
Its allies say that, despite her objections, she will seek to conclude a deal with Brussels and force Eurosceptics and Labour to make a choice between her proposal and "chaos."
Peter Bone told the Leave Means Leave in Solihull that he wanted to "throw the plan out of Chequers."
He suggested that Nigel Farage should become the proxy, who should be handed over responsibility for the negotiations with Brussels.
“If he were into it, we’d be outside the EU now,” he said.
The Wellingborough MP added: "I support Brexit, but we have to throw the plan out of Chequers."
Presenting his opposition to the European Union, he said: "This is not why we fought in world wars to be subject to someone now.
We want to be our rights in our own country.”
Peter Bone declined the suggestion that citizens have changed their minds since the 2016 vote: "Thinking British people have changed their mind and want to stay in the Union is completely untrue."
Andrea Jenkyns of the Tory party, who told reporters: “I’m just saying: “Prime Minister, please listen to the people.
The Chequers plan does not enjoy the support of the general public, the opposition will not vote for it, our party or our activists who populate the streets and who have chosen us do not support it either.
“Give up the plan from Chequers and start listening.”
In a statement addressed to Prime Minister May, she added: "The prime ministers maintain their positions as they keep their promises."
Nigel Farage stated that the politicians taking part in the demonstrations must "feel hot" if they were to betray the decision taken in the 2016 referendum.
“Now it’s a question of trust between us — the people — and the political class,” he said.
“They’re trying to betray Brexit, and we’re here today to tell them ‘we won’t let you do.”
Turning to the enthusiastic crowd, he added: "I want you to make politicians who are on the brink of treacherous Brexit feel hot.
“We are mobilizing an army of the people of this country that has given us victory in the Brexit referendum, and we will not rest until we become an independent, independent, proud United Kingdom.”
At the time, opponents of Brexit marched through the city to the center where a two-hour demonstration took place.
A handful of activists were waving "Tory's banners against Brexit" after the group was formed this weekend.
Labour activist Baron Andrew Adonis mocked the Conservatives for issues with the security of the party app at the start of the conference.
“These are people who say they can organize information systems and all the technology to support the Canada plan plus plus, a liquid border, free trade without borders with Ireland,” he added.
“It’s a complete farce.
There is no such thing as a good Brexit," he added.
Eligael Warren plans to "seriously reconsider" running for
U.S. Senator Elizabeth Warren says he will "seriously consider running for president after the November election."
According to The Boston Globe, a representative of the Massachusetts Democrats spoke about her future during a meeting with voters that took place Saturday in western Massachusetts.
Elizabeth Warren, which often criticizes President Donadl Trump, will run for re-election in November. Her opponent will be Republican representative Geoff Diehl, which co-chaired Trump's campaign in Massachusetts during the 2016 election.
It's now being said that in the 2020 election Warren can defeat Trump.
Saturday's event at Holyoke has been her 36th meeting with voters in the town hall formula since Donald Trump took office.
One of the attendees asked if he was planning to run for president.
Elizabeth Warren replied that it was time for “women to go to Washington to fix our broken government — and she also means a woman at the very top.”
Arresting the culprit of a deadly shooting in which LSU team player Wayde Sims was killed
Louisiana-based Baton Rouge police said on Saturday they had arrested a suspect in Friday's gunfighting that killed LSU-team basketball player Wayde Sims.
Baton Rouge's police department reported the arrest of 20-year-old Dyteon Simpson at a conference held at 11:00 a.m. Eastern time.
On Friday, footage of the shooting was released asking for help in identifying the man visible on him.
Twenty-year-old Wayde Sims was killed in a gunshot near the Southern University campus Friday morning.
"Wayde Sims was shot with a firearm in his head, resulting in him dying," police chief Murphy J. Paul told 247sports.
Wayde stood up for his acquaintance and was shot by Simpson.
Simpson was questioned and pleaded that he was at the crime scene, had a gun with him, and fired at Wayde.
After his detention, during which he did not resist, he was taken into custody in the East Baton Rouge police department.
Measuring 1.98 m junior Wayde Sims grew up in Baton Rouge. He played in 32 games, with the last season starting 10 times, during which he spent an average of 17.4 minutes on the dance floor, scored 5.6 points and made 2.9 rebounds per game.
Russian Grand Prix: Lewis Hamilton is approaching a world title after the team's orders enabled him to win against Sebastian Vettel
From the moment Valtteri Bottas qualified in front of Lewis Hamilton on Saturday, it has become clear that the Mercedes team's order will have a big impact on the outcome of the race.
Bottas, who competed from the first field, started very well and almost beat Hamilton, defending his position in the first two laps and forcing Vettel to attack his team-mate.
Vettel went down to the service point first and allowed Hamilton to ride in the peloton's tail, which should decide the fate of the race.
A Mercedes rider rolled into boxing in the next lap and appeared behind Vettel, but after an action a circle into a wheel, as a result of which the Ferrari driver reluctantly lowered the inner part of the track, risking pushing to the defense after his rival's double movement aimed at defending the position on the third turn, Hamilton stepped into the lead.
Max Verstappen took off at the end of the stakes and on his 21st birthday at the end of his first lap was in seventh place.
Then, for a large part of the race, he led thanks to the fact that he did not change tires in order to make a quick finish and take Kimi Raikkonen from the fourth position.
In the end, he descended to the service point on the 44th lap, but in the other eight laps he no longer managed to accelerate. The fourth place was taken by Raikkonen.
“It’s been a tough day because Valtteri’s been doing a great job all weekend and he turned out to be a real gentleman when he was toldered to let me through.
"The whole team gave it their all to take the first two places," Hamilton said.
It was really bad body language
During a meeting held on Saturday, President Donadlust mocked Senator Dianna Feinstein, who maintained that she did not disclose the contents of a letter from Christina Blasey Ford, in which she accuses Supreme Court nominee Brett Kavanaugh of sexually assaulting him.
Speaking at a meeting in West Virginia, the president did not directly address the testimony given by Christina Ford before the Justice Senate Commission. Instead, he stated that what was going on in the senate showed that people were "vile, vicious and lying."
“What could have happened is one thing, but this beautiful situation in the Senate that we’ve witnessed for a few days when we see anger when we see people who are angry, mean, vicious and lying,” he said.
“We see what’s been published and revealed, and then they tell us ‘oh, I didn’t.”
“I didn’t do it.”
Do you remember?
Dianna Feinstein, have you revealed this?
Remember her answer... have you revealed the contents of this document? — oh, oh, what?
Oh, no.
“I didn’t reveal it.”
Just a moment, a moment.
Did we reveal...No, we didn't disclose," he added, putting the senator through.
Dianna Feinstein received a letter from Christina Ford with a description of allegations against Kavanaugh in July and its contents leaked in early September. The senator denies that the source of the leak was her cabinet.
"I didn't hide Dr Ford's insinuation, I didn't reveal her story," Feinstein testified before the committee, as reported by The Hill newspaper.
“She asked me to be discreeted and, according to her request, I didn’t disclose this content.”
However, her statement did not convince the president, who commented on it like this during Saturday’s meeting: “I’m telling you, it was really bad body language.
Maybe she didn’t, but that was the worst body language I’ve ever seen.”
Continuing to defend a candidate for a Supreme Court justice whose three women have accused of sexual harassment, the president has suggested that Democrats use innuendos for their own purposes.
“They are determined to take power by all means.
You can see meanness, malice, they don't care who they're hurting, who they have to destroy in order to take power and control," the president said.
Elite League: Dundee Stars — Belfast Giants 5:3
In the match against Dundee, Patrick Dwyer scored two goals for the Giants team
Dundee Stars have atoned for Friday's Elite League defeat to the Belfast Giants, winning Saturday's rematch match at home 5:3.
The giants quickly gained a two-goal advantage after the shots of Patrick Dwyer and Francis Beauvillier.
Mike Sullivan and Jordan Cownie equaled the score, after which Dwyer again brought the Giants out into the lead.
Francois Bouchard levelled the score again, scoring a goal for Dundee's squad, after which two goals scored by Lukas Lundvald Nielsen sealed her victory.
It was the third loss of the Elite League season for Adam Keefe's pupils who, despite their initial loss on Friday night, won against Dundee's team in Belfast 2:1.
Both teams met for the fourth time this season – the first three games were won by the Giants.
Dwyer's opening goal fell in the fourth minute (3:35) after Kendall McFaull's assist. Four minutes later, Beauvillier doubled the result thanks to David Rutherford's assist.
After an intense opening in the 13:10 minute, Sullivan introduced the hosts' team back into the game, and then Matt Marquardt equaled the score in 15:16.
Dwyer secured the Giants' advantage before the first break when he scored his 2nd goal that evening at the end of the first third.
The host team was regrouped and Bouchard again evened the score with a goal scored while playing in the lead in 27:37 minutes.
At the end of the second territion, Coownie and Charles Corcoran collectively helped Nielsen provide the Dundee team with the first advantage in this match. Dundee's final victory was sealed in the middle of the last period by the same player who scored the fifth goal for his team.
Giants, who have lost for their last five matches, will play the next match at home at Milton Keynes on Friday.
An air traffic controller dies helping hundreds of people on the plane escape the quake
An air traffic controller from Indonesia has been hailed as a hero after he was killed, helping to safely take off the plane with hundreds of people on board.
More than 8,800 people were killed and many were found missing after a major quake that struck the Indonesian island of Celebes on Friday, triggering a tsunami.
There are still strong aftershocks in the area. Many people have been trapped in debris in the city of Palu.
Even though his colleagues were fleeing, saving their lives, 21-year-old Anthonius Gunawan Agung refused to leave his position in the lucking tower of flight control at Mutiara Sis Al Jufri airport in Palu.
He stayed there to ensure that the Batik Air (flight number 6321), which was just on the runway, took off safely.
He then jumped out of the tower when he thought he was about to collapse.
He died in hospital.
According to Australian ABC News, Air Viationa spokesman Yohannes Sirait said the controller's decision probably saved the lives of hundreds of people.
We've set up a helicopter from the town of Balikpapan in Borneo to move it to a larger hospital in another city.
Unfortunately, Anthonius passed away this morning, before the helicopter reached Palu.
“This message has torn our hearts,” he added.
Meanwhile, authorities are worried that the death toll could reach thousands. The country's disaster relief agency reports the possibility of commuting to Donggala, Sigi and Boutong cities is limited.
“We believe that the toll of death continues to increase because many of the bodies are still under debris and can’t be reached,” Sutopo spokesman Purwo Nugroho said.
Tsunami waves stretching back from six metres destroyed Palu, where the mass funeral of the victims will take place on Sunday.
Military and civilian planes provide assistance and supplies.
Risa Kusuma, a 35-year-old mother, told Sky News: "Ambulances are constantly bringing bodies.
There's a shortage of drinking water.
Small shops are plundered.”
Jan Gelfand, head of the International Red Cross in Indonesia, told CNN: "The Indonesian Red Cross is rushing to help survivors, but we don't know what we'll find at the scene.
It’s already a tragedy, and it could be even worse.”
On Sunday, Indonesia’s president, Joko Widodo, arrived in Palu: “I ask all of you to work day and night to complete all the evacuation tasks.
“Are you ready?”
This year, Indonesia was already struck by an earthquake that killed more than 550 people on Lombok Island.
Plane crash in Micronesia — Air Niugini reports that one person is missing after the plane crashed into a lagoon
Airlines operating a flight that crashed on a lagoon in Micronesia in the Pacific report that one person is missing. They have previously argued that all 47 passengers and crew members were safely evacuated from the sinking plane.
Air Niugini reported that, according to data for Saturday afternoon, they could not account one man who was traveling on a feral plane.
They assured that, together with local authorities, hospitals and investigators, they were trying to find him.
However, they did not immediately respond to requests to provide additional details about the passenger, such as his age or nationality.
After the plane hit the water while attempting to land at an airport on Chuuk Island, local boats assisted in rescuing the remaining passengers and crew members.
Officials said on Friday that seven people had been taken to hospital.
Airlines said there were still six passengers in hospital on Saturday, all in a stable condition.
It is not clear what was the cause of the disaster. Its exact course is also unknown.
U.S. airlines and the U.S. navy say the plane landed on a lagoon not far from the runway.
According to some witnesses, it fell out of the waist.
An American passenger, Bill Jaynes, said the plane approached very low.
“It helped us a lot,” he said.
Jaynes said he and other people managed to get through the water reaching into the lane for the emergency exits of the sinking plane.
According to him, cabin crew members were panicking and screaming, and he himself suffered a non-threatening head injury.
The U.S. navy reported that sailors were also assisting in the rescue, who were working nearby to modernize the waterfront. Using an inflatable boat, they managed to transport people to shore before the plane sank to a depth of about 30 meters.
According to data from the Aviation Safety Network database in the last two decades, 111 people have been killed in plane crashes belonging to airlines registered in Papua-New Guinea. Among these airlines, however, there is no Air Niugini.
The analyst reconstructed the events of the night the woman was burned alive
On Saturday, the prosecutor's office completed presenting evidence in the re-trial of a man accused of burning a woman alive in Mississippi in 2014.
An analyst from the U.S. Department of Judiciary, Paul Rowlett, testified for hours as a forensic expert on information analysis.
He described to the judges how, using mobile phone records, he recreated the 29-year-old defendant, Quinton Tellis, and 19-year-old Victim Jessika Chambers from the night she was killed.
As reported by Clarion Ledger, Rowlett said he had obtained location data from various mobile phones that showed Tellis had been with the Chambers. He overturned his earlier claims.
When the data confirmed that Quinton was about to stay with his friend Michael Sanford, his mobile phone was at Jessica Chambers, police decided to question Sanford.
On Saturday, Sanford testified that he wasn't in town that day.
When asked by prosecutors whether Tellis was telling the truth, claiming he was in Sanford’s truck that night, he replied that “he was lying because my truck was in Nashville at the time.”
Another inaccuracy is Tellis' claim he's known Chambers for about two weeks.
Mobile phone records have shown that they had only known each other for a week.
Rowlett said some time after Chambers Tellis had removed her contact information from her phone, as well as texts and calls.
"He erased it from his life," Hale said.
The defense's final speech is scheduled to begin on Sunday.
The referee said it was likely the same day the case would be handed over to the jury.
The High Breed – What is Hip-Hop?
Hip-hop trio wants to change the negative image of the genre, filling its music with a positive message.
According to The High Breed from Bristol, today's hip-hop has moved away from its original political content and social issues.
Members of the band want to return to its roots and restore the popularity of conscious hip-hop.
Thanks to the work of artists such as Akala and Lowkey, a revival of artists such as The Fugees and Common has recently been observed in the UK.
Another black?!
Nanny from New York sues the couple for firing after "racist" text
Nanny from New York is suing the couple for firing her from her racist background after receiving an erroneously addressed text in which the child's mother complains that she is an "another black person."
The couple denies that they are racist, comparing a lawsuit to “blaccluse.”
Two-child mother Lynsey Plasco-Flaxman was visibly dismayed when it emerged that a new babysitter, Giselle Maurice, who feudingly appeared for her first day at work in 2016, is black.
"NIEEE, ANOTHER BLACK PERSON," she texted her husband.
However, instead of sending him to him, by mistake she sent him twice to Mrs Maurice.
According to New York Post reports, when Plasco-Flaxman became aware of the gaffe committed, she fired Gisella Maurice, claiming that a cordial nanny, who is an Afro-American woman, performed her duties poorly, and, besides, was expecting a nanny from the Philippines.
Ms Maurice received payment for a day's work, and was then sent home by Uber.
She is now seeking compensation from the couple for an exemption of 350 dollars a day multiplied for the six months she was originally employed with residence, although she did not sign the contract.
“I want to show them that you don’t do things like that,” she told the Post newspaper on Friday, “I know it’s discrimination.”
The couple refuted allegations of raccism, alleging that an end to cooperate with Ms Maurice was justified because after they insulted her, they feared they wouldn't be able to trust her.
“My wife sent something to her that she didn’t want to say.
She's not racist.
We're not racists," his husband, Joel Plasco, told Post.
“Would you entrust your children to a person to whom you caused distress, even if it happened by mistake?”
Your newborn baby?
“Come on.”
Comparing the lawsuit to "blackmail," Plasco said his wife gave birth just two months earlier and was in a "very difficult situation."
“Are you going to blow something like that?
It's not very nice," the investment banker added.
Although the case in court is not yet over, the public has quickly handed down a couple on social media, criticizing her for her behavior and mindset.
A new letter reveals Paddington book publishers feared that readers wouldn't feel ties to the talking teddy bear
The author's daughter Michael Bond, Karen Jankel, who was born shortly after the book's warm reception, says of the letter: "It's hard to put yourself in the place of the person who read it for the first time, even before publishing the book.
“It’s very funny now that we already know what we know about Paddington’s great success.”
She argues that her father, which, prior to a small teddy bear, inspired him to write a children's book, worked as a cameraman on the BBC, was sure his work would be discarded. He also adds that after his death last year, the 60th anniversary of the book's release seems "sweet-bittersweet."
About Paddington, whom he describes as a "very important member of our family," says her father was secretly proud of his success.
“He was a quiet man, he didn’t boast,” he adds.
“However, because Paddington seemed very real to him, it was almost as if you had a child who achieved something — you feel proud of him, even though it’s not your credit.
I think Paddington's success was perceived in this way more or less.
Although he invented and created it himself, he has always given credit to Paddington himself.”
My daughter died and I had to say goodbye to her on the phone
After landing, her daughter was taken to Louis Pasteur 2 Hospital in Nice, where doctors in vain tried to save her life.
"He called regularly and said it was really bad that he probably wouldn't make it," says Tanya Ednan-Laperouse.
“Then he called to say that Natasha would die in two minutes, and I had to say goodbye to her.
And so I did.
I said, “Tashi, I love you very much.
I'll be at your place soon.
And I'll be at your place.
The drugs that doctors gave her to maintain the action of the heart slowly stopped working and were excreted from the body.
She had died a while before, and that was the end of everything.
All I could do was sit and wait with the knowledge that all of this was unfolding.
I couldn't howl or scream or cry because I've been among other people.
“I really had to stick.”
Finally, Tanya Ednan-Laperouse, who was already mourning the loss of her daughter, went on board along with other passengers, unaware of the ordeal she was going through.
“No one knew,” she said.
I had my head lowered, and my tears were flowing all the time.
It's hard to explain, but on the plane, I felt an all-encompassing sympathy for Nada.
I felt that he needed my love and my understanding.
I knew how much he loved her.”
Postcards from bereaved women are meant to help prevent suicide on the bridge
Two women whose loved ones have committed suicide are trying to dissuade others from their intentions to take their own lives.
Sharon Davis and Kelly Humphreys put postcards on the Welsh bridge with inspiring messages and phone numbers where people can get help.
Mrs. Davis's son, Tyler, was 13 when he contracted depression. At the age of 18, he took his own life.
“I don’t want any parent to feel the way I feel every day,” he said.
Sharon Davis, 45, who lives in Lydney, recounts that her son was a well-promising chef with a contagious smile.
“Everyone knew his smile.
They have always said that he can brighten any room with it.”
Before his death, however, he gave up his job because he was "in a really black place."
In 2014, Tyler’s brother was 11 years old, and it was he who found his brother when he committed suicide.
Ms Davis says, “I’m still afraid of the domino effect.”
Sharon Davis created the cards “to tell people that there are people who can be turned to and talked to, even if it’s just a friend.
“Don’t sit in silence – talk to someone.”
Kelly Humphreys, who has been friends with Sharon Davies for years, soon after her mother's death, has lost Mark, her partner for 15 years.
"He didn't say he felt depressed, sad or anything," he says.
“A few days before Christmas, we noticed a change in his behavior.
At Christmas, he was already in a complete hole. When the children opened the presents, he didn’t even look at them.”
He says his death was very painful for them, but they had to deal with it: "It pulls out a hole in the family.
He's tearing us apart.
But we have to continue to live and fight.”
If you can't handle it, you can call Samaritans for free at 116 123 (in the UK and Ireland), send an email to jo@samaritans.org, or visit the Samaritans website here.
Brett Kavanaugh's future hangs in the balance because the FBI is launching an investigation
“I thought that if we could actually get what he asked for — a time-limited and limited-range investigation — perhaps we could achieve some unanimity,” Jeff Flake said on Saturday and added that he feared that the commission was “decaying” into opposing camps, leading to an impasse.
Why did Brett Kavanaugh and his Republican supporters not want an FBI investigation?
All their reluctance stems from the moment.
Congressional elections are in a few weeks — November 6. If, as predicted, Republicans lose it, the odds of picking a particular person for the country’s highest court will significantly decrease.
George W. Bush was already picking up the phone to call senators and get them to support Kavanaugh, who worked for him at the White House and through him met his wife Ashley, who was the president's personal secretary.
What will happen when the FBI compiles a report?
The Senate, which currently includes 51 Republicans and 49 Democrats, will hold a vote.
It's uncertain whether Brett Kavanaugh will get at least 50 senators, which would allow Vice President Mike Pence to break the deadlock and bring it to the Supreme Court.
Under Kim's rule, the number of North Korean fugitives is declining
According to South Korean legislators since Kim Jong-un took power seven years ago, the number of people fleeing North Korea has fallen to South.
Quoting data from the South Korean Unification Ministry, Park Byeong-seug said there were 1127 escapes last year, and in 2011 — 2706.
According to him, the key factors that affected this situation are more accurate controls at the border between North Korea and China, and higher rates charged by human smugglers.
Pyongyang did not issue a public statement on the matter.
The vast majority of North Korean escapees are ultimately South Korea's proposed citizenship.
According to authorities in Seulu, more than 30,000 North Koreans have crossed the border illegally since the end of the Korean War in 1953.
Most are fleeing through China, which has the longest border with North Korea, making it easier to cross it than a tightly protected demilitarized zone (DMZ) between the both Koreas.
China sees refugees as illegal immigrants, not refugees, and often forcibly sends them back to the country.
Relations between the North and the South, which are theoretically still at war, in recent months have clearly improved.
This month, the leaders of the two countries met in Pyongyang, where they held talks on negotiations on denuclearization, which had previously stalled.
This happened after a historic meeting between the president of the United States, Donald Trump, with Kim Jong-un, held in Singapore in June. The result of this meeting is a general agreement on the quest to cleanse the Korean peninsula of nuclear weapons.
However, North Korea's foreign minister, Ri Yong-ho, accused the United States of failing progress on the issue.
“Without trust in the United States, there will be no certainty about our national security, and in these circumstances there is no possibility that we will unilaterally disarm ourselves first,” Ri said in a speech he gave before the U.N. General Assembly in New York.
Nancy Pelosi calls Brett Kavanaugh a "hysterical" and says he's not fit to work in the Supreme Court
Minority leader in the House of Representatives, Nancy Pelosi, named Supreme Court candidate Brett Kavanaugh "hysterical" and said she was inherently unfit to work in the Supreme Court.
Pelosi delivered these words during an interview she gave Saturday at the Texas Tribune Festival in Austin.
“I think that if a woman behaved in this way, she’d be considered a ‘hysterical,’” Pelosi said of her reaction to the testimony Kavanaugh was giving on Thursday before the Senate Justice Committee.
Kavanaugh emotionally denied allegations of alleged sexual harassing Dr Christina Blasey Ford when they were both teenagers.
At times during his entrance speech, Kavanaugh showed strong emotions—he was almost screaming and losing his speech when discussing family issues and high school years.
He also rebuked the Democrats clearly from the committee, detailing his allegations of a "grotesque and coordinated swing on reputation," organized by liberals, furious that Hillary Clinton lost the 2016 presidential election.
Pelosi stated that according to her, Kavanaugh’s testimony showed that he was not fit to work in the Supreme Court because it revealed his prejudices against the Democrats.
“I think he disqualified himself by making these statements, as well as by the way he attacked the Clintons and Democrats,” she said.
When asked if she'd try to dismiss Kavanaugh from office if he had received the nomination and if the Democrats had won a majority in the House of Representatives, Pelosi hesitated.
“I’ll say this: if he doesn’t tell the truth to Congress or the FBI, he shouldn’t only sit on the Supreme Court, he’s also supposed to be in office in the court where he’s currently working,” she said.
Kavanaugh is currently a judge in a district court of appeal in the District of Columbia.
Pelosi added that as a Democrat, she fears Kavanaugh's possible rulings on the Affordable Care Act or Roe v. Wade's trial because he is regarded as a Conservative judge.
During a hearing confirming Kavanaugh, he bypassed questions as to whether he would repeal certain Supreme Court decisions.
“This is not the time to bring a hysterical, prejudiced person into court, who will expect us to say “it’s wonderful,” Pelosi added.
And women have to wield it.
It's the right diatribe, the months, and the years of spilling fury, and she can't throw it away without crying.
“We’re crying when we’re furious,” Gloria Steinem told me 45 years later.
“It’s quite frequent, isn’t it?”
She added: “I was greatly helped by a woman who was a manager in some company. She said that she also cries when she’s furious, but she came up with such a way that when she gets nervous and starts crying, she talks to the person she’s talking to ’You probably think I’m sad because I’m crying.
I'm furious."
And he's still doing his thing.
I thought it was brilliant.”
Tears are permissible as an outlet of wrath in part because they are basically misunderstood.
One of my clear memories of one of my first jobs in a men-dominated office is how one time I started crying out of unspeakable rage. An elderly woman — a cool executive I’ve always been a little scared — grabbed me by the neck at the time and led me to the staircase.
“Never let them see you cry,” she said.
“They don’t know you’re angry.
They think they're sad, and they're glad they've baked them."
Patricia Schroeder of the Democratic Party, the then congressional deputy from Colorado, worked with Gary Hart on his presidential campaign.
In 1987, when Hart was caught with a mistress on a boat called Monkey Business and withdrew from the race, frustrated to the borders, Patricia realized that she could properly consider the idea of running for president on his own.
"It wasn't a well-thought-out decision," she told me, laughing, 30 years later.
“There were already seven other candidates until the election, and the last thing they needed was another.
“Someone described the situation as ‘Snāšké and the seven dwarves.’”
As the campaign had been going on for a long time, Schroeder had a backlog of fundraising and promised herself that she wouldn't join the race if she didn't raise 2 million dollars.
It was a battle doomed to lose.
At the time, she discovered that some of her supporters, who gave the men 1000 dollars, had only 250 for her.
“Do they think I have any discounts?” she wondered.
During a speech in which she announced that she would not run a formal campaign, she was so filled with emotions — gratitude to the people who supported her, the frustration of a system that made it so difficult to raise money and turn to voters rather than delegates, and the rage to sexism — that the voice tied in her throat.
"You'd think I'd had a nervous breakdown," the press said.
“You’d think I’d be sponsored by Kleenex.
I remember wondering what they'd write on my tombstone.
“Cried?”
What the economic war between the United States and China could bring to Beijing
Salvos starting an economic war between the U.S. and China have been stunning, and although the battle is still going on, in the long run the conflict between these countries may be beneficial for Beijing, experts say.
The first warning this year was fired by U.S. President Donald Trump, imposing tariffs on China's key export goods, including solar panels, steel and aluminum.
The most significant escalation occurred this week after the introduction of new tariffs on US$200 billion (US$150-billion pounds), which resulted in the taxation of half of all goods coming into the U.S
Each time Beijing reciprocated in nature, recently raising tariffs on U.S. goods worth 60 billion dollars from five to ten percent.
China is determined to respond to every U.S. strike, and it doesn't look like the world's other economy is about to step down.
Forcing Washington to withdraw means accepting demands, but a public tilt before the United States would be too embarrassing for China's president, Xi Jinping.
According to experts, however, if Beijing plays its cards well, the pressure from a trade war with the U.S. could, in the long run, strengthen China, reducing the dependencies between the two economies.
“The fact that a quick political decision made in Washington or Beijing could create conditions for unleashing economic chaos in one of the countries is, in fact, much more dangerous than observers have admitted so far,” said Abigail Grace, an Asia researcher at the think tank Center for New American Security.
According to the foreign minister, Syria is "ready" for the return of refugees
The government says Syria is ready for the voluntary return of refugees, and asks for help in rebuilding the country ruined as a result of more than seven years of war.
In his speech before the U.N. General Assembly, Syria's foreign minister Walid al-Moualem stated that the country's conditions are improving.
"The situation on our territory is now more stable and safe thanks to advances in combating terrorism," he said.
Striving to restore normality, the government is constantly rebuilding areas destroyed by terrorists.
All conditions have already been met so that refugees, who had to leave the country due to terrorism and unilateral economic moves aimed at their daily lives and livelihoods, can voluntarily return to it.
According to U.N. estimates, more than 5.5 million citizens have left Syria since the start of the war in 2011.
Another six million people who still live there need humanitarian aid.
Al-Moualem said the Syrian regime would be happy to accept assistance in rebuilding the destroyed country.
However, he stressed that he would not accept aid fortified by the conditions or offered by the countries that sponsored the rebellion.
Europe seals victory at Ryder Cup in Paris
The European team won Ryder Cup 2018, beating the U.S
On European soil, the United States lost for the sixth time in a row and has not won the Ryder Cup in Europe since 1993.
Europe regained its trophy when, under the lead of the Danish captain Thomas Bjorn, it scored 14.5 points that were needed to defeat the U.S.
The American star, Phil Mickelson, who didn't do very well for most of the tournament, hicked the ball from the stand straight into the water at the 16th PAR3 hole, thus giving the match to Francesca Molinari.
The Italian golfer Molinari shone throughout all the rounds and became one of the four players who, since 1979, when this tournament was first held in the current format, managed to get a score of 5-0-0.
American Jordan Spieth has been eliminated by the lowest-ranked player from Europe, Thorbjorn Olesen of Denmark.
Dustin Johnson, which ranks highest in the world rankings, lost two hollows ahead of the final hole with Englishman Ian Poulter, for whom it may have been Ryder Cup's last tournament.
The European with the highest number of victories in Ryder Cup was Spaniard Sergio Garcia, who has already taken part in eight such tournaments and gained 25.5 career points.
“I usually don’t cry, but I can’t help myself today.
It's been a tough year.
I'm very grateful to Thomas for believing in me and choosing me.
I'm very happy to get the cup back.
It’s the success of the whole team and I’m glad that I was able to help,” Garcia said after the team’s victory.
He passes the baton to his compatriot John Rahm, which beat an American golfer legend, Tiger Woods, 2&1 in a singles game.
“I feel incredible pride in winning against Tiger Woods. I grew up watching his game,” Rahm, 23, said.
Woods have lost all matches in France and are nowed to score 13-21-3 in the Ryder Cup.
It's an unprecedented statistic for one of the greatest players of all time, who won the 14 most important titles and gave way only to Jack Nicklaus.
The U.S. team has had trouble finding a treadmill all weekend, except Patrick Reed, Justin Thomas and Tony Finau, who have played at a really high level throughout the tournament.
After a disappointing performance by the U.S. line-up, his captain Jim Furyk said: "I'm proud of the guys, they fought.
At some point this morning, we pressed some Europeans.
We've withdrawn.
Hats off in front of Thomas.
He's a great captain.
All of his 12 players played really well.
We’re going to change the line-up of the group. Together with PGA of America and our Ryder Cup Commission, we’ll find a way to move forward.
I love these 12 guys and I'm proud to be their captain.
I'm full of admiration for my opponents.
“They’ve played much better than us.”
Information about the bloom — in Pinellas, Manatee and Sarasota, the density of plankton decreases
The Florida Fish and Wildlife Commission's latest report shows an overall decline in plankton density in some parts of Tampa Bay.
According to the FWC, the presence of mosque blooms has been reported in Pinellas counties, Manatee, Sarasota, Charlotte and Collier, suggesting that its density decreases.
It stretches over a length of about 209 kilometers of the coastline, from the north of Pinellas County to the nooth of Lee County.
Eruptions can be encountered about 16 kilometers from the coasts of Hillsbourgo County, but compared with the previous week in fewer places.
Blossom has also been observed in Pasco County.
Last week there was an average concentration of plankton off the coast and waters of Pinellas County, low to medium off the coast of Hillsborough County, natural to the high in Manatee County, natural to the coast high and in Sarasota county waters, natural to the average in Charlotte County, natural to high off the coast and in the waters of the county of Lee County.
Cases of respiratory irritation are still being reported in Pinellas, Manatee, Sarasota, Lee and Collier.
Last week, however, they weren't recorded in northwest Florida.
