Members of the Welsh Assembly (AM) are concerned about “looking muppets”
Some Members of the Assembly are puzzled by the suggestion that their title should be changed to Members of the Welsh Parliament (MWP).
This bewilderment arises from the plans to change the name of the Assembly to Parliament of Wales.
Members of the Assembly from across the political spectrum are concerned that this could be ridiculed.
A Member of the Labour Party Assembly stated that his group was concerned “to rhyme with Twp and Pwp.”
For readers outside of Wales: In Welsh, tμp means silly and pwp means poop.
A member of the Welsh Party Assembly remarked that his entire group was “discontent” and has suggested alternatives.
A member of the Welsh Conservative Party claimed that his group was “open” to the name change, but noted that MWP’s jump to muppet was small.
In this context, the pronunciation of welsh lyrics is similar to that of Yorkshire lyrics or English.
The Committee of the Assembly, which currently draws up the legislation to introduce the name change, states: “Of course, the final decision on any descriptive element of the denomination of the Members of the Assembly shall be the matter of the members themselves.”
Welsh government’s 2017 law gave the Welsh Assembly the power to change its name.
In June, the Commission published the results of a public consultation of the proposals that revealed broad support to call the Welsh Parliament to the Assembly.
On the question of the title of the Members of the Assembly, the Commission preferred Members of the Welsh Parliament (or WMP), but the MWP option obtained most of the support in a public consultation.
Members of the Assembly are reportedly suggesting alternative options, but the struggle to reach a consensus could bring Assembly Speaker Elin Jones, who should sent the bill on changes in a few weeks.
Legislation on reforms will include other changes related to the functioning of the assembly, such as rules on the disqualification of Members of the Assembly and the design of the system of committees.
Members of the Assembly will have the final say in the question of what they should be called when they deliberate over legislation.
The Macedonians come to the polls to vote a referendum on the country’s name change
Voters will vote on Sunday on whether their country’s name will be changed to “Republic of North Macedonia.”
The popular vote was called in an attempt to resolve a decades-long conflict with the neighbouring country, Greece, which has its own province called Macedonia.
Athens has always insisted that the name of its northern neighbor represents a claim of its territory and has repeatedly opposed its candidacy for accession to the EU and NATO.
Macedonian President Gjorge Ivanov, who opposes the plebiscite on the name change, has said he will ignore the vote.
However, supporters of the referendum, including Prime Minister Zoran Zaev, contend that the name change is simply the price that must be paid to join the EU and NATO.
The bells of St. Martin are silent because of the difficulties of Harlem’s churches
“Historically, the older people I’ve talked to say that there was a bar and a church in every corner,” says Mr. Adams.
“Today, there isn’t one thing or the other.”
He pointed out that the disappearance of bars was understandable.
“Now people socialize differently,” he says.
“Bars are no longer the living rooms of the neighborhoods that neighbors go to regularly.”
Regarding the churches, he is concerned that the money obtained from the sale of goods will not last as long as the leaders expect and that “before or later, they will return to the starting point.”
Churches, he added, could be replaced by apartment buildings full of the kind of people who won’t help the sanctuaries left in the neighborhood.
“The vast majority of people who buy apartments in these buildings will be white people,” he said, “and, therefore, they will accelerate the closure of these churches, as it is unlikely that most of the people who move into these apartments will end up being members of these churches.”
The two churches were built by white congregations before Harlem became a black metropolis: the Metropolitan Community in 1870 and St. Martin a decade later.
The original white Methodist congregation left in the 30's of the 20th century.
A black congregation worshipping nearby acquired the building.
A black congregation took the reins of St. Martin, under the direction of Rev. John Howard Johnson, who led a boycott of 125th Street merchants, a main shopping street in Harlem, who were reluctant to hire or promote black people.
In 1939, a fire left the building severely damaged and, while Father Johnson’s parishioners made plans for its reconstruction, they also commissioned the carrion.
Reverend David Johnson, the son and successor of Father Johnson in St. Martin, proudly called him “the campaigns of the poor.”
In July, the expert who played the carillon called “a cultural treasure” and “an irreplaceable historical instrument.”
In addition, the expert, Tiffany Ng, of the University of Michigan, pointed out that it was the world’s first lanet used by a black musician, Dionisio A. Lind, who left to play Riverside Church’s longest-sized Riverside Church 18 years ago.
Mr. Merriweather remarked that St. Martin did not replace him.
What has happened in Saint Martin in recent months has been a complicated history of architects and contractors, some brought in by the lay leaders of the church and others by the episcopal Diocese.
The parish junta, the parish’s governing body, made up of lay leaders, wrote to the diocese in July commenting on its concern that the diocese “tried to pass the costs” to the board, although it had not participated in the hiring of architects and contractors sent by the diocese.
Some parishioners complained about the diocese’s lack of transparency.
Shark wounds 13-year-old boy drinking for lobsters in California
A shark attacked and injured a 13-year-old boy on Saturday while snorkeling for lobsters in California the day the locust season opened, according to authorities.
The attack occurred shortly before 7 a.m. near Beacon’s Beach in Encinitas.
Chad Hammel told San Diego’s KSWB-TV that he had been diving with friends for half an hour on Saturday morning when he heard the boy calling for help, so he approached a group to get him out of the water.
Hammel commented that, at first, he thought he was just excited to have captured a lobster, but then he realized that “he was screaming he had been bited
,
He had a shattered collarbone,” Hammel observed when he arrived next to the boy.
“I screamed at everyone to get out of the water because there was a shark,” Hammel added.
The boy was transported by helicopter to Rady Children Hospital, where he is in critical condition.
The shark species responsible for the attack is unknown.
The rescuer, Captain Larry Giles, told a news conference that a shark had been sighted in the area a few weeks earlier, but that it had not been considered a dangerous species.
Giles added that the victim showed traumatic injuries to the upper torso.
Authorities closed access to the beach, from Ponto Beach in Casablad to Swami Beach in Encinitas for 48 hours to investigate and for safety reasons.
Giles pointed out that there are more than 135 shark species in the area, but that most are not considered dangerous.
Sainsbury's plans boost UK beauty market
Sainsbury's acquires Boots, Superdrug and Debenhams, which have many employees specializing in the halls of their style and beauty establishments.
In order to significantly boost the UK beauty market, valued at 2800 trillion pounds and with increasing growth compared to falling sales in fashion and household appliances, larger beauty aisles will be tested in 11 stores across the country and, if successfully surpassed, the same will be done in more stores next year.
The investment in beauty comes at the same time that this supermarket chain is looking for ways to use shelf space that used to go to televisions, microwaves and household items.
Sainsbury's stated that it would double its beauty offer with up to 3000 products, including brands like Revlon, Essie, Tweezerman and Dr. PawPaw for the first time.
In addition, more space will be given to the existing ranges of L'Oreal, Maybelline and Burt's Bees, with areas similar to those of other establishments, such as Boots.
The chain will also relaunch its range of Boutique makeup with a majority of animal-friendly products, something increasingly demanded by younger customers.
The Fragrance Shop will also test its concessions at two Sainsbury’s establishments, the first recently opened in Croydon in South London last week. The second will open at Selly Oak in Birmingham later this year.
Online stores and the shift towards the daily purchase of small amounts of food in local stores force supermarkets to strive to convince people to visit them.
Mike Coupe, Sainsbury’s chief executive, has stated that stores will increasingly resemble shopping malls as the supermarket chain tries to fight discount stores Aldi and Lidl by offering more non-food services and products.
Sainsbury’s has integrated Argos discount outlets into hundreds of establishments and has introduced several Habitats since its purchase of these chains two years ago. It is considered that this has fueled grocency sales and made these acquisitions more profitable.
The supermarket chain’s previous attempt to renovate its beauty and pharmacy departments was a failure.
Sainsbury's tested a joint operation with Boots in the early 2000's, but the collaboration ended after a discussion on how to divide revenues from pharmaceutical outlets in their supermarkets.
The new strategy follows the sale of Sainsbury’s 281 pharmaceutical establishments to Celesio, owner of the Lloyds Pharmacy chain for 125 million pounds three years ago.
It is noted that Lloyds will participate in the plan, adding an expanded range of luxury skin care brands such as La Roche-Posay and Vichy in four stores.
Paul Mills-Hicks, Chief Commercial Officer of Sainsbury’s commented, “We’ve transformed the look and feel of our beauty aisles in a way that enhances the environment for our customers.
In addition, we have invested in a specialized staff that will be available to offer advice.
Our brand offering is designed to suit all needs. On the other hand, an attractive environment and a comfortable location makes us an irresistible destination for beauty products, defying the older way to buy.”
Peter Jones is “furious” after Holly Willoughby breaks an 11-million-pound deal
Dragon’s Den star Peter Jones left “furious” after TV host Holly Willoughby broke an 11-million-pound deal with her lifestyle business line to focus on her new contracts with Marks and Spencer and ITV.
Willoughby doesn’t have time to dedicate to Truly’s fashion and add-on brand.
This business had compared to Gwyneth Paltrow’s Goop brand.
The 37-year-old presenter of This Morning announced that she was leaving business on Instagram.
Holly Willoughby has enraged Dragon’s Den star Peter Jones by abandoning his lucrative last-minute lifestyle business to focus on his extraordinary new contracts with Marks & Spencer and ITV.
According to the sources consulted, Jones was “furious” when the golden girl of television admitted that her new agreements, valued at up to 1.5 million pounds, left no time to dedicate herself to Truly, its fashion brand and accessories, during a tense meeting held on Tuesday at the headquarters of her business empire in Marlow in Buckinghamshire.
The business had been compared to Gwyneth Paltrow’s Goop brand and was shaping up a favorite to double Willoughby’s 11-million-pound fortune.
While Willoughby, 37, announced that he was leaving business on Instagram, Jones was leaving Britain to go to one of his holiday homes.
“Truly was, by far, Holly’s top priority.
It was going to be her long-term future, which would keep her in the next two decades.
His decision to leave left everyone involved totally stunned.
No one could believe what happened on Tuesday, so close to launch.
There’s a warehouse full of merchandise at Marlow’s headquarters, ready-to-sell products.”
Experts believe the departure of the host of This Morning, one of Britain’s most profitable stars, could cost the company millions due to major investment in products ranging from cushions and sails to clothing, and possibly further delay its launch.
It could also mean an end to a long friendship.
Willoughby and her husband, Dan Baldwin, are the parents of three children and ten years ago maintain a close relationship with Jones and his wife, Tara Capp.
Willoughby established Truly with Capp in 2016 and Jones, 52, joined as president in March.
Couples went on vacation together and Jones has a 40% stake in Baldwin's television producer.
Willoughby is going to become brand ambassador for M&S and will replace Ant McPartlin as host of I'm A Celebrity on ITV.
A source close to Jones claimed that last night “there was no talk of business issues.”
A difficult conversation “and then we fell in love”
He was joking about the criticism he receives from the media for making a comment that some would consider “unpresidential” and for being so positive about the North Korean leader.
Why has President Trump resigned so many things?
Trump commented with his mocking voice of “news anchor.”
“I haven’t given up anything.”
He noted that Kim is interested to meet him again after Trump commended the first meeting held in June in Singapore, which he considered a major step towards the denuclearization of North Korea.
However, negotiations for denuclearisation have stalled.
More than three months after the June summit in Singapore, North Korea’s top diplomat Ri Yong Ho told world leaders gathered at the U.N. General Assembly on Saturday that his country does not see an “appropriate response” from the U.S
On the contrary, he said, the U.S. continues to apply sanctions in order to maintain pressure.
Trump’s perspective was much more optimistic in the speech he gave during his rally.
“We get along great with North Korea,” he said.
“We were going to go to war with North Korea.
Millions of people would have died.
Now we have a fantastic relationship.”
He said his efforts to improve relations with Kim have yielded positive results: an end to missile tests, aid to free hostages and bring the remains of U.S. soldiers back home.
In addition, he defended his unusual approach when talking about relations with Kim.
“It’s very easy to be presidential, but like that, instead of 10 000 people out there trying to get into this crowded stadium, we’d have about 200 people right here,” Trump said, pointing to the people right in front of him.
A tsunami and an earthquake in Indonesia devastate an island, leaving hundreds dead
After the Lombok earthquake, for example, foreign non-governmental organizations were informed that their assistance was not required.
Although more than 10% of Lombok’s population had had to move, no national emergency was declared, a prerequisite for catalysing international aid.
“Unfortunately, in many cases they have made it very clear that they do not seek international assistance, which complicates things a bit,” explains Ms. Sumbung.
Although Save the Children is preparing a team it will send to Palu, they still don’t know if foreign staff can work on the ground.
Mr Sutopo, a spokesman for the national emergency agency, explained that the authorities were assessing the situation in Palu to see if international organizations were allowed to provide assistance.
Considering that the land is constantly moving in Indonesia, the country remains incredibly unprepared when nature unleashes its anger.
Although tsunami shelters have been built in Aceh, there are not so many in other coastal areas.
It is likely that the apparent lack of tsunami warning sirens in Palu, even though there was a previous warning, has contributed to the loss of life.
At best, traveling from one island of Indonesia to another is a challenge.
Natural disasters further complicate logistics.
A hospital ship in Lombok to care for the victims of the quake is heading to Palu, but it will take at least three days to reach the enclave of the new disaster.
President Joko Widodo made improving Indonesia’s worn-out infrastructure at the helm of his election campaign, and has allocated quite a bit of money to roads and rail lines.
However, the lack of funding has affected Mr. Joko's administration, which faces re-election next year.
In addition, it must face pressure from persistent sectarian tensions in Indonesia, where members of the Muslim majority have adopted a more conservative form of faith.
More than 1000 people died and tens of thousands had to leave their homes while gangs of Christians and Muslims fought in the streets wearing machetes, bows and arrows, and other rudimentary weapons.
Look at this: Daniel Sturridge, from Liverpool, matches the scoring against Chelsea
Daniel Sturridge saved Liverpool from a Premier League loss to Chelsea with an 89th-minute goal on Saturday at London’s Stamford Bridge.
Sturridge received a pass from Xherdan Shaqiri just over 27 metres from Chelsea’s goal when the score was 1-0.
He placed the ball in his left foot with a touch before throwing it to the second stick.
The action commanded it above the area and headed towards the upper right corner of the network.
Finally, the ball went over Kepa Arrizabalaga who tried to stop it with a jump and fell into the net.
“I was trying to put myself in that position to get the ball and the players like Shaq always play very much ahead, so I tried to give myself as much time as possible,” Sturridge told LiverpoolFC.com.
“I saw Kante approaching and gave him a touch. I didn’t think too much, I just threw the shot.”
Chelsea were winning 1-0 in the first half after Belgian star Eden Hazard scored a goal in the 25th minute.
The Blues midfielder made a heeled pass to Mateo Kovacic on that play, before spinning a dribbling near midfield and entering the Liverpool field.
Kovacic quickly passed the ball and rushed out in midfield.
Afterwards, he made a nice pass to the space that took Hazard to the area.
Hazard stood in front of defense and topped by throwing the ball into the net of the second post with a left-footed kick that Alisson Becker, from Liverpool, could not stop.
On Wednesday at 15:00, Liverpool played against Napoli in the Champions League group stage. The match will be held at San Paolo Stadium in Naples (Italy).
Meanwhile, Chelsea face Videoton in the UEFA Europa League on Thursday at 15:00 in London.
The death toll from the Indonesian tsunami rises to 832
The number of casualties from the earthquake and tsunami in Indonesia has risen to 832, as reported by the country’s emergency agency early Sunday.
Many people were trapped in the rubble of buildings that collapsed during Friday’s 7.5-magnitude quake that unleashed waves of up to six meters, agency spokesman Sutopo Purwo Nugroho said during a news conference.
The city of Palu, with more than 380 000 inhabitants, was covered with the remains of the collapsed buildings.
Police arrest a 32-year-old man on suspicion of murder after a woman was stabbed to death
An investigation has been opened for murder after the body of a woman in Birkenhead in Merseyside this morning has opened.
The 44-year-old woman was found at 7:55 with stab wounds at Grayson Mews on John Street, marking the arrest of a 32-year-old man on suspicion of murder.
Police have urged people in the area to see or hear anything to come to the police.
Inspector Brian O'Hagan said, “The investigation is in the early stages, but it would encourage anyone who was near Jonh Street in Birkenhead and have seen or heard something suspicious to contact us.
In addition, I would advise anyone, especially taxi drivers, to have been able to capture something on dashcam to contact us as they may have vital information for our research.”
A police spokesman has confirmed that the woman whose body has been found is from Birkenhead and found inside a property.
This afternoon some people who believe they met the woman arrived at the scene of the crime to know where she had been found this morning.
The investigation is ongoing and the police have reported that they are in the process of informing the victim’s relatives.
A taxi driver living in Grayson Mews has tried to re-enter his apartment, but the police tell him that no one can enter or leave the building.
He was perplexed when he discovered what had happened.
Now, residents are informed that they will be allowed to re-enter in a few hours.
Someone heard an officer tell a man that the whole area was being treated as a crime scene.
A woman appeared at the place in tears.
He keeps repeating “it’s terrible.”
At two o’clock in the afternoon, there were two police vans inside the cordon and one more outside.
Several agents stood inside the cord controlling the block of floors.
Anyone who has information is asked to email DM @MerPolCC, call 101 or contact Crimestoppers anonymously at 0800 555 111, Sept. 247 record.
Cromwell's statue of Parliament becomes the last commemorative hit for "rewriting history"
His prohibition would be an act of poetic justice for this Taliban-style destruction of so many cultural and religious objects of England carried out by his fanatical Puritan followers.
However, the Cromwell Society described Mr. Crick’s suggestions as a “madness” and an “attempt to rewrite history.”
John Goldsmith, president of the Cromwell Society, commented: “In today’s debate on the removal of statues, it was inevitable that Oliver Cromwell’s figure would become a target.
The iconoclasm of the English civil wars was not ordered or carried out by Cromwell.
The wrong Cromwell may be sacrificed for the actions of his ancestor, Thomas, during the previous century.
Cromwell’s magnificent portrayal of Sir William Hamo Thorneycroft is proof of 19th-century opinion and part of the historiography of a figure that many deem worthy to celebrate.
As Mr. Goldsmith pointed out to The Sunday Telegraph: “Many consider Cromwell, perhaps more at the end of the 19th century than at present, a defender of parliament in the face of external pressure, in this case, it is clear the monarchy.
If it is a totally precise description, it is a matter of continuing the historical debate.
What is true is that the conflict of the mid-17th century has shaped our nation’s subsequent development, and Cromwell is a recognizable figure that represents a face of that division.
His accomplishments as Lord Protector are also worthy to celebrate and commemorate.”
Killed Pig Attacks Chinese Farmer
A pig attacked and killed a rancher in a market in southwestern China, according to local media.
The man, identified solely by his surname “Yuan,” was found dead with an artery sectioned and covered in blood near a pigsty from the Liupanshui market in Guizhou province, as the South China Morning Post reported Sunday.
On May 30, 2005, a pig breeder prepares to inject pigs from a pocylligue in Xining in Qinghai (China).
He reportedly traveled with his cousin from neighboring Yunnan province on Wednesday to sell 15 pigs at the market.
The next morning, his cousin found him dead and discovered that the door of a nearby pocylligan was open.
He said that in the pigsty there was a large pig with blood in his mouth.
Forensic examination confirmed that the almost 250-kilo pork had attacked the farmer to death, according to the report.
“My cousin’s legs were bloodied and shattered,” the cousin, who is addressed by his surname, “Wu,” told The Guiyang Evening News.
Security camera footage showed Yuan entering the market on Thursday at 4:40 to feed his pigs.
His body was found about an hour later.
The animal that killed the man belonged neither to Yuan nor his cousin.
A market manager told The Evening News that the pig was locked up to prevent him from attacking anyone else, while police collected evidence at the scene.
It appears that Yuan's family and market authorities are trading compensation for his death.
Though they're rare, it's not the first time a pig attacked a person.
In 2016, a pig attacked a woman and her husband on her Massachusetts farm, leaving the man seriously injured.
Ten years earlier, an almost 295-kilo pig cornered a farmer in his tractor until his wife frightened the animal.
After, in 2012, pigs ate an Oregon rancher, a Manitoba farmer told CBC News that pigs aren’t usually aggressive, but that the taste of blood can act as a “trigger.”
"They're just playing.
They're like children, very curious... their intention isn't to hurt.
“What you have to do is have their proper respect,” he said.
The remnants of Hurricane Rosa will leave widespread heavy rains in southwestern U.S.
As planned, Hurricane Rosa is weakening as it moves over the cooler waters off Mexico’s northern coast.
However, Rosa will leave torrential rains throughout northern Mexico and southwestern U.S. in the coming days.
Rosa caused wind gusts of more than 136 km/h, a Category 1 hurricane, from Sunday at five in the morning (Eastern time) and was located almost 620 kilometers southwest of Punta Eugenia (Mexico).
Rosa is expected to move north on Sunday.
Meanwhile, low pressures are beginning in the Pacific Ocean, which are shifting eastbound toward the U.S. West Coast as Rosa approaches the Baja California peninsula on Monday, a tropical storm will begin to boost heavy tropical rains northbound toward the U.S. southwestern U.S.
Rosa will leave more than 25 centimeters of rain in some parts of Mexico on Monday.
Finally, as tropical rain collides with the approaching low pressure, there will be widespread heavy rainfall in the Southwest over the next few days.
Locally, between 2 and 10 centimeters of rain will cause dangerous flash flooding, debris flows and possible detachments in the desert.
Intense tropical rains will cause rainfall of nearly 5 to 8 centimeters per hour in specific areas, especially in parts of southern Nevada and Arizona.
Between 5 and 10 centimeters of rain are expected in parts of the southwest, especially in most of Arizona.
Due to the scattered nature of tropical rains, there may be flash floods with rapidly worsening conditions.
Due to this threat of torrential tropical rains, it is not recommended at all to venture into the desert on foot.
Heavy rains could turn canyons into raging rivers and storms will cause gusty winds and dust clouds locally.
Closing low pressures will leave heavy rain in concrete parts of the coast of Southern California.
Torrential rains may leave up to almost two centimeters of water, which could cause small flows of debris and make roads slippery.
It would be the first torrential rainfall in the region during the wet season.
Some scattered tropical showers will begin to approach Arizona late Sunday and early Monday, before the rain generalizes late Monday and Tuesday.
Heavy rains will spread to the Four Corners on Tuesday and throughout Wednesday.
In October there may be some intense temperature changes in the U.S. due to Arctic cooling and the warmth of the tropics.
Sometimes this involves drastic temperature changes over short distances.
A good example of these temperature differences is what will happen throughout the U.S. center on Sunday.
There will be a nearly 7-degree difference between Kansas City, Missouri and Omaha (Nebraska), and between St. Louis and Des Moines (Iowa).
Over the next few days, prolonged summer heat will try to recover and re-expand.
In a large part of central and eastern U.S., a warm October start is expected, with generalized temperatures around 26 degrees from the Southern Plain to parts of the northeast.
On Tuesday, in New York temperatures of up to 26 degrees could be reached, about 12 degrees above average.
Our long-term forecast indicates high odds of above-average temperatures for the eastern U.S. during the first half of October.
More than 20 million people watched Brett Kavanaugh
More than 20 million people followed the heartbreaking testimonies Brett Kavanaugh, a Supreme Court candidate, and Christine Blasey Ford, the woman who accused him of a sexual assault presumed in the 1980s, gave Thursday on six television networks.
Meanwhile, the policy continued to stalemate and the media interrupted its usual programming to broadcast Friday’s latest developments: an agreement designed by Arizona Senator Jeff Blake for the FBI to carry out an investigation into the allegations for a week.
Ford informed the Senate Judiciary Committee that he is absolutely certain that Kavanaugh robbed her drunk and that he tried to take out his clothes at a high school party.
During his passionate testimony, Kavanaugh said he was totally sure that had not happened.
It’s likely that more than the 20.4 million Nielsen commented on Friday have seen it.
The company counted the average audience on CBS, ABC, NBC, CNN, Fox News Channel and MSNBC.
The numbers were not immediately available for other channels that relayed it, such as PBS, C-SPAN and Fox Business Network.
In addition, Nielsen usually has some trouble calculating how many people see something in the office.
To put it in perspective, it’s an audience similar to that of a playoff football game or the Oscars.
Fox News Channel, whose tertullians have vigorously supported Kavanaugh’s designation, the leading channel, with an average of 5.69 million viewers during an all-day appearance, Nielsen said.
ABC ranked second with 3.26 million viewers.
CBS had 3.1 million, NCB had 2.94 million, MSNBC had 2.89 million, and CNN had 2.52 million, Nielsen said.
After the appearance, there was still great interest.
Flake was the central character of Friday's drama.
After the moderate Republican’s office issued a statement that it would vote for Kavanaugh, on Friday morning CNN and CSB chambers caught protesters yelling at him while trying to get on an elevator to attend an appearance before the Judiciary Commission.
While receiving these reproaches, broadcast live by CNN, he was dejected.
“Look me in the face,” one woman said.
“Do you think she’s telling the truth to the country?”
“You have power when there are a lot of women who don’t.”
Flake said his office had issued a statement and, before the elevator doors closed, that he would tell more in his appearance before the Commission.
Cable television and broadcasting networks broadcast it all live later, when the Judiciary Committee had to vote to propose Kavanaugh to the Senate to be voted.
However, Flake said he would only do so if the FBI was investigating the allegations made against the candidate over the next week, which some Democrats had been asking for.
Flake was convinced, in part because of the conversations he had had with his friend, Democratic Senator Chris Coons.
After a conversation with Coons and several senators later, Flake made his decision.
Flake’s decision was pivotal as it was clear that Republicans wouldn’t have enough votes to approve Kavanaugh without such an investigation.
President Trump has opened an FBI investigation into allegations against Kavanaugh.
British Prime Minister May accuses critics of ‘doing politics’ with Brexit
Prime Minister Theresa May accused critics of her plan to leave the European Union to “do politics” with Britain’s future and to undermine national interest in an interview with the Sunday Times.
British Prime Minister Theresa May arrives Congress of the Conservative Party to be held in Birmingham (Britain) on September 29, 2018.
In another interview published next to him on the front page of the newspaper, his former foreign minister, Boris Johnson, insisted on his attack on Chequers’ alleged plan for Brexit, stating that a proposal for Britain and the EU to charge each other’s tariffs was “totally absurd.”
Wayde Murder: Police Arrest Dyteon Simpson Suspeck of LSU Player's Death
Police have arrested a suspect in the death of Wayde Sims, a 20-year-old LSU basketball player, during a shooting.
Dyteon Simpson, 20, has been arrested and jailed on a second-degree manslaughter charge, according to the Baton Rouge Police Department.
Authorities released a video of the confrontation between Sims and Simpson, and police say Sims lost his glasses during the fight.
Police regained their glasses at the crime scene and said they had found Simpson's DNA on them, CBS affiliate WAFB reports.
After interrogating Simpson, police say he admitted to shooting Wayde.
A bond of 350 000 USD has been established, according to the defense.
Baton Rouge Eastern District Investigating Court released a preliminary report Friday stating that the cause of death had been a gunshot wound to the back of its head.
The department recognizes the merits of the Louisiana State Police fugitives unit, the State Police crime lab, the Southern University police and citizens for their assistance in the investigation that led to the arrest.
Joe Alleva, LSU’s sporting director, thanked police forces in the area for their “diligence and quest for justice.”
Sims was 20 years old.
The player, who measured more than two meters, grew up in Baton Rouge, where his father, Wayne, also played basketball at LSU.
He had scored an average of 5.6 points and 2.6 rebounds in a game of the last season.
On Friday morning, LSU basketball coach Will Wade stated that his team is “devastated” and “shocked” by Wayde’s death.
“These are the things that people always care about,” Wade said.
Volcano throws ash in Mexico City
Ash from the Popocatepetl volcano has reached the neighborhoods located south of the capital of Mexico.
The National Disaster Prevention Center on Saturday warned Mexicans to stay away from the volcano after the crater showed activity and recorded 183 emissions of gas and ash in 24 hours.
The center recorded several tremors and shakes.
On social networks, the images showed thin layers of ash covering the windshields of vehicles in neighborhoods of Mexico City, such as Xochimilco.
Geophysicists have observed increased activity in the volcano, located 72 kilometers southeast of the capital, since a 7.1-magnitude quake struck central Mexico in September 2017.
The volcano, known as “Don Goyo” has been active since 1994.
Police Face Catalan Separatists Ahead of Independence Referendum Anniversary
Six people were arrested Saturday in Barcelona after pro-independence protesters clashed with anti-riots as thousands participated in opposition demonstrations coinciding with the first anniversary of Catalonia’s polarized referendum on secession.
A group of hooded separatists to whom the riot rioters had cut through threw eggs and powder paint, creating dark clouds of dust in the streets, which are normally full of tourists.
Clashes also occurred in later hours and the police used batons to contain the fight.
For several hours, pro-independence groups, with messages such as “neither forgetting nor pardon”, confronted unionist protesters to the cry of “Viva España”.
Fourteen people were treated for minor injuries sustained during the protests, according to local media.
Tensions continue to be high in this region a year after the October 1 vote, considered illegal by Madrid, but celebrated by separatist Catalans.
Voters voted an overwhelming majority for independence, though turnout was low, as people who were against secession largely boycotted the referendum.
According to the Catalan authorities, almost 1000 people were injured last year after the attempt of the police to prevent the vote at polling stations throughout the region, where violent clashes occurred.
Pro-independence groups camped out Friday night to avoid a demonstration in support of the National Police.
The demonstration went ahead, but was forced to take a different route.
Narcis Termes, 68, an electricist attending the separatist protest with his wife, said he was no longer hopeful that Catalonia would become independent.
“Last year we experienced one of our best moments.
“I saw my parents crying with joy for being able to vote, but now we’re stuck,” he said.
Despite achieving a vital victory, albeit narrow, in last December’s regional elections, pro-Catalanist parties have struggled to retain momentum this year, as many of their best-known leaders, whether in self-imposed or detained exile, are awaiting trial for their role in organizing the referendum and the subsequent declaration of independence.
Puig, a 42-year-old mechanic who recorded the protest in support of police on his phone, said the conflict had been stoked by politicians on both sides.
“It’s becoming more and more tense,” he said.
Oriol Junqueras, one of nine Catalan leaders in pretrial detention since the end of last year, announced that he would participate in next year’s European Parliament elections.
“Being a candidate for the European elections is the bestlest way to denounce regression in the democratic values and repression that we have seen from the Spanish government,” he said.
Londonderry: Men Arrested for Ramming a House with a Car
Three men, aged 33, 34 and 39, have been arrested after repeatedly ramming a Londonderry house with a car.
The incident occurred on Thursday around 19:30 in Ballynagard Crescent.
Inspector Bob Blemmings said damage was done to the entrances and the building itself.
At some point, it's possible it's that the car with a crossbow may have been fired.
Menga's attack gives Livingston a 1-0 victory against the Rangers
Dolly Menga's first goal for Livingston secured victory
A promoted Livingston impressed the Rangers by getting Steven Gerrard's second loss in 18 Ibrox club coach games.
Dolly Menga's attack made the difference. Gary Holt's took a spot, with Hibernian in second place.
This season, Gerrard’s have not yever achieved any out-of-home wins and next Sunday they face Hearts, leaders of the table with eight points ahead.
Earlier, the Rangers host Rapid Vienna on Thursday in the Europa League.
Meanwhile, Livingston extends their division winning streak to six games. Holt, starting coach, has not yet savoured defeat since replacing Kenny Miler last month.
Livingston lets out opportunities in front of a blunt visitor
Holt’s team should have gone one step ahead long before scoring, causing all sorts of issues to the Rangers for their direct play.
Scott Robinson overtook the defense, but missed his attempt ahead of goal. Then Alan Lithgow got the deflected shot after stepping in to top Craig Halkett's header in front of the goal.
The hosting team consisted of letting the Rangers play in front of them, knowing they could cause problems for the visitors with the ball plays stopped.
That’s how the decisive goal arrived.
The Rangers gave them a free throw and Livingston looked for an inning, with a combined play by Declan Gallagher and Robinson for Menga, who hit the ball and scored from the center of the area.
At the time, the Rangers dominated possession, but failed to pass the defense of host and goalkeeper Liam Kelly was quite quiet.
That game continued until the second half, although Alfredo Morelos forced a stop by Kelly.
Allan McGregor, the Rangers' goalkeeper turned down Scott Pittman's one-way shot, and Lithgow was far from another of the Livingston.
Long passes entered in the Livingston area, but they were always clear. Two penalty petitions were rejected, one after a Halkett inning over backup Glenn Middleton and another for a hand.
“Phenomenal” of the Livingston (analysis)
Alasdair Lamont from BBC Scotland at Tony Macaroni Stadium
A phenomenal performance and result for the Livingston.
The unanimous opinion is that they made an excellent game that continued to exceed expectations of an upward trajectory.
His style of play and squad have barely undergone any changes since his promotion, but this is largely due to Holt because of the way he has reinforced the team since his arrival.
He had a lot of heroes.
Halkett, the captain of the team, was huge and led a magnificently organized defense, while Menga kept Connor Goldson and Joe Worrall alert at all times.
The Rangers lacked inspiration, though.
Although they had very good times with Gerrard, they fell short.
They needed to materialize the plays, since they only managed to enter the opposite field once, which is a wake-up call to the Rangers, who are in the middle of the table.
Erdoğan has received an ambiguous reception in Cologne
On Saturday, September 29, there were smiles and a blue sky during the breakfast of the leaders of Turkey and Germany in Berlin.
It is the last day of President Erdogan’s controversial visit to Germany, with the aim of restoring relations between NATO allies.
They have discussed issues such as human rights, freedom of the press and Turkey’s accession to the EU.
Erdogan then headed to Cologne to inaugurate a huge new mosque.
The city hosts the largest population of Turks outside Turkey.
Police alleged security reasons to prevent 25 000 people from meeting in front of the mosque, but many supporters met in the immediate vicinity to see their president.
Hundreds of Erdogan’s opponents were also hearned, much of them Kurds, who condemned both Erdogan’s policies and the German government’s decision to receive him in the country.
These demonstrations reflect how divisive this visitor is, greeted as a hero by some German Turks and considered an autocrat by others.
Deptford traffic accident: cyclist dies after colliding with vehicle
A cyclist has been killed in a car accident in London.
The crash occurred near the junction of Bestwookd Street and Evelyn Street, a busy Deptford road, southeast of the city, around 10:15.
The driver of the car stopped and the cyclist was treated by paramedics, but died there.
The accident comes after another cyclist died after being hit by a vehicle that leaked on Childers Street, nearly two kilometers from Saturday's crash site.
Metropolitan police said officers were working to identify the man and inform their relatives.
Roads have been cut off and buses have been diverted, and drivers have been advised to avoid the area.
Long Lartin Prison: Six Officers Injured After Riots
Six prison officials have been injured in an altercation in a high-security prison for men, according to the prison’s leadership.
Riots began at Long Lartin Prison in Worcestershire around 9:30 on Sunday and are still ongoing.
Specialists from an elite team (called “Tornado”) are in charge of controlling altercations, in which eight interns participate and that affect a pavilion.
Officers received assistance for minior face injuries at the scene.
A spokesman for the prison service comments: “Specialized prison personnel have been deployed to deal with the ongoing Long Lartin prison incident.
Six staff members have received health care for injuries.
In our prisons violence is not tolerated and we make it clear that those responsible will be put in the hands of the police and could spend more time behind bars.”
Long Lartin prison hosts more than 500 inmates, including some of the country’s most dangerous offenders.
In June it was reported that the director of the prison had received hospital medical assistance after an inmate attacked him.
In addition, in October of last year anti-riot agents were asked to go to the prison to face a serious altercation in which the prison staff were attacked with billiard balls.
Hurricane Rosa threatens Phoenix, Las Vegas and Salt Lake City with flash flooding (arid areas could benefit)
It’s unusual for a tropical depression to reach Arizona, but that’s exactly what could happen early next week when Hurricane Rosa’s last snales cross the southwest of the desert, at risk of flash flooding.
The National Weather Service has already issued flash flood alerts for Monday and Tuesday in western Arizona, southern and eastern Nevada and southeastern California and Utah, including the cities of Phoenix, Flagstaff, Las Vegas and Salt Lake City.
Rosa is expected to head straight for Phoenix on Tuesday, leaving rains by the end of Monday.
The Phoenix National Weather Service said in a tweet that only “ten hurricanes had retained their tropical storm or depression state within 321 kilometers of Phoenix since 1950.
In 1967, Hurricane Katrina approached nearly 65 kilometers from the Arizona border.”
The latest models of the National Hurricane Center foresee between 5 and 10 centimeters of torrential rains, which can reach 15 centimeters in isolated areas of the Escarpe Mogollón, in Arizona.
It is likely that between 2 and 5 centimeters of rain falls, with the possibility of reaching 10 in isolated places, in other areas of the southwest desert, including the Rocky Mountains and the Great Basin.
In places that are not at risk of flash floods, Rosa’s rains can be considered a blessing, since the region is affected by the drought.
Although a flood is a very serious issue, it is likely that some of these torrential rains will be beneficial due to the drought conditions that are currently being experienced in the Southwest.
According to the U.S. Drought Monitor, more than 40 percent of Arizona is suffering at least extreme drought, the second-highest category, as reported on weather.com.
First of all, Hurricane Rosa’s itinerary will hit Mexico’s Baja California peninsula.
Rosa, which on Sunday morning will still have a hurricane force with maximum gusts of 136 kilometers per hour, is 619 kilometers south of Punta Eugenia (Mexico) and moves north at 19 kilometers per hour.
The storm is encountering cooler waters in the Pacific, so it is losing steam.
It is expected to stand in Mexico with the intensity of a tropical storm throughout Monday afternoon.
Heavy torrential rains could fall in some parts of Mexico, which are at considerable risk of flooding.
“ Torrential rains of between 7 and 15 centimeters are expected from Baja California to the northwest of Sonora, with the possibility of reaching 25 centimeters,” as communicated on weather.com.
Rosa will head north of Mexico as a tropical storm, before reaching the Arizona border in the early hours of Tuesday morning as a tropical depression. Subsequently, it will move through Arizona to southern Utah late Tuesday night.
“Rosa’s main danger or its remains is heavy torrential rain in Baja California, northwestern Sonora and the southwestern U.S. desert.
These rains are expected to cause dangerous flash flooding and debris flows in the deserts, as well as landslides in mountain areas.
Midsomer Norton Attack: Four Arrests for Assassination
Three teenagers and a 20-year-old have been arrested on suspicion of an assassination attempt after another 16-year-old man had been found with stab wounds in Somerset.
The teenager was found injured in the Excelsior Terrace area of Midsomer Norton around 4:00 on Saturday.
He was taken to a hospital, where he remains “stable.”
A 17-year-old boy, twelved an 18-year-old and one out of 20, were arrested that same night in the Radstock area in Avon, according to Somerset police.
Officers have appealed to anyone who may have recorded what happened with their phone.
Trump says Kavanaugh "suffered the meanness and anger" of the Democratic Party
“Voting for Judge Kavanaugh is voting to reject the ruthless and outraging tactics of the Democratic Party,” Trump said at a rally held in Wheeling, West Virginia.
Trump said Kavanaugh has “suffered the pettiness and anger” of the Democratic Party throughout the appointment process.
Kavanaugh testified before Congress on Thursday, vigorously and emotionally denying Christine Blasey Ford's allegation that she had sexually assaulted her decades ago when they were teenagers.
Ford also testified in the session about this indictment.
On Saturday, the president said the “U.S. saw Kavanaugh’s cunning, quality and bravery.”
“Voting to confirm Judge Kavanaugh is to vote to confirm one of the most successful legalists of our day, a jurist with an admirable record in the service of the public,” he told his West Virginia supporters.
The president made indirect references to Kavanaugh’s candidacy by talking about the importance of Republican participation in midterm elections.
“Five weeks around for one of the most important choices of our lives.
I don’t introduce myself, but it’s a race,” he said.
“That’s why I’m going from one place to another struggling to get great candidates.”
Trump alleged that Democrats are embarking on a “resistance and obstruction” mission.
The first key procedural vote in the Senate over Kavanaugh’s appointment is expected to be held no later than Friday, a senior GOP leadership official told CNN.
Hundreds killed in Indonesia’s earthquake and tsunami
At least 384 people have been killed and many have been swept away by huge waves ravaging the beaches after a strong earthquake and tsunami on Sulawesi’s Indonesian island, authorities said Saturday.
Hundreds of people had gathered to celebrate a festival on Palu’s city beach on Friday as waves of up to six meters reached the coast at dusk, dragging many to death and destroying everything in their path.
The tsunami occurred after a 7.5-magnitude earthquake.
“When it was warned yesterday that a tsunami could occur, people were still on the beach and didn’t flee immediately, so they were victims,” Sutopo Purwo Nugroho, spokesman for Indonesia’s National Agency for Disaster Management (BNPB), told a news conference in Jakarta.
“The tsunami didn’t come alone, it dragged cars, logs, houses, ravaged everything that was on land,” Nugroho said. The tsunami had moved across the open sea at a speed of 800 km/h before reaching the coast.
He also added that some people had climbed trees to escape the tsunami and survived.
Around 16 700 people were evacuated to 24 centers in Palu.
Aerial photographs published by the agency showed the destruction of many buildings and tents, split and collapsed bridges, and a mosque surrounded by water.
Aftershocks continued to hit the coastal city on Saturday.
The series of earthquakes was felt in an area with 2.4 million people.
The Agency for the Evaluation and Application of Technology (BPPT) reported in a statement that the energy released by Friday’s great earthquake was 200 times higher than that of the atomic bomb that fell on Hiroshima in World War II.
He added that the city’s geography, which sits at the end of a long and narrow bay, may have magnified the size of the tsunami.
Nugroho described the damage as “significant” and said thousands of homes, hospitals, shopping malls and hotels had collapsed.
According to him, bodies of some victims were found trapped under the rubble of the crumbling buildings. In addition, 540 people had been injured and 29 were missing.
Nugroho noted that the death toll and damage could be greater along 300 km of coastline north of Palu, an area called Donggala, which is closer to the epicenter of the quake.
Donggala’s communications “were totally paralyzed and there was no information” from Donggala, Nugroho said.
“More than 300 000 people live there,” the Red Cross said in a statement, adding that its staff and volunteers were on their way to the affected areas.
“This is already a tragedy by itself, but it could be much worse,” he said.
On Saturday, the agency received much criticism for failing to report that a tsunami had hit Palu, although those responsible claim that the waves had already reached the coast when the alert was issued.
In a recording captured by an amateur and shared on social media, a man who was on the top floor of a building is heard warning people who were on the street that a tsunami was approaching.
In a matter of minutes, a wall of water hits the coast, taking ahead buildings and cars.
Reuters could not validate the material immediately.
The earthquake and tsunami caused a large blackout that cut off communications around Palu, making it difficult for the authorities to coordinate rescue work.
The army began sending cargo planes with help from Jakarta and other cities, authorities say, but people evacuated still need food and other commodities.
The city's airport has reopened only for relief efforts and will remain closed until October.
President Joko Widodo has a scheduled visit to Paul's evacuation centers on Sunday.
The death toll from the Indonesian tsunami exceeds 800.
It's a very bad thing.
Although Donggala’s World Vision staff have arrived safely in the city of Palu, where employees take refuge under tarpaulins set up in the garden of their offices, they have seen a devastating picture on their path, Mr. Doseba said.
“I was told they had seen a lot of houses destroyed,” he said.
It's a very bad thing.
Even as aid groups set in motion disaster assistance gears, some people lamented that non-displacement of cooperators with extensive experience was not being allowed to move to Palu.
Under the Indonesian regulations, foreign financing, supplies and staffing can only be used if the site concerned declares itself a national disaster zone.
And that hasn't happened yet.
“It’s still a catastrophe at the provincial level,” said Aulia Arrani, a Red Cross spokesman in Indonesia.
“As soon as the government says it considers it a national disaster, we can start providing international aid, but it hasn’t happened yet.”
As the second night fell in Palu after Friday’s earthquake and tsunami, friends and family members of people who were still missing were still hopeful that their loved ones would be the miracles that brought some light to the bleak stories that write the natural catastrophes.
On Saturday, a little boy was removed from a sewer.
On Sunday, rescuers released a woman who had been trapped under the rubble for two days next to her mother’s body.
Gendon Subandono, an instructor of Indonesia’s national paragliding team, had trained two missing paragliders for the Asian Games, which concluded earlier that month in Indonesia.
Other of those who were trapped at the Roa Roa hotel, Mr. Mandagi included, were his students.
“From my expertise in the paragliding field, I carry my own emotional charge,” he said.
Mr. Gendon recalled how, in the hours that followed the release of the news that the Roa Roa hotel had collapsed in the paragliding community, he had sent desperate WhatsApp messages to Palu’s competitors, who were participating in the beach festival.
However, their messages only showed one gray checkmark, not two in blue.
"I think that means the messages weren't delivered," he said.
Thieves take 26 750 USD during an ATM top-up at Newport on the Levee
On Friday morning, thieves robbed a Brink clerk who recharged an ATM in Newport on the Levee, taking 26 750 USD, according to a Newport Police Department press release.
The driver of the vehicle had emptied an ATM located in the leisure center and was preparing to recharge it with more money, Detective Dennis McCarthy wrote in the note.
While he was busy, another man “came running behind Brink’s clerk” and stole a bag of money destined for recharging.
According to the note, there are witnesses who saw several suspects leaving the scene, but the police did not specify the number involved in the incident.
Anyone who has information about their identities should contact Newport Police at 859-292-3680.
Kanye West: Rapper Changes Name to Ye
Rapper Kanye West will start calling himself Ye.
He announced the change on Twitter on Saturday: “The person formerly known as Kanye West.”
It’s been a while since West, 41, is nicknamed Ye, a name he used as a title for his eighth album, released in June.
The change comes ahead of their appearance on Saturday Night Live, where they are expected to present their new album, Yandhi.
It replaces the singer Ariana Grande, who had to cancel her performance for “emotional reasons”, as commented by the creator of the program.
In addition to being an abbreviation for his current professional name, West had previously said that the word had a religious importance to him.
“I think it’s the most widely used word in the Bible, where it means ‘you,’” West said earlier this year as he spoke the album’s title with radio broadcaster Big Boy.
"It's you, it's us, it means us.
He went from being Kanye, which means ‘the one’, to Ye, a reflection of our good, bad and confusing things, everything.
The album is more a reflection of who we are.”
He is one of the many famous rappers who has changed his name.
Sean Combs has been known as Puff Daddy, P. Diddy or Diddy, but this year he announced that he preferred the names Love and Brother Love.
A former West collaborator, JAY-Z, has used his name in uppercase or lowercase, with or without a script.
Mexican AMLO vows not to use the army against the civilian population
Andrés Manuel López Obrador, Mexican president-elect, has vowed never to use the army against the civilian population, now that the 50th anniversary of a bloody retaliation against students in the country is approaching.
On Saturday, López Obrador promised in Plaza Tlatelolco that he would “never use the army to repress the people of Mexico.”
On October 2, 1968, troops fired on a peaceful demonstration in the square, killing 300 people at a time when left-wing student movements were entrenching throughout Latin America.
López Obrador is committed to providing support to young Mexicans by providing monthly subsidies to those who study and opening more free public universities.
He stated that unemployment and a lack of educational opportunities led young people to integrate into criminal gangs.
U.S
Now that China is more active in artificial intelligence, the U.S. should double its research investment in this field, says Kai-Fu Lee, an investor and professional at I.A. who has worked for Google, Microsoft and Apple.
The comments then arise the announcements relating to the I.A. from various parts of the U.S. government, even when, in general, the U.S
Meanwhile, China unveiled its plan last year: its goal is to become No. 1 in innovation in A. by 2030.
“Duplicating the budget for the I.A. research would be a good start, given that all the other countries go far behind the U.S. We have an eye on the next breakthrough in the field of I.A,” Lee says.
Double funding means twice the chance that the next big achievement in I.A. will be reached in the U.S., as Lee stated in an interview with CNBC this week.
Lee, whose book “AI Superpowers: China, Silicon Valley and the New World Order” was published this month by Houghton Mifflin Harcourt, is the CEO of Sinovation Ventures, which he has invested in one of China’s leading I.A. companies, Face++.
In the 80’s, at Carnegie Mellon University, he worked on an I.A. system that beaten Othello’s best American player. He was subsequently an executive at Microsoft Research and president of Google’s subsidiary in China.
Lee gave recognition to previous U.S. government technology competitions, such as the DARPA Robotics Challenge, and asked when it would be next, which would identify the next generation of visionaries.
In the U.S., investigators often have to work hard to get government grants, Lee said.
“It’s not China that’s taking academic leaders; it’s the corporations,” Lee said.
In recent years, Facebook, Google, and other tech companies have hired prominent people from universities to work at I.A.
Lee commented that changes in immigration policy could also help the U.S
“I think doctors in I.A. should have permanent residence cards automatically,” he said.
The State Council of China unveiled its Plan for the Development of the Next Generation of Artificial Intelligence in July 2017.
China’s National Natural Sciences Foundation funds people from academic institutions just as the National Foundation for Science and other governmental organizations funds American researchers, but the quality of academic work in China is lower, Lee said.
Earlier this year, the U.S. Department of Defense established a Joint Artificial Intelligence Center aimed at attracting partners in the industrial and academic spheres. Meanwhile, the White House announced the formation of a Select Committee on Artificial Intelligence.
In addition, DARPA this month announced an investment of US$2000 million in an AI Next initiative.
Regarding the National Foundation for Science, it currently invests more than 100 million USD per year in I.A. research.
Meanwhile, U.S. legislation that sought to create a National Security Commission on Artificial Intelligence has carried out no action in months.
The Macedonians decided in a referendum on whether they will change their country’s name
The people of Macedonia decided in a referendum held on Sunday on whether their name will change to “Republic of North Macedonia,” a gesture that would resolve a decades-long conflict with Greece, which had blocked its candidacy for accession to the European Union and NATO.
Greece, which has a province called Macedonia, maintains that the name of its northern neighbor is a claim of its territory and has vetoed its entry into NATO and the EU.
In June, both governments reached an agreement on the proposed new name, but nationalist opponents contend that the change would undermine the ethnic identity of the Slavic population, a majority in Macedonia.
President Gjorge Ivanov has said that he will not vote in the referendum and a boycott campaign has questioned whether participation will reach the minimum 50% required for the referendum to be considered valid.
The ballot of the referendum raised the following question: “Are you in favour of accession to NATO and the EU with the acceptance of the agreement with Greece?”
Supporters of the name change, including Prime Minister Zoran Zaev, allege that it’s a price worth paying for Macedonia, one of the countries arising from the disintegration of Yugoslavia, to try to access bodies like the EU and NATO.
“Today I have come to vote for the future of the country, for the young people of Macedonia, so that they can live freely under the protection of the European Union, because this represents a safer life for everyone,” said Olivera Georgijevska, 79, in Skopie.
Although it will not be legally binding, quite a few members of Parliament have said that they will respect the outcome of the vote to make it decisive.
Naming requires a two-thirds majority in Parliament.
The State Electoral Commission stated that irregularities had not been reported at one in the afternoon.
However, turnout was only 16%, compared with 34% of the last parliamentary elections held in 2016, when 66% of registered voters cast their ballots.
“I’ve come to vote for my children, our place is in Europe,” said Gjose Tanevski, 62, who was voting in the capital, Skopie.
Zoran Zaev, Prime Minister of Macedonia, his wife Zorica and son Dushko cast their vote in the Macedonian referendum on a renaming of the country that would open ways to join NATO and the European Union in Strumica (Macedonia) on September 30, 2018.
In front of Skopie’s parliament, Vladimir Kavardarkov, 54, was setting a small stage and removing chairs in front of the tents planted by those who were going to boycott the referendum.
“We are in favour of getting into NATO and the EU, but we want to do it with our heads held high, not through the back door,” Kavadarkov said.
"We're a poor country, but we have dignity.
If they don’t want us to come in like Macedonia, we can establish relations with other countries, such as China and Russia, and be part of Eurasian integration.”
Prime Minister Zaev says NATO membership would provide much-needed Macedonia investment, whose unemployment rate is more than 20%.
“I believe that the vast majority will be in favour, as more than 80% of citizens are in favour of the EU and NATO,” Zaev said.
He said that a positive outcome would be a “confirmation of our future.”
In a poll published last Monday by the Policy Research Institute it was assured that between 30 and 43% of voters would participate in the referendum, which represents a lower turnout than required.
Another poll conducted by Telma TV of Macedonia revealed that 57% of respondents were planning to vote on Sunday.
Of these, 70% said they would vote in favor.
For the referendum to be considered a success, turnout must be 50 percent plus one vote.
Should it fail, it would be the first serious blow to pro-Western government policy since it came to power in May last year.
Look at this: Sergio Agüero, from Manchester City, dodges the entire defense of Brighton to score a goal
Sergio Agüero and Raheem Sterling scooped Brighton's defense in the 2-0 victory Manchester City scored on Saturday at Etihad Stadium in Manchester (England).
For Agüero, it was ridiculously easy to score a goal in the 65th minute.
The Argentine midfielder received a pass in midfield at the beginning of the play.
He ran between three Brighton defenders before entering the open field.
Once there, he was surrounded by four green T-shirts.
He dodged a defender before overcoming several more on the edge of the Brighton area.
He made a pass on the left, where Sterling was.
The English striker used his first touch in the area to return the ball to Agüero, who hit him with his right foot to avoid goalkeeper Mathew Ryan with a shot that reached the right side of the net.
“Agüero has some problems in his foot,” Pep Guardiola, City’s coach, told reporters.
“We’re talking I’d play between 55 and 60 minutes.
That's what happened.
We were lucky that he scored a goal at the time.”
However, it was Sterling who gave the Sky Blues the initial lead in the Premier League contest.
The goal came in the 29th minute.
On that play, Agüero received the ball deep into Brighton territory.
He made a nice ball pass to the left flank for Leroy Sane.
Sane gave him a few touches before directing Sterling toward the second stick.
Sky blues striker threw the ball into the net just before getting out of limits.
City clash with Hoffenheim in a Champions League group game on Tuesday at 12:55 at Rhein-Neckar-Arena in Sinsheim (Germany).
Scherzer wants to water the Rockies
With the Nationals knocked out from the playoff race, there was no reason to force another opening.
Even so, the ever-competitive Scherzer hopes to step on the mound Sunday against the Colorado Rockies, but only if they triumphed against Los Angeles Dodgers in the NL West, they still have playoff opportunities.
The Rockies secured at least one wildcard spot thanks to a 5-2 win over the Nationals on Friday night, but they are still chasing their first division title.
“Although we don’t play anything, at least we can step on the rubber with the certainty that the Denver audience will be encouraged and that the other team would probably play at the highest level I’ve faced this year.
“Why wouldn’t I want to participate?”
The Nationals have yet to announce a starter on Sunday, but it seems they are inclined to let Scherzer throw in that situation.
Scherzer, who would make his 34th opening, did a practice session on Thursday and will return to his normal break on Sunday.
Washington's right-hander track record is 18 wins and 7 losses, with an ERA of 2.53 and 300 strikeouts with 2/3 in 220 innings.
Trump gives a rally in West Virginia
The president made indirect references to the situation around Brett Kavanaugh, his selection for the Supreme Court, when talking about the importance of Republican participation in mid-term elections.
“Everything we’ve done is at stake in November.
It's five weeks before one of the most important choices of our lives.
It’s one of the most important. I don’t introduce myself, but it’s a race, that’s why I’m going from one place to another struggling to get great candidates,” he said.
“We’ve got this terrible radical group of Democrats, it’s happening right now.
And they are determined to regain power by all necessary means, you see pettiness, evil.
They don’t care who they’re hurting or who they have to go over to get power and control, that’s what they want, power and control. And we’re not going to give it.”
Democrats, he said, are embarking on a “resistance and obstruction” mission.
“We’ve seen it these past four days,” he said, saying Democrats “were furious, they were bad, horrible and false.”
He referred to the Senate Judiciary Committee naming Democrat Senator Dianne Feinstein, who received boos from the public.
“Remember his response?
Are you filtering the document?
Mmm, Mmm, what?
No, no mmm, I expect an answer. His body language was terrible, the worst I've ever seen."
The Labour Party already covers a wide range of views.
He's intolerant of people who say what they think
When the Momentum activists of my local party voted to censor me, I was barely surprised.
After all, I’m the last of a row of Members of the Parliament of the Labour Party who is said not to be welcome, and just to say what we think.
My colleague in Parliament, Joan Ryan, received similar treatment to be categorically against anti-Semitism.
In my case, the no-confidence motion criticized me for not agreeing with Jeremy Corbyn.
He disagreed with the importance of responsible economic policy, on national security, on Europe. It is ironic that they were issues in which Jeremy disagreed with previous leaders.
As stated in noticing Friday’s Nottingham East Labour Party meeting, “we want meetings to be inclusive and productive.”
For most of the eight years I have been a Member of Parliament of the local Labour Party, that’s exactly what have been the General Committee’s Friday night meetings.
Sadly, this is not the current tone of many meetings and the promise of a “kinder and kinder” policy is more than forgotten, if it was really applied at some point.
It is becoming increasingly clear that disparaging views are not tolerated in the Labour Party and that every opinion is judged on whether party leaders consider it acceptable or not.
This began shortly after Jeremy became a leader, when colleagues with whom he previously thought he shared a similar political view began to expect him to radically change his mind and to adopt positions with which he would never have agreed, either on national security or on the EU single market.
Whenever I speak in public, regardless of what he says, there is a diatribe of insults on social networks demanding my withdrawal, denouncing the policies of the center, telling me that I should not be in the Labour Party.
I'm not the only one who's experienced it.
Indeed, I know that I am luckier than some of my colleagues, since comments about me tend to be political.
I am amazed at the professionalism and determination of colleagues facing a torrent of sexist or racist slurs on a daily basis, but they never run away.
One of the most disappointing aspects of this political age is the normalization of insults.
Last week, Jeremy Corbyn claimed that the Labour Party should promote a culture of tolerance.
The reality is that we no longer have that wide range of opinions and, with every “censure” motion or every change in selection rules, the party becomes narrower.
Over the past two years, I’ve received a lot of tips that advised me to keep my head down and not make myself heard so much and that’s how “it’d be okay.”
But I didn’t get into politics to do that.
Since 32 years ago I joined the Labour Party as a high school student, motivated by the negligence of Thatcher’s government who left the classroom of my comprehensive school literally in ruins, I have tried to support the improvement of public services for those who need them most, either as a councilman or as a government minister.
I've never hidden my political ideas, not in the last election either.
It’s impossible for anyone in Nottingham East to be unaware of my political stances or areas where I did not agree with current leaders.
The only thing I would say to those who promoted Friday’s motion is that I don’t understand this desire to waste time and energy with issues about my loyalty to the leader of the Labour Party when the country goes head-on to a Brexit that will affect households, businesses and public services.
The real message is not for Nottingham Momentum, but for the voters, whether they are from the Labour Party or not: I am proud to serve you and I promise that no threat of withdrawal or any political opportunism will prevent me from acting according to what I think is best for all of you.
Chris Leslie is a Member of Parliament by Nottingham East
Ayr 38 - Melrose 17: an undefeated Ayr rises to the top
Two rehearsals at the end of the match may have decided to some extent the final result, but, without a doubt, Ayr deserved the victory in this entertaining Tennent’s Premiership day match.
Now they lead the table and it is the only undefeated team of ten participating.
In the end, it was the superiority of his defense, as well as his ability to take better advantage of the opportunities, which gave the victory to the local team, so coach Peter Murchie had every right to be happy.
“We’ve been tested in every game and we’re still undefeated, so I have to rejoice,” he said.
Robyn Christie of Melrose commented: “Ayr deserves recognition, they seized the opportunities better than us.”
Grant Anderson's rehearsal in the 14th minute, converted by Frazier Climo, placed the Ayr ahead; but a yellow card to Scottish captain Rory Hughes, the Warriors' loan for the game, allowed Melrose to take advantage of this disadvantage of the opponent and Jason Baggot achieved an unconverted rehearsal.
Climo extended Ayr’s advantage with a penalty. Before, right at halftime, he scored and converted a solo rehearsal, which left the score at 17-5 in favor of Ayr at the break.
However, Melrose started the second part well and Patrick Anderson’s rehearsal, converted by Baggot, reduced this difference to five points.
Then there was a long interruption due to a serious injury of Ruaridh Knott, whom they had to take out on a stretcher, and, upon resumption of the match, the Ayr went ahead with a rehearsal of Stafford McDowall converted by Climo.
The yellow card to Blair Macpherson, captain of the Ayr, allowed the Melrose to take advantage again that they had another man with an unconverted rehearsal of Bruce Colvine, at the end of a period of enormous pressure.
However, the locals recovered and, when Struan Hutchinson was showned yellow card for grazing Climo without the ball, from the penalty line, MacPherson made a rehearsal when he was in the back of the advancing maul.
Climo converted it, just as he had been doing almost since the game resumed, after Kyle Rowe received the ball sent by David Armstrong from a kick and sent wing Gregor Henry to the bottom to take the fifth rehearsal of the locals.
The protagonist of Still Game wants to orient his career towards the catering sector
Ford Kieran, protagonist of Still Game, seems determined to move into the restaurant sector after it is revealed that he has been appointed director of a restaurant chain.
The 56-year-old actor is Jack Jarvis on the famous BBC show, who writes and co-stars with his longtime comedy partner Greg Hemphill.
The duo have announced that the 9th season will be the last of the series, and it looks like Kiernan is making plans for his life after Craiglang.
According to the official record, he is the director of Adriftmorn Limited.
The actor declined to comment on the matter, although a Scottish Sun source pointed out that Kiernan wanted to get involved in Glasgow’s “blourishing restaurant market.”
“The sea belongs to us”: a landlocked Bolivia is hopeful that the court will reopen the route to the Pacific
Sailors guard a naval headquarters in La Paz.
Navy blandes fly in public buildings.
From Lake Titicaca to the Amazon, naval bases show the motto: “The sea belongs to us by right,
Retrieving it is a duty.”
Throughout Bolivia, a land without sea, they still vividly remember the coast lost to Chile in a bloody conflict over the resources that took place in the 19th century, in addition to the yearning to navigate the Pacific Ocean again.
These hopes may be the greatest in decades as Bolivia awaits a resolution of the International Court of Justice for October 1, after five years of deliberations.
“Bolivia has momentum, a spirit of unity and serenity and, of course, she is waiting for the result with a positive vision,” said Roberto Calzadilla, a Bolivian diplomat.
Many Bolivians will observe the ruling of the International Court of Justice on large screens scattered throughout the country, in the hope that the court in The Hague will rule in favor of Bolivia’s claim that, after decades of intermittent talks, Chile has an obligation to negotiate to grant Bolivia a sovereign exit to the sea.
Evo Morales, Bolivia’s charismatic indigenous president, waging a controversial re-election battle next year, also has a lot to say about Monday’s resolution.
“We’re very close to returning to the Pacific Ocean,” he promised in late August.
However, some analysts believe that it is unlikely that the court will decide in favor of Bolivia and that the situation would change little if it did.
The U.N. body based in the Netherlands has no power to adjudicate Chilean territory and has stipulated that it will not determine the outcome of possible talks.
The fact that the resolution of the International Court of Justice comes only six months after the closing arguments indicates that the case “was not complicated,” said Paz Zárate, a Chilean expert in international law.
Far from promoting the cause of Bolivia, the last four years may have hindered it.
“The problem of access to the sea has been hijacked by the current Bolivian administration,” Zárate said.
In addition, he suggested that Morales’ belligerent rhetoric has undermined any residual Chilean goodwill.
Bolivia and Chile will continue to speak at some point, but it will be extremely difficult to hold talks after this.
The two countries haven’t exchanged ambassadors since 1962.
Former President Eduardo Rodríguez Veltzé, representative of Bolivia in The Hague, rejected the idea that the court’s decision-making was unusually swift.
On Monday Bolivia will be offered “an extraordinary opportunity to open a new era of relations with Chile” and the possibility of “ending 139 years of disagreements with mutual benefits,” he said.
Likewise, Calzadilla denied that Morales, who is still one of the most popular presidents in Latin America, used the maritime issue as a political crutch.
“Bolivia will never give up its right to have access to the Pacific Ocean,” he added.
“Resolution is an opportunity to see that we have to leave the past behind.”
North Korea says there won't be nuclear disarmament unless it can trust the U.S.
Ri Yong Ho, North Korea’s foreign minister, says his nation will never be the first to carry out nuclear disarmament if he can’t trust Washington.
Ri spoke to the United Nations General Assembly on Saturday.
He urged the U.S. to deliver on promises made during a summit held in Singapore among rival leaders.
His comments come as U.S. Secretary of State Mike Pompeo appears poised to resume nuclear diplomatic talks paralyzed more than three months after this summit with North Korea’s leading Kim Jong U.
Ri points out that the continuation of continued sanctions and U.S. opposition to a statement ending the Korean War to subdue the north is a “chimera.”
Washington is wary of accepting the statement without Pyongyang making a significant disarmament movement earlier.
Kim and U.S. President Donald Trump want to hold another summit.
However, widespread skepticism about Pyongyang’s seriousness of giving up an arsenal that the country probably sees as the only way to ensure its security.
Pompeo plans to visit Pyongyang next month to prepare another summit among the leaders.
Paris fashion shows unveil the latest line of huge hats that are about to land on a shopping street near you
If you want to increase your hat collection or totally protect yourself from the sun, look no further.
Valentino and Thom Browne’s designers presented an eccentrical set of oversized hats for their spring summer 2019 collection on the catwalk, dazzling the style of Paris Fashion Week.
Impossible hats have flooded Instagram this summer and these designers have taken their spectacular creations to the catwalk.
Valentino’s most outstanding piece was a beige hat with a wide brim adorned with feathers that wrapped the heads of the models.
Other oversized accessories were watermelons with jewelry, a witch hat and even a pineapple, but they are not designed to keep your head warm.
Thom Browne also unveiled a selection of quirky masks, just in time for Halloween.
Many of the colorful masks had sewn lips and remembered Hannibal Lecter more than haute couture.
One creation was reminiscent of a complete diving team, snorkeler and glasses included, while another looked like a melting ice cream cone.
If you like oversized fashion, you’re in luck.
Stylish hunters predict that huge hats could begin to be seen on shopping streets.
Large hats come stepping hard from “La Bomba”, with a straw hat with a wing of more than 60 centimeters worn by all, from Rihanna to Emily Ratajkowski.
The cult brand behind this impractical hat that flooded social networks presented another great creation on the catwalk: a straw beach bag as large as the swimsuit model who wore it.
The dark orange raffia bag, decorated with raffia fringes and a white-skinned handle, was the main piece of Jacquemus’ La Riviera collection for the spring-summer 2019 season at Paris Fashion Week.
As celebrity stylist Luke Armitage told FEMAIL: “Next summer, I look forward to seeing huge hats and beach bags on shopping streets. Since the designer has had a huge impact, it would be difficult to ignore the demand for oversized accessories.”
John Edward: Language skills are fundamental to the citizens of the world
Scotland’s independent educational centres have a trajectory of academic excellence that has continued in 2018 with another set of extraordinary results in exams that is reinforced by individual and collective successes harvested in the fields of sport, art, music and other community projects.
With more than 30 000 pupils across Scotland, these centres represented by the Scottish Council of Independent Colleges (SCIS) strive to deliver the best level of service to pupils and parents.
Independent schools aim to prepare their pupils to continue their higher education studies, for their chosen careers and for the place they occupy as citizens of the world.
As an educational sector that can design and implement an adapted curriculum, it is observed that modern languages are still a popular and desired subject in centers.
As Nelson Mandela said, “If you speak to a man in a language he understands, the message reaches his head.
“If you speak to him in his tongue, it comes to his heart.”
This is a powerful reminder that, if you want to build relationships and build trust with people from other countries, you can’t rely solely on English.
If we take into account the recent results of this year’s exams, we can see that languages are at the top of the ranking tables, with the highest approval rates being in independent schools.
In total, 68% of students who studied foreign languages earned an A, the highest grade.
The data, collected from the 74 centers that are part of the SCIS, showed that 72% of the students obtained an A in Mandarin, while 72% of those who studied German, 69% of those who studied French and 63% of those who studied Spanish also obtained an A.
This demonstrates that independent schools in Scotland support foreign languages because they consider them a fundamental competence that both children and young people will need in the future without a doubt.
Currently, it is considered that, as a subject, languages are at the same level as STIM subjects (science, technology, engineering and mathematics) in the curricula of independent schools and everywhere.
A survey carried out in 2014 by the UK Commission for Employment and Competencies revealed that, from the reasons given by employers on the difficulties they encountered in filling jobs, 17 % were attributed to the scarcity of language skills.
Linguistic competences are therefore becoming increasingly indispensable for preparing young people for their future careers.
Potential job opportunities that require languages are increasing, so these competencies are essential in a globalized world.
Regardless of the career that someone chooses, if they have learned a second language, they will have a real advantage in the future thanks to a competition like this, which will last a lifetime.
Being able to communicate directly with people from foreign countries will allow that person to automatically get ahead of the competition.
According to a survey conducted by YouGov among more than 4000 adults in the United Kingdom in 2013, 75% of them did not speak any foreign language well enough to have a conversation. It was also established that the only language spoken by a double-digit percentage, 15 %, was French.
For this reason, investing in language teaching is now important for children today.
If they know several languages, especially those in developing economies, children will be equipped for better opportunities to find quality employment.
In Scotland, each school will teach different languages.
Some centres will focus on the more classic modern languages, while others will teach the languages considered most important to the United Kingdom by 2020, such as Mandarin or Japanese.
Whatever the interests of a child, in independent schools you can always choose between several languages taught by teaching staff specialized in this field.
Scotland’s independent schools devote all their efforts to providing a learning environment that prepares children and equips them with the skills necessary to succeed, whatever the future holds.
At the moment, it is undeniable that, in a global business environment, languages still have a vital importance for the future of the country, so this must be reflected in education.
Indeed, modern languages should be considered “competencies for international communication”.
Independent schools will continue to offer these options, diversity and excellence to young people in Scotland.
Il faut well faide.
John Edward is the director of the Scottish Council of Independent Colleges
LeBron debutes with Lakers in San Diego on Sunday
The expectation of fans waiting to see LeBron James debut in his first game with the Los Angeles Lakers is about to end.
Lakers coach Luke Walton has announced that James will play the pre-season opening game to be held Sunday against the Denver Nuggets in San Diego.
However, it remains to be determined how many minutes he will play.
“It’ll be more than one and less than 48,” Walton said on the Lakers’ official website.
Lakers reporter Mike Trudell posted in a tweet that James was likely playing a limited few minutes.
After a training session earlier this week, James was asked about his plans for the Lakers' six-game pre-season program.
“At this stage of my career I don’t need pre-season games to prepare,” he said.
Trump's West Virigna Rally, YouTube Channel
President Donald Trump kicks off a series of campaign rallies tonight in Wheeling, West Virginia.
It’s the first of Trump’s five rallies scheduled for next week, including stops at venues with supporters like Tennessee and Mississippi.
With his candidate’s confirmation vote to fill the Supreme Court vacancy on hold, Trump intends to gain support for the upcoming mid-term elections, as Republicans risk losing control of Congress when the votes are cast in November.
What time is Trump’s rally in West Virginia tonight and how can you watch online?
Trump’s rally in Wheeling, West Virginia, is scheduled for 19:00 tonight, Saturday, Sept. 29, 2018.
You can watch it online via a live stream on YouTube.
Trump is likely to comment on Supreme Courturie’s appearances this week, Brett Kavanaugh, who were strained because of sexual misconduct accusations and have left an early Senate confirmation vote on hold for at most a week as the FBI investigates them.
However, the main objective of this series of rallies is to help Republicans facing the November elections gain momentum.
Thus, President Trump’s campaign signaled that next week’s five rallies aim to “encourage volunteers and supporters as Republicans try to protect and expand the majorities they retain in the Senate and in the House of Representatives,” according to Reuters.
“Congressional control is so crucial to his agenda that the president will travel to as many states as possible as we enter the campaign,” a Trump campaign spokesman who did not want to give his name told Reuters.
Scheduled at Wheeling’s Wesbanco Arena Stadium, tonight’s rally could attract “Ohio and Pennsylvania, as well as have coverage in Pittsburgh’s media,” as reported by the West Virginia Metro News.
Saturday will be the second time in a month that Trump has visited West Virginia, the state in which he won by more than 40 percentage points in 2016.
Trump is trying to help West Virginia Republican Senate candidate Patrick Morrisey who is lagging behind in the polls.
“It’s not a good sign for Morrisey that the president has to come and give him a push in the polls,” said Simon Haeder, a political scientist at the University of West Virginia, according to Reuters.
Ryder Cup 2018: The U.S. team proves it dares to fight to keep hope alive ahead of Sunday’s individual matches.
After three individual sessions, Saturday afternoon’s foursomes may be what this Ryder Cup needed.
The oscillating pendulum of momentum is a completely invented sporting concept, but players truly believe in it, even more in competitions like these.
So where would you say there's momentum now?
“They took six points ahead of us and now we’ve got four, so I guess that can be considered a small boost,” Jordan Spieth said at the end of the day.
Europe has an advantage, of course: four points ahead with twelve more at stake.
As Spieth points out, Americans feel that they have some wind in favor and plenty of reasons to be encouraged, among other reasons for the couple formed by Spieth and Justin Thomas, who played together all day and got three points out of four each.
Spieth has been lethal from tee to the green and leads by example.
Guttural screams of celebration rose in volume as his round progressed, introducing a vital putt to tie the fourth game when he and Thomas went two down after two holes.
The putt who gave them the match in the 15 was greeted with a similar scream, of those who broadcast that he believes that the U.S. team has not yet been left out.
“What needs to redouble your efforts and focus on the game,” Spieth said.
That's what these players have done.
18 holes to make a mark.
The only players with more points than Spieth and Thomas in the last two days are Francesco Molinari and Tommy Fleetwood, the undisputed story of the Ryder Cup.
Europe’s strange and adorable partner has four of four and nothing can go wrong with them.
“Moliwood” was the only couple who didn’t make a bogey on Saturday afternoon, but also avoided the bogeys on Saturday morning, Friday afternoon and the last nine holes on Friday morning.
That streak and the way their energy flows with the bustling audience make it clear that these are the players to beat on Sunday, and that there won’t be other popular players like Fleetwood and Molinari to seal a possible European victory when the sun goes down at Le Golf National.
Preferably the two at the same time in different holes.
Even so, it's still premature to talk about European glory.
Bubba Watson and Webb Simpson dispatched Sergio Garcia, the four-ball hero of the morning, after pairing with Alex Noren.
A bogey and two doubles in the first nine holes buried the Spaniard and the Swede in a hole from which they failed to get out.
But there won't be any kind of help in getting out of the holes on Sunday.
Fourballs and foursomes are fascinating to see closely because you can appreciate the interactions between couples, the tips they give and those they don’t give, and how a strategy can change in an instant.
Until now, Europe has played better as a team and has a great advantage for the last day, but this foursomes session also showed that the U.S. team dares to fight, something that some, especially the Americans, doubted.
Europe advances 10-6 on Ryder Cup
Europe departs with a good lead on the last day of the Ryder Cup, after finishing the fourballs and foursomes with a 10-6 result over the United States.
The motivated duo made up of Tommy Fleetwood and Francesco Molinari led the contest with two wins over a Tiger Woods that was in distress, getting ahead four points in the Le Golf National standings.
The European Thomas Bjorn, trying to preserve the trophy they lost in Hazeltine two years ago, dominated an American team that made many mistakes during the morning fourballs, which finished 3-1.
U.S
American Jim Furyk needs to score eight points out of Sunday’s 12 single games to retain the trophy.
Fleetwood is the first European rookie to earn four consecutive points. In addition, he and Molinari, who received the nickname “Molliwood” after a sensational weekend, are the second pair to win four points in their first four games in Ryder Cup history.
After defeating Woods and Patrick Reed in the fourballs, their superb union served to beat a discouraged Woods and American rookie Bryson Decahmbeau by a resounding 5-4.
Woods, who hadn’t stood out too much in Saturday’s two games, had occasional moments of brilliance, but now lost 19 of his 29 fourball and foursome games, and seven straight.
Justin Rose, who was resteded for the morning fourballs, became Henrik Stenson's partner in the foursomes, defeating Dustin Johnson and Brooks Koepka, number one and world number three respectively, with a 2-1 result.
Although the day was pleasant and quiet in the southwest of Paris, Europe didn’t have everything on its side.
Three-time winner Jordan Spieth and Justin Thomas served as a reference to the Americans, earning two points on Saturday.
They scored an exciting 2-1 win against Ian Poulter and Spaniard Jon Rahm in the fourballs and then defeated Poulter and Rory McIlroy 4-3 in the foursomes after losing the initial two holes.
In the history of the Ryder Cup, that a team recovered from a difference of four points in the individual matches has only happened on two occasions, although Furyk, as a trophy holder, only needs a draw to preserve it.
Although they’ve been the best seconds for two days, it seems that carrying out a counterattack on Sunday is beyond their means.
North Korea says “there’s no chance” that they’ll disarse unilaterally first if they don’t have confidence
On Saturday, North Korea’s foreign minister informed the United Nations that the continuation of the sanctions deepened his distrust in the United States and that there was no chance that his country would unilaterally renounce nuclear weapons under such circumstances.
Ri Yong Ho told the international body’s annual General Assembly that North Korea had adopted “significant measures of goodwill” over the past year, such as ceasing to conduct nuclear and missile tests, dismantling nuclear-tested facilities and committing to the non-proliferation of nuclear weapons and nuclear technology.
“However, we don’t receive any similar responses from the United States,” he said.
“If we have no confidence in the United States, we cannot have confidence with respect to our national security, and, in those circumstances, there is no chance that we will unilaterally disarm first.”
Although Ri repeated North Korea’s well-known complaints over Washington’s resistance to a “phased” denuclearization formula that rewards the country as it takes gradual steps, its declaration is important, as it simply rejected unilateral denuclearization, as Pyongyang has done in the past.
Ri referred to a joint statement issued by Kim Jong Un and Donald Trump following the first summit between an active U.S. president and a North Korean leader on June 12 in Singapore, when Kim pledged to work for the “denuclearization of the Korean peninsula” and Trump ensured North Korea’s security.
North Korea has pursued an official end to the 1950-53 Korean War, but the United States has said that Pyongyang must give up its nuclear weapons earlier.
Likewise, Washington has resisted calls to ease international sanctions on North Korea.
“The United States has insisted on denuclearization in the first place and increased pressure through sanctions in order to achieve its purpose coercively, including by objecting to a declaration of termination of the war,” Ri said.
“The idea that sanctions can cause us to fall on our knees is a chimera of people who don’t know us.
The problem is that the continuation of the sanctions deepens our mistrust.”
Ri made no mention of the plans for a second summit between Kim and Trump, announced with hype by the U.S. leader before the United Nations earlier this week.
Instead, the minister highlighted three meetings between Kim and Moon Jae, leader of South Korea, over the past five months, adding: “If South Korea had been interested in denuclearization rather than the U.S., the denuclearization of the Korean peninsula would not find itself in such a stagnation.”
Even so, the tone of Ri’s speech was radically different from last year’s speech, when he told the U.N. General Assembly that it was inevitable to steer North Korea’s missiles toward U.S. soil after “evilancy president” Trump, on a suicidal mission, called Kim “rocket man.”
This year at the United Nations, Trump, who last year threatened to “totally destroy” North Korea, praised Kim for his courage in the move towards disarmament, but said much remained to be done and that it was necessary to continue applying sanctions until North Korea denuclearized.
On Wednesday, Trump claimed that there was no set deadline for this: “It may take two years, three years or five months, it doesn’t matter.”
China and Russia allege that the U.N. Security Council should reward Pyongyang for its progress.
However, as U.S. Secretary of State Mike Pompeo briefed the U.N. Security Council on Thursday: “The imposition of Security Council sanctions must continue vigorously and without non-compliance until we realize definitive and fully verified denuclearization.”
The Security Council has unanimously imposed sanctions on North Korea since 2006, in an attempt to cut funding for Pyongyang’s ballistic and nuclear missile programs.
Pompeo chatted with Ri outside the U.N. General Assembly and later commented that he would revisit Pyongyang next month to prepare for a second summit.
Pompeo has already visited North Korea three times this year, but his last trip didn’t go well.
He left Pyongyang in July saying progress had taken place, but a few hours later, North Korea denounced that its “demands were those of a mobster.”
In a meeting with Moon this month, North Korea pledged to dismantle a missile site and nuclear complex if the U.S. implemented the “corresponding measures.”
He said Kim had informed him that the “corresponding measures” he sought were the security assurances Trump had promised in Singapore and steps towards normalizing relations with Washington.
Harvard students take a course on how to get enough rest
Thanks to a new course taught this year at Harvard University, all college students sleep more in an attempt to found the growing sexist culture of drinking caffeine all night.
A professor found that students at the world’s number one university usually have no idea about basic self-care.
Charles Czeisler, a professor of sleep medicine at Harvard Medical School, and a Brigham and Women's Hospital specialist designed the course, it is believed that the first of its kind in the U.S.
His motivation to launch the course arose after giving a talk about how sleep deprivation affects learning.
“At the end of the course, a girl came up and asked me why she just heard about this now, in her senior year.
He said that no one had ever told him about the importance of the dream, which surprised me,” he told The Telegraph.
The course, taught for the first time this year, explains to students the basics of how good sleep habits contribute to academic and athletic performance, in addition to improving overall well-being.
Paul Barreira, a professor of psychiatry at Harvard Medical School and executive director of the university’s health services, said the university decided to introduce the course after discovering that students barely slept during the week.
The one-hour course includes a series of interactive tasks.
In one section, there’s an image of a bedroom, where students click on cups of coffee, curtains, sneakers, and books that inform them of the effects of caffeine and light, as well as the impact of lack of sleep on athletic performance and the importance of establishing a routine to go to sleep.
In another section, participants are informed how long-term sleep deprivation can increase the risk of infarction, embolism, depression and cancer.
Afterwards, a campus icon with interactive icons encourages participants to think about their daily routines.
“We know it won’t change students’ behavior instantly.
However, we believe that they have the right to know, just as anyone has the right to know the health effects of smoking tobacco,” added Professor Czeisler.
He stated that the culture of pride for “going through the evening” still exists and added that the modern technology and increasing pressure to which students are subjected meant that sleep deprivation was a growing problem.
Getting enough sleep and good quality sleep should be “the secret weapon” of students to combat stress, tiredness and anxiety; even to avoid gaining weight, since sleep deprivation causes the brain to generate a sense of starvation, that’s why they want to eat all the time.
Raymond So, a 19-year-old Californian who studies chemical biology and physics, helped Professor Czeisler design the course after attending one of his classes the previous year during his first year at Harvard.
He pointed out that the course had opened his eyes and inspired to extend it to the entire campus.
He hopes that the next step will be to ask all graduate students to complete a similar curriculum before joining the competitive institution.
Professor Czeisler’s recommendation is for students to think about setting an alarm to go to bed and another to wake up, and to be aware of the harmful effects of “blue light” emitted by the screens of electrical appliances and LEDs, which can alter circadian rhythms, so they would end up having trouble falling asleep.
Livingston 1 - Rangers 0: Menga's goal knocks Gerrard's men
The Rangers suffered another episode of depression away from home, when Dolly Menga's attack banished Steven Gerrard's disjointed team to a 1-0 loss at Livingston.
Ibrox’s wanted to get their first win away since February 4-1 at St. Johnstone, but Gary Holt defeated Gerrard for the second time in 18 games as a coach, leaving his team with eight points from the Hearts, runaway leaders of the Ladbrokes Premiership.
Menga’s attack came about minutes before part-time and the Rangers’ uninspired line-up didn’t rise at any time.
Now, the Rangers are down to 6th, Livingston rise to third, behind Hibernian due to the goal difference.
Rangers may encounter more problems, as line judge Calum Spence had to receive medical assistance for a head wound after someone supposedly launched an object from the visiting background.
Gerrard switched to eight of the starters who won the match against Ayr, entering the Scottish League Cup semi-finals.
For his part, Holt took out the 11 Livingston players who started a point at the Hearts last week and would have been happy about the way in which his organized team drowned the opponents at all times.
The Rangers may have had more possession, but Livingston took better advantage of the ball when they had it.
They should have scored two minutes from the start, when Menga made a pass into space for Scott Pittman who passed between the defense, leaving him alone in front of Allan McGregor, but the midfielder sent her outside.
Keaghan Jacobs took out an in-depth foul for Captain Craig Halket, but his defense partner Alan Lithgow was only able to send her out for the long stick.
The Rangers regained control, but there seemed to be more hope than conviction about their game in the final third.
There is no doubt that Alfredo Morelos felt that he had a penalty in the 15 minute of the match, when he and Steven Lawless clashed, but referee Steven Thomson turned a deaf ear to the Colombian’s request.
The Rangers got two goal shots in the first half, but Ibrox's former goalkeeper Liam Kelly barely found himself in difficulty dealing with Lassana Coulibaly's header and Ovie Ejaria's boring throw.
Although the goal scored in the 34th minute by Livingston came against all odds, no one can deny that they deserved it for the dedicated effort.
Again, the Rangers couldn't cope with a deep ball-to-ball play from Jacobs.
Scott Arfield didn’t react when Declan Gallagher made the ball for Scott Robinson, who remained calm and had Menga to score.
At the break, Gerrard replaced Coulibaly with Ryan Kent, which had an almost immediate impact, as the midfielder passed it to Morelos, but the impressive Kelly came out of his line to block him.
Still, the Livingston continued to take visitors exactly to the kind of game it likes, with Lithgow and Halkett clearing one long pass after another.
Holt’s could have taken more advantage in the final stages, but McGregor stood firm to reject Jacobs before Lithgow knocked off a head corner that didn’t come in.
Rangers replacement Glen Middleton claimed a penalty towards the end of the game after a clash with Jacobs, but again, Thomson looked the other way.
Almanac: Inventor of accountant Geiger
And now, a page of the Almanac section of “Sunday Morning”: September 30, 1882, 136 years ago today, and COUNTING... the physical future Johannes Wilhelm “Hans” Geiger was born in Germany.
Geiger developed a method for detecting and measuring radioactivity, an invention that culminated with the device known as Geiger counter.
Accountant Geiger, who has since been a pillar of science, also became a pillar of pop culture, as in the 1950 film “Coronate Bells,” with actors Roy Rogers and Dale Evans in the seemingly incompatible roles of cowboy scientists:
Man: “Which the hell is that?”
Rogers: “It’s a Geiger counter, it’s used to locate radioactive minerals, such as uranium.
By putting on your headphones, you can hear the effect of the waves emitted by the radioactivity of the minerals.”
Evans: "It's like a radio!"
“Hans” Geiger died in 1945, when he was about to turn 63.
But the invention that bears his name is still alive.
A new cancer vaccine can teach the immune system to “see” malignant cells
A new cancer vaccine can teach the immune system to “see” malignant cells and kill them.
As part of treatment, the vaccine teaches the immune system to recognize malignant cells.
The method requires the removal of immune cells to a patient and altering them in the laboratory.
Thus, they can “see” a protein common to many cancers and reinject them.
A vaccine trial is generating promising results in patients with different cancers.
A woman treated with the vaccine, who teaches the immune system to recognize malignant cells, saw her ovarian cancer disappear for more than 18 months.
The method requires the removal of immune cells from a patient and altering them in the lab so they can “see” a protein common to many cancers, called HER2, and then reinjecting the cells.
Professor Jay Berzofsky of the U.S. National Cancer Institute in Bethesda said: “Our results suggest that we have a very promising vaccine.”
HER2 “promotes the growth of different types of cancer,” such as breast, ovary, lung, or colorectal cancer, Professor Berzofsky explained.
A similar approach to taking patient immune cells and “teaching” them to attack cancer cells has worked in the treatment of a type of leukemia.
Kanye West embarked on a pro-Trump tirade with a MAGA hat after his appearance on SNL.
It didn't go well.
Kanye West was booed in the Saturday Night Live studio after an erratic performance in which he praised U.S. President Donald Trump and said he would run for election in 2020.
After the third song of the night, called Ghost Town, during which he used the cap with the message Make America Great Again, he began ranting against the Democrats and reiterating his support for Trump.
“A lot of times I talk to someone white and he asks me how I may like Trump if he’s racist.
Well, if I cared about racism I would have left America a long time ago," he said.
SNL began Matt Damon’s sketch program in which the Hollywood star mocked Brett Kavanaugh’s statement to the Senate Judiciary Committee in connection with allegations of sexual assault by Christine Blasey Ford.
Although it wasn’t broadcast, comedian Chris Rock uploaded West’s anger recording to social media.
It’s unclear if Rock was trying to ridicule West with the publication.
In addition, West told the public that he had had a bad time behind the scenes for wearing that cap.
“They messed with me.
I was told not to come out with my hat on.
They messed with me!
And then they tell me I'm asleep," he said, according to the Washington Examiner.
West continued: “Do you want to see how dwelt I am?” adding that he was “going to put on his super-man cloak, because that meant no one could tell him what he had to do. Do you want the world to move forward?
Tested with love.”
His comments received boos from the public on at least two occasions and SNL members appeared embarrassed, Variety reported. One person told the magazine: “The study was totally silent.”
West had been invited to replace singer Ariana Grande, whose ex-boyfriend, rapper Mac Miller, had died a few days ago.
West baffled many when he went on stage to sing I Love it dressed as a Perrier bottle.
West received the support of the leader of the conservative group TPUSA, Candace Turner, who tweeted: “To one of the bravest spirits: THANK YOU FOR RESISTING AGAINST THE CROWD.”
Karen Hunter, host of a talk show, tweeted that West was just “being himself and that’s absolutely wonderful.”
“But I decide NOT to reward someone (buying their music or their clothes, or supporting their art) who I think is hugging and spreading a dangerous ideology for my community.
He's free.
We too,” he added.
Before the show, the rapper announced on Twitter that he had renamed, saying he was now “the person formerly known as Kanye West.”
He is not the first artist to change his name, following in the footsteps of Diddy, also known as Puff Daddy, Puffy and P Diddy.
His colleague, Snoop Dogg, has also been called Snoop Lion, not forgetting the defunct music legend, Prince, who changed his name to a symbol and then the artist formerly known as Prince.
Charge of attempted stabbing murder at a restaurant in Belfast
A 45-year-old man has been charged with attempted murder after a man was stabbed in an East Belfast restaurant on Friday.
The incident happened in Ballyhackamore, according to police.
The defendant is expected to appear in the Belfast Court of First Instance on Monday.
Prosecution will review the charges.
Kit Harington, star of Game of Thrones, attacks toxic masculinity
Kit Harington is famous for his role as Jon Snow in HBO's violent medieval fantasy series, Game of Thrones.
The 31-year-old actor has attacked the male hero’s stereotype, saying that those on-screen roles often conveyed to young boys who had to be tough to be respected.
In an interview with The Sunday Times Culture, Kit said he believes “something has gone wrong” and questioned how to address the problem of toxic masculinity in the #MeToo era.
Kit, who recently married his co-star in Game of Thrones, Rose Leslie, also 31, admitted that he finds it “quite important” to address this issue.
“Personally, I find it quite important at the moment, where have we been wrong about masculinity?” he said.
“What have we been teaching men while they were growing up, thinking about the problems they see now?”
Kit believes that television may have some responsibility for increasing toxic masculinity due to its masculines.
“Which is innate and what is taught?
What is taught on television, and on the street, that makes young people feel that they have to be this concrete form of man?
I think that's one of the big questions of our time. How do we change it?
Because it’s clear that something has gone wrong in the education of young people.”
In the interview, he also admitted that he wouldn’t participate in any Game of Thrones prequel or sequel when the series ends next summer, stating that he’s “fed up with battlefields and horses.”
Starting in November, Kit will start True West, Sam Shepard’s play that tells the story of a film producer and his brother, who is a thief.
Recently, the actor revealed that he believes that meeting his wife Rose is the best thing he has gotten out of Game of Thrones.
“I met my wife in the series, so in that sense, he’s given me to my future family and my life from now on.”
Rose represented Ygritte, Kit's character Jon Snow's love interest in the Emmy Award-winning fantasy series.
The couple married in June 2018 on an estate of Leslie's family in Scotland.
HIV/AIDS: China reports 14% more new cases
China has announced a 14% increase in the number of citizens living with HIV and AIDS.
There are more than 820 000 people affected in the country, according to health authorities.
In the second quarter of 2018, about 40 000 new cases were reported alone.
The vast majority of these were sexually infected, which represents a change from the past.
HIV traditionally spread rapidly through some parts of China as a result of transfusions of infected blood.
However, the number of people contracting HIV in this way has been virtually reduced, Chinese health authorities said at a congress in Yunnan province.
Every year, the number of people living with HIV and AIDS in China increases by about 100 000 people.
Sexual transmission of HIV is a serious problem in China’s LGTB community.
Homosexuality was decriminalized in China in 1997, but the LGBT community suffers a lot of discrimination.
Due to the country’s conservative values, studies have calculated that between 70% and 90% of men who have sex with other men will marry women.
Many of the transmissions of diseases are for not using adequate protection in these relationships.
Since 2003, China’s government has pledged universal access to anti-HIV medicines as part of an attempt to address the problem.
Maxine Waters denies that a member of her staff leaked data from GOP senators and asserts that these are “dangerous lies” and “conspiracy theories”
Rep. Maxine Waters on Saturday criticized accusations that a staff member had released the personal data of three U.S. GOP senators on Wikipedia pages about lawmakers.
The Los Angeles Democrat said those accusations were driven by commentators and “far-right” websites.
“Lies, lies and more vile lies,” Waters said in a Twitter post.
Allegedly, the published information included addresses and phone numbers from U.S. Senators Lindsey Graham of South Carolina and Mike Lee and Orrin Hatch, both from Utah.
On Thursday, an unfamiliar Capitol person posted the information online during a session of the Senate panel on allegations of sexual misconduct against Supreme Court nominee Brett Kavanaugh.
The leak came sometime after the three senators had interrogated Kavanaugh.
Conservative sites, such as Gateway Pundit and RedState, reported that the IP address that identifies the origin of the publications was associated with the Waters office and made the data of a Waters staff member public, according to the Capitol.
“This unfounded indictment is completely false and an absolute lying,” Waters continued.
“The member of my staff, whose identity, personal data and security have been affected as a result of these fraudulent and false allegations, were not at all responsible for the breach of this information.
This unfounded allegation is completely false and an absolute lying.”
Waters’ statement drew immediate criticism on the Internet, including those of former White House press secretary Ari Fleischer.
“Denies this information with anger,” Fleischer wrote.
“This suggests that not the temperance needed to be a Member of Congress.
When someone is accused of something they didn’t do, they shouldn’t get angry.
You mustn't revolt.
You must not question the motives of the accuser.
It must remain calm and serenity.”
It appears Fleischer wanted to compare Waters’ reaction to Democrats’ criticism of Judge Kavanaugh, whom critics accused of appearing too angry during Thursday’s appearance.
Omar Navarro, a Republican candidate who aims to unseat Waters in the mid-term elections, also voiced his opinion on Twitter.
“If that’s true, it’s very serious,” he tweeted.
In his statement, Waters said his office had alerted “relevant authorities and law enforcement entities of these fraudulent allegations.”
“We will make sure that the authors are discovered,” he continued, “and that they are held legally responsible for all these destructive and dangerous actions for all members of my staff.”
Critique of Johnny English: Back in action. Rowan Atkinson's spy's parody falls short
It has now become a tradition to look for Brexit in any new film with a British approach. It seems that this is what it’s appropriate to do with this new installment of the action-comedy parodic franchise Johnny English, which began in 2003 with Johnny English English and came back to life in 2011 with Johnny English Returns.
Is this ironic autosatire about how clearly crazy we are the nation’s new export opportunity?
In any case, the incompetent Johnny English, with his bruising eyes and his expressionless face, has renewed his license to screw up for the second time. Only his name already gives clues that, more than anything, it is a comic creation designed for non-English-speaking film territories.
Of course, it’s the ridiculous secretive agent who, despite his strange pretensions to squander glamour, he has some Clouseau, a touch of Mr. Bean and a pinch of that guy who played a single note on the subject of Charions of Fire that was played at the opening ceremony of the 2012 London Olympics.
In addition, it was originally based on the mysterious traveling and international man portrayed years ago by Atkinson in Barclaycard’s already forgotten television commercials, sowing chaos behind him.
In this last installment, there are one or two good moments.
I loved seeing Johnny English approaching a helicopter dressed in medieval armor as the propellers hit the helmet.
Atkinson’s gift for physical comedy is obvious, but humor falls quite short and is strangely superfluous, especially now that “serious” movie franchises like 007 and Impossible Mission add comic ingredients smoothly.
Humour seems more aimed at children than adults and, for me, the absurd misadventures of Johnny English are not as ingenious and accurate as Atkinson’s silent jokes in the role of Mr. Bean.
Now, the repeated current argument is that Britain is in serious trouble.
A hacker has infiltrated Britain’s super-secret spy network, revealing the identities of all its active agents in the face of dismaying the on-the-service agent, a regrettably small role for Kevin Eldon.
It’s the straw that fills the glass for the prime minister, a pompous and cornered character who’s watching her political popularity sink: Emma Thompson gives her best of herself in this character who’s almost like Theresa May, but the script doesn’t leave much room to work.
His intelligence advisers inform him that, as all active spies are in danger, he will have to resort to someone who is retired.
That has to be the clumsy Johnny English, who now teaches in a young school, although he teaches unofficial classes on how to be a secret agent: there are some good jokes, since it is an espionage academy similar to rock school.
English is transferred to Whitehall for an emergency meeting and reunites with his long-suffered Bough sidekick, represented again by Ben Miller.
Now, Bough is a man married to a submarine captain, a friendly role for which Vicki Pepperdine is not sufficiently exploited.
Thus, the Batmans and Robin who do things terribly wrong in Her Majesty's Secret Service return to action, with the beautiful fatal woman Ophelia Bulletova, represented by Olga Kurylenko.
Meanwhile, the prime minister is falling into the dangerous clutches of a charismatic billionaire in the tech world who claims she can solve Britain’s computer problems: the sinister Jason Volta, played by Jake Lacy.
English and Bough begin their odyssey of absurd situations: they disguise themselves as waiters, set fire to an elegant French restaurant, unleash the chaos by hiding in the luxurious yacht of Volta; in addition, English becomes pure anarchy by trying to use a virtual reality helmet to familiarize itself with the interior of Volta's house.
Definitely, they were used thoroughly in that last sequence, but, however funny and raucous it may be, the set continues to convey a somewhat childish feeling.
Quite a regular product.
As with Johnny English’s other films, I couldn’t help but wonder if the British film industry couldn’t give Rowan Atkinson a role that does real justice to his talent.
The Labour Party denies that it is drawing up a plan for the British to work four days a week, but charge five
Jeremy Corbyn’s Labor Party is going to think of a radical plan with which the Britons would work four days a week, but they would charge five.
Supposedly, the party wants the owners of the companies to allocate the savings obtained thanks to the revolution in artificial intelligence (AI) to the workers, giving them an additional day off.
Thus, employees would enjoy a three-day weekend for the same salary.
According to the sources, the idea “would fit” into the party’s plans and economic agenda to tilt the country in favor of workers.
This four-day change has received the support of the Union Congress, as it’s a way for workers to take advantage of the changing economy.
Just as a senior Labour Party official told The Sunday Times: An announcement of a revision of the board is expected before the end of the year.
"It won't happen overnight, but the four-day labor week is definitely an issue that the party hopes to incorporate to rebalance the economy in favor of the worker, as well as in the party's overall industrial strategy."
The Labour Party wouldn’t be the first to back this kind of ideas, as the Green Party already promised a four-day workweek in its campaign for the 2017 general election.
However, for the time being, not the entire Labour Party supports this decision.
A Labour spokesman said: "The four-day labor week isn't part of the party's policy and it's not going to be discussed at this time."
Shadow Finance Minister John McDonnell used the Labour Party conference held last week to expose his idea of a socialist revolution in the economy.
Mr. McDonnell said he was willing to regain powers from "anonymous directors" and "taken advantage" by companies providing public services.
The shadow minister’s plans also include the idea that the current shareholders of the water companies do not recover their entire participation, since a Labour government could apply deductions that corresponded to the perceived irregularities.
It also confirmed its intention to include workers on the boards of directors of companies and to create inclusive property funds in which 10% of the shares of private sectoral companies have to be allocated to employees, which would entail annual dividends of up to £500.
Lindsey Graham and John Kennedy speak in "60 Minutes" about the FBI investigation around Kavanaugh and whether he could change their minds
The FBI’s investigation into Judge Brett Kavanaugh’s allegations has postponed at least a week the final vote for confirmation as Supreme Court justice and, in addition, raises the question of whether the completion results could influence any Republican senator who finally decides to withdraw his support.
In an interview on Sunday, "60 Minutes" reporter Scott Pelley asked Republican senators John Kennedy and Lindsey Graham about whether the FBI could bring to light information that would change their minds.
Kennedy was more open than his South Carolina colleague.
"Sure, of course," Kennedy said.
"I was in favor of proceeding with the hearing, I spoke to Judge Kavanaugh.
I called him after all this happened, that the allegation came out and I asked him, ‘Did you do it?’
He was steadfasted, determined, sharp."
Graham’s vote, however, seems immovable.
"I already have a decision made around Brett Kavanaugh and I would ignore the indictment," he said.
“Dr. Ford, I don’t know what happened, but I do know this: Brett denied it bluntly,” Graham said, referring to Christine Blasey Ford.
"And none of the people she names have been able to confirm it.
36 years ago.
It's always the same, I don't see anything new in this case."
What is the "Global Citizen Festival"? Have you managed to reduce poverty?
This Saturday, New York will host the Global Citizen Festival, an annual music festival, where an impressive poster of stars gathers for an equally impressive mission: to end poverty in the world.
This year, in its seventh edition, the Global Citizen Festival will see tens of thousands of people move to Central Park’s Great Lawn to enjoy performances such as Janet Jackson, Cardi B and Shawn Mendes, but also to raise awareness about the event’s real goal: to end extreme poverty by 2030.
The Global Citizen Festival, which began in 2012, is an extension of the Global Poverty Project, an international awareness group that hopes to end poverty by increasing the number of people actively fighting it.
If you want to receive a free ticket for the event (unless you can afford a VIP ticket), concert attendees have had to complete a series of tasks or “actions”, such as volunteers, send emails to a world leader, make a phone call or anything else that serves to raise awareness about their goal of ending poverty.
However, what has the Global Citizen achieved 12 years after reaching its goal?
Is the idea of rewarding with a free concert a genuine way to persuade people to take action or it’s just a form of so-called “clictivism,” which is called the stance we take when we think we’re doing something really useful by signing an online petition or sending a tweet?
Since 2011, Global Citizen claims to have registered more than 19 million “actions” of its supporters in favor of a large number of diverse targets.
Thanks to these actions, they claim to have achieved that world leaders announced commitments and policies worth more than $37, which will have an impact on the lives of more than 2250 million people by 2030.
In early 2018, the group cited 390 engagements and announcements that emerged from its shares, of which at least $10 billion have already been disbursed or raised.
The group estimates that guaranteed funds have directly influenced nearly 649 million people worldwide.
Among the most important commitments is “The Power of Nutrition,” a UK-based association of investors and executors with a common commitment to “helping children grow and develop to their full potential.” To this end, they have set out to provide Rwanda with $35 million to help end the country’s malnutrition after receiving more than 4700 tweets from Global Citizens contributors.
“Thanks to the support of the U.K. government, donors, national governments and collaborators of Global Citizens like you, we can mark a small milestone in the history of the social injustice of malnutrition,” Tracey Ullman, an ambassador for “The Power of Nutrition,” told the crowd during a concert in April 2018 in London.
The group also stated that, having carried out more than 5000 actions to try to improve nutrition in the UK for mothers and children, the government announced the funding of a project, Power of Nutrition, with which 5 million women and children will benefit from nutrition-related interventions.
In response to one of the frequently asked questions on your website about what we believe can be done to remedy extreme poverty,
One Global Citizen contributor responded: "It will be a long and hard road and, on many occasions, we'll stumble and fall.
But, as the pro-human and anti-apartheid rights movements have already achieved, we will achieve our goals, because we are stronger together.
Janet Jackson, the Weeknd, Shawn Mendes, Cardi B and Janelle Monáe are some of the performances that we will have at this year’s New York event, which will be hosted by Deborra-Lee Furness and Hugh Jackman.
U.S
“If necessary,” Washington could turn to its Navy to prevent Russian energy from shaking markets, including that of the Middle East, U.S. Interior Secretary Ryan Zinke said.
Zinke alleged that Russia’s alliance with Syria, particularly where it operates at the behest of the legitimate government, is nothing more than a pretext for expansion into new markets.
"I am convinced that they are in the Middle East to negotiate with energy, just as they do with Eastern Europe, becoming the southernmost supplier in Europe."
In addition, according to official information, there are ways and methods of addressing this issue.
"The United States, with its navy, has the ability to ensure that sea lanes remain open and, if necessary, they could even block them to ensure that energy does not end up in the market," he said.
Zinke addressed the people who attended an event organized by the Consumer Energy Alliance, a non-profit group that defines itself as the “voice of the energy consumer” in the United States.
In it, he compared Washington’s approaches in its negotiations with Russia and Iran, and warned that they are, in fact, the same.
"The economic alternative in Iran and Russia basically consists of harnessing and replacing fuels," he warned, adding that Russia only knows how to do one thing, which is to base its economy on fossil fuels.
These claims are made when the Trump administration has been trying to boost the export of its liquefied natural gas to Europe and relieve Russia, which is the cheapest option for European consumers.
For this, members of the Trump administration, including Donald Trump himself, try to persuade Germany to abandon the "inappropriate" Nord Stream 2 pipeline project, which, according to Trump, will turn Berlin hostage to Moscow.
Moscow has insisted at all times that the Nord Stream 2 gas pipeline project, which reaches a value of $11 billion and is intended to double the current capacity of the pipeline to 110 billion cubic meters, is a purely economic project.
The Kremlin defends that Washington’s fervent opposition to the project responds only to economic motives and is another sign of unfair competition.
"I think we all share the idea that energy can't become a pressure tool and that consumers should be able to elect their suppliers," Russian Energy Minister Aleksandr Novak said after holding a meeting with Rick Perry, the U.S. Energy Secretary, last September in Moscow.
The U.S. stance has, however, been met with the rejection of Germany, which has reaffirmed its commitment to the project.
The organization that leads the industry in Germany, the Federation of German Industries (BDI), has asked the U.S. not to intervene in the EU’s energy policy or bilateral agreements between Berlin and Moscow.
"It's a big problem when a third state interferes with our energy supply," said Dieter Kempf, director of the Federation of German Industries (BDI) following a recent meeting between German Chancellor Angela Merkel and Russian President Vladimir Putin.
Elib Elizabeth Warren will look closely at the possibility of running for president in 2020, says the Massachusetts senator
Senator-in-Mass. Elizabeth Warren said on Saturday she will consider joining the presidential race after the mid-term elections.
During an appearance at Holyoke City Hall, Massachusetts, Warren confirmed that this challenge was taking place.
"It's time for women to come to Washington to amend our fractured government so that, finally, there are women among the leaders," she said, according to The Hill.
"After November 6, I will seriously raise the possibility of running for president."
Warren gave his opinion on President Donald Trump during an appearance at the City Council and stated that "he was leading the country down the wrong path."
"I'm really concerned about the damage Donald Trump is doing to our democracy," he said.
Warren spoke uncounteredly about Trump and his Supreme Court nominee Brett Kavanaugh.
In a tweet last Friday, Warren stated that "it is absolutely necessary for the FBI to investigate what happened before the vote."
On Thursday, a poll was published in which, however, a majority of Warren’s own voters don’t think he should run for the 2020 election.
58% of “possible” Massachusetts voters said the senator should not be introduced, according to the Suffolk University Political Research Center/Boston Globe poll.
32% of respondents did, however, support their candidacy.
The poll expressed greater support for the previous governor, Deval Patrick, with 38% support for a possible candidacy and 48% against.
Other well-known members of the Democratic Party spoke about former Vice President Joe Biden and Vermont Senator Bernie Sanders’ possible 2020 candidacy.
Biden said he would officially decide in January, the Associated Press reported.
Sarah Palin Talks Track Palin Post-Traumatic Stress Disorder at Donald Trump Rally
Track Palin, 26, spent a year in Iraq after enlisting in September.
Last Monday night, he was arrested and charged with domestic violence.
"The situation my son is going through, because of everything he's been through since he came back, he's known very well for the other families who suffer the effects of PTSD and other wounds with which our soldiers return," he told the public that gathered at a pro-Donald Trump rally in Tulsa, Oklahoma.
Palin referred to this arrest as the great taboo that no one wants to talk about, and commented on his son and other war veterans who "come back with a different behavior, hardened, wondering if there really is that respect for what his fellow soldiers and aviators, as well as all the other members of the army, have given to their country."
On Monday he was arrested in Wasilla, Alaska, accused of an episode of domestic violence against a woman, which interferes with a complaint of domestic violence and possession of guns under the effects of drugs or alcohol, according to Dan Bennett, a Wasilla police department spokesman.
18 States, D.C. Support Challenge for New Asylum Policy
18 states and the District of Columbia support a judicial recourse to new U.S. policy that denies asylum to victims fleeing domestic or gang violence.
Representatives from all 18 states and the district filed a "friendly" brief Friday in Washington to show their support for an asylum seeker facing the current directive, NBC News reported.
The plaintiff's full name has not been revealed in the "Grace v. Sessions" case filed in August by the U.S. Civil Liberties Union (ACLU) against federal policy.
She said her partner "and her children, who are members of a violent gang," abused her, but U.S. officials denied her asylum claim on July 20.
She was arrested in Texas.
Lawyers representing these states defending Grace described El Salvador, Honduras and Guatemala, which generate a large number of U.S. asylum claims, such as nations facing widespread issues related to domestic and gang violence.
U.S
District of Columbia Advocate General Karl Racine made a statement on Friday in which he stated that the new policy "ignores decades of international, federal and state law."
“According to federal law, all applications for asylum must be failed by virtue of the particular facts and circumstances of the lawsuit and, instead, this exception violates that principle,” the amicus curiae said.
Likewise, the lawyers indicated in the letter that the policy that denies entry to immigrants harms the U.S. economy by stating that they usually become entrepreneurs more frequently and "suppose a necessary workforce."
Attorney General Jeff Sessions ordered immigration judges not to grant asylum to victims fleeing domestic abuse and gang violence in June.
"Persons who leave their countries of origin may apply for asylum on the grounds of persecution or threats by race, religion, nationality or membership of a social group or a particular political opinion," Sessions said when he announced this directive on June 11.
Asylum was never created as a measure to alleviate all the problems, not even all the serious problems faced daily by people around the world.
Desperate rescue efforts in Palu as death toll increases in race to find survivors
For the survivors, the situation was becoming increasingly dire.
“The situation is very tense,” Risa Kusuma, a 35-year-old mother, told us while trying to comfort her baby with a fever in an evacuation center in the devastated city of Palu.
"Every minute ambulances arrive with more bodies.
And clean water is scarce."
Some residents have returned to their homes destroyed to dig through the few denied belongings they have left in an effort to recover whatever they can.
There are hundreds of people injured and hospitals, also harmed by the 7.5-magnitude quake, are overwhelmed.
Some of the wounded, including Dwi Haris, who has a broken back and shoulder, rested on the exteriors of Palu's Army Hospital, where patients were treated outside the building due to continuous aftershocks, also very strong.
He couldn’t help but cry when he told us about the violent earthquake he experienced while he was on the 5th floor of the hotel with his wife and daughter.
“We didn’t have time to get to safety.
I got caught up in the remnants of the crumbling wall, I think," Harris told the Associated Press. He and his family were in town for a wedding.
"I listened to my wife asking for help and then tremendous silence.
I don't know what happened to her and my daughter.
I hope you're okay."
U.S. Ambassador Accuses China of Bullying with "Propagandistic Announcements"
A week after an official Chinese newspaper published a four-page advertisement in a U.S. newspaper promoting the mutual benefits of U.S.-China trade, the U.S. ambassador to China accused Beijing of using U.S
Last Wednesday, U.S. President Donald Trump made reference to China Daily’s payment supplement in the Des Moines Register, Iowa’s best-selling newspaper, after accusing China of wanting to meddle in the November 6 U.S. congressional election, something China strongly denies.
Trump’s indictment on Beijing’s attempt to influence the U.S. election marked what U.S. officials signaled Reuters as a new phase in a sleep campaign initiated by Washington to pressure China.
While it’s usual for foreign governments to run ads to promote their business activities, Beijing and Washington are currently locked in a growing trade war that has led them to increase tariff levels on imports by both sides.
China’s countervailing tariffs that applied at the beginning of the trade war were thought to fall on exporters from states like Iowa, which backed Trump’s Republican Party, Chinese and U.S. experts said.
Terry Branstad, the U.S. ambassador to China and Iowa’s former governor, who is one of the leading exporters of agricultural products to China, said Beijing had harmed U.S. workers, farmers and entrepreneurs.
Branstad wrote in an op-ed in Sunday’s Des Moines Register, China “is further intensifying that pressure with advertisement publications in our free press.”
“To try to spread its propaganda, China’s government draws on America’s precious tradition of freedom of expression and free press by attempting to publish a paid ad in the Des Moines Register,” Branstad wrote.
"On the other hand, in the kiosk of the street where we are here in Beijing, you only see a few discrepanting voices and no real reflection of the disparate opinions that people in China may have about the worrying trajectory that their country's economy is taking, since the media are controlled by the strong pressure of the Chinese Communist Party," he wrote.
He added that "one of China's most relevant newspapers eluded the offer to publish" his article, although he did not specify which newspaper it was about.
Analysts say Republicans are distancing themselves from women ahead of the mid-term vote with the Kavanaugh debacle
As there are many renowned Republicans who are closing ranks in favor of Supreme Court candidate Brett Kavanaugh in the face of the various accusations of sexual assault, analysts have warned that there may be a setback, especially by women, in the next votes that are held in the middle of the legislature.
The emotions surrounding this fact have been very intense and there are many Republicans who have said they want to move forward with the vote.
"In these kinds of matters it's not possible to back down," Grant Reeher, a professor of political science at Maxwell School at Syracuse University, told The Hill in an article published Saturday.
Reeher claimed that Senator Jeff Flake’s (R-Arizona) latest attempt to position himself in favor of the FBI investigation will be enough to quell up displeased voters with this issue.
"Women won't forget what happened yesterday; they won't forget it tomorrow or November," Karine Jean-Pierre, a senior adviser and national spokesman for the progressive group MoveOn, told the Washington, D.C.
On Friday morning, protesters who gathered at the gates of the Senate sang "November is coming!" (November will arrive soon!) at the time when Republicans controlling the Judiciary Committee decided to move forward with Kavanaugh's candidacy, despite the testimony of Dr. Christine Blasey Ford.
"The enthusiasm and motivation of the Democrats comes out of all odds," Stu Rothenberg, a non-partisan political analyst, told the news site.
"People say the repercussion is already very relevant and, indeed, that's right.
But it could be even older, especially among indecisive women in the suburbs and younger voters, aged between 18 and 29, who don’t usually vote even if they don’t like the president.”
Even before Ford’s public testimony in which he had his allegations of sexual abuse against the Supreme Court’s nominee in detail, analysts indicated that there could be a setback if Republicans went ahead with confirmation.
“This issue has become a huge mess for the GOP,” Michael Steele, the former chairman of the Republican National Committee, said earlier last week.
“It’s no longer just a matter of the committee’s vote or the final vote, not even if they sit on the bench at Kavanaugh; it’s also about the way Republicans have handled all of this and how they’ve treated it,” Guy Cecil, director of Priorities USA (a group that assists in the election of Democrats).
However, the Americans seem to be divided; they don’t know who they should believe after Ford and Kavanaugh’s testimonies, although there are a few more who side with the latter.
A new YouGov survey indicates that 41% of respondents definitively or likely believe Ford’s testimony, while 35 percent say they definitively or likely believe Kavanaugh.
In addition, 38% said they thought that, in all likelihood or permanently, Kavanaugh has lied during their testimony, while 30% said the same about Ford.
Following Flake’s push, the FBI is currently investigating Ford’s statements, as well as at least those of another whistleblower, Deborah Ramirez, The Guardian reported.
Ford testified under oath before the Senate Judiciary Committee last week and said Kavanaugh raped her while drunk at the age of 17.
Ramirez alleged that the Supreme Court candidate showed him his genitals at a party when he was studying at Yale in the 80’s.
The inventor of the World Wide Web plans to start a new Internet to compete with Google and Facebook
Tim Berners-Lee, the inventor of the World Wide Web, is launching a start-up that tries to rival Facebook, Amazon and Google.
Inrupt is the latest project of the legend of technology. A company based on Berners-Lee’s Solid open-source platform.
Solid allows users to choose where to store their data and which people will have access to what information.
In an exclusive interview with Fast Company, Berners-Lee joked that the intention behind Inrupt is to "dominate the world."
"It has to be now," he said of the startup.
"It's a historical moment."
The app uses Solid’s technology so users can create their own “online personal data storage” or a POD.
It may contain lists, to-do lists, calendar, music library, and other personal and professional tools.
It’s as if Google Drive, Microsoft Outlook, Slack and Spotify are all available in a browser at the same time.
Something that is exclusive in the storage of personal online data is that the user is the one who completely decides who can access what type of information.
The company calls it “personal training through data.”
Inrupt’s idea, according to the company’s CEO, John Bruce, is to incorporate the resources, processes and skills necessary for Solid to reach everyone.
At the moment, the company consists of Berners-Lee, Bruce, a security platform purchased by IBM, some of the staff-included developers who were hired to work on the project and a community of volunteer programmers.
Starting this week, technology developers around the world could create their own decentralized apps with the tools available on the Inrupt website.
Berners-Lee said he and his team aren’t talking to “Facebook and Google about whether or not a radical change is going to be introduced where all of their business models are completely modified overnight.
"We're not asking permission."
In a Medium post Saturday, Berners-Lee wrote about Inrupt that "his mission is to provide commercial energy and an ecosystem to help protect the integrity and quality of the new website created in Solid."
In 1994, Berners-Lee transformed the Internet when he founded the World Wide Web Consortium (W3C) at the Massachusetts Institute of Technology.
In recent months, Berners-Lee has played a very influential role in debating net neutrality.
Despite even launching Inrupt, Berners-Lee will remain the founder and director of the World Wide Web Consortium, the Web Foundation and the Open Data Institute.
"I'm incredibly upbeat about this upcoming era of the web," Berners-Lee added.
Bernard Vann: the clerig who won a Victory Cross in World War I
The only Church of England cleric who won a Victory Cross during World War I as a fighter has been honored in his hometown 100 years later.
Lieutenant Colonel Reverend Bernard Vann obtained this decoration on September 29, 1918 in the attack of Bellenglise and Lehaucourt.
However, a sniper killed him four days later and never knew he had been granted the highest British military honor.
On Saturday, his two grandchildren discovered a memorial stone at a parade in Rushden, Northamptonshire.
One of them, Michael Vann, said it was "of a special symbolism" to discover the stone exactly 100 years after the battle that made his grandpah deserve.
According to the London Gazette, on September 29, 1918, Lieutenant Colonel Vann guided his battalion through the Saint-Quentin Canal "crossing a thick fog and under the intense fire of machine guns and cannons".
Then he rushed to the line of fire and, with "greater bravery", advanced the line before reaching a cannon with one hand and knocking down three of the detachment.
Lieutenant Colonel Vann was killed by a German sniper on October 4, 1918, just a month after the war ended.
Michael Vann, 72, said his grandfather’s actions were “so great that I’ll never be able to reach their height, but they were very sobering.”
He and his brother, Dr. James Vann, also laid out a wreath of flowers after the parade, which featured the band Brentwood Imperial Youth Band.
Michael Vann said that "it was a privilege for him to be part of the parade" adding that "the value of an authentic hero is evident when he is shown such a large endorsement."
MMA fans were up all night for Bellator 206, but only saw Peppa Pig
Imagine that he stays all night awake to see the entire Bellator 206 so that in the end they won’t let him see the main event.
The San Jose poster had 13 fights, six included in the main card, and in the United Kingdom it was going to be broadcast live at night on Channel 5.
At 6 a.m., just as Gegard Mousasi and Rory MacDonald were preparing to clash, U.K. viewers were stunned when the show switched to Peppa Pig.
Some didn’t surprise them after they had to stay up until early in the morning just to watch the fight.
A follower on Twitter described the switch to cartoons as "a heavy joke."
“There’s government regulation that regulates content that’s issued from 6 a.m. and it wasn’t appropriate, so they had to switch to child programming,” Dave Schwartz, Bellator’s senior vice president of marketing and communication, said when asked about the broadcast.
"Peppa the little pig," yes."
Bellator President Scott Coker said they will modify the program to include British viewers in upcoming editions.
"When I think about the broadcast option, I think it can work," Coker said.
"But it's at 6 a.m. on Sunday, so we couldn't do it until Sunday at our time, which would already be Monday for them.
We're looking at how to do it.
Believe me, when the programming was changed, a lot of messages were received and not all were friendly, precisely.
We tried to fix it, because at first we thought it was a technical problem.
But it wasn’t, it was a governmental issue.
I can promise it won't happen next time.
We'll reduce it to five fights instead of six, which is what we've normally done. We're trying to offer more than usual for the fans to be happy and we passed.
It's an unfortunate situation."
Desert Island Discs: Tom Daley felt inferior because of his sexuality
Olympic jumper Tom Daley says he grew up feeling inferior to the rest because of his sexuality, although this was, in turn, what motivated him to become a winner.
At 24, he told us that he didn’t realize it until he came to high school that “not all of them were like me.”
On Radio 4's first Desert Island Discs show, hosted by Lauren Laverne, she said her intention to talk about gay rights was to convey "hope" to other people.
He also told us that becoming a father made him begin to downplay the fact of winning in the Olympics.
The usual presenter of this mythical program, Kirsty Young, will be absent a few months due to illness.
In Laverne's first show, Daley, who showed himself to be an outcast, remarked that he felt "inferior" to the rest during his childhood, because "it wasn't socially accepted that you liked children."
He said: "Until today, that sense of inferiority and being different has been what has really given me the power and strength to succeed."
He wanted to show that he was “something,” he said, so he didn’t disappoint when he finally discovered his sexuality.
The winner of two bronze medals at the Olympics has become an outstanding profile of the LGBT movement and his image has been used at this year’s Commonwealth Games held in Australia to demand that more countries decriminalize homosexuality.
He said he told him because he felt fortunate to live in freedom, without reprisals, and wanted to convey that “hope” to other people.
The three-time world champion stated that it was also a surprise for him to fall in love with a man, American filmmaker Dustin Lance Black, whom he met in 2013.
Daley married last year's Oscar winner, which takes him 20 years, although he specified that the age difference had never been a problem.
"When you've been so young" (he went to his first Olympic Games at the age of 14 and his father died of cancer three years later), it's hard to find someone of the same age who's gone through the same ups and downs as you.
The couple had a son in June whom they named Robert Ray Black-Daley and Daley said their "global perspective" had changed.
“If I had been asked last year, all the answers would have revolved around ‘I have to win a gold medal,’” he said.
"But he knows what, there's more important things than Olympic gold medals.
My Olympic gold medal is undoubtedly Robbie."
Her son is called his father, Robert, who died in 2011 at the age of 40 after being diagnosed with brain cancer.
Daley said his father didn’t accept that he was going to die and, in fact, one of the last things he asked is if they had passes for London 2012, because he wanted to be in the front row.
"I wasn't able to tell him that I wasn't going to be able to be in the front row," he said.
"He had his hand between mine when he stopped breathing and it wasn't until that very moment when he stopped breathing and died that I realized that he wasn't invincible," he said.
The following year, Daley competed in the 2012 Olympics and won the bronze medal.
"At that point I knew that's what I'd dreamed of my whole life: to compete in the pool in front of mine at an Olympic Games, there was nothing better," he said.
This fact was also what inspired him when choosing his first song, Proud de Heather Small, which accompanied him in the preparation phase of the Olympic Games. he was still playing goosebumps.
Desert Island Discs airs on BBC Radio 4 on Sunday at 11:15 BST.
Mickelson, in low form, stayed on the bench in the Ryder Cup on Saturday
Phil Mickelson will set a record Sunday when he plays his 47th Ryder Cup game, but he’ll have to reverse his form if he wants to prevent it from becoming a sad milestone.
Mickelson, who was playing at the event held every two years to score a record for the 12th time, was ousted by Captain Furyk for Saturday's fourballs and foursomes.
Instead of being at the center of the action, as it has so many times done for the United States, the five-time majors tournament champion had to settle for cheering in a few moments and, in others, trying to perfect his game on the pitch and thus be able to rectify what afflicts him.
Never the most direct of the drivers, not even at the peak of his career, the 48-year-old player is not in his best shape for the Le Golf National course, where the long-lasting rough is continually punishable by erroneous punches.
And, if the field is no longer daunting enough, Mickelson in Sunday’s 9th game, faces brilliant British Open champion Francesco Molinari, who has teamed up debutant Tommy Fleetwood to win the four games they’ve played this week.
If the Americans, who were four points below at the beginning of the 12 individual matches, started in an impressive way, Mickelson’s match could have been decisive.
Furyk showed confidence in his partner, he couldn't say much more either.
"He perfectly understood the role he had today, slapped me on the back and, surrounding me with his arm, said he'd be prepared tomorrow," Furyk said.
"He's very self-confidenced.
He's in the Hall of Fame and he's contributed a lot to these teams before and this week.
I probably couldn’t imagine him playing two games.
I thought they'd be more, but that's how it went and that's how we thought it had to be.
He wants to be there, like the rest."
On Sunday, Mickelson will surpass Nick Faldo’s record of more Ryder Cup matches.
It could be the last of a Ryder Cups trajectory that had never so clearly matched the levels of its individual brand.
Mickelson has 18 wins, 20 lost and 7 equal, although Furyk said that his presence contributed many more intangible values to the team.
"It's funny, sarcastic, witty, he likes to make fun of others; it's great to have him on the team," he explained.
"I think the younger players have loved having it as support, also this week; it was fun.
It brings a lot more than just play."
The European captain, Thomas Bjorn, knows that leadership can disappear very soon
Thomas Bjorn, the captain of Europe, knows very well that, although you enter with a substantial advantage in the last days of the Ryder Cup, it can easily become an uncomfortable tournament.
The Dane made his debut in the 1997 match in Valderrama, where one side captained by Seve Ballesteros maintained a five-point advantage over the Americans, but in the end they only managed to end up with the others stepping on their heels by a minimum margin, winning 141⁄2-131⁄2.
"You keep reminding yourself that we did a great tournament in Valderrama; we also did it at Brookline and we lost, we did it in Valderrama and we won, but for very little," said Bjorn, portrayed, after seeing the 2018 generation win 5-3 on Friday and yesterday leading it with a 10-6 at Le Golf National.
History will teach me and everyone that this team is not finished.
You've got to give it all tomorrow.
Get out there and do what you have to do.
This doesn't end until points are on the scoreboard.
We have one goal to achieve, which is to win this trophy, and that's all we have to think about.
I say it all the time, I focus on the 12 players of our team, but we’re very aware of what’s on the other side where they’re, nothing less, than the best players in the world.”
Proud of what his players have done on a very hard golf course, Bjorn added: "I don't want to get ahead.
It's a different challenge tomorrow.
What prevails tomorrow are individual performances and this is different.
It’s great to share what happens to a partner when things go well, but when you’re there alone, you test all your ability as a golfer.
That is the message that must be conveyed to the players, to get the best out of oneself tomorrow.
Now it’s time to set aside your partner, to go and get the best out of yourself.”
Faced with Bjorn, his counterpart Jim Furyk will try to get his players to do better individually than they did as pairs, with exceptions Jordan Spieth and Justinus Thomas adding three points out of four.
Furyk himself has been at both extremes in the final days of those great tournaments and has been part of the team that won at Brookline and then ended up losing when Europe carried out the "Medinah Miracle".
"I remember every word," he told us when we asked how Ben Crenshaw, the captain in 1999, managed to motivate his players on the last day.
“We’ve got 12 super-important games tomorrow, but we have to start as well as we did at Brookline, as you saw in Medinah.
When we all move in one direction, all the pressure falls on those intermediate parties.
We defined our strategy and put them out with the feeling that we were going to try to do something magical tomorrow."
Thomas was tasked with trying to lead the fight and face Rory McIlroy in the main game, with Paul Casey, Justin Rose, Jon Rahm, Tommy Fleightwood and Ian Poulter, the other Europeans in the second half of the list.
"I went with this group of guys in this order because I think they cover the entire course," Bjorn said of his individual selections.
The new German warship, postponed again
The new German Navy frigate should have been commissioned in 2014 to replace old Cold War-era ships, but it won’t be done until at least next year due to flawed systems and the progressive increase in costs, local media reported.
The delivery of the "Rheinland-Pfalz", the ship that heads the new frigates of the Baden-Württemberg class, has now been postponed until the first half of 2019, according to the newspaper Die Zeit a statement from a military spokesman.
The ship should have joined the Navy in 2014, but the problems that arose after the delivery annoyed the conclusion of the ambitious project.
The four Baden-Wuerttemberg-class ships the Navy applied for in 2007 will replace the old Bremen-class frigates.
We know they will include a powerful cannon, an anti-aircraft and anti-ship missile assembly, as well as some invisibility technologies, such as very small radar, infrared and acoustic signals.
Other important features include longer maintenance periods, so they can be deployed for up to two years away from source ports.
However, the continued delays have caused innovator ships (which were supposed to allow Germany to project its power overseas) will already be outdated when they begin to serve, Die Zeit says.
The unlucky frigate F125 made headlines last year, when the German Navy officially refused to put the ship into operation and returned it to Blohm & Voss in Hamburg.
It has been the first time that the Navy has returned a boat to a shipyard after its delivery.
Little was known about the reasons behind the return, but German media cited a number of crucial "software and hardware defects" that left the ship virtually useless if sent to a combat mission.
Software deficiencies were particularly important, as Baden-Wuerttemberg-class ships will be operated by a crew of about 120 sailors: half of the personnel in the former Bremen-class frigates.
Likewise, it was found that the ship is excessively overweight, which reduces its performance and limits the Navy’s ability to add future upgrades.
The "Rheinland-Pfalz" of 7000 tons is believed to be twice as heavy as other ships of the similar class used by the Germans in World War II.
In addition to defective hardware, the price of the entire project, including crew training, has also posed a problem.
It is believed to have reached €3100 million ($3600 million), instead of the initial €2200 million.
The problems attributed to the new frigates are of particular relevance in the light of recent warnings about the reduction of Germany’s naval power.
Earlier this year, Hans-Peter Bartels, head of the defense committee of the German parliament, acknowledged that the Navy is "running out of ships capable of unfolding."
The officer said that the problem has worsened over time, because old ships were discharged, but have not been replaced with others.
He lamented that none of the Baden-Wuerttemberg-class frigates were able to join the Navy.
The National Trust spies the secret life of bats
This new research, which has been carried out in a state of the Scotch Highlands, tries to figure out how bats use the landscape in their search for food.
It is expected that everything that is found will shed more light on the behavior of the only flying mammals and help orient upcoming conservation activities.
The study, carried out by the National Trust for Scotland, will follow common and sopranous bats, as well as Daubenton-riparian bats and long-eared browns from Inverewe Gardens in Wester Ross.
Special recorders will be placed at strategic property locations to track bat activities during the season.
NHS staff and volunteers will also conduct mobile research with portable detectors.
Experts will analyze the sounds that are collected in the recordings to discover the frequency of bat calls and what species they do.
A report and habitat map will then be produced to create a detailed picture of the environment and its behavior.
Rob Dewar, nature conservation advisor for NTS, expects the results to reveal which areas of habitat are most important to bats and how each species uses them.
This information will determine the benefits of habitat management work, such as the creation of meadows and how forests should be maintained for bats and other associated species.
Bat populations in Scotland and the United Kingdom have declined considerably in the last century.
They are under threat because of the construction and development that affects their nests and the loss of their habitat.
Wind turbines and electrical wiring can also pose a risk to them, as can insecticide papers and other chemical treatments of building materials or attacks by domestic cats.
Bats aren't really blind,
but, due to their nocturnal hunting habits, their ears are more useful than their eyes to achieve their goal.
They use a sophisticated ecolocation technique that locates ants and obstacles on their flight route.
The NTS, which is responsible for caring for more than 270 historic buildings, 38 important gardens and 76 000 hectares of land throughout the country, takes the issue of bats very seriously.
It has ten experts trained in the field, who are dedicated to regularly conducting surveys, nest inspections and sometimes rescues.
The organisation has inaugurated even the first and only reserve dedicated to Scottish bats in the state of Threave in Dumfries and Galloway, which is home to eight of Scotland’s ten bat species.
The property’s director, David Thompson, says it’s the ideal territory for them.
"Here in Threave, we have a fantastic area for bats," he said.
“We have ancient buildings, a lot of veteran trees and all the right habitat.
However, there are still many unknown things about bats, so the work we do here and on other properties will help us better understand what they need to develop.”
It emphasizes the importance of checking if there are bats before carrying out maintenance tasks within the properties, since a breeding colony can be unintentionally destroyed and 400 females and young could be killed, which would mean annihilating an entire local population.
Bats are protected and it’s illegal to kill, harass or disturb them, as well as destroy their colonies.
Elisabeth Ferrell, the Scottish officer in charge of the Bat Conservation Trust, has encouraged the public to collaborate.
He said: “We still have a lot to learn about bats and many other species that we don’t know how their populations evolve.”
Ronaldo denies allegations of rape at the same time his lawyers pursue the German magazine
Cristiano Ronaldo has categorized rape allegations as "fake news", and says people "want to make themselves known" at the cost of his name.
His lawyers have been instructed to denounce the German newspaper Der Spiegel, which was where the statements were published.
Portugal and Juventus striker is accused of raping an American woman named Kathryn Mayorga at a Las Vegas hotel in 2009.
He is accused of having been paid $375 000 to conceal the incident, Der Spiegel reported Friday.
With an Instagram Live video that has already amassed 142 million followers a few hours after the news was published, Ronaldo, 33, called the report "fake news".
"No, no, no, no, no.
“What you’ve said today is false,” says the five-time Ballon d’Or winner looking at the camera.
“They just want publicity at the expense of my name.
It's the same usual story.
They want to become famous just by mentioning me, but that's right, I can't help it.
I'm a happy man and everything's fine," the player added, smiling.
Ronaldo’s lawyers are preparing a lawsuit against Der Spiegel over allegations in what they have called “an inadmissible reporting of privacy suspicions,” according to Reuters.
Attorney Christian Schertz said the player will try to get compensation for "moral damage for an amount that corresponds to the severity of the violation, which is probably one of the most serious violations of his personal rights in recent years."
The alleged incident reportedly took place in June 2009 in a suite at the Palms Hotel and Casino in Las Vegas.
After meeting at a nightclub, Ronaldo and Mayorga allegedly went to the player’s room and there he allegedly raped her anally, according to documents recorded in Clark County District Court in Nevada.
Mayorga stated that Ronaldo knelt after the alleged incident and told him that he was "99 percent" a "good boy" and that he had been defrauded by that "one percent" remaining.
The documents state that Ronaldo confirmed that the couple had sex, but that it was consensual.
Mayorga also claims that he went to the police and that they took photographs of the injuries in the hospital, but later agreed to arrive at an out-of-judicial settlement because she had "terror of reprisals" and worried about "being humiliated in public."
The 34-year-old woman says she’s trying to overturn the deal since she’s still traumatized by the events.
When the alleged assault occurred, Ronaldo was about to join Real Madrid from Manchester United and this summer he has switched to Juve, an Italian football great for a €100 million contract.
Brexit: UK would always regret losing automakers
The U.K. "would repent for a lifetime" if it lost its position as a world leader in post-Brexit car manufacturing, Industry Secretary Greg Clark said.
He added that it was "worrying" that Toyota UK communicated to the BBC that, if Britain left the EU without a deal, it would temporarily stop production at its Burnaston factory near Derby.
"We need an agreement," Mr. Clark said.
The Japanese manufacturer stated that the repercussion that customs delays would have in the case of a no-deal Brexit could lead to the loss of jobs.
The Burnaston plant, which makes Toyota’s Auris and Avensis models, produced some 150 000 cars last year, of which 90% were exported to the rest of the European Union.
"My opinion is that, if Britain breaks with the EU at the end of March, there will be production breaks at our factory," said Marvin Cooke, Toyota's managing director at Burnaston.
Other U.K. automakers have expressed their fears about leaving the EU without an agreement, particularly in relation to cross-border trading, including Honda, BMW and Jaguar Land Rover.
BMW, for example, says it will close its Mini plant in Oxford a month after Brexit.
The main concerns referred to by automakers revolve around the problems that could arise on assembly lines in the event of a no-deal Brexit.
Toyota’s production line is based on “just-in-time” or last-minute production mode, where parts arrive every 37 minutes coming from U.K. and EU suppliers to manufacture custom-made cars.
If on March 29, the United Kingdom leaves the European Union without an agreement, there could be an interruption at the border that, according to the sector, could lead to delays and the shortage of parts.
For Toyota it would be impossible to accommodate the amount of material equivalent to more than a day of inventory at its Derbyshire plant, the company said and in such a case production would be stopped.
Mr. Clark said Theresa May's Chequers plan, where future relations with the EU are established, is "precisely calibrated to avoid such checks at border crossings."
"We need an agreement. We want to have the bestlest deal that not only allows us to get out of the step right now at the moment but we have to take advantage of the opportunity," he said on BBC Radio 4.
"The evidence from Toyota, among many other manufacturers, is that we need to be able to continue with what, until now, has been a tremendously successful set of supply chains."
Toyota hasn’t been able to say how long production would stop, but warned that, in the long term, added costs would reduce the plant’s competitiveness and ultimately costs.
Peter Tsouvallaris, who has worked at Burnaston for 24 years and is in charge of the Unite union at the plant, said its members are increasingly worried: "According to my experience, once those jobs are lost, they never recover."
A government spokesman said: "We have put in place a precise and convincing plan in which our future relations with the EU are delimited."
Trump’s meeting with Rosenstein could be postponed again, according to the White House
Donald Trump's high-risk meeting with Deputy Attorney General Rod Rosenstein could "be postponed another week" as the dispute over Supreme Court nominee Brett Kavanaugh continued, the White House said Sunday.
Rosenstein oversees the work of special adviser Robert Mueller, who is investigating interference in Russia’s elections, links between Trump’s and Russia’s aid, and a possible obstruction of justice by the president.
Anticipation over whether Trump decides to fire the deputy attorney general or not and thus compromise Mueller’s independence has fueled Washington’s gossip for months.
Earlier this month, the New York Times reported that Rosenstein recorded the conversations he had with Trump with a microphone he himself was carrying to try to relegate the president through the 25th amendment.
Rosenstein denied that it was true.
However, last Monday he went to the White House, among news where it is claimed that he was about to resign.
Instead, a meeting was announced with Trump (which at the time was at the United Nations in New York) by Thursday.
Trump said he "would not" fire Rosenstein but the meeting had to be postponed to avoid a conflict with the U.S. Senate Judiciary Committee hearing in which Kavanaugh and one of the women who accused him of sexual assault, Dr. Christine Blasey Ford, testified.
On Friday, Trump asked the FBI to investigate Kavanaugh’s accusations for a week, although this would delay delaying the Senate full vote.
Trump’s press secretary, Sarah Sanders, appeared Sunday on Fox News.
When asked about Rosenstein's meeting, he said: "No date has been defined, it could be this week or it could be postponed another, considering everything that's happening with the Supreme Court.
We'll decide on the fly and I'll report it to the press, as I usually do."
Some journalists would refute that claim: Sanders hasn’t held any press conferences in the White House since Sept. 10.
Presenter Chris Wallace asked what the motives were.
Sanders said that the scarcity of press conferences was not due to an aversion to TV journalists acting grandiloquently, although he said: "I didn't disagree with the fact that they brag."
She then suggested that direct contact between Trump and the press will increase.
"The president performs more question-and-answer sessions than any other president before him," he said, while quoting without evidence: "We've contrasted those numbers."
Press conferences will continue to take place, Sanders said, but "if the press has the option of asking the president of the United States directly, I think it's much better than doing them to me.
We tried to do it many times and you’ve seen us do it many times in recent weeks, so this would replace a press conference when you can talk to the president of the United States.”
Trump usually answers questions when he leaves the White House or when he participates in public sessions or press conferences with dignitaries who visit him.
Press conferences with him only occur very rarely.
In fact, this week, in New York, the president showed why this was the case, where he made a casual appearance and, sometimes bizarre, before the journalists who were gathered there.
Secretary of State for Health writes to NHS Scotland EU workers on their fears of Brexit
The Secretary of State for Health has written to the EU staff working at HHS Scotland to express the country’s gratitude and its desire to continue with them after Brexit.
Jeane Freeman MSP sent a letter just six months before the U.K. withdrew from the EU.
The Scottish government has already pledged to cover the cost of citizenship applications for EU members working in public services that do not depend on central power.
In her letter, Ms. Freeman wrote: “During the summer, negotiations between the United Kingdom and the European Union have followed on the exit in which the decisions expected this autumn were taken.
However, the UK government has also intensified preparations around a possible non-dealing scenario.
I know all of this must be very puzzling for you.
For this reason, I would now like to reiterate how much I appreciate the contribution of each of the staff members, regardless of their nationality.
Practitioners from across the EU and other countries bring valuable experience and many skills that reinforce and improve the work of the health service, from which the patients and the communities we serve benefit.
Scotland is, without a doubt, your home and we would love to continue to count on you."
Christion Abercrombie is undergoing emergency surgery after suffering a head injury
Christion Abercrombie, a Tennessee State Tigers player, underwent emergency surgery after suffering a head injury last Saturday when they lost 31-27 to Vanderbilt Commodores, Mike Organ of the Tennesse reported.
Tennessee State coach Rod Reed told reporters that the injury occurred shortly before the break.
"He came to the band and collapsed right there," Reed said.
Both trainers and medical staff administered oxygen to Abercrombie on the sideline before placing him on a stretcher and leading him to be examined thoroughly.
A Tennessee State member told Chris Harris of WSMV in Nashville, Tennessee, that Abercrombie had exited surgery at Vanderbilt Medical Center.
Harris added that "there were no details about the type of injury yet or the damage caused" and the Tennessee State is trying to find out when it happened.
Abercrombie, redshirt sophomore, is playing in its first season with Tennessee State after being traded from Illinois.
He made five tackles on Saturday befor leaving the field, with which he added a total of 18 throughout the season.
Foreigners will be subject to a higher farm transmission tax when they purchase property in the UK
Foreigners will be subject to a higher estate transmission tax when they purchase a property in the UK and the extra money raised with this measure will be used to shelter the “homeless,” according to the Conservatives’ new plans
The change will neutralize Corbyn’s offensive success to attract younger voters
The increase in the transfer tax of farms will be imposed on those people who are not paying taxes in the United Kingdom
The Treasury expects to raise up to £120 million a year that will go to the “homeless”
The additional money that is raised with the increase in the tax of transmission of farms to foreign buyers of properties in the United Kingdom will go to aid to the "homeless", announced today Theresa May.
The move is understood as an attempt to neutralize Jeremy Corbyn’s success with his promises to provide more affordable housing to attract younger voters and harass those with higher incomes.
The increase in the transfer tax of farms will be taxed on people and companies who do not pay taxes in the UK and that money will go towards incentivizing the government’s policy to combat the problem of begging on the streets.
The surcharge, which is a supplement to the current transmission tax, including also the increase in levels that was introduced two years ago on second-hand housing and the "buy-to-let" system, could reach up to 3%.
The Treasury expects to raise up to £120 million a year with this change.
It is estimated that 13% of London’s re-built properties are bought by non-residents in the U.K., leading to rising prices and making it difficult for first-time people to access affordable housing.
Many of the country’s wealthiest areas (especially in the capital) have become “ghost cities” due to the large number of foreign buyers who spend most of their time outside the country.
The new policy comes just weeks after Boris Johnson called for a transfer tax cut in order to help young people buy their first home.
He accused the big builders of maintaining very high property prices by avidly buying unintended land and urged Ms. May to eliminate quotas that apply to affordable homes to solve Britain's "shameful housing problem".
Mr. Corbyn has announced a number of very attractive reforms for housing, which include rental and end-of-eviction checks for no reason.
It also proposes giving local powers more powers to build new housing.
Ms. May said: “Last year I said I would dedicate my position as Prime Minister to restoring the British dream of improving the lives of each new generation.
And that means solving the housing market, which is so devastated.
Britain will always be open to those who want to live, work and build a life here.
However, it cannot be that people who do not live in the United Kingdom, as well as foreign companies, can buy homes more easily than the British working class.
The dream of owning a house has turned into something too hard for so many people and the humiliation of having to sleep on the street is still too real."
Jack Ross: "My primary goal is to direct Scotland"
Sunderland’s coach says his “primary goal” is to become Scotland’s coach at some point.
The 42-year-old is excited about revitalizing the north-east club, which at the moment ranks third in League One, three points from first.
He went to Stadium of Light this summer after taking St. Mirren back to the Scottish Premier the final season.
"I wanted to play for my country when I was a player.
But I only got a B cap," Ross told Sportsound at BBC Scotland.
"But I grew up seeing Scotland in Hampden with my father as a child and it's something he's always made him want to come back.
That opportunity will only come true, however, if I manage a club successfully."
Ross’s predecessors as Sunderland leader include Dick Advocaat, David Moyes, Sam Allardyce, Martin O’Neill, Roy Keane, Gus Poyet and Paulo Di Canio.
Former Alloa Athletic manager says he felt no fear when he went on to such established names in such a big club, after rejecting proposals from Barnsley and Ipswich Town.
“Right now, success for me is measured based on whether I can return this club to the Premier League.
because the structure and facilities of this club undoubtedly correspond to those of the Premier League," he said.
“It’s not easy to achieve it, but I could only consider that I’ve achieved my goal here when I can return the club to where it should be.”
Ross has only been working as a coach for three years, after being an assistant at Dumbarton and a 15-month period in the Hearts coaching staff.
Afterwards, he helped the Alloa recover from relegation to the third division and caused St. Mirren to move from being on the verge of relegation to winning the championship in the following season.
In fact, Ross claims that he feels more comfortable now than ever before during his career as a player in Clyde, Hartlepool, Falkirk, St Mirren and Hamilton Academical.
"It was probably a real crossroad," he recalled in reference when he took over the Alloa.
"I always believed that the direction was what was best for me, much more to play.
It may sound weird, because it was good, I was able to earn my life very well with it and I enjoyed some epic moments.
But playing can be very hard.
You've got to face a lot of things every week.
I still suffer the stress and pressure of that job; however, in the direction I feel good.
I always wanted to train and now I have managed to do it, it is the time of my adult life in which I have felt better, without a doubt."
You can hear the entire interview on Sportsound on Monday, September 30, at Radio Scotland between 12:00 and 13:00 BST
According to a survey, the perfect time for a pint is 5.30 p.m
The summer heatwave has boosted earnings in British pubs struggling to survive, but concentrated all the pressure on restaurant chains.
Groups of pubs and bars saw their sales increase by 2.7% in July, while restaurant earnings fell by 4.8%, the figures revealed.
Peter Martin of the CGA business consultancy, which was in charge of collecting the figures, commented: "The heat of these days and the fact that England continues in the World Cup have still made that in July the pattern of the previous month of June is maintained, in which pubs increased their profits by 2.8%, although restaurants have fallen even more.
The 1.8 percent drop in restaurant commercial activity in June was even worse in July.
Pubs and bars serving mainly drinks had their strongest month, compared to most restaurants, in which they reduced profits.
Pubs that serve mainly meals also suffered with the heat, although not as drastically as restaurant operators.
Looks like people just want to go out to drink.
In managed bars and pubs, beverage sales rose to 6.6% during the month, while meals fell by 3%.
Paul Newman of RSM’s hospitality and leisure analysts said: “These results follow the trend we’ve seen since late April.
The time and impact of very important social or sporting events remain the most relevant factors when it comes to sales in the out-of-the-home activities market.
It’s not surprising that restaurant groups continue to struggle, although the 4.8% drop in sales compared to last year is going to be especially painful in view of continued cost pressures.
The long and hot summer couldn’t have come at a worse time for gastronomic operators and the weather will tell if the more moderate temperatures we’ve had in August will provide the relief they need.
The total increase in sales in pubs and restaurants, including the new ones they have opened, was 2.7% in July, reflecting the slow decline in brand implementations.
Coffer Peach Tracker, which oversees sales in Britain’s restaurants, bars and pubs sector, collects and analyzes performance data from 47 operating groups, with a combined turnover of more than £90 billion and is the market’s reference value.
One in five children have secret social media accounts behind their parents’ backs
One in five children (some even 11 years old) have secret social media accounts behind their parents and teachers, a survey reveals
The survey, conducted at 20 000 high school students, revealed a growth in fake Instagram pages
The news has heightened fears that sexual content will be published
20% of the students said they had a "major" account that shows their parents
One in five children (some even 11) create social media accounts that hide adults.
A survey of 20 000 high school students revealed the rapid growth that has been experienced in fake Instagram accounts, a photo-sharing reference site.
The news has heightened fears that sexual content will be published.
20% of the students said they had a healthy "major account" that they showed their parents, while they had others private.
A mother who happened to find her 13-year-old daughter's secret site saw how a teenager encouraged others to "rape."
The research, conducted by the Digital Awareness UK and the Headmasters" and Headmistres" Conference (HMC) of independent schools, found that 40% of children between the ages of 11 and 18 had two profiles, and half of them admitted to having private accounts.
Mike Buchanan, director of HMC, said: “It’s alarming that so many teens are tempted to create spaces online where their parents and teachers can’t find them.”
Eilidh Doyle will be the "voice of athletes" in Scotland's athletics federation directive
Eilidh Doyle has been chosen to serve on Scotland’s athletics federation directive as non-executive director at the management body’s annual general meeting.
Doyle is Scotland's most award-winning athlete on track and pitch and its president, Ian Beattie, described the change as a great opportunity for those who want the sport to benefit from its great experience internationally over the past decade.
“Eilidh is recognised and respected throughout the athletics community in Scotland, the UK and the entire world, and we are confident that athletics in Scotland will benefit enormously froming it in its leadership,” Beattie said.
Doyle said: “I like to be the athletes’ spokeswoman and I look forward to being able to contribute things and help develop the sport in Scotland.”
The American, who won the 200 meters and 400 meters at the 1996 Summer Olympics in Atlanta among the four golds he won and is now a regular expert on the BBC, suffered a transient ischemic attack that left him unable to walk.
He wrote on Twitter: "A month ago, I suffered a stroke.
I couldn't walk.
According to the doctors, only time would determine if I would recover or to what extent I would.
It’s been exhausting, but I managed to fully recover, I had to learn again to walk and I’m currently doing agility exercises.
Thank you for the messages and words of encouragement!”
The announcement of breastplates comparing mothers with cows divides opinion on the Internet
A sucker company has divided public opinion on the Internet with an aud that compares mothers who breastfeed with cows they milk.
To mark the launch of what in theory is the "world's first silent breast pump", consumer technology company Elvie published an announcement inspired by a somewhat ironic music video showing mothers who tell the freedom given to them by the new milk squeezer.
Four real women dance in a hay-filled barn as a dance floor, along with some cows, with lyrics like: "Yeah, I milk myself, but I don't have a queue" and "Just if you haven't noticed it, they'ren't udder, they're my breasts."
The choir goes on to say, "Keep them up, milk them, I'm feeding their babies, milking them, I'm milking my women."
However, the announcement, which was published on the company’s Facebook page, has created great controversy.
With 77 000 views and hundreds of comments, the video has received reactions from all kinds of people who have seen it, where many say it manages to put the focus on the "horrors" of the dairy sector.
"An unfortunate decision to put cows to announce this product.
“Like us, they have to get pregnant before giving birth in order to produce milk, with the exception that they are taken away from their babies days after giving birth.”
The Elvie breast pump adapts discreetly into a lactation bra (Elvie/Mother).
Another person commented: "Traumatic for the mother and the baby.
But, yes, why not use them to advertise a breast pump for mothers who do stay with their babies?”
Another comment was: “What a more far-fetched ad.”
However, other people defended the ad, as a woman who admitted that the song turned out to be “hillying.”
"I think it's a great idea.
If I'd still suck, I'm sure I'd have one.
Using the bomb, I felt totally like a cow.
The ad is a bit crazy, but I don’t give it any more spins.
It’s a product genius,” one woman told us.
“It’s a funny ad aimed at mothers who use a breastfeeding pump (sometimes in the workplace or in public toilets), which makes them feel like cows.
In the announcement, the dairy sector is neither praised nor judged.”
In the end video, the group of women show that they have been dancing with the discreet bombs placed inside the bras.
The concept of the campaign is based on the perception that many women who take out their milk with the pump say they feel like cows.
However, the Elvie Pump is totally silent, has no wires or tubes, and quietly engages inside the nursing bra, which allows its users to move, fasten their babies and even go outside with the pump running.
Ana Balarin, partner and ECD of Mother, comments: “The Elvie Pump is such a revolutionary product that it deserved a daring and provocative launch.
Showcasing the parallelism between expressive women and dairy cows, what we intended was to draw attention to the use of breastfeeding pumps and their challenges, while demonstrating in an entertaining and close way the incredible sense of freedom offered by the new pump.
This isn’t the first time the Elvie bomb has made headlines.
During the London Fashion Week, a mother of two children paraded down the runway for designer Marta Jakubowski while wearing the product.
Hundreds of immigrant children discreetly displaced to Texas border camp
The number of detained immigrant minors has experienced a considerable increase, even though the monthly influx at the border has virtually remained at the usual levels. In part, this is due to the fact that the harsh rhetoric and policies introduced by the Trump administration are complicating the possibility of sponsoring these children.
Traditionally, the majority of godparents, who were also undocumented immigrants at the time, feared that the fact of proposing to welcome a child would jeopardize their own stay in the country.
This risk increased in June, when federal authorities announced that potential sponsors and other adult members of their families should submit their fingerprints and that the data would be shared with government immigration entities.
Last week, Matthew Albence, a senior U.S. Immigration and Customs Enforcement official, testified before Congress that the agency had arrested dozens of people who sought to sponsor unaccompanied minors.
The agency later confirmed that 70% of those arrested had no criminal records.
“About 80 percent of sponsors or their families are in the country illegally, and a large of them are criminal immigrants.
Therefore, we continue to persecute these people,” Albence said.
In their efforts to prosecute minors faster, officials have introduced new rules that will require some of them to appear in court within a maximum period of one month of detention, rather than 60 days, which was the previous standard, according to shelter workers.
Many of them will testify by videoconferencing, rather than in person, to defend their legal status before an immigration judge.
Those who do not consider themselves eligible for amparo will be deported as soon as possible.
According to the workers of the shelters and the reports of the system that have emerged in recent months, the longer they remain in custody, the greater the likelihood that they will suffer anxiety or depression, which could lead to violent outbursts or escape attempts.
According to advocates, these concerns increase even more in larger facilities, such as Tornillo, where it is more likely that, due to their size, signs of discomfort in these children will be overlooked.
In addition, moving to the camp without having given them enough time to prepare them emotionally or to say goodbye to their friends could cause them trauma that many are already suffering.
Syria calls on U.S
In a speech to the U.N. General Assembly, Foreign Minister Walid al-Moualem also called on Syrian refugees to return to their homes, even though the country’s war is in its eighth year.
Moualem, who is also the Deputy Prime Minister, said foreign forces were illegally in Syrian territory under the pretext of the fight against terrorism and that the issue “will be dealt with accordingly.”
“They must withdraw immediately and unconditionally,” he told the assembly.
Moualem insisted that the “war against terrorism has practically already ended” in Syria, where more than 360,000 people have died since 2011 and several million have been uprooted from their homes.
He said Damascus would continue to “fight in this sacred battle until we purge all Syrian territories” of both terrorist groups and “any illegal foreign presence.”
The U.S. has about 2,000 troops in Syria, mainly by providing training and advice to Syrian Kurdish and Arab forces that oppose President Bashar al-Assad.
France has more than 1,000 landowners in this war-torn country.
On the issue of refugees, Moualem affirmed that adequate conditions were given for them to return and blamed “some Western countries” for “sowing irrational fears” that made refugees decide to stay out of the country.
“We have asked the international community and humanitarian organizations to facilitate these returns,” he said.
“They’re politicizing what should be a purely humanitarian problem.”
The U.S. and the European Union have already warned that they won’t help with the reconstruction of Syria until there is a political agreement between Assad and the opposition to end the war.
U.N. diplomats say a recent deal between Russia and Turkey to establish a contention zone in Idlib’s last major rebel stronghold has created an opportunity to force political talks.
The Russia-Turkey agreement prevented a large-scale assault by Syrian and Russian forces in the province, where three million people live.
However, Moualem has made it clear that the agreement had “clear deadlines” and has expressed the hope that military action will focus on the jihadists, including Nusra (linked to Al-Qaeda) Front fighters, who “will be eradicated.”
Staffan de Mistura, a U.N. special envoy, hopes to convene soon the first meetings of a new committee composed of members of government and the opposition to draft a post-war constitution for Syria and pave the way for elections.
Moualem set the conditions for the Syrian government’s involvement in the committee, arguing that the panel’s work should be restricted “to revising the articles of the current constitution” and warned against any interference.
Why Trump Will Win a Second Term
According to that logic, Trump would win re-election in 2020, unless, as many liberal viewers, an impeachment or a scandal prematurely end his presidency.
This would undoubtedly be “The most dramatic ending of a presidency ever!”
At the moment there are no signs of fatigue in the spectators.
Since 2014, prime-time ratings have doubled to 1.05 million for CNN and have almost tripled as much as 1.6 million for the MSNBC.
Fox News has an average of 2.4 million viewers in prime time, compared with 1.7 million four years ago, according to Nielsen, and MSNBC’s “The Rachel Maddow Show” has surpassed cable channel rates with 3.5 million viewers for major evening news programs.
“It’s a strange attraction we haven’t yever grasped yet,” says Neal Baer, author-producer of “Designated Survivor,” an ABC drama series about a cabinet secretary who becomes president after an attack destroyed the Capitol.
Nell Scovell, a veteran comedy writer and author of “Just the Funny Parts: And a Few Hard Truths About Sneaking Into the Hollywood Boys’ Club,” has another theory.
He recalls a taxi ride he made in Boston ahead of the 2016 election.
The taxi driver told him he would vote for Trump.
"Why?" he asked.
“'Cause it makes me laugh," was the response Scovell received.
Chaos is always on the rise in the world of entertainment.
Obviously, and unlike anything else seen on television, arguments coming out of Washington could determine the future of the Roe v. Wade case, the possibility that immigrant families can reunite or the health of the global economy.
Disconnecting is a luxury that only the most privileged spectators can afford.
However, the information pushes the boundaries when you realize you’ve been watching a panel of experts six hours debating the use of “deep background” sources that Bob Woodward used for his book “Fear,” Paul Manafort’s 15,000-dollar ostricle leather hunter (“an uncompromising pledge of pride,” in the words of The Washington Post) and the implications of Trump’s rugged descriptions
As far as I'm concerned, I'll never see Super Mario again in the same way.
“By offering something new every night, it’s partly what makes it all look like a reality show,” says Brent Montgomery, CEO of Wheelhouse Entertainment and creator of “Pawn Stars,” when he talks to us about the alternating cast of Trump’s show and his daily plot twists (whether it’s getting into an anti-NFL fight or praising Kim Jong-un).
You can't afford to miss an episode if you don't want to be left behind.
When I went to talk to Mr. Fleiss this week, it was a sunny 27-degree day on the north coast of Kauai, but he was sheltered inside the house watching MSNBC while recording CNN.
He couldn’t get off the TV, not Brett Kavanaugh ready to confront the Senate Judiciary Committee and the future of the Supreme Court hanging in a thread.
“I remember when in those days we did all those crazy programs and people told us that that was the beginning of the end of Western civilization,” Fleiss tells me.
"I thought it was all a joke, but in the end it turned out they were right."
Amy Chozick, writer of The Times for business, politics and media, is the author of the memoir “Chasing Hillary”.
Foreign money flows in the tightestest mid-term elections in the House of Representatives
It’s no surprise the influx of money that’s coming to Pennsylvania’s 17th district, thanks to the restructuring of a congressional district with two candidates seeking re-election for the same seat.
This residential district of Pittsburg, whose structure is recently redesigned, has Democrat Rep. Conor Lamb, who won his seat in another district in a special election last spring.
Lamb faces another re-election candidate, Republican Keith Rothfus, who currently represents Pennsylvania’s former 12th district, a district that largely overlaps with the new 17.
The maps were redesigned after the Pennsylvania Supreme Court ruled in January that the former districts had unconstitutionally been manipulated on behalf of Republicans.
The race for the new 17 has sparked a funding contest for campaigns between the main financial arms of the parties, the National Democratic Campaign Committee (DCCC) and the Republican National Campaign Committee (NRCC).
Lamb’s name became very familiar in Pennsylvania after a close victory in a special election held in March for Pennsylvania’s 18th Congressional District.
That seat had been occupied by a Republican for more than a decade and President Donald Trump won the district by 20 points.
Political experts have given Democrats a slight advantage.
The United States considered penalizing El Salvador for its support for China, although after backing down
The diplomats noted that the Dominican Republic and Panama had already recognized Beijing, with a slight rejection by Washington.
Trump had an affable meeting with President Juan Carlos Varela of Panama in June 2017 and held a hotel in Panama until partners evicted the Trump Organization administration team.
State Department officials decided to return the heads of U.S. diplomatic missions in El Salvador, the Dominican Republic and Panama due to “recent decisions to stop recognizing Taiwan,” Heather Nauert, the department’s spokeswoman, said in a statement this month.
But it was only decided to sanction El Salvador, which had already received aid of about 140 million U.S. dollars 2017 for, among other issues, control of drug trafficking, development and economic support.
The proposed sanctions, which included cuts to financial aid and restrictions on certain visas, would have been very painful for the Central American country and its high rates of unemployment and crime.
As internal gatherings progressed, U.S. and Central American officials postponed a high-level conference focused on security and economic prosperity as a follow-up to a similar meeting held last year, which was seen as a step forward in efforts to prevent emigration to the United States.
But in mid-September, senior administration officials made it clear that their intention was for the conference to go ahead, ending any consideration of sanctions for El Salvador.
Vice President Mike Pence plans to speak at the conference, which is now scheduled for mid-October and is seen as a sign of the administration’s importance to the meeting.
The three U.S. envoys quietly returned to El Salvador, Panama and the Dominican Republic without further threats or punishment from Washington.
A Bolton White House spokesman declined to comment on the details of the debate described by the three U.S. officials, including two diplomats, who agreed to discuss internal deliberations on condition of anonymity.
His explanations were corroborated by an external analyst close to the administration, who also spoke on condition of anonymity.
The Study of History
The planned next step could be special counsel Robert Mueller’s report on Trump’s possible obstruction of justice, of which there is already considerable evidence in the public record.
It is thought that Mueller is also carrying this one investigating the possibility that the Trump campaign would work in parallel with Russia in its attack on our elections.
If Congress changes hands, Trump will be held accountable to that chamber, just as he prepares to stand again before voters, and perhaps finally before a jury of his peers.
This is a lot of conditions, and with it I don’t suggest that Trump’s fall is unavoidable, nor that of its equivalents in Europe.
We will all have to make decisions on both sides of the Atlantic that will have an effect on the duration of the contest.
In 1938, the German officers were ready to strike a coup d'état against Hitler. It was only necessary that the West had resisted him and supported the Czechoslovaks in Munich.
We failed and lost the opportunity to avoid the years of carnage that followed.
The course of history revolves around these turning points, and the inexorable march of democracy is accelerated or delayed.
Americans now face several of these turning points.
What will we do if Trump dismisses Deputy Attorney General Rod Rosenstein, the man who controls the fate of the Mueller investigation?
Rosenstein has been seen in a good one since this newspaper reported that last year he had suggested secretly recording the president and had speculated about his incapacity for office.
Rosenstein says The Times explanation is not accurate.
“How will we respond if the F.B.B.I.’s new investigation into Brett Kavanaugh is not complete or fair, or if his office is confirmed in the Supreme Court despite credible allegations of sexual assault and dishonest testimony?
In addition to all of this, will we vote in the mid-term elections a Congress that will be accountable to Trump?
If we fail these exams, we will encounter a long winter for democracy.
But, thanks to the lesson I learned in Prague, I don't think we'll fail.
My mother was a Czechoslovak Jew deported to Auschwitz by the same Nazi regime who had once occupied my ambassadorial house.
He managed to survive, immigrated to the United States and, 60 years later, sent me to link the Sabbath candles on the same table adorned with a swastika.
“With that inheritance, how can I not be optimistic about our future?”
Norman Eisen, professor emeritus of the Brookings Institution, is the president of Citizens for Responsibility and Ethics in Washington and author of “The Last Palace: Europe’s Turbulent Century in Five Lives and One Legendary House.”
Rangers' Graham Dorrans, optimist against the rapid Vienna match
The Rangers will play home on Thursday against Rapid Vienna, knowing that a victory over the Austrians, after Spain’s impressive draw against Villarreal earlier this month, will place them in a strong position to qualify in Group G of the European League.
A knee injury prevented midfielder Graham Dorrans from achieving their first appearance of the season until the 2-to-2 draw against Villarreal, but he believes the Rangers can use that result as a trampoline for bigger things.
“We managed to make a good point, since Villarreal is a good team,” the 31-year-old said.
“We started the game believing that we could get something and came out with one point.
Perhaps we could have achieved the victory in the end, but, in general, the draw was perhaps a fair result.
They were best in the first half, but after the break we left for all and were the best team.
This Thursday we will have another great European night.
I hope we can achieve all three points, but it will be a difficult match because they already got a good result in the previous game. But, with all the public supporting us, I'm sure we will be able to advance and get a positive result.
Last year it was definitely hard with my injuries and the changes in the club itself, but now you notice a general atmosphere that everything will go well.
The team is fine, the guys are enjoying a lot and we’re having a good workout.
I’m hopeful that we will be able to move forward, leave behind last season and achieve success.”
Fear of Retirement Savings Is Losing Some Women Sleep
Despite the fact that the survey participants had a clear idea of how they wanted to be treated, there are few people talking about this with their families.
About half of the people who participated in the Nationwide study said they did talk to their spouses about the cost of long-term care.
Only 10 percent said they talked to their children about it.
“People want a family member to take care of them, but they’re not taking steps to have this conversation,” Holly Snyder, vice president of life insurance company Nationwide, told us.
This is the way to get started.
Talk to your spouse and your children: you won’t be able to prepare your family to take care if you don’t express your wishes well in advance.
Work with your counselor and your family to talk about where and how to receive care, as those options can be a cost-determining factor.
Incorporate your financial advisor into the conversion, as it can also help you find a way to pay for those expenses.
Your long-term care financing options may include a traditional long-term care insurance policy, a cash-worthy hybrid life insurance policy to help you cover expenses or insure yourself with your own savings, as long as you have the money.
Negotiate your legal documents: get ahead of legal battles.
Take care of obtaining a power of health care to designate a trusted person to oversee their health care and to make sure that professionals fulfill their own wishes in case they are unable to communicate.
You can also prepare a power of attorney for your financies.
Select a trusted person to make financial decisions on your behalf and make sure that your bills are paid if you become incapacitated.
Don’t forget the small details: imagine that your elderly father has a medical emergency and is on his way to the hospital.
Would you be able to answer questions about medications and allergies?
Describe all of these details in a written plan so that it is always ready.
“It’s not just the financies that are at stake: what doctors do you have to deal with?” Martin asks.
“Which medicine are you taking?
Who will take care of the dog?
You have to have everything planned.”
A man with a carbine in Ilfracombe is shot several times
A man with a carbine was shot several times as he came home walking home after leaving at night.
The victim, a 40-year-old man, was in the Oxford Grove area of Ilfracombe (Devon) when he was shot in the chest, abdomen and hand.
Police officers described the shooting, which occurred around 02:30 (British time), as a “random act.”
The victim didn't see his attacker.
Their injuries are non-fatal and the police have made an appeal to potential witnesses.
Earthquakes and tsunamis in Indonesia
At least 384 people have been killed by a powerful earthquake and tsunami that hit the Indonesian city of Palu last Friday, authorities said. The death toll is expected to rise.
With blocked communications, relief officials have been unable to obtain any information from the Donggala regency, an area north of Palu that is closer to the epicenter of the 7.5-magnitude earthquake.
In Palu, more than 16,000 people were evacuated after the disaster.
Here you can see some important details about Palu and Donggala on Sulawesi Island:
Palu is the capital of Central Sulawesi province, which is located at the end of a narrow bay on the west coast of Sulawesi Island, with an estimated population of 379,800 in 2017.
The city was celebrating its 40th anniversary when the earthquake and tsunami occurred.
Donggala is a regency that stretches for more than 300 km (180 miles) of coastline on the north-west of Sulawesi Island.
The regency, which is a hierarchically lower administrative region than the province, had an estimated population of 299,200 in 2017.
Fishing and agriculture are the pillars of the economy of Central Sulawesi province, especially in the coastal region of Donggala.
Nickel mines also have their importance in the province, but they are mainly concentrated in Morowali, on the opposite coast of Sulawesi.
Palu and Donggala have been impacted by tsunamis several times over the past 100 years, according to the Indonesian Disaster Mitigation Agency.
In 1938, a tsunami killed more than 200 people and destroyed hundreds of houses in Donggala.
A tsunami also hit western Donggala in 1996, with nine fatalities.
Indonesia is located in the Pacific Fire Belt, an area of high seismic activity, and often suffers from earthquakes frequently.
Here we summarize some of the main earthquakes and tsunamis in recent years:
2004: A large earthquake on the western coast of the northern Sumatran province of Aceh in northern Sumatra caused a tsunami that hit 14 countries on December 26 and killed 226,000 people off the coast of the Indian Ocean. More than half of the victims occurred in Aceh.
2005: A series of strong earthquakes hit the western coast of Sumatra in late March and early April.
There were hundreds of fatalities on the island of Nias, off the coast of Sumatra.
2006: A 6.8-magnitude quake ravaged southern Java, Indonesia’s most populous island, and triggered a tsunami that hit the southern coast, with nearly 700 fatalities.
2009: A 7.6-magnitude quake struck near Padang city in West Sumatran province.
More than 1,100 people were killed.
2010: A 7.5-magnitude quake struck one of the Mentawai Islands near Sumatra, triggering a tsunami of up to 10 meters that shattered dozens of villages and killed about 300 people.
2016: A shallow earthquake hit Pidie Jaya’s regency in Aceh, causing destruction and panic by recalling the devastation of the deadly 2004 earthquake and tsunami.
This time did not cause any tsunamis, but the collapse of buildings caused the death of more than 100 people.
2018: The tourist island of Lombok (Indonesia) had a series of large-magnified quakes that killed more than 500 people, mostly on the north side of the island.
The quake devastated thousands of buildings and thousands of tourists were temporarily evicted.
Sarah Palin's eldest son arrested on domestic violence charges
Track Palin, the eldest son of former Alaska governor and vice-presidential candidate Sarah Palin, has been arrested on assault charges.
Palin, a 29-year-old citizen of Wasilla (Alaska), was arrested on suspicion of domestic violence, interfering with a report of domestic violence and resisting arrest, according to the report released Saturday by Alaskan state police.
According to that police report, when an acquaintance of hers tried to call the police to report the alleged crimes, he took her phone.
Palin has been sentenced to pretrial detention at Mat-Su Pretrial Facility and is being held with an unsecured bail of 500 dollars, KTUU reported.
He appeared in court Saturday where he pleaded “definitely innocent” when asked for his statement, the network said.
Palin faces three Class A misdemeanors, which means he could spend up to one year in prison and be fined 250,000 dollars.
He has also been charged with a Class B misdemeanor, with a one-day sentence in jail and a fine of 2,000 dollars.
This isn’t the first time criminal charges have been filed against Palin.
In December 2017, he was accused of assaulting his father, Todd Palin.
His mother, Sarah Palin, called the police to report the alleged attack.
The case is currently before the Alaska Veterans Court.
In January 2016, he was charged with domestic assault, interfering in reporting a crime of domestic violence and possessing a gun intoxicated, in connection with the incident.
His girlfriend had claimed he punched him in the face.
Several groups of veterans criticized Sarah Palin in 2016 for linking her son’s violent behavior to post-traumatic stress disorder stemming from her service in Iraq.
Earthquake and Tsunamium in Indonesia: Hundreds of Fatalities
At least 384 people were killed after an earthquake struck the Indonesian island of Sulawesi last Friday.
The 7.5-magnified quake triggered a tsunami and destroyed thousands of houses.
Electricity and communications networks have fallen and the death toll is expected to rise in the coming days.
The quake occurred right next to central Sulawesi, which lies northeast of Jakarta, Indonesia’s capital.
There are several videos that circulate on social networks and that show the moment of impact.
Hundreds of people had gathered for a beach festival in the city of Palu when the tsunami hit the coast.
Federal prosecutors exceptionally seek the death penalty for suspected terrorist attack in New York
New York federal prosecutors are seeking capital punishment for Sayfullo Saipov, the New York City terrorist attack suspect who killed eight people, an exceptional punishment that has not been executed in the state for a federal crime since 1953.
Saipov, 30, allegedly used a Home Depot rent pickup to carry out an attack on a bike lane on Lower Manhattan's West Side, shooting down pedestrians and cyclists he was on his way.
To justify a death penalty, prosecutors must prove that Saipov “intentionally” killed the eight victims and caused “intentionally” serious bodily injury, according to the notice of the death penalty application intent, filed in the Southern District of New York.
The two charges carry a possible death penalty, according to the court document.
Several weeks after the attack, a federal grand jury filed a 22-count indictment that included eight counts of murder with organized crime aid, which federal prosecutors often use in these cases, and a charge of motorized vehicle violence and destruction.
The attack required “substantial planning and premeditation,” according to prosecutors, who described how Saipov carried it out as “atrocious, cruel and depraved.”
“Sayfullo Habibullaevic Saipov caused injuries, damages and losses to the families and friends of Diego Enrique Angelini, Nicholas Cleves, Ann-Laure Decadt, Darren Drake, Ariel Erlij, Hernan Ferruchi, Hernan Diego Mendoza and Alejandro Damian Pagnucco,” the notice of intent said.
Five of the victims were tourists from Argentina.
It’s already been a decade since the last time the Southern District of New York prosecuted a death penalty case.
Khalid Barnes was found guilty of murdering two drug traffickers, but was eventually sentenced to life in prison in September 2009.
The last time a death penalty was executed in a New York federal case was Julius and Ethel Rosenbeng in 1953. This marriage was executed after they were convicted of conspiracy to commit espionage for the Soviet Union during the Cold War two years earlier.
Two Rosenbergs were executed in the electric chair on June 19, 1953.
Saipov, an immigrant originally from Uzbekistan, demonstrated his lack of remorse during the days and months following the attack, according to court documents.
According to police, he told investigators that he felt good about what he had done.
According to the indictment, Saipov told authorities that for his attack he was inspired by watching ISIS videos on his phone.
He also requested that the ISIS flag be raised in his hospital room, police said.
He has pleaded not guilty to the 22-count indictment.
David Patton, one of federal public defense attorneys representing Saipov, said they are “obviously disappointed” with the prosecution’s decision.
“We believe that the decision to seek the death penalty rather than accepting a guilty plea with a life sentence without the possibility of release will only prolong the trauma of these events for all people involved,” Patton said.
Saipov’s defense team had previously asked prosecutors not to ask for the death penalty.
Deputy Tory says NIGEL FARAGE should handle Brexit negotiations
Nigel Farage vowed to “mobilize the People’s Army” today during a protest at the Tory conference.
The former UKIP leader said politicians had to “feel the heat” of Eurosceptics, while one of Theresa May’s MPs suggested that he should deal with negotiations with the EU.
Conservative MP Peter Bone said in the Birmingham rally that the UK “would already have come out” if Farage had been Brexit secretary.
But Prime Minister May’s challenge in reconciling its split ranks has stood out even more when a pro-permanence Tories group have joined with an opposing anti-Brexit protest in the city.
The Prime Minister is struggling to keep up with the commitment plan that was signed at Chequers amist Brexit-favoring attacks, its opponents and the EU.
Allies insisted that they will continue to try to reach an agreement with Brussels, despite the violent reaction, and will force the Eurosceptics and the Labour Party to choose between their package and “chaos.”
Deputy Bone said at the Leave Means Leave rally in Solihull that he wanted to reject Chequers' plan.
He suggested that Farage should have been placed responsibly in negotiations with Brussels.
“If he had been in charge, we would have already left,” he said.
This Member of Parliament for Wellingborough added: “I’m going to defend Brexit, but we have to get rid of Chequers.”
In his statement of opposition to the EU, he said: “We have not fought in world wars for serviles.
We want to make our own laws in our own country.”
Bone dismissed suggestions that public opinion had changed since the 2016 vote: “The idea that the Britons have changed our minds and want to remain in the European Union is completely false.”
Pro-Brexit Tory Andrea Jenkyns was also at the rally, where she told reporters: “I’m just saying one thing: Prime Minister, listen to the people.
The general public doesn’t like Chequers’ plan, the opposition won’t vote in favor and is not popular among our party and our activists, who are the ones who actually take to the streets and vote for us in the first place.
Forget Chequers and start listening.”
In a message addressed to May, he added: The prime ministers hold their positions when they fulfill their promises.”
Farage told the concentrates it would be necessary to “feel the heat” to the politicians if they saw that they were going to betray the decision made in the 2016 referendum.
“Now it’s a matter of trust between us, the people, and our political class,” he said.
“They’re trying to betray Brexit and today we’re here to tell them that we won’t let them get away with it.”
“I want you to make our political class, who is about to betray Brexit, feel the heat.
“We’re going to mobilise this country’s people’s military that gave us victory with Brexit and we’ll never rest until we’ve become an independent, self-driving and proud UK.”
In the meantime, those in favor of staying toured the streets of Birmingham before the two-hour rally in the city center.
Some activists waved Tories Against Brexit banners following the group's presentation this weekend.
Labour’s Lord Adonis mocked the Conservatives for the security issues they had with an application of the party during the opening of the conference.
“These are the same people who tell us that they can implement computer systems and all the technology for Canada Plus Plus, for borders in harmony, for free trading without borders in Ireland.”
“It’s a total farce.
There is nothing that can be considered a good Brexit,” he added.
Warren considers all possibilities of running for president
U.S. Sen. Elizabeth Warren says she “will consider all the chances of running for president” after the November election.
The Boston Globe reports that the Massachusetts Democrat spoke about her future during a city meeting on Saturday in western Massachusetts.
Warren, a regular critique of President Donald Trump, will run for re-election in November against Geoff Diehl, the Republican state representative, who was co-chair of Trump’s 2016 Massachusetts campaign.
There has been considerable speculation about the possibility that Warren will face Trump in 2020.
Saturday afternoon’s event in Holyoke was its thirty-sixth meeting with voters using the city format since Trump took office.
An assistant asked him if he planned to run for president.
Warren responded that it’s time for “women to go to Washington to fix our irregular government, and that includes a woman at the top.”
One arrested for LSU Sims player's gun murder
Baton Rouge (Louisiana) police announced Saturday that a suspect has been arrested for the shooting death of Wayde Sims, the LSU basketball player last Friday.
The Baton Rouge Police Department announced the arrest of Dyteon Simpson, 20, at a news conference at 11 a.m.
They had posted a video of the shooting on Friday, asking for help identifying a man seen in the video.
Sims, a 20-year-old, was shot dead near the Southern University campus early on Friday.
“Wayde Sims suffered a gunshot wound to the head that ultimately led to his death,” Police Chief Murphy J. Paur told reporters Saturday for 247sports.
Wayde went to defend a friend and was smothed from Simpson.
During interrogation, Simpson admitted having been at the crime scene in possession of a gun and shooting Wayde Sims.
Simpson was arrested without incident and arrested in the East Baton Rouge Parish police department.
Sims, a 1.98-meter-tall Baton Rouge player, played in 32 games last season, starting at 10 of them, and had an average of 17.4 minutes, 5.6 points and 2.9 rebounds per game.
Russian Grand Prix: Lewis Hamilton approaches the world title after the team’s orders handed him the victory over Sebastian Vettel
Since the moment Valtteri Bottas qualified ahead of Lewis Hamilton on Saturday, it became clear that the Mercedes team’s orders would play an important role in the race.
From pole, Bottas had a good start and almost oblivioned Hamilton by defending his position in the first two laps and inviting Vettel to attack his teammate.
Vettel was the first to pit and let Hamilton run in the group’s queue, something that should have been decisive.
The Mercedes came out a lap later and got behind Vettel, but Hamilton got ahead after an action with the wheels almost glued that caused the Ferrari driver to reluctantly quit the free interior at the risk of resisting after a double movement to defend himself in the third corner.
Max Verstappen, who turned 21 that day, started from the bottom row of the grid and put himself in seventh place at the end of the first lap.
He then led a large part of the race as he clung to his tyres to achieve a quick finish and overtake Kimi Raikkonen for fourth position.
Finally, he went into the pits on lap 44, but could not increase his pace in the remaining eight laps by recovering Raikkonen fourth position.
It’s been a difficult day because Valtteri did a fantastic job all weekend and was a real gentleman by letting go.
The team has done an exceptional job to get a perfect match,” Hamilton said.
That's been really bad body language
President Donald Trump mocked Senator Dianne Feinstein at a rally on Saturday for his insistence that he failed to leak Christine Blasey Ford’s letter accusing Brett Kavanaugh of sexual assault.
Speaking at a rally in West Virginia, the president did not directly mentionate Ford’s testimony before the Senate Judiciary Committee, but commented that what was happening in the Senate showed that there are people who are “bad, disgusting and false.”
“The only thing that could happen and the good that’s going on these last few days in the Senate, is when you see anger, when you see people who are bad, disgusting and false,” he said.
“When you read the posts and leaks, and then they say, ‘But if I didn’t.
I didn’t.”
You remember him?
Dianne Feinstein, did you leak it?
Remind your answer... did you leak the document? - “Oh, oh, what?
Oh, no.
"I didn't leak it."
Well, wait a minute.
Have we leaked, no, we haven’t leaked it,” he added while imitating the senator.
Feinstein was sent the letter detailing the allegations against Kavanaugh by Ford in July and leaked in early September, but Feinstein denied the leak came from his office.
“I didn’t hide Dr. Ford’s allegations, I didn’t leak her story,” Feinstein told the committee.
“She asked me to keep it confidential and, therefore, I did.”
But his refusal didn’t seem to sit well with the president, who during Saturday night’s rally said, “I’ll tell you one thing: that’s been really bad body language.”
Maybe it didn’t, but that’s the worst body language I’ve ever seen.”
Continuing his defense of the Supreme Court nominee, who has been accused of sexual misconduct by three women, the president suggested that Democrats were using the allegations for their own purposes.
“They are determined to regain power by any possible means.
You see wickedness and repugnancy, they don’t care who they hurt, who they have to hit to gain power and control,” the president said.
Elite League: Dundee Stars 5-3 Belfast Giants
Patrick Dwyer scored two goals for the Giants against Dundee
The Dundee Stars repaired an Elite League loss to the Belfast Giants on Friday by winning the second leg on Saturday 5–3 at Dundee.
The Giants achieved an initial two-goal lead thanks to attacks by Patrick Dwyer and Francis Beauvillier.
Mike Sullivan and Jordan Cownie won the home draw before Dwyer restored the Giants leadership.
Francois Bouchard equalized for Dundee before Lukas Lundvald Nielsen’s two goals secured their victory.
This has been Adam Keefe's third loss of the Elite League season, which had beaten Dundee 2-1 in Belfast on Friday night.
It was the fourth game of the season between the two teams, of which the Giants won the previous three games.
Dwyer's first goal came in the fourth minute (3:35) thanks to assistance from Kendall McFaull, while David Rutherford provided assistance for Beauvillier to double the lead four minutes later.
In what can be considered a very lively initial period, Sullivan returned to put the home team with a desire to play in the 13:10 minute before Matt Marquardt attended Cownie to equalize the game in the 15:16 minute.
Dwyer made sure the Giants took the lead ahead of the first break when he scored his second goal of the night at the end of the first half.
The home team regrouped and Bouchard once again equalized the match with a goal at 27:37.
Cownie and Charles Corcoran combined to help Nielsen give Dundee the lead for the first time in the game when the end of the second half came and secured the victory with his team's fifth goal as he approached the end.
The Giants, who have now lost four of their last five games, play at home against Milton Keynes in their next game on Friday.
An air traffic controller dies so that hundreds of people can escape on the plane of the earthquake
An Indonesian air traffic controller is being hailed as a hero after dying after making sure that a plane carrying hundreds of people managed to take off safely.
More than 800 people were killed and many missing after a large-scale earthquake struck Sulawesi Island on Friday, causing a tsunami.
Strong aftershocks continue to plague the area and many find themselves trapped among the rubble in the city of Palu.
Although his companions fleed to save their lives, Anthonius Gunawan Agung, 21, refused to leave his post at the Mutiara Sis Al Jufri Airport control tower.
He stood firm to make sure Batik Air Flight 6321, which was on the runway at the time, could take off securely.
He then jumped out of the traffic control tower when he thought it was collapsing.
He later died in the hospital.
Air Navigation Indonesia spokesman Yohannes Sirait said the decision could have saved hundreds of lives, Australian channel ABC News reported.
We had prepared a helicopter from Balikpapan in Kalimantan to take it to a larger hospital in another city.
Sadly, he died this morning before the helicopter arrived in Palu.
“Our hearts are broken by hearing this,” he added.
In the meantime, authorities fear that the death toll could reach several thousand people. The national disaster mitigation agency claims that access to Donggala, Sigi and Boutong cities is limited.
“It is believed that the number of victims will continue to increase, since there were still many corpses under the ruins and it has not been possible to contact a lot of people,” Sutopo Purwo Nugroho, a spokeswoman for the agency, said.
Waves that reached up to six meters have devastated Palu, which will hold a massive burial on Sunday.
Aid and supplies are being on military and commercial aircraft.
Risa Kusuma, a 35-year-old mother, told Sky News: “Every minute an ambulance with more bodies arrives.
Clean water is scarce.
Mini-markets are being looted everywhere.”
Jan Gelfand, head of the International Red Cross in Indonesia, told CNN: “The Indonesian Red Cross is trying to help survivors as much as possible, but we don’t know what they’ll find there
This is already a tragedy, but it could have been much worse.”
Indonesian President Joko Widodo arrived in Palu on Sunday and told the country’s military: “I ask everyone to work day and night to complete all evacuation-related tasks.
“Are you ready?” CNN reported.
Indonesia had already been whipped earlier this year by earthquakes in Lombok in which more than 550 people were killed.
Micronesia plane crash: Air Niugini now says a man has disappeared after plane crash in lagoon
The airline, which operates a flight that crashed into a Pacific lagoon in Micronesia, now says a man has gone missing, having said the 47 passengers and crew had evacuated the sinking plane safely.
Air Niugini said in a statement that from Saturday afternoon you could not account for a male passenger.
The airline said it was working with local authorities, hospitals and investigators to try to find the man.
The airline did not immediately respond to requests for more details about the passenger, such as their age or nationality.
Local boats were used to help rescue the other passengers and crew after the plane crashed into the water while trying to land at Chuuk island's airport.
Authorities said on Friday that seven people had been transferred to a hospital.
The airline said six passengers were still at the hospital on Saturday and were all in stable condition.
The cause of the accident and the exact sequence of events remain unclear.
The U.S. airline and navy said the plane landed in the lagoon before the runway.
Some witnesses thought that the plane had surpassed the airstrip.
U.S. passenger Bill Jaynes said the plane arrived very low.
“That’s an extremely good thing,” Jaynes said.
Jaynes comments that he and other travelers managed to advance through a water that reached their waists until the emergency exits of the plane that began to sink.
He said flight attendants panicked and screamed, and that he suffered a slight head injury.
The U.S. Navy said sailors who were carrying out dock-enhancing jobs nearby also assisted in the rescue using an inflatable boat to transport people ashore before the plane sank about 30 meters (100 feet) underwater.
Data from the aviation safety network indicate that 111 people have died in airline accidents registered in Papua New Guinea over the past two decades, but none with Air Niugini.
Analyst presents the timing of the night when a woman was burned alive
The U.S.A. ended the filing of her arguments Saturday in the retrial of a man accused of burning a Mississippi woman alive in 2014.
U.S
He exposed to the jury how he used mobile phone records to chain the movements of 29-year-old Quinton Tellis and 19-year-old Jessica Chambers on the night she died.
Rowlett said he received location data from several mobile phones showing Tellis was with Chambers the night of his death, thus contradicting his earlier statements, The Clarion Ledger reported.
When the data showed his mobile phone had been with Chambers during the time he said he was with his friend Michael Sanford, police went to talk to Sanford.
Sanford climbed on Saturday and testified that he had not been in the city that day.
When prosecutors asked if Tellis was telling the truth when he said he was in Sanford’s van that night, Sanford said he was “lying, because my van was in Nashville.”
Another inconsistency was that Tellis said he had met Chambers about two weeks before his death.
Mobile records indicated that they met just a week earlier.
Rowlett said that at some point after Chambers' death, Tellis erased Chambers' messages, calls and contact information from his phone.
“He erased her from his life,” Hale said.
The defense is scheduled to begin its closing arguments on Sunday.
The judge said he hoped the trial would be held by the jury that same day.
The High Breed: What Is Conscious Hip Hop?
A trio of hip hop wants to fill his music with positive messages to challenge the negative image of the genre.
Bristol’s The High Breed says hip hop departed from its origins of political messages and dealing with social issues.
They want to go back to their roots and make conscious hip hop popular again.
Interpreters such as The Fugees and Common have seen a recent resurgence in the UK thanks to artists like Akala and Lowkey.
Another black person?
New York nanny sues couple for firing her after “racist” text
A New York nanny is going to sue a partner for discriminatory dismissal after mistakenly receiving a text message from the mother complaining she was “another black person.”
The couple denies that it is racist and compares the lawsuit to an “extortion” case.
Lynsey Plasco-Flaxman, a mother of two, expressed her dismay at the discovery that the new child caregiver, Giselle Maurice, was black when she arrived on her first day of work in 2016.
“NOOOOOOOOO OTHER BLACK PERSON,” Ms. Plasco-Flaxman wrote to her husband in a text message.
However, instead of sending it to her husband, she sent it to Maurice twice.
After realizing her blunder, an “uncomfortable” Plasco-Flaxman fired Maurice by claiming that her former nanny, who was African-American, had done a lousy job and instead awaited a Filipina, according to the New York Post.
Maurice got paid for a day's work and sent it home at Uber.
Maurice is now suing the couple for compensation for the dismissal with intent to receive compensation of US$350 a day for the six-month position of in-house work he had been hired for, albeit without a contract.
“I want to show them that things aren’t done like that,” he told The Post on Friday, adding that “I know it’s a case of discrimination.”
The couple responded to claims that they are racists by saying the completion of Maurice’s employment was the most reasonable, as they feared that they would not be able to trust her after being offended.
“My wife had sent her something she didn’t mean.
She's not racist.
We’re not racists,” husband Joel Plasco told the Post.
“But would you leave your children in the hands of someone you’ve been rude to, even if it was by mistake?
To your newborn?
“Come!”
Comparing the demand as an “extortion,” Plasco said his wife had given birth to the baby two months earlier and that she was in a “very difficult situation.”
“Are you going for someone like that?
That’s not that it’s a very decent thing,” the investment banker added.
Although the legal case is still ongoing, the court of public opinion has rushed to denounce the couple on social networks, criticizing them for their behavior and logic.
Paddington’s editors feared readers wouldn’t identify with a talking bear, a new letter reveals
Bond’s daughter, Karen Jankel, who was born shortly after the book was accepted, said of the letter: “It was difficult to put yourself in the place of someone who read it for the first time before publication.
It’s funny to now know what we know about Paddington’s great success.”
After saying that his father, who had worked on the BBC’s chamber formerly drawing inspiration from a toy bear to write the children’s book, was confident that his work would be rejected, he added that the 60th anniversary of the publication of the books was somewhat “sour-souring” after his death last year.
De Paddington, whom she describes as “a very important member of our family,” added that her father was very proud of his ultimate success.
“He was a very quiet man and didn’t like to brag,” he said.
“But since Paddington had been so real to him, it was almost as if you had a son who achieves something important: you are proud of him, even if it’s not really your merit.
I think he saw Paddington’s success that way.
Although it was his creation and product of his imagination, he always credited Paddington himself.”
My daughter was dying and I had to say goodbye on the phone
Upon landing, her daughter was urgently taken to Louis Pasteur 2 Hospital in Nice, where doctors worked in vain to save her life.
“No one called regularly to say that the situation was really wrong, that it wasn’t expected to succeed,” Ms. Ednan-Laperouse said.
“Then I got Nad’s call to tell me that I was going to die in the next two minutes and I had to say goodbye to it.
And that's how I did.
“Tashi, I love you very much, darling.
I'll soon be with you.
I'll be with you.
The drugs the doctors had given him to keep his heart pumping slowly running out and leaving his system.
She had died ahead of time and everything was going out.
I could just sit there and wait, knowing that all this was happening.
I couldn’t howl or scream or cry because I found myself in a situation surrounded by families and people.
I really had to stand firm.”
Finally, Mrs. Ednan-Laperouse, now suffering from the loss of her daughter, embarked on the plane with the other passengers, oblivious to the ordeal she was going through.
“No one knew,” he said.
“I crouched my head and the tears fell on me all the time.
It’s hard to explain, but it was in the flight that I felt this overwhelming sense of sympathy for Nad.
That I needed all my love and understanding.
I knew how much I loved her.”
Mourning women put cards to avoid suicides is a bridge
Two women who lost loved ones because of suicides are working to prevent others from taking their own lives.
Sharon Davis and Kelly Humphreys have been putting cards on a Welsh bridge with inspiring messages and phone numbers that people can call for help.
Tyler, Mrs. Davis' son, was 13 when he began suffering from depression and committed suicide at the age of 18.
“I don’t want any parent to feel what I feel every day,” he said.
Davis, a 45-year-old who lives in Lydney, said his son was a promising chef with a contagious smile.
"Everybody knew him because of his smile.
They always said that their smile lit up anywhere.”
However, he left the job before he died, as he was “in a really dark place.”
In 2014, Tyler's brother, who was 11-year-old at the time, was the one who found him after taking his own life.
Ms. Davis said, “I am continually concerned that it may have repercussions.”
Davis created the cards “so that people know that there are people you can go to and with whom you can talk, even if it’s a friend.
You don’t feel silent, you have to talk about it.”
Ms. Humphreys, who has been friends with Davies for years, lost Mark, her partner with whom she had been, shortly after the death of her mother.
“He didn’t say he felt depressed or anything like that,” he says.
“A couple of days before Christmas we noticed his change of attitude.
Christmas Day reached its lowest point: when the children opened their gifts, he didn’t even look at them.”
He said that his death was a great trauma for them, but that they have to overcome it: “Leave a void in the whole family.
He's shattered us.
But we all have to keep fighting.”
If it’s difficult for you to cope with a bad situation, you can call Samaritans for free at 116 123 (United Kingdom and Ireland), email jo@samaritans.org or visit the Samaritans website here.
Brett Kavanaugh's future hangs in a thread the moment the FBI begins the investigation
“I thought that if we could really get something like what I was requesting (a time-limited, time-considered investigation), maybe we could bring in a bit of unity,” Mr. Flake said Saturday, adding that he feared the committee was “going down” in the middle of a partisan paralysis.
Why didn't Kavanaugh and his Republican supporters want the FBI's investigation?
Their refusal is entirely due to chronology.
There are only five weeks before the mid-term elections, on November 6. If, as expected, Republicans have poor results, their attempts to achieve the election of the man they want for the highest court in the country will be severely weakened.
George W. Bush has been calling the senators, pressuring them to support Kavanaugh, who worked for him at the White House. Thanks to Bush, Kavanaugh met his wife Ashley, who was the president's personal secretary.
What happens once the FBI releases your report?
There will be a vote in the Senate, where there are currently 51 Republicans and 49 Democrats.
It’s still unclear whether Kavanaugh will be able to get at least 50 votes in the Senate, which would allow Vice President Mike Pence to break the tie and confirm it for the Supreme Court.
North Korea’s defector figures “fell” with Kim
North Korea’s number of defectors to South Korea has declined since Kim Jong-un came to power seven years ago, a South Korean lawmaker has said.
Park Byeong-seug, citing data from the Southern Unification Ministry, said that last year there were 1,127 defections, compared to 2,706 in 2011.
Park said tighter border controls between North Korea and China, and the high fees charged by human traffickers have been the key factors.
Pyongyang has made no public comments about it.
The vast majority of deserters in the north are finally offered South Korean citizenship.
Seoul says more than 30,000 North Koreans have illegally crossed the border since the end of the Korean War in 1953.
Most flee through China, which has the longest border with North Korea and is easier to cross than the demilitarized zone (DMZ) heavily protected between the two Koreas.
China considers defectors to be illegable rather than refugees and are often repatriated.
Relations between the North and the South, which are still technically at war, have improved markedly in recent months.
Earlier this month, the leaders of the two countries gathered in Pyongyang to have talks that focused on denuclearization negotiations.
This came after the historic meeting in June between U.S. President Donald Trump and Kim Jong-un in Singapore, who generally agreed to work for a nuclear-weapon-free Korean peninsula.
But on Saturday, North Korea’s Foreign Minister Ri Yong-ho blamed U.S. sanctions on lack of progress.
“Without U.S. confidence, there will be no confidence in our national security and, under these circumstances, in no way will we be the first to disarm us unilaterally,” Ri said in a speech to the U.N. General Assembly in New York.
Nancy Pelosi calls Brett Kavanaugh “hysterical” and says he is unfitable to serve in the Supreme Court
Nancy Pelosi, House minority leader, said Supreme Court nominee Brett Kavanaugh was a “hysterical” and was unsuitable to serve in the Supreme Court.
Pelosi made these comments in an interview Saturday at the Texas Tribune Festival in Austin, Texas.
“I can’t help but think that if a woman had acted that way, they would have said she’s hysterical,” Pelosi said of her reaction to Kavanaugh’s testimony Thursday before the Senate Judiciary Committee.
Kavanaugh used the excitement to deny the accusations he had sexually assaulted Dr. Christine Blasey Ford when the two were teenagers.
During his initial statement, Kavanaugh was very excited, sometimes almost screaming and choking while talking about his family and his high school years.
In the committee, he also explicitly condemned the Democrats, calling the accusations against him “grotesque and clearly coordinated defamations” organized by angry liberals because Hillary Clinton lost the 2016 presidential election.
Pelosi said that, in his view, Kavanaugh’s testimony proved that he could not serve in the Supreme Court, because he showed his bias against the Democrats.
“I think he disqualifies himself with those statements and the way he’s persecuted the Clintons and the Democrats,” he said.
Pelosi voiced when asked if he would challenge Kavanaugh in the event that he was confirmed in office and that the Democrats held a majority in the House of Representatives.
“I’ll just say one thing: if you’re not telling the truth to Congress or the FBI, it won’t be fit not just to be in the Supreme Court, it won’t even be to be in the court where you exercise now,” Pelosi said.
Kavanaugh is currently a judge in the Washington D.C. Circuit Court of Appeals.
Pelosi added that, as a Democrat, he was concerned about Kavanaugh’s possible sentences against the Affordable Care Act or the Roe v. Wade case, as he is considered to be a conservative judge.
At his confirmation hearings, Kavanaugh avoided questions about whether he would overturn certain Supreme Court decisions.
“This is not the time for a hysterical and impartial person to go to court and hope that it seems to us that everything is fine,” Pelosi said.
And women have to wield it.
It's a justified diatribe, it's months and years of fury overflowing, and she can't let go without crying.
“We cried when we got angry,” Ms. Steinem told me 45 years later.
"I don't think that's so weird, right?"
He continued: “It helped me a lot a woman who was an executive in some company and who told me that she also cried when she was angry, but that she had developed a technique by which when she became angry and began to cry, she said to the person with whom she spoke: “Maybe you think I’m sad because I’m crying.
No, I’m angry.”
And then I went on with what I was doing.
I thought it was great.”
Tears are allowed as an exit route for rage in part because they basically don’t understand each other well.
One of the clearest memories I have of one of my first jobs, in an office dominated by men, was once I found myself crying with inexpressible rage. An older woman, a serious manager of whom I had always had a slight fear, grabbed me by the co-fight and dragged me to a ladder.
“Don’t let them ever see you crying,” he said.
“They have no idea you’re furious.
They think you’re sad and they’ll be happy because they think they’ve cornered you.”
Patricia Schroeder, then a Democratic congresswoman from Colorado, had worked with Gary Hart in her presidential careers.
In 1987, when they caught Hart on an extramarital affair aboard a ship called Monkey Business for which she had to retire from the presidential race, Schroeder was deeply frustrated, it occurred to her that there was no reason not to explore the idea that she herself ran for the presidency.
“It wasn’t a well-premeditated decision,” he laughter 30 years later.
“There were already seven candidates in the race and the last thing they needed was one more candidate.
Somebody referred to us as Snow White and the Seven Dwarfs.”
As the campaign was already very advanced, he stayed behind in the fundraiser, so it was promised that he would not enter the race again unless he raised two million dollars.
It was a lost battle.
He discovered that some of his supporters who gave 1,000 dollars to the men gave her only 250 dollars.
“Do you think I have a discount?” he asked.
When he delivered his speech to announce that she would not have a formal campaign, she was so overwhelmed by emotions (gratitude by the people who had supported her, frustration over a system that hindered fundraising and that focused on attracting voters rather than delegates, and anger about sexism), which choked.
"The logical thing would have been to think that he had had a nervous breakdown," Schroeder said, recalling the reaction from the press.
“You might have thought Kleenex was my corporate sponsor.
I remember thinking, what are they going to put on my tombstone?
"Did he cry?"
U.S.-China trade war could benefit Beijing
The first salvos of the U.S.-China trade war were deafening, and while there is still much left for the battle to end, a rift between countries could benefit Beijing, experts say.
U.S. President Donald Trump issued the first warning earlier this year by placing tariffs on major Chinese exports, such as solar panels, steel and aluminum.
Significant escalation took place this week with new tariffs affecting 200,000 million dollars (150,000 million pounds) in products, which carries taxes on half of the products entering the United States from China.
On all occasions, Beijing has retaliated equivalently, recently enforcing five-to-ten-percent tariffs on U.S. products worth US$60,000 million.
China has pledged to match U.S
Achieving that Washington retreat would mean ceding to lawsuits, but publicly submitting to the U.S. it would be too embarrassing for Chinese President Xi Jinping.
Still, experts say that if Beijing plays its cards well, pressures from the U.S. trade war could positively help China in the long term by reducing interdependence between the two economies.
“The fact that a swift political decision in Washington or Beijing can make conditions to start a plummeting of the economy in either country is actually much more dangerous than viewers have recognized so far,” said Abigail Grace, Asia-focused associate researcher for the Strategic Cabinet Center for New American Security.
Syria is ready for refugees to return, Foreign Minister says
Syria says it is ready for the voluntary return of refugees and asks for help to rebuild a country devastated by a war that has been more than seven years.
In a speech earlier by the United Nations General Assembly, Foreign Minister Walid al-Moualem said the country’s conditions were improving.
“The situation on the ground today is more stable and secure thanks to the progress that has been made in the fight against terrorism,” he said.
The government continues to rehabilitate areas destroyed by terrorists to try to restore normalcy.
There are already all the conditions for the voluntary return to the country of the refugees who had to abandon it due to terrorism and the unilateral economic measures that affected their daily lives and their livelihoods.
The U.N. estimates that, since the war began in 2011, more than 5.5 million Syrians have fled the country.
There are another six million people still living in the country who need humanitarian aid.
Al-Moualem acknowledged that the Syrian regime would appreciate the aid to rebuild the devastated country.
But he also stressed that he would not accept conditional aid or help from countries that promoted the insurgency.
Europe takes the Ryder Cup in Paris
The European team has won the 2018 Ryder Cup by defeating the U.S. team with a 16.5 to 10.5 final score at Le Golf National, just outside Paris (France).
The U.S. has now had six consecutive defeats on European soil since the last time it won a Ryder Cup in Europe in 1993.
Europe regained the crown when Danish captain Thomas Bjorn’s team scored the 14.5 points needed to beat the United States.
The American star Phil Mickelson, who had to fight during most of the tournament, pitched his starting point on the hole 16 par 3, thus admitting his loss to Francesco Molinari.
Italian golfer Molinari excelled in all of his rounds, becoming one of four players who have never achieved a 5-0-0 since the current tournament format began in 1979.
Jordan Spieth was defeated by 5 and 4 against the player with the lowest classification of the European team, the Danish Thorbjorn Olesen.
The world’s number one player, Dustin Johnson, fell 2 and 1 to England’s Ian Poulter, who could have played his last Ryder Cup.
Sergio Garcia, a veteran who already has eight Ryder Cups, became the European with the most victories of the tournament of all time, with 25.5 points in his career.
“I don’t usually cry, but I can’t help it today.
It's been a very tough year.
I am totally grateful to Thomas for choosing and believing in me.
I'm very, very happy that I was able to recover the cup.
It’s an achievement of the whole team and I’m very happy to have been able to help,” said an excited Garcia after the European team’s victory.
Now his compatriot John Rahm’s torch, who already defeated American golf legend Tiger Woods by 2 and 1 in a singles match on Sunday.
“I’m incredibly proud to have beaten Tiger Woods as I’ve grown up seeing this man,” said 23-year-old golfer John Rahm.
Woods lost all four games in France and now has a 13-21-3 record in his Ryder Cup career.
This is a strange statistic for one of the greatest players of all time, who has won 14 great titles, falling behind only Jack Nicklaus.
The U.S. team had to fight throughout the weekend to find the streets, with the exception of Patrick Reed, Justin Thomas and Tony Finau, who played high-level golf throughout the tournament.
U.S. captain Jim Furyk spoke after his team’s disappointing performance: “I’m very proud of these guys, they’ve never stopped fighting.
There was a moment this morning when we heated the situation in Europe.
But we're losing him.
I'd like to congratulate Thomas.
He's a great captain.
Its 12 players have played a very good game.
We'll regroup, meet with the PGA of America and our Ryder Cup Committee, and we'll move forward.
I love these 12 guys a lot and I'm proud to be their captain.
Now it's our turn to bow our heads.
They've surpassed us."
Red Tide Update: Pinellas, Manatee and Sarasota Lowers
The new report by the Florida Fish and Wildlife Commission shows an overall reduction in red tide concentrations in areas of the Tampa Bay area.
According to the FWC, irregular flowering conditions are being reported in areas of Pinellas, Manatee, Sarasota, Charlotte and Collier counties, suggesting reduced concentrations.
Red tide flowering stretches approximately 130 miles of coastline from Pinellas County to the north to Lee County to the south.
Irregular plots can be found about 10 miles off the coast of Hillsborough County, but in fewer places compared to last week.
Red tide has also been detected in Pasco County.
Over the past week, average concentrations have been reported in Pinellas County and its coast, low- and high-cost concentrations on the Hillsborough County coast, bottom-to-high concentrations in Manatee County, background-to-high concentrations in Sarasota County and its coastline, bottom-to-medium concentrations in Charlotte County, bottom-to-high concentrations in Lee County and on its coast
Respiratory irritation issues continue to be reported in Pinellas, Manatee, Sarasota, Lee and Collier counties.
Respiratory irritation problems have not been reported in northwestern Florida over the past week.
