AM in Wales is worried 'satibling to puck'
Some AM, members of the National Assembly of Wales, are confused about a proposal to change their title to MWP (Member of the Welsh Parliament - Member of Wales Parliament).
The proposal comes after plans to change the name of the National Congregation to the Wales Parliament.
AM all over the political spectrum is worried about being mocked.
An AM for Labor Said his group was worried because "it rhymes with Twp and Pwp."
For readers who don't know Welsh: Twp means dum in Welsh and pwp means poop.
An AM for Plaid said the group was generally 'dissatisfied' and has suggested other options.
A conservative Welcomer said that his group is “appropriate” for the name change, but pointed out that it was a short step from MWP to Muppet.
In this context, W is pronounced at Welesian as the letter U in English in Yorkshire.
The Assembly Commission, currently compiling legislation for the name change, said: "The final decision for what members of the assembly should be called is of course up to the members themselves."
The Government of the Wales Act in 2017 gave the Welsh Assembly the right to change its name.
In June, the Commission published the outcome of a public consultation on the proposals, which found a strong endorsement to summon the Parliament of the Assembly.
Regarding the title of AM, the Commission proposed Welsh Parliament Members (Members of the Wales Parliament) or WMP, but MWP received the greatest support in a public consultation.
AM is apparently suggesting other options, but problems reaching a consensus can cause problems for Presiding Officer Elin Jones, who is expected to file drafts for legislation about the change within a few weeks.
Legislature for the amendments also includes other changes for how the Assembly is working, including disqualification rules of an AM and the design of the comitology system.
AM is allowed to re-receive what they should be called when declining the legislation.
Macedonia conducts a referendum on changing the country's name
Voters will reconstitute if they will change the country’s name to “Normal Macedonia Republic”.
Referendum is an attempt to end a dispute that has been going on for several decades with the neighboring country of Greece, which has a province called Macedonia.
Athens has for a long time insisted that the neighbor's name represents a claim on its territory and has repeatedly protested against its attempts to become a member of the EU and NATO.
Macedonia's president Görge Ivanov opposes the referendum on the name change and has said he will disregard the outcome.
However, referendum supporters, Including Prime Minister Zoran Zaev, allege that the name change is the price they must pay to join the EU and NATO.
The bells in St. Martin’s are silenced when churches in Harlem encounter problems
"Older people I'm talking to say there was a bar and a church on every corner before," Mr. Adams said.
“Now it doesn’t exist or.”
He said it's understandable that the bars are disappearing.
“Folk socialize in other ways these days,” he said.
"Bars aren't like the area's living room anymore, where people go on a regular basis."
Regarding the churches, he is worried that the money from the sale of assets will not suffocate as far as the leaders expect and that “soon sooner or later they end up at square one again”.
He also pointed out that churches can be replaced by apartment buildings with owner-occupied apartments filled by people who do not help remaining churches.
"The vast majority of people who buy apartments in the buildings will be white," he said. "This will eventually lead to all the churches being closed, because those who move into the apartments probably won't become members of the churches."
Both churches were remanded by white assemblies before Harlem became a black metropolis – the Metropolitan Community in 1870, St. Martin’s a decade later.
The Original White Methodist Assembly Moved Out in the 1930s.
A black parish that had a church nearby took over the building.
St. Martin's was taken over by a black parish led by Reverend's John Howard Johnson, who led a boipot of stores on 125th Street, a shopping street in Harlem, who refused to employ or promote black people.
The building was severely wounded in a fire in 1939, but when Reverend Johnson's parish planned the refurbishment they also built the bell game.
Pasor David Johnson, Father Johnson's son and successor at St. Martin's, proudly called the music game "the bells of the poor."
The expert who played the bell game in July had a different name for it: “A cultural treasure” and “an irreplaceable historical instrument”.
The expert, Tiffany Ng from the University of Michigan, also pointed out that it was the world's first bell played by a black musician – Dionisio A. Lind, who progressed to the bigger bell game in Riverside Church 18 years ago.
According to Mr. Merri-weather, St. Martin's didn't reimburse him.
In recent months of events at St. Martin’s is a complicated story with architects and contractors – some hired by the church’s laymanship, others by the Episcopal Diocese.
The General Meeting – the church’s governing body consisting of laymen – wrote to the diocese in July and expressed a concern that the diocese would “trive to transfer the cost” to the General Meeting, even though the General Meeting had not been involved when the diocese enlisted architects and contractors.
Some parishioners complained a lack of transparency from the diocese.
Haj injudizes 13-year-old who dives for lobster in California
On Saturday, a shark attacked and wounded a 13-year-year-old-year-old boy shining after lobster in California on the first day of the lobster season, according to officials.
The attack took place just before seven o'clock in the morning, near Beacon's Beach in Encinitas.
Chad Hammel told KSWB-TV in San Diego that he had dived with his friends for half an hour on Saturday morning when he heard the boy call for help and paddled there with a group of others to pull him out of the water.
According to Hammel, at first he thought the boy was just happy to have found a lobster, but then he realized the boy was screaming: “I’ve been bitten!”
'I've been bitten!'
When Hammel came up to the boy, he noticed that the entire collarbone had been ripped up.
“I shouted to everyone to get out of the water. ‘It’s a shark in the water!
The boy was flown to Rady Children's Hospital in San Diego and his condition stated to be critical.
It's not clear what a shaver it was.
Seatguard captain Larry Giles told the mass media that a haj had seen in the area a few weeks earlier, but it had been established that it wasn't a Dangerous Shaver.
Giles even said that the victim suffered trauma damage to his upper torso.
Accommodation to the beach from Ponto Beach in Casablad to Swami’s in Ecinitas was blocked for 48 hours for investigative and security reasons.
Giles mentioned that there are over 135 shark species in the area, but that most are not considered to be dangerous.
Sainsbury's embark on Britain's Beauty Market
Sainsbury's takes on Boots, Superdrug and Debenhams with department store-like beauty gaits with beauty specialists.
As part of a substantial push into Britain's £2.8 billion beauty market, continuing to grow even though the fashion and household market is falling, the major beauty passages will be tested in the 11-seater country over and implemented in more stores next year if successful.
The investment in the beauty market is part of supermarket attempts to fill the shepherds before been raised by TVs, microwave ovens and household products.
Sainsbury's said they intend to doubling their beauty range to up to 3,000 products, including brands such as Revlon, Essie, Tweezerman and Dr. PawPaw for the first time.
Extensive range from L'Oreal, Maybelline and Burt's Bees will also get more space with marked areas, such as in stores such as Boots.
The store chain is also relaunching its boutique makeup brand so that most of the products are vegan – which more and more young customers require.
In addition, perfume retailer Fragrance Shop will test stall in two Sainsbury's stores - the first estate opened in Croydon in south of London last week and the second opens in Selly Oak in Birmingham later this year.
Shopping online and the trend of buying smaller amounts of food every day in local stores means quick purchases have to do more to entice customers.
Mike Coupe, CEO of Sainsbury's, has said that their stores will look increasingly like department stores in an effort to battle cheap stores like Aldi and Lidl with more services and products other than food.
Sainsbury’s has Argos stalls in hundreds of stores and has also acquired a number of Habitat stalls since they bought both chains two years ago, which according to them has increased food sales and made acquisitions more profitable.
The supermarket's previous attempts to give the beauty and pharmacy wards a facelift was unsuccessful.
Sainsbury's tested a collaboration with Boots in the early 2000's, but the co-operation was terminated after a dispute over how the proceeds from Boot's sales in supermarkets would be distributed.
After Sainsbury’s sales of 281 stores to Celesio, the new strategy comes after Sainsbury’s 8-storey’s casino, the new strategy comes after Sainsbury’s sales of 281 stores to Celesio, which owns the Lloyds Pharmaceutical Chain, SEK 125 million three years ago.
They allege that Lloyds would play a role in the plan by adding an expanded range of luxury skincare products, including brands such as La Roche-Posay and Vichy, in four stores.
Paul Mills-Hick, Sainsbury's commercial manager, said: "We've given our beauty paths a new look and a new feel to improve the environment for our customers.
We have also invested in specially trained collaborators who can advise customers.
Our range of brands has been designed to meet all the needs, and with an appealing environment in agile places, we are now an enticing beauty destination that challenges the old way of shopping.”
Peter Jones 'raisking' after Holly Willoughby withdraws from deal of £11million
Dragons Den star Peter Jones is "ravelling" that TV presenter Holly Willoughby is pulling from a £11-million-in-law deal with his lifestyle brand to focus on his new contracts with Marks & Spencer and ITV.
Willoughby doesn't have time with their brand Truly, with casual wear and accessories.
Their business has been compared to Gwyneth Paltrow's brand Goop.
This Morning presenter, 37, Announced His Decision on Instagram.
Holly Willoughby has made Dragon's Den-Star Peter Jones furious by withdrawing from their lucrative last-century lifestyle brand - to focus on his new agreements with Marks & Spencer and ITV.
According to sources, Jones “raised” at a tense meeting at his business empire's headquarters in Marlow, Buckinghamshire last Tuesday when the TV favourite admitted that her new agreement - worth up to £1.5 million - meant she no longer had time to focus on their brand Truly, with casual wear and accessories.
The business has been coupled with Gwyneth Paltrow's brand Goop and was expected to double Willoughby's estimated fortune of £11million.
When Willoughby, 37, announced leaving Truly on Instagram, Jones flew to one of her holiday homes.
"Truly was clearly Holly's top priority.
That would be her long-term future for the next few decades.
Her decision to shy out shocked everyone who was involved.
'No one could't believe it happened last Tuesday, so close to the launch.
“There’s a warehouse full of goods ready to be sold at the headquarters in Marlow.”
Experts believe that This Morning presenter's decision to withdraw can cost the company several millions due to significant investments in everything from pillows and lights to clothing as well as the risk of further delays in the launch.
And it could mean the end of a long friendship.
Three-grandmother Willoughby and her husband Dan Baldwin have been close friends with Jones and his wife Tara Capp for ten years.
Willoughby started Truly with Capp in 2016 and Jones, 52, took the role of chairman in March.
Pairs vacation together and Jones own 40% of Baldwin's TV production companies.
Willoughby will become a brand ambassador for M&S and will reimburse Ant McPartlin to host “I’m a Celebrity” on ITV.
"A fountain near Jones said last night: 'We won't comment on his business.'
Tough talk “and so we fell in love”
He was jogging that the media would criticize him for a remark that some would consider "uncomprehensible a president" and because he was so positive about North Korea's leaders.
Why has President Trump given up so much?
Trump Said in a 'news anchor voice':
“I didn’t give anything up.”
'He said Kim wants a second meeting after Trump hailed their first meeting in Singapore in June as a major step for North Korea's nuclear disarmament.
Negotiations on nuclear disarmament have been stuck.
More than three months after meeting in Singapore in June, North Korea's top diplomat Ri Yong Ho told the leaders of the U.N. General Assembly on Saturday that North Korea does not see an "equivalent response" from the United States after North Korea's first disarmament steps.
He noted that the U.S. instead continues sanctions that are destinied to maintain the pressure.
Trump was much more optimistic in his speech to his supporters.
"It's going well with North Korea," he said.
“We were about to war with North Korea.
Millions of people would have died.
“Now we have a great relationship.”
"He said his attempts to improve the relationship with Kim have had positive results -- an end to rocket tests, liberated hostages and returned remnants of U.S Soldiers.
And he defended his different way of talking about the relationship with Kim.
"It's so easy to behave like a president, but instead of having 10 000 people trying to get into this jam-packed arena, we'd have around 200 people here," Trump said, pointing to the audience in front of him.
Tsunami and quake devastate island in Indonesia, hundreds die
After the quake on Lombok, for example, foreign non-government organizations were told they weren't needed.
Although more than 10 percent of Lombok's population had lost their homes, it was not declared a state of emergency, which is required for international assistance.
“Unfortunately, in many cases, they’ve been very clear that they don’t ask for international help, which complicates the whole thing,” says Ms Subbung.
Save the children gathers a team to go to Palu, but it's not yet clear if foreign staff can work there.
Mr Sutopo's spokeswoman, said Indonesian officials evaluated the situation in Palu to determine whether international organizations should be allowed to take part in aid efforts.
In view of Indonesia's constant quake, the country remains deplorably unpreconceived by the wrath of nature.
Semocratosis has been built in Aceh, but they are rare on other coastlines.
Absence of a tsunami warning sieve in Palu, even though a warning had been issued, presumably contributed to the loss of life.
Even under perfect conditions, it's a challenge to travel between Indonesia's many islands.
Natural Disasters complicate logistics further.
A hospital ship that has been rooted in Lombok to treat earthquake casualties is on its way to Palu, but it takes at least three days to reach the new catastrophe.
President Joko Widofo focused on promises to improve Indonesia's worn-out infrastructure in its election campaign and has spent large sums on roads and train tracks.
But flawed funding has plagued Mr Joko's administration for next year's elections.
Mr. Joko is also pressured by Continuing seclining sectarian tensions in Indonesia, where the Muslim majority has adopted a more conservative form of faith.
Over 1,000 people were smiled and tens of thousands lost their homes when Christian and Muslim gangs fought the streets with machetes, bows and other primitive weapons.
Liverpool's Daniel Sturridge chimeed at the last-minute against Chelsea
Daniel Sturridge rescued Liverpool from a Premier League-loss against Chelsea with a goal in the 89th minute at Stamford Bridge in London last Saturday.
Sturridge got a passport from Xherdan Shaqiri around 30 yards from Chelsea's goal when his team lay behind 1-0.
He transferred the ball to the left and scooped a kick against the away pole.
The experiment flew high above the target area towards the upper-right corner of the net.
The ball finally fell over Kepa Arrizabalaga's hope and ended up in the net.
"I was just trying to end up in a position to access the ball and players like Shaq are always playing forward as much as possible, so I was just trying to give myself as much time as possible," Sturridge told LiverpoolFC.com.
"I saw Kante approaching and didn't think too much about it but was just kicking."
Chelsea led 1-0 after the first-half after a goal in the 25th-century from Belgian star Eden Hazard.
The blue striker saluted a pass back to Mateo Kovacic, sprawled by close midfield and sprinted to Liverpool's side.
Kovacic did a quick give-and-go at the mid-field.
Then he got a sovereign kick that brought Hazard into the target area.
Hazard ran out of the defense and got the ball in the net at the far-moving pole with a left-footed kick past Liverpool's Alisson Becker.
Liverpool are battling Napoli in group stage of the Champions League at Stadio San Paolo in Naples, Italy at 15 p.m
Chelsea face VIdeoton in the Uefa Europa League in London at 15 p.m. on Thursday.
Death toll for tsunami in Indonesia rises to 832
The death toll for the earthquake and tsunami in Indonesia has risen to 832, according to the country's emergency agency early Sunday.
A lot of people were reported to have got caught up in the rubble of buildings raging in the 7.5 earthquake that struck last Friday and triggered waves of up to six feet, agency spokesman Sutopo Purwo Nugroho said at a news conference.
The city of Palu, with over 380 000 inhabitants, was full of debris from buildings raged.
Police apprehend man, 32, on suspicion of homicide after woman being stabbed to death
A homicide investigation has been started after a woman's corpse was found in Birkenhead, Merseyside this morning.
The 44-year-old was found at 7:55 p.m
Police have prayed people in the area who saw or heard something to come forward.
Detective Inspector Brian O'Hagan Said: 'We're at an early stage of the investigation, but I'm asking anyone near John Street in Birkenhead and saw or heard something suspicious to contact us.
I also ask everyone, especially taxi drivers, who may have filmed something with a car camera to contact us because they may have information that is crucial to our investigation.”
A police spokeswoman has confirmed that the woman who was found lives in Birkenhead and that the body was found inside a real estate.
In the afternoon, friends who think they know the woman have arrived at the place to ask where she was found this morning.
Investigation is ongoing and the police notify the victim's closest relative.
A taxi driver who lives in Grayson Mews has just tried to get into their apartment, but the police said no one is allowed to enter or get out of the building.
He became speechless when he found out what had happened.
The occupants in the building have been informed that it takes several hours before they are allowed to enter again.
"Authentician told a man the entire area is being treated like a crime scene.
A cryusing woman appeared on the scene.
“It’s so horrible” over and over again.
At 14:00 there were two police cars inside the cordon and another just outside.
A number of police assistants stood inside the cordon with an overview of the apartment building.
Persons with information asked to send a DM to @MerPolCC, call 101 or contact Crimestoppers anonymously at 0800 555 111 and enter log 247 from 30 September.
Parliament's statue of Cromwell latest victim of quarrel on rewrite of history
An exhilaration would be poetic justice for his Taliban-like destruction of so many of England's cultural and religious artifacts performed by his fanatical Puritan followers.
But the Cromwell Society summoned Mr. Crick's proposal "decembership" and "attempt to rewrite history."
John Goldsmith, chairman of the Cromwell Societal Society, said: "It was inevitable the statue of Oliver Cromwell outside Westminster's Palace would be dragged into the ongoing debate about removing statues."
Ikonoclasm during the English Civil Wars was neither ordered nor carried out by Cromwell.
Wrong Cromwell might be sacrificing because his ancestor Thomas scored 100 years earlier.
Sir William Hamo Thorneycroft's Magnificent Representation of Cromwell Shows 19th-Celeton's Opinion of the 19th-century and is part of the historiography of a man whom many believe should still hail.
Mr. Goldsmith told The Sunday Telegraph: “Many, perhaps more in the late 19th-century than now, believes Cromwell was defending parliament against outside pressure, in his case from the monarchy.
Whether this is a correct representation is the subject of an ongoing historical debate.
But the conflict during the mid 1600's has undoubtedly affected our nation's development, and Cromwell is a well-renowned person who represents one side of the matter.
His accomplishments such as Lord Protector also deserve to be praised and commemorated.
Martering pig kills farmer
A farmer was attacked and killed by a pig on a market in southwest China, according to local media reports.
The man, who is only identified with his surname Yuan, was found dead with an effervescent artery and covered in blood in a stia market in Liupanshui in the province of Guizhou, the South China Morning Post reported last Sunday.
A pig breeder is getting ready to inject vaccines into pigs in a swedish thief on May 30, 2005 in Xining in the province of Qinghai, China.
He's reported to have been traveling with his cousin from neighbouring province of Yunnan last Wednesday to sell 15 pigs on the market.
The next morning, the cousin found him dead and discovered that the door of a pigsty nearby was open.
'He said there was a big pig's male in the swine with blood on his mouth.
A forensic investigation confirmed that the 250 kilograms of heavy-duty pigs had killed the farmer, according to the report.
"My cousin's legs were bloodied and twisted," the cousin identified with the surname Wu told the Guiyang Evening News.
A surveillance camera filmed Yuan when he came into the market to feed his pigs at 4:40 a.m.
His body was found an hour later.
The porch that killed the farmer didn't belong to Yuan or his cousin.
"A marketing manager told Evening News that the pig had been locked in to avoid more attacks while the police collected evidence at the scene.
Yuan's family and those responsible for the market are reported negotiating compensation for his death.
It's rare for pigs to attack people, but it's happened before.
In 2016, a pig attacked a woman and her husband on their farm in Massachusetts and gave the man serious injuries.
Twenty-year-larY, a £300-pocket pork of a farmer in Wales pressed a Trace until his wife frightened it away.
When a farmer in Oregon got eaten by his pigs in 2012, a farmer in Manitoba told CBC News that pigs aren't normally aggressive, but the taste of blood can serve as a "catalyst."
“They’re just playful.
They're nubbing and they're very curious. They don't want to hurt anyone.
“You just have to show them respect,” he said.
Remnants of Hurricane Pink for Vast Severe Rain to the Southwest
As foreseen, hurricane Rosa becomes weaker as it travels over cooler waters on the northern coast of Mexico.
But Rosa will bring flood-sweeping rain to northern Mexico and the south-western United States in the next few days.
Rosa had a brigade force of up to 135 km/h, category 1 o'clock five o'c EST last Sunday and was 620 km south-west of Punta Eugenia, Mexico.
Rosa is expected to travel north on Sunday.
In the meantime, a trough begins to form over the Pacific Ocean and travels east toward the western coast of the United States. When Rosa approaches the Baja California peninsula as a tropical storm on Monday, it will force deep tropical moisture north into the southwestern United States.
Rosa will bring up to 25 cm of rain in some parts of Mexico on Monday.
Then tropical moisture that interacts with the crumbling vertebrae will create vast heavy rain in the southwestern United States in the coming days.
Premence, 2.5–10 cm of rain will cause dangerous flooding, mud flows and possibly landslides in the desert.
Depth tropical moisturizer will lead to 5-7,5 cm of rain per hour in some places, especially in parts of southern Nevada and Arizona.
Approximately 5–10 cm of rain is expected in some places in the southwestern United States, especially in large parts of Arizona.
Sudden torrencies are possible with rapidly deteriorating conditions due to the scattered tropical precipitation.
It is absolutely not recommended that anyone go out into the desert on foot when tropical rain is expected.
Severe rain can make canyons into raviving rivers and thunderstorms lead to strong local winds blowing around sand.
The circulating trough brought some locally heavy rain to parts of the Southern California coastline.
It is possible with a total of over one cm of rain, which can lead to mud flows and slippery roads.
It would be the first rain in the area during the rainy season.
Some dispersed tropical rain showers will be approaching Arizona late Sunday and early on Monday, before the rain becomes more stretched later on Monday and Tuesday.
Significant rain will spread to the Four Corner on Tuesday and continue during Wednesday.
Oktobs could mean intense temperature changes throughout the United States, when the Arctic is cooled down but the tropics remain warm.
Sometimes this leads to dramatic temperature changes at short distances.
There's a good example of dramatic temperature disparities in downtown the United States on Sunday.
There's nearly a ten-degree difference between Kansas City in Missouri and Omaha in Nebraska, and between St. Louis and Des Moines in Iowa.
In the next few days, the remaining summer heat will try to spread again.
Vast parts of the central and eastern United States are expected to get a warm start on October with around 30 degrees from the Great Plains to parts of the northeastern United States.
New York could get 27 degrees on Tuesday, which would be around five degrees above average.
Our long-term climate prognosis indicates a great chance for warmer temperatures than the average in the Eastern United States in the first half of October.
Over $20 million watched Brett Kavanaugh interrogation
Over $20 million watched Thursday's poignant testimony from Brett Kavanaugh, nominees for the Supreme Court and Christine Blasey Ford, who accused him of sexual assault that allegedly took place in the 1980s, on six television networks.
In the meantime, the political impotence continued and the normal transmission was suspended for Friday's last-minute twist -- Arizona Senator Jeff Flake's agreement with the FBI where they were given a week to investigate accusation.
Ford told the Senate Judiciary's Committee that she's absolutely certain Kavanaugh groped her when he was drunk trying to take off her clothes at a high school party.
Kavanaugh gave a passionate testimonial and said he's quite sure it didn't happen.
It is probable that the number of viewers last Friday was higher than the 20.4 million quoted by Nielsen.
They counted the average number of viewers at CBS, ABC, NBC, CNN; Fox News Channel and MSNBC.
The number of viewers wasn't immediately available for other TV networks that showed the interrogation, including PBS, C-SPAN and Fox Business Network.
And Nielsen often has trouble counting people looking from offices.
Comparative-to-comparative, it's as many viewers as for a football match in the playoffs or the Oscars.
The Fox News Channel, whose presenters have shown strong support for Kavanaugh's nominee, had most viewers with an average of $5.69 million during the day-long interrogation, according to Nielsen.
ABC had the second-of-the-severe with 3.26 million viewers.
CBS had $3.1 million, NBC had 2.94 million, MSNBC had 2.89 million and CNN had 2,52 million, according to Nielsen.
Interest remained high after the interrogation.
Flake was in focus during Friday's drama.
"Following the Republican's office issued a statement stating that he would vote for Kavanaugh, CNN and CBS filmed protesters shouting at him as he tried to take an elevator for an interrogation with the Judiciary's Coordination on Friday morning.
He looked down on the floor for several minutes while the demonstrators were screaming at him, as shown in live broadcast by CNN.
“I’m right in front of you,” a woman said.
“Do you think he’ll tell the country the truth?”
They also said: “You have the power when so many women are powerless.”
Flake Said his office had issued a statement and before the elevator doors were closed said he would have more to say after interrogation with the committee.
The TV networks broadcast live several hours later when Judiciary The Committee voted if they were to forward Kavanaugh's nominee to a poll with the entire Senate.
But Flake Said that he only intended to do so if the FBI would investigate the allegations against the nominee in the coming week, which the Minority democrats have demanded.
Flake became partially convinced by his friend, Democratic Senator Chris Coons.
After talking to Coons and several Senators afterwards, Flake made his decision.
Flake's decision had a big impact, as it was clear that Republicans wouldn't have enough votes to approve Kavanaugh without the Inquiry.
President-in-Term has launched an FBI investigation into the allegations against Kavanaugh.
British Prime Minister May accuses Critics of 'political Games' Around Brexit
Prime Minister Theresa May has blamed critics of her plans to leave the European Union for "political spawnings" about Britain's future and undermining the nation's interest in an interview with the Sunday Times newspaper.
UK Prime Minister Theresa May arrives at the Conservative Party Conference in Birmingham, UK 29 September 2018.
In another interview next to her on the front of the paper, her former Foreign Minister Boris Johnson continued her attack on her so-called Chequers plan for Brexit and said the proposal for the UK and the EU to collect each other's customs duties was "completely unreasonable."
Steave by Wayde Sims: Police Arrest Dyteon Simpson for LSU Player's Death
Prosecuted a suspicion of the fatal shooting by Wayde Sim, a 20-year-old basketball player at LSU.
Dyteon Simpson, 20, has been detained and desecrated in custody for homicide, said police in Baton Rouge.
"The authorities released a video of the confrontation between Sims and Simpson and the police said Sims dropped his glasses in the fight.
Police found the spectacles at the scene and found Simpson's DNA on them, according to CBS subsidiary WAFB.
After interrogation with Simpson, the police said he confessed that he was gunning to death Wayde.
His bail was declared at $350 000, according to Advocate.
The judiciary in East Baton Rouge Parish released a preliminary report last Friday, according to which the cause of death was a gunshot wound to the head and into the neck.
Police thank Louisiana State Police's furnishing operation force, the police's state legal lab, Southern University's police and residents in the area for help with the investigation that led to the arrest.
LSU athletic director Joe Alleva thanked the local police for their "liquity and pursuit of justice."
Sims was 20 years old.
The 1.98-metre-long-fridge grew up in Baton Rouge, where his dad Wayne also played basketball for LSU.
He had an average of 5.6 points and 2.6 rebounds per game last season.
On Friday morning, LSU's basketball tracker Will Wade said the team was "devastated" and "shocked" by Wayde's death.
“You’re worried about things like this all the time,” Wade said.
Vulkan vomits ashes over Mexico City
Aska from the Popocatépetl volcano has reached the southern part of Mexico's capital.
The National Center for Disaster Prevention warned on Saturday mexians to stay away from the volcano after activity had been detected in the crater and the recorded 183 emissions of throttle and ashes over the course of 24 hours.
The center discovered several mulls and quakes.
Pictures on social media showed thin layers of ashes on windshields in areas of Mexico City, such as Xochimilco.
Geophysicists have noticed increased activity in the volcano that stands 72 km south-east of the capital since an evocation of 7.1 affected central Mexico in September 2017.
Vulcan called Don Goyo has been active since 1994.
Police clash with Catalan separatists ahead of annual independence vote
Six people were arrested in Barcelona on Saturday after independence protesters clashed with riot police at the same same time as thousands of people took part in railent demonstrations to mark the first anniversary of Catalonia's polarising vote on secession.
A group of masked separatists held back by riot police threw eggs and paint powder on them, which led to dark dust clouds on the streets that are usually full of tourists.
Moments also erupted later in the day and police officers used their batons to stop them.
For several hours the independence groups shouted “never forget, never forgive” while the unionists shouted “long-live Spain.”
14 people were treated for minor injuries caused by the protests, according to local press.
The mood remains tense in the region longing for independence a year after the referendum on the first of October which was considered illegal by Madrid but hailed by Catalan separatists.
An overwhelming majority voted in favor of independence, but participation was low when most of those against the secession boycotted the vote.
According to Catalan authorities, nearly 1,000 people were injured in violent clashes last year when the police tried to stop the vote at polling stations in the region.
Independence groups camped during the night on Friday to prevent a demonstration in support of the national police.
Demonstration took place anyway, but was forced to take a different route.
Electrician Narcis Termes, 68, took part in separatists' protest with his wife and said he no longer believes Catalonia will become independent.
“Yesterday we experienced one of our best moments.
'I saw my parents weeping with joy at being able to vote, but now we've been screwed up," he said.
In spite of a decisive but marginal profit in regional elections in December, Catalan parties that are for independence have had a hard time keeping the impetus up this year, when many of their most well-known leaders live in self-imposed exile or are in custody in anticipation of trial about their role in organizing the referendum and the ensuing Declaration of Independence.
Joan Puig, a 42-year-old mechanic who recorded the protest in support of the police on her cell phone, said the conflict had been halved on by politicians on both sides.
“It’s getting tense,” he said.
On Saturday, Oriol Junqueras, one of nine Catalan leaders who have been detained since the end of last year, announced that he intends to run in the European Parliament elections next year.
“Breaking to the European Parliament is the best way to denounce the reversal of democratic values and subjudgment we’ve experienced from the Spanish government,” he said.
Londonderry: Men apprehensive after driving into houses
Three men – 33, 34 and 39 – have been detained after a car was driven into a house in Londonderry several times.
Incident took place in Ballynagard Crescent, around 19:30 BST last Thursday.
Detective Inspector Bob Blemmmings Said the gates and the building themselves were damaged.
An elbrush may also have been fired at the car.
Menga gives Livingston 1-0 against Rangers
Dolly Menga's First Goal for Livingston Calculated Profit
Livingston Shocated Rangers and Convicted Steven Gerrard to His Second WORK Loss in 18 Matches as Manager of the Ibrox Club.
Dolly Menga's strike turned out to be the difference when Gary Holt's side was split second with Hibernian.
Gerrard's side still hasn't received an away win in the Premiership this season and faces Hearts, with eight points more, next Sunday.
Before then, Rangers welcome Rapid Vienna in the Europa League on Thursday.
Livingston extends his winning distance to six games – head coach Holt still hasn't experienced a loss since replacing Kenny Miler last month.
Livingston missing chances against cross-stuary visitors
Holt's teams should've taken the lead long before scoring; their ralligede gave Rangers all sorts of problems.
Scott Robinson broke through but dragged his performance across the goal, and then Alan Lithgow was only able to shoot wide after slipping in to measure Craig Halkett's nick across the target.
The home team contented themselves with allowing Rangers to play in front of them, when they knew they could attack in definite games.
And that's how the crucial goal was scored.
Rangers handed up a free-spark and Livingston exploited an opening. Declan Gallagher and Robinson teamed to give Menga a chance, scoring goals from the center of the target area.
In that situation, Rangers had dominished the ball, but the domestic team's defence was impenetrable and goaltender Liam Kelly was largely left in peace.
The same treasury continued in the second half, but Alfredo Morelos forced a rescue from Kelly.
Scott Pittman was denied by Rangers goalkeeper Allan McGregor's feet and Lithgow shot broadly from another of Livingston's determined games.
Junctuaries constantly came into Livingston's target area and were handled without any problems. Two punitive demands - after Halkett's challenge by exchanger Glenn Middleton and one by hand - were dismissed.
“Fenomenal” from Livingston – Analysis
BBC Scotlands Alasdair Lamont at Tony Macaroni Arena
Phenomenal display and results for Livingston.
Every single one was outstanding and continues to exceed expectations on the way up.
Their style of play and staff have barely changed since they returned to the upper-level, but Holt deserves the honor to have galvanized the team since their arrival.
He had so many heroes.
Captain Halkett was outstanding and led a skilfully organized defense, and Menga held Connor Goldson and Joe Worrall on full range right through.
But Rangers didn't take inspiration.
They've had their moments during Gerrard, but they didn't live up to the standards.
Their last ball didn't measure up - they only opened the home side once - and it's something of an alcove for Rangers, located in the middle.
Erdogan gets a mixed welcome in Cologne
The Saturday offered smiles and blue skies (29 September) when Turkey's and Germany's leaders ate breakfast together in Berlin.
It's the last-fashioned-day of President Erdogan's Controversial visit to Germany - who will repair the relationship between the NATO allies.
They have disagreed over human rights, freedom of the press and Turkey's entry into the EU.
Erdogan then went to Cologne to re-emerge a huge new mosque.
The city has the world's largest Turkish population outside Turkey.
The police claimed they prevented 25,000 spectators from colluding outside the mosque for security reasons, but many supporters rallied nearby to see their president.
Hundreds of anti-Erdogan-demonstrators - many of them Kurdish – also made their voices heard and condemned both Erdogan's policies and the German government's decision to welcome him to Germany.
The duel-spiriting protests show the divided views of a visitor who is considered a hero of certain German Turks and is condemned as a autobircher by others.
Deptford Road Accident: Cyclist Dies in Crash by Car
A cyclist has died in a collision with a car in London.
Krocken took place near the intersection of Bestwood Street and Evelyn Street, a well-trafficienated route in Deptford in south-facing south-of-the-aryoung London.
The driver stopped the car and paramedics were summoned there, but the man died at the scene.
Krocken takes place a few months after another cyclist died in a contagion accident on Childers Street, around 1.5 km from the clash last Saturday.
The Metropolitan Police said they are trying to identify the man and notify his next of kin.
Roads have been cordoned off and buses have been diverted and car drivers are asked to avoid the area.
Long Lartin Prison: Six guards injured in tumult
Six Prison guards have been wounded in unsuperviities at a high-security prison for men, according to Prison Office.
Anxieties erupted at HMP Long Lartin i Worcestershire around 9:30 a.m. BST last Sunday.
Specialized "tornado guards" have been summoned there to deal with unhistory, involving eight detainees on a grand piano.
The guards were treated on the spot for minor inconvenience to the face.
A Prison Service spokeswoman said: “Especially-educated Prison staff have been sent there to deal with the ongoing incident at HMP Long Lartin.
Six staff members have been treated for injuries.
We do not contend violence in our imprisonments and are clear that those who are behind this will be attributed to the police and can receive extended prison sentences.”
HMP Long Lartin accommodates over 500 detainees, including some of the country's most dangerous offenders.
In June, it was reported that the prison's director was treated in hospital after being attacked by a prisoner.
And in October last year, riot police were summoned to the prison to deal with serious unrest where staff were attacked with billiard balls.
Hurricane Pink Threatens Phoenix, Las Vegas, Salt Lake City with Flood (Courzeals with Drought Could Benefit)
It's rare for tropical low-pressure to reach Arizona, but that's exactly what's most likely to happen at the beginning of next week when Hurricane Rosa's remaining energy pulls forward across the desert in the southwestern United States, at the risk of sudden flooding.
The National Weather Service has already issued warnings for sudden floods for Monday and Tuesday in western Arizona and into southern and eastern Nevada, south-eastern California and Utah, Including cities of Phoenix, Flagstaff, Las Vegas and Salt Lake City.
Rosa is expected to travel directly over the Phoenix on Tuesday, bringing rain late Monday.
The National Weather Service in the Phoenix said in a tweet that only “ten tropical cyclones have maintained the status of a tropical storm or low-pressure within 320 km from Phoenix since 1950!
Katrina (1967) was a hurricane within 65 km of the Arizona border.
National Hurricane Center's latest models predict 5–10 cm of rain, with insulated amounts of up to 15 cm in Mogollon Rim in Arizona.
Other parts of the desert in the south-western United States, Inc Including Central Rocky Mountains and Great Basin, probably get 2.5–5 cm of rain at the risk of up to 10 cm.
In areas without the risk of sudden flooding, Rosa's rain can be a boon, as the region is affected by drought.
Consumptiliations are very severe, but part of the rain will probably be beneficial because the southwestern U.S. suffers from drought.
According to the U.S. Drought Monitor, just over 40 per cent of Arizona suffer from at least extreme drought, the second-to-the-highest category, weather.com reported.
Hurricane Rosa will first travel across the Baja California peninsula in Mexico.
Rosa, still with hurricane strength last Sunday morning with maximum wind strength of 135 km/h, is 620 km south of Punta Eugenia in Mexico and traveling north for 20 km/h.
The storm resociated with cooler waters in the Pacific Ocean, which calms it down.
It is therefore expected to reach Mexico's landmass as a tropical storm on the Monday afternoon or evening.
Parts of Mexico could get heavy rain, posing a considerable risk of flooding.
“Overall 7.5–15 cm of rain is expected from Baja California to the north-west Sonora, with a risk of up to 25 cm,” reported weather.com.
Rosa will then travel north over Mexico as a tropical storm and reach the Arizona border early Tuesday morning as a tropical low-cost, which will then travel through Arizona and into southern Utah's late Tuesday night.
"The biggest danger from Rosa and its remaining energy is very heavy rain in Baja California, the northwestern Sonora and the desert in the southwestern United States," National Hurricane Center said. - National Hurricane Center.
The rain is expected to lead to life-threatening sudden overflows and mucous flows in the desert, as well as landslides in mountainous terrain.
Attack in Midsomer Norton: Four Arranged for Attempted Arguments
Three boys in their teens and a 20-year-old man have been arrested on suspicion of attempted murder after a 16-year-old was found with knife wounds in Somerset.
The teenage boy was found injured in Excelsior Terrace in Midsomer Norton area, around 4 p.m. BST last Saturday.
He was taken to the hospital and the situation is reported to be 'sleat.'
"A 17-year-year-old, two 18-year-old-year-old and a 20-year-year-great-great-great-great-great-great-great-great-great-great-great-great-great-great-
The police are asking anyone who may have filmed what happened to the cell phone to come forward.
Trump says Kavanaugh 'study, the meanness, the anger' from the Democratic Party
"A vote for referee Kavanaugh is a vote in rejecting the ruthlessness and outrageous tacticians of the Democratic Party," Trump said in Wheeling, West Virginia.
Trump Said Kavanaugh had "suffered with meanness, the anger" from the Democratic Party throughout the nomination process.
Kavanaugh testified before the congress last Thursday and severely denied Christine Blasey Ford accusation that he sexually assaulted her several decades earlier when they were teenagers.
Ford also testimonized before the congress about its accusation.
The president said on Saturday that "the American people saw the brilliant and the quality and courage" at Kavanaugh that day.
"A voice to reaffirm Judge Kavanaugh is a voice to reaffirm one of the most proficient legal minds of our time, a lawyer with a first-class history of serving the public," he told his supporters in the West Virginia audience.
"The president referred indirectly to Kavanaugh's nominee when he talked about the importance of Republicans voting in the upcoming midterm elections.
“We are five weeks from one of the most important choices of our lives.
'I don't candidate, but I'm acting," he said.
"That's why I'm going around fighting for sovereign candidates."
Trump claimed Democrats are trying to "stand against and prevent."
The first conclusive vote in the Senate on Kavanaugh's nominee is expected to take place no later than Friday, according to information to CNN from an auxiliary to a senior republican leader.
Hundreds of deaths in earthquake and tsunami in Indonesia, the number rises
At least 384 people died, many swept away as gigantic waves crashed against the beaches, when a major earthquake and tsunami hit the Indonesian island of Sulawesi, according to authorities last Saturday.
Hundreds of people had gathered for a festival on the beach in the city of Palu last Friday when up to six-meter-high waves crashed towards the beach at dusk and swept out many to a certain death, destroying everything in their way.
Tsunami came after an earthquake of 7.5.
"When the tsunami warning came yesterday, people stopped on the beach instead of immediately running away, and they fell victim to the tsunami," Sutopo Purwo Nugroho, spokesman for Indonesia's disaster agency BNPB, said at a rally in Jakarta.
"Tsunamin was not alone but dragged cars, boulders and houses. It affected everything in its way," Nugroho said. He also said that the tsunami had travelled on the open sea for up to 800 km/h before the affected coastline.
"Some climbed trees to get away from the tsunami and survived," he said.
Approximately 16,700 people evacuated to 24 establishments in Palu.
Aerie photos released by the disaster agency show that many buildings and shops are devastated, bridges are distorted and have collapsitated and a mosque is surrounded by water.
After casseroles still hit the coastal city on Saturday.
The line of earthquakes was felt in an area with a population of 2.4-million.
Indonesia's Agency for the Exploration and Exploitation of Technique BPPT Said in a Statement The amount of Energy Released in the Huge Earthquake last Friday was 200 times the atomic bomb dropped on Hiroshima in World War II.
The city lies at the end of a long, narrow bay, which may have made the tsunami greater, according to the agency.
Nugroho deprived the delinquation as "comprehensive" and said thousands of houses, hospitals, shopping centers and hotels have collapsed.
"Debt victims were found under the rubbish of collapsed buildings," he said, and 540 people were wounded and 29 are missing.
Nugroho Said The Victims and Injuries Could Be Even Worse along the coastline of 300 km north of Palu, an area called Donggala, which is closer to the epicenter of the quake.
The communication from Donggala “was completely paralyzed without any information,” Nugroho said.
"Over 300 000 people live there," the Red Cross said in a statement, and its staff and volunteers are on their way to the affected areas.
"It's already a tragedy, but it could get a lot worse," they said.
The bureau was criticised last Saturday for not reminiscising that the tsunami had struck Palu, but the authorities said the waves had surfaced within the time the warning was issued.
In an amateur video shared on social media, a man upstairs is heard in a building screaking frenetic warnings about the tsunami to people on the street below.
Within a few minutes, a wall of water crashes towards the beach and sweeps away buildings and cars.
Reuters couldn't immediately authenticate the video.
The earthquake and tsunami led to an extensive power outburst that interspersed around Palu, which complicated the rescue work for the authorities.
The military has started sending cargo flights with help from Jakarta and other cities, according to the authorities, but evacuated people are still in dire need of food and other necessities.
The city's airport has been reopened for the relief work and remains closed for other traffic until October.
President Joko Widodo planned to visit facilities in Palu on Sunday.
The number of deaths in the tsunami in Indonesia exceeds 800.
- It's very bad.
Co-workers from World Vision in Donggala have made it to Palu where they seek refuge during tarpaulins on the farm outside the office, but they looked havoc along the way, according to Mr. Doseba.
"They said they saw a lot of ruined houses," he said.
- It's very bad.
Auxiliary groups have embarked on grievous aid efforts, but some complained that foreign aid workers with extensive expertise were barred from traveling to Palu.
Pursuant to Indonesese Regulations, funding, necessities and employees from abroad may only be used if a state of emergency is announced after a catastrophe.
This has not yet happened.
"It's still a regional catastrophe," Aulia Arriani, a spokeswoman for the Indonesian Red Cross.
"When the authorities say it's a national catastrophe we can let in international aid, but that status hasn't been announced yet."
When the second evening fell in Palu after Friday's earthquake and tsunami hoped relatives and friends of people still lacked that their loved ones would turn out to be the miracles that light up gloomy natural disasters.
On Saturday, a little boy was rescued from a sewer.
Last Sunday, the rescue workers rescued a woman who's been hooked under a rubbish for two days with her mother's body next to them.
Gendon Subandono, Indonesia's National Paragliding Team Trainer, had been practising two of the missing paragliders ahead of the Asian-Clobes, concluded in Indonesia earlier this month.
Others who were stuck at the Roa Roa Hotel, Including Mr. Mandadi, were his students.
"As a paragliding veteran I have my own emotional burden," he said.
Mr. Gendon relaunched that hours after parachuters heard that the Roa Roa Hotel had collapsitated he desperately sent WhatsApp messages to the Palu attendees attending the beach festival.
However, his messages received only a grey goat, instead of two blue.
"I think it means the messages weren't delivered," he said.
Thieves Take $26 750 During ATM Refill at Newport on the Levee
Last Friday, thieves stole $6,750 from a Brink’s collaborator who filled an ATM at Newport on the Levee, according to a press release from the Newport police.
The car's driver had emptied an ATM in the entertainment facility and would deliver more money, Detective Dennis McCarthy said in the message.
While he was preoccupied “praying another man behind the Brink’s collaborator” and stole a bag of money to be delivered.
Witnesses saw several suspects flee the scene, according to the press release, but police did not specify how many people were involved in the incident.
Everyone who has information about the perpetrator's identity should contact the police in Newport at 859-292-3680.
Kanye West: Rapper renamed
Rapper Kanye West changes its name – to Ye.
He announced the name change on Twitter last Saturday and said: 'The creature formally known as Kanye West.'
West, 41 has been dubbed Ye for a long time and used the nickname as the title for his eighth album, which was released in June.
The nasal change comes before his participation in Saturday Night Live, where he is expected to launch his new album Yandhi.
He replaces singer Ariana Grande in the program, which canceled for "emotional reasons" according to the program's creator.
Ye is an abbreviation of West's current professional name, but he has also said that the word has a religious significance for him.
"I think 'ye' is the word that's mostly used in the Bible, and in the Bible it means 'you'," West said earlier this year when he was talking about the title of his album with radio host Big Boy.
"So I'm you, I'm us, it's us.
It went from Kanye, which means ‘the only one’, to only Ye – a reflection of our good, our evil, our bewilder, everything.
The album is like a reflection of who we are.”
He's one of a series of well-familiar who's been renamed.
Sean Combs has previously been called Puff Daddy, P. Diddy and Diddy, but this year he announced that he prefers to be called Love and Brother Love.
JAY-Z, previously collaborating with West, has previously written its name with and without hyphens and capital letters.
Mexico's AMLO vows not to use military against civilians
Mexico's recently elected President Andre's Manuel Lopez Obrador has vowed never to use the military against civilians now that the country is approaching the 50th anniversary of a fiery retrieval against students.
Lopez Obrador pledged at Tlatelolco Plaza on Saturday to "never use the military to oppress the Mexican people."
Troops fidivided weapons against a serentiful demonstration on the square the second of October 1968, killing up to 600 people during an era when left-facing student movements took root in Latin America.
Lopez Obrador has sworn to support young mechanics with monthly contributions to students and by opening more free public universities.
"He has said unemployment and poor educational opportunities are attracting young people to criminal gangs.
U.S. Should Doubt AI Financing
Now that China becomes more active in Artificial Intelligence, the U.S. should doubling the amount they spend on research in the field, according to inventor, Kai-Fu Lee, who has worked for Google, Microsoft and Apple.
The comment comes after several parts of the U.S. government have made statements about AI, even though the U.S. doesn't have an overarching formal AI strategy.
China unveiled its plan last year with the goal of becoming a leader in AI-innovation by 2030.
"It would be a good start to doubling the budget for AI-research, given that every other country is so far behind the United States and we are looking for the next breakthrough in AI," Lee said.
Twice-threatening a budget could double the chances of the next major AI breakthrough being made in the United States," Lee told the CNBC in an interview earlier this week.
Lee, whose book “AI Superpowers: China, Silicon Valley and the New World Order” was published earlier this month by Houghton Mifflin Harcourt, is CEO of Sinovation Ventures, who has invested in one of China’s most prominent AI companies – Face++.
At Carnegie Mellon University in the 1980s he worked on an AI system that beat the highest-ranked American Othello player, and later he sat in the leadership of Microsoft Research and was CEO of Google's China department.
Lee mentioned previous technology competitions from the U.S. government, as the Robot Challenge of the Advanced Research Projects Agency, and asked what the next one would be to identify upcoming visionaries.
"In the U.S., scientists often have to work hard to get grants from the government," Lee said.
"It's not China that's taking the academic leaders from us, but the companies," Lee said.
In recent years, Facebook, Google and other tech companies have hired leading personalities from universities to work on AI.
Lee Said New Immigration Policies Could Also Help The U.S. With the AI Innovation.
"I think green cards should be offered automatically to doctoral students within AI," he said.
The State Council of China issued its development plan for next-generation Artificial Intelligence in July 2017.
"In China, the National Natural Science Foundation provides grants to people at academic institutions like the National Science Foundation and other government organizations hand out money to researchers in the United States, but the quality of academic work is lower in China," Lee said.
Earlier this year, the U.S. Department of Defense established a Joint Artificial Intelligence Center to bring together partners from industry and academia, and the White House announced the formation of the Select Committee on Artificial Intelligence.
And earlier this month, DARPA unannounced a $2 billion investment in an initiative they call AI Next.
NSF currently invests over $100million a year in AI research.
U.S. law that would create a National Security Commission if artificial intelligence has made no progress in months.
Macedonia Referendum on Renamental Replacement
Macedonia's population voted last Sunday in a referendum on whether the country's name is to be changed to the "Recompany of the Republic of North Macedonia", which would solve a decades-old dispute with Greece that has hindered the country's attempts to join the European Union and NATO.
Greece has a province known as Macedonia, arguing that the name of its neighbor in the north constitutes a demand on its territory and has therefore prevented Macedonia from joining NATO and the EU.
The two governments concluded an agreement in June based on the proposed new name, but nationalist adversaries allegiance would undermining Macedonia's Slavic majority identity.
President Gjorge Ivanov has said that he does not intend to vote in the referenda and a boycott campaign has led to doubts as to whether 50 per per cent of the 50 per cent is required for the Referendum to be considered valid will be reached.
The question on the ballot paper in the referendum is: “Are you for membership in NATO and the EU with the approval of the agreement with Greece?”
"However, supporters, including Prime Minister Zoran Zaev, argue it's worth renaming if it causes Macedonia, one of the countries that was formed when Yugoslavia shattered, could join the EU and NATO.
"I am here to vote in favour of the future of our country, for young people in Macedonia so that they can live freely under the umbrella of the European Union, because it means a safer life for all of us," Olivera Georgyev.
Referendum is non-binding, but enough members of parliament have said that they intend to follow the outcome in order for it to be considered decisive.
The nasal change requires a majority in two-thirds of parliament.
According to the State Electoral Commission, no irregularities had been responded at 13 o'clock.
However, participation was only 16 per cent, compared with 34 per cent in the last parliamentary elections in 2016, when 66 per cent of registered voters voted.
"I vote for the sake of my children, we belong in Europe," said Gjose Tanevski, 62, who voted in the capital Skopje.
Macedonia's Prime Minister Zoran Zaev, his wife Zorica and his son Dushko vote in the referendum in Macedonia on the country's name change, which would open the way for membership in NATO and the European Union, in Strumica, Macedonia on September 30, 2018.
Outside parliament in Skopje, Vladimir Kavardarkov, 54, organized a small stage and place out chairs in front of the tents that have been set up by those boycotting the referendum.
"We're for NATO and the EU, but we want to join our heads in the air, don't sneeze through the back door," Kavardarkov said.
"We are a poor country, but we have our dignity.
If they don’t welcome us like Macedonia, we can turn to others, such as China and Russia and become part of Euro-Asian integration.”
According to Prime Minister Zaev, membership in NATO would lead to much-needed investments in Macedonia, which has an unemployment rate of over 20 per cent.
"I think the absolute majority will vote yes, because over 80 percent of our citizens are in favor of the EU and NATO," Zaev said.
He Said a “Yes” result would be a “confirmation of our future”.
According to a survey published on Monday by Macedonia's Institute for Policy Investigation, between 30 and 43 per cent of voters intended to vote in the referendum, which falls below the minimum turnout required.
According to another survey conducted by Telma TV in Macedonia, 57 per cent of participants intended to vote on Sunday.
70 per cent of them were going to vote yes.
In order for the referendum to be counted, 50 per cent of entrollees plus a vote.
If the referendum fails, it will be the first serious setback for the Western-minded government's policy since it took over in May last year.
Manchester City's Sergio Aguero steps through all of Brighton's defense to scave goals
Sergio Aguero and Raheem Sterling beat Brighton's proposal at Manchester City's €2-0 at the Etihad Stadium in Manchester, England last Saturday.
Aguero made it look ridiculously simple when he scored in the 65th minute.
The Argentine striker got a passport from the midfield at the beginning of the sequence.
He ran between Brighton's three defenders and embarked on the open-plan.
Aguero was surrounded by four green sweaters.
He made his way around a defender and ran from several others at the edge of Brighton's target area.
Then he pushed a pass to Sterling on the left.
The English forward used his first kick in the goal area to give the ball back to Aguero, who used the right foot to beat Brighton's goalkeeper Mathew Ryan with a shot in the right-hand side of the net.
"Aguero has problems with her feet," City manager Pep Guardiola told journalists.
"We talked about him playing for 55-60 minutes.
That's what happened.
We'd be glad he scored in that moment.'
"But it was Sterling who gave the Sky Blues the inauguration take over in the Premier League fight.
The goal came in the 29th minute.
Aguero got the ball deep inside Brighton's territory on that game.
He sent off a nice kick along the left side to Leroy Sane.
Sane grabbed a couple of kicks and led Sterling to the away pole.
The Sky Blues forward kicked the ball into the mesh moment before it ended up out of reach.
City face Hoffenheim in the Champions League at Rhein-Neckar-Arena in Sinsheim at 12:55 a.m.
Scherzer Wants to Play Against Rockies
The nationals have been eliminated from the playoffs, so there was no reason to forcibly another start-up.
But competitive Scherzer wants to throw Sunday against Colorado Rockies, but only if Rockies, located a match before the Los Angeles Dodgers in the NL West, still have a Chance for the playoffs.
Rockies got a wild card spot with a win of 5-2 over the Nationals last Friday night, but are still looking for their first divisional title.
“We don’t play anything, but we can get a chance to rubbish the rubber knowing about the atmosphere here in Denver with the audience and that the other team would play at a higher level than any other team I’d face this year.
“Why wouldn’t I want to be there?”
The Nationals haven't announced their starts for Sunday yet, but according to reports they are leaning toward letting Scherzer throw under the Circumstances.
Scherzer, who was supposed to make his 34-three start, warmed up in the bun last Thursday and would throw at its normal rest Sunday.
Washington's Right-Hight Thrower is 18-7 with 2.53 ERA and 300 strikeouts in 200 2/3 innings this season.
Trump Gives Speech in West Virginia
"The president indirectly referred to the situation surrounding Brett Kavanaugh, who is nominated for the Supreme Court, when he talked about how important it is for republicans to vote in the upcoming midterm.
“Everything we’ve done is at stake in November.
We're five weeks from one of the most important choices of our lives.
"This is one of the big, big ... I don't can't run, but I'm running. That's why I'm going around fighting for sovereign candidates," he said.
“You’re seeing a horrific, horrific group of radical  Democrats, you’re seeing it happening here and now.
They are determined to recoup the power whatever it takes, you see their meanness, awfulness.
'They don't care who they've got to hurt, who they've got to run over to take over power and control.' That's what they want, power and control. We shouldn't let them get it.'
Democrats, he said, struggling to “stand against and prevent.”
“You’ve seen this for the past four days,” he said, “cagging and nasty and nasty and fake.”
Approved Democratic Senator Dianne Feinstein, who sits in the Senate Judiciary's Committee, which was met by loud bulging from the spectators.
“Do you remember what she said?
“Did You Leak the Document?”
'Eh, uh, eh, huh?
No, not, no, I'm expecting a ...' It was really bad body language, one of the worst body language I've ever seen.'
Labour is no longer a wide-ranging church.
They don’t contend people who say what they think.
When Momentum-activists in my local party voted to censor me, I was hardly surprised.
After all, I'm the most recent MP from the Labour Party who is told we're not welcome, just because we say what we think.
My co-receive in parliament Joan Ryan was treated in a similar way when she stood on against anti-Semitism.
In my case, I was criticized for disagreeing with Jeremy Corbyn.
About the importance of a responsible economic policy, on the nation's security, on Europe - ironically similar to topics that Jeremy criticized previous leaders.
The notice of meeting Nottingham East Labour last Friday stated that "we want the meetings to be welcoming and productive."
For most of my eight-Year-learn Labour's local MP, the GC rallies on Fridays have been just that.
But now, unfortunately, a lot of rallies aren’t, and the promise of “beverier, gentler” politics has been forgotten a long time ago if it ever even started.
It's become increasingly apparent that dissenting views aren't tolerated within Labor, and every opinion is judged based on whether the party's leaders accept it.
This began shortly after Jeremy became a leader, then colleagues who I previously thought had a similar political view that I was expecting a turnaround and taking positions that I would otherwise never have agreed with – whether the security of the nation or the internal market of the European Union.
"Every time I speak publicly -- and it really doesn't really matter what I'm saying -- a tirade of unwittings on social media calling for me to be ousted, criticising mid-politics and saying I shouldn't even be part of Labour.
This doesn’t just happen to me.
In fact, I've got more luck than some of my colleagues because the comments directed at me for the most part are political.
I admire the professionality and determination of these colleagues when faced with a nutrient of sexist and racist insults every day but never give up.
One of the biggest disappointments with this era's policies is the level of insults that is now considered normal.
Jeremy Corbyn claimed last week that Labour should promote a culture of tolerance.
But in reality we are no longer this broad church and with every disbelief and change in the selection rules, the party becomes increasingly narrow.
I’ve gotten a lot of advice in the last two years about flying under the radar and not being too forthright, so “ensuades it”.
But that's not why I became a politician.
Ever since I joined the Labor as a school-sufficiency 32 years ago, provoked by Thatcher's government negligence that literally caused my elementary school classroom to fall apart, I have tried to fight for better public services for those who need it the most - both at the local level and as a government minister.
I've never concealed my political views, and that includes the most recent election.
No one in the Nottingham East may in any way have been confused about my views on policies and topics where I do not agree with the current leadership.
To those of you who promoted the claim last Friday, I just want to say that when the country moves towards a Brexit that will hurt households, businesses and public services, I don't understand why anyone would want to waste time and energy on my loyalty to Labour's party leaders.
"But my main message is not to Nottingham Momentum), but to my constituencies - both Labour members and others: I am proud to serve you and I promise that no amount of threats to ousting me or political convenience will prevent me from doing what I think is best for all of all of you.
Chris Leslie Is MP for Nottingham East
Ayr 38-17 Melrose: Unbeaten Ayr on top
Two last-minute attempts may have misrepresented the result a little, but there is no doubt that Ayr deserved to triumph in this delightfully amusing Tennent’s Premiership match.
They are now on top, the only unbeatable side of the ten.
In the end, it was their superior defense, as well as their ability to take chances, which gave the home team the win, and coach Peter Murchie has all the right to be satisfied.
"We've been tested during our games so far and still unfashioned, so of course we're happy," he said.
Robby Christie from Melrose said: “Ayr deserves it, they took better chances than us.”
Grant Anderson's trial in the 14th-century, converted by Frazier Climo, gave Ayr the lead but a yellow card for Scotland captain Rory Hughes, who was released by Warriors for the match, let Melrose let the numbers speak and Jason Baggot scored an unconverted attempt.
Climo expanded Ayr's lead with a penalty, and at the end of the first half he scored and converted a solo attempt to give Ayr a lead of 17-5 in the pause.
"But Melrose got a good start to the second half and Patrick Anderson's trial, which was converted by Baggot, reduced the lead to five points.
It then became a long wait after a serious injury for Ruaridh Knott, which was worn by the plan, and after reboot the Ayr management increased again with an attempt from Stafford McDowall, which was converted by Climo.
Ayr's actions Captain Blair MacPherson then received a yellow card, and Melrose again forced the extra man to pay with an unconverted attempt by Bruce Colvine, at the end of a period of fierce pressure.
"But the home team recuperated and when Struan Hutchinson received a yellow card for tackling Climo without the ball, McPherson scored a touch down from the penalty-line-out behind Ayrs maul."
Climo was converting, which he scored again almost immediately after reboot, after Kyle Rowe collected David Armstrong's box's kick and sent the flanker Gregor Henry away for the home team's fifth-hand attempt.
Still Game-star seems ready for new career in the restaurant industry
Still Game-star Ford Kiernan seems ready to venture into the restaurant industry after it is discovered that he has been listed as CEO of a licensed restaurant business.
The 56-year-a-great-year-old plays Jack Jarvis in the BBC's popular series, which he's writing and starring alongside his long-standing comedy partner Greg Hemphill.
The duo have announced the upcoming ninth season will be the last of the series, and Kiernan seems to be planning for life after Craiglang.
According to official records, he is the CEO of Adriftmorn Limited.
The actor declined to comment, but a source at the Scottish Sun hinted that Kiernan wanted to venture into Glasgow's "blood-split restaurant industry."
'The Sea Belongs To Us': Coastless Bolivia Hopes the Court Opens the Road to the Pacific Ocean Again
Sailors patrol a rug-covered headquarters for the fleet in La Paz.
Public buildings have a sea-blue flag.
Navy bases from Lake Titicaca to the Amazon carry the motto: “The sea belongs to us.
It's our duty to recuperate it.'
In sea-solved Bolivia, the commemoration of the coastline that was lost to Chile in a bloody resource conflict in the 19th-century is still strong – and it’s also the yearning to re-delivery on the Pacific Ocean.
This hope is higher than in several decades now that Bolivia is awaiting a decision by the International Court of Justice on October 1st, after five years of consideration.
"Bolivia has the operation, an ambiguation of unity and peace, and of course awaits the result with a positive attitude," said Roberto Calzadilla, a Bolivian diplomat.
Numerous bolivians will see the international court's decision on large screens the country over, in the hope that the court in The Hague will adjudicate in favor of Bolivia's demands that Chile, after years of unregulated discussions, must negotiate with Bolivia to allow them an outlet of their own to the sea.
Monday's decision also has great importance for Evo Morales, Bolivia's charismatic native president who faces a controversial battle for re-election next year.
"We are very close to returning to the Pacific Ocean," he pledged at the end of August.
However, some analysts think it's unbelievable that the court judicially judge in Bolivia's favor, and that not much would change even if it does.
U.N. court, based in the Netherlands, does not have the right to award Chilean territory and has stipulated that it will not determine the outcome of possible discussions.
"The fact that the decision is announced only six months after the final arguments suggest the case 'uncompetitive'," said Paz Zárate, a Chilean expert on international law.
And in the last four of the years may rather have harmed than promoted Bolivia's chances.
"Question about access to the sea has been hijacked by the current Bolivian administration," Zárate said.
'She claims Morale's aggressive rhetoric has tarnished Chile's remaining benevolence.
Bolivia and Chile will eventually continue the discussion, but it will be extremely difficult to do so after this.
The two countries have not exchanged ambassadors since 1962.
Former President Eduardo Rodríguez Veltzé, Bolivia's representative in The Hague, did not consider that the court's decision had been taken unusually quickly.
Monday will give Bolivia "an outstanding opportunity to embark on a new era for the relationship with Chile" and a chance to "put an end to 139 years of disagreements with reciprocal benefits," he said.
Calzadilla also denounced that Morales – still one of Latin America's most popular presidents - used the issue of the sea as a political crutch.
"Bolivia will never give up its right to have access to the Pacific," he said.
“Decision is a Chance to Recognize that we must move on from the past.”
North Korea says nuclear disarmament demands reluctance of US
North Korean Foreign Minister Ri Yong Ho says the nation won't dismantle its nuclear weapons at first if they can't trust Washington.
Ri spoke to the United Nations General Assassination on Saturday.
He urged the United States to fulfill the promises made during a summit in Singapore between the two rival leaders.
His recompensations came when U.S. Secretary of State Mike Pompeo appears on the verge of solving the impunciation for nuclear diplomacy more than three months after meeting in Singapore with North Korean leader Kim Jong Un.
Ri says it's an "desercenary trout" that continued sanctions and U.S. protests against a statement to end the Korean War will ever tame North Korea.
Washington is hesitant to agree to the statement without Pyongyang launching significant nuclear disarmament.
Both Kim and U.S. President Donald Trump want another summit.
But there is widespread skepticism that Pyongyang really intends to get rid of an arsenal that the country probably sees as its only chance to guarantee its safety.
Pompeo plans to visit Pyongyang the next month to prepare for second summit between Kim and Trump.
Paris Fashion Shows Reveal Recent Line Huge Tremendates On The Way to Shops Near You
If you want to enlarge your hat collection or completely block the sun, we have the right thing for you.
The Valentino and Thom Browne designers have uncovered a range of wacky, over-smeasured headgear for their SS19 collection on the catwalk, which dazzled the style icons of Paris fashion week.
Incredibly impractical hats have taken over Instagram this summer, and the designers have sent off their eye-catching credentials on the catwalk.
Valentino was an exaggerated beige-fated hat with a feather-like wide-fashion belt that completely took over models' heads.
Other over-smeasured-study accessories included jewel-adorned watermelons, a wizarding hat and even a pineapple – but they aren’t meant to keep your head warm.
Thom Browne even revealed a selection of bizarre worms, just enough time for Halloween.
Many of the colorful dandelions had stitched lips and rather resembled Hannibal Lecter than haute couture.
One creation resembled a wetsuit with snorkel and a diving worm, and another looked like a molten glass cone.
And if you continue the enormous courage, you'll be lucky.
Fashion experts predict that the huge bogs may be on their way to stores near you.
The over-dimensioned hats come soon after La Bomba – the straw-hate with a brim of 60 cm that has been seen on everyone from Rihanna to Emily Ratajkowski.
The cult badge behind the incredibly impractical hat that has taken over social media sent out another big creation on the catwalk – a straw beach bag that was almost as big as the model in the swimsuit that held it.
The raffia bag in terracotta, with raffiah lashes and a white leather handle, exterminated in the Jacquemus La Riviera SS19 collection on the Paris fashion week.
Celebrity stylist Luke Armitage told FEMAIL: “I expect to see big hats and beach bags in the shops next summer – the designer has had such a big impact that it would be difficult to ignore the demand for over-dimensional accessories.”
John Edward: Linguistics Crucial for Global Celebrations
Scotland's independent schools maintain outstanding academic results and this continued in 2018 with yet another set of outstanding test results, strengthened only by individual and collective advances in sports, arts, music and other community engagement.
With up to 30,000 pupil pupils in Scotland the schools, represented by the Scottish Council of Independent Schools (SCIS), strive to provide the best possible service for their pupils and their parents.
Independent schools strive to prepare their pupils for further education, their chosen career and their role as global citizens.
As an educational sector capable of designing and implementing customized curricula, we see that modern languages remain popular and in-resident subjects at the schools.
Nelson Mandela said: “If you talk to a man in a language he understands it goes to his head.
“If you’re talking to him in his own language, it goes to his heart.”
“It’s a mighty reminder that we don’t just rely on English when we create relationships and trust with people from other countries.
This year's test result shows that languages are at the top of the list, with a maximum number of approved results in independent schools.
A total of 68 per cent of pupils who studied foreign languages were awarded A in the Final Exam Higher Grade.
Data, collected from SCIS 74 member schools, showed that 72 per cent of pupils studying Mandarin received an A in Higher Grade, and 72 per cent of those who studied German, 69 per cent of those who studied French and 63 per cent of those who studied Spanish also received an A.
This shows that independent schools in Scotland support foreign languages as crucial skills that children and young people will undoubtedly need in the future.
Languages such as subject choices are now considered to be just as important as natural sciences, technology, engineering knowledge and maternal at curricula in independent schools and beyond.
A survey conducted by the UK Commission for Employment and Skills in 2014 concluded that, for various reasons, employers had a hard time filling their vacancies, with 17 per cent attributed to a lack of language skills.
Having that being said, language proficiencies become increasingly necessary to prepare young people for their future careers.
With an ever-increasing jobs that require language skills, these competencies become necessary in a globalised world.
Regardless of the career choice, they will have a real advantage in the future if they have embraced a second-language.
Communicating directly with people from other countries automatically gives a competitive advantage.
According to a survey of more than 4,000 adult Britons published by YouGov in 2013, 75 per cent said they couldn't speak a foreign language good enough to hold a conversation in it, and where French was the only language that total came up in a two-digit percentage (15 per cent).
That’s why it’s so important to invest in language tuition for our children.
To be able to speak multiple languages, especially those used in developing countries, gives your child a better chance of finding meaningful employment in the future.
In Scotland, each school will teach different combinations of languages.
Numerous schools will focus on the more classic modern languages, while others will teach languages that are considered most important to the UK for 2020, such as Chinese or Japanese.
Regardless of your child's interest, there will always be a number of languages to choose from in standalone schools, with teachers who are specialists in this area.
Scottish-independent schools strive to provide a learning environment that will prepare children and get them with the skills necessary to succeed, no matter what the future holds.
In a global economic environment, it is undoubtedly language that continues to be vital to the country's future, so it must be reflected in education.
In fact, modern languages should really be regarded as "international communication skills."
Independent schools will continue to offer this choice, diversity and excellence for Scotland's young people.
Il faut bien le faire.
John Edward Is Head of the Scottish Council of Independent Schools
LeBron makes Lakers debut on Sunday in San Diego
The wait is almost over for fans who look forward to seeing LeBron James make debut for the Los Angeles Lakers.
Lakers coach Luke Walton has announced that James will play in Sunday's first-season match against Denver Nuggets in San Diego.
But how many minutes he's playing hasn't yet been decided.
"It's going to be more than one and less than 48," Walton said on Laker's official website.
Lakers reporter Mike Trudell tweeted that James is likely to play a limited number of minutes.
After training earlier this week, James was asked about his plans for the Lakers “pre-season schedule.
"I don't need pre-season games at this stage of my career to get ready," he said.
Trump's West Virginia Promotional Event, YouTube Channel
President-in-President Donald Trump is launching his first campaign event tonight in Wheeling, West Virginia.
It's Trump's first of five planned performances over the next week, Including events at places he has huge support, such as Tennessee and Mississippi.
In anticipation of an affirmative vote of their nominee to the Supreme Court vacant, Trump aims to build support for upcoming inter-university elections, because Republicans are at risk of losing control of Congress ahead of the upcoming November election.
What Time Is Trump's West Virginia Rally Tonight and How Can You Watch It Online?
Trump's Wheeling, the West Virginia campaign event is scheduled for 19:00, tonight Saturday, September 29, 2018.
You can watch Trump's West Virginia rally online below via live stream on YouTube.
Trump is likely to deal with this week's interrogation of the nominee Brett Kavanaugh, who became tense after accusations about his sexual assault, with an anticipating delay of the vote from the Senate in up to a week while the FBI's investigation into the case is underway.
However, the primary purpose of these events is to help Republicans get some meat on their bones ahead of the November election.
Thus, President Trump said these five gatherings in the next week aimed at "engaging volunteers and supporters when Republicans are trying to protect and expand the majority in the Senate and the House of Representatives," according to Reuters.
"Control of Congress is so important for his agenda that the president will travel to as many states as possible as we enter the hectarian campaign period," a spokeswoman for the Trump campaign who didn't want to be renamed Reuters.
The night's events, scheduled at Wesbanco Arena in Wheeling, can pull in fans from "Ohio and Pennsylvania and entice attention from the Pittsburgh media," according to the West Virginia Metro News.
Said Saturday becomes the second time in the last month that Trump has visited the West Virginia, the state where he won by more than 40 percentage points in 2016.
Trump is trying to assist the Republican Senate nominee for West Virginia, Patrick Morrisey, who has fallen behind in the polls.
"It's not a good sign for Morrisey that the president must get there to try to give him a surge in the opinion polls," said Simon Haeder, a state-wrench at West Virginia University.
Ryder Cup 2018: Team USA fights to keep hopes alive ahead of Sunday's singles
After three one-sided sessions, the couple races last Saturday afternoon could have been what was required for this Ryder Cup.
Moment's swiversing pendulum is a completely invented sports concept, but something the players really believe in, and more than ever before competitions like these.
So what kind of momentum is it about now?
"They had a six-point lead and now it's four, so we're carrying it as a little momentum I guess," Jordan Spieth Said when he finished for the day.
Europe has the advantage, of course, four-point contingencies with twelve more to win.
The Americans, as Spieth says, feel they've got some wind in their sails, but they've got a lot to be ammused by, not least in the form of Spieth and Justin Thomas who played together all the day and combed home three points out of four each.
Spieth has been reeds from the tee to the green and precedes with a good example.
The proclam of the winning strewn even higher when his round continued and he sank a decisive putt to take the match four all-square when he and Thomas had been behind with two after two games.
His putt who won them the game of 15 met with a similar roar, with the belief that the U.S. team is not yet out of the game.
"You really have to bury deeply and worry about your own match," Spieth said.
That's all these players have left now.
18 holes to victory.
The only players with more points than Spieth and Thomas in the past two days are Francesco Molinari and Tommy Fleetwood's undeniable story.
Europe's quirky but adorable couple is four from four and now nothing can go wrong.
"Moliwood" was the only pair who didn't make a bogey on Saturday afternoon and they also avoided bogeys on Saturday morning, Friday afternoon and back nine on Friday morning.
These achievements and audience reactions state that they are the players to beat on Sunday and there is no more popular player who would be able to bring home a potential European victory when the sun sets over Le Golf National than Fleetwood or Molinari.
Prerequisite both, at the same time on different holes.
It's too early, however, to talk about European Victory.
Bubba Watson and Webb Simpson made the process short with Sergio Garcia, this morning's four-ball-heel, along with Alex Noren.
A bogey and two doubles on the front nine lowered the Spaniard and Swede in a hole they never even came close to crawling out.
On Sunday, however, there's no one who'll help you get out of the hole.
Fyrboll and foursome are so fascinating to see up close because of the intermediary between the couples, the advice they give, the advice they don't give and how a strategy can change in an instant.
"Europe has played better as a team so far and taken a significant lead ahead of the last-flight but this foursome session also showed that Team USA has a fighting spirit that some, especially on the U.S. side, had doubted.
Europe takes the lead with 10-6 in the Ryder Cup last-day
Europe will have a keen edge on Ryder Cup's last day after coming out of Saturday's four-ball and foursomes matched with a 10-6 lead over the United States.
Inspired duo Tommy Fleetwood and Francesco Molinari led with two victories over a besieged Tiger Woods, combing home four points at Le Golf National.
Thomas Bjorn's European team, who struggled to keep the trophy they lost at Hazeltine two years ago dominating an American team that never really got underway during this morning's quad-learned with 3-1.
The U.S. offered more resistance in the foursome and won two games, but that wasn't enough for victory.
Jim Furyk's team needs eight points from Sunday's 12 single-time games to keep the trophy.
Fleetwood is the first European beginner to win four points in a row while he and Molinari, dubbed "Molliwood," after a sensational weekend is just the second pair to win four points from their first four games in Ryder Cup history.
After smashing Woods and Patrick Reed into four-ball, they knocked an evaporated Woods and American rookie Bryson Dechambeau with an even more eminquency 5 & 4.
Woods, who made his way through two games on saturday, showed occasional moments of brilliance, but he has now lost 19 of his 29 games in four-ball and foursome, and hence seven in a row.
Justin Rose, rested during this morning's four-ball and returned to partner Henrik Stenson i foursomes to a 2 & 1 victory over Dustin Johnson and Brooks Koepka - ranked number one and third in the world.
Europe didn't have wind all the way, but it was a nice, windy day just southwest of Paris.
Three-time winner Jordan Spieth and Justin Thomas set the benchmark for the Americans with two points on Saturday.
They combed the victory with 2 & 1 over Spain's Jon Rahm and Ian Poulter in four-ball and later re-leashing Poulter and Rory McIlroy 4 & 3 in the foursome after losing the two opening holes.
Only Twice in Ryder Cup's history, a team has come back from a subset of four points in the single-fashions, however, Furyk's side only needs a draw result to maintain the trophy.
Having been the second best for two days it looks like a counter-judgment on Sunday can be hard to get through.
North Korea Says "Never" Will Disgust Unilaterally Without Confidence
North Korea's foreign minister told the United Nations on Saturday that continued sanctions deepened their distrust of the United States and it was not possible that the country would give up its nuclear weapons unilaterally in such circumstances.
Ri Yong Ho told the world organization's annual General Assembly that in the past year, North Korea had taken "significant measures to show its goodwill," for example by stopping nuclear and missile tests, dismantling the installations for nuclear tests and promising not to spread nuclear weapons and nuclear weapons technology.
“However, we don’t see a corresponding response from the United States,” he said.
"Without any confidence in the United States there will be no confidence in our national security and in such circumstances there is not a chance that we unilaterally disarm ourselves first."
While Rehearsing Familiar North Chorean Complaints About Washington's Resistance to an Approach Divided In Stages for the Nuclear Power That Would Lead to North Korea Being Retributoured When It Took Gradual Steps, His Statement Approached Significantly, As It Didn't Reject a Unilateral Nuclear Weapon Solvement Completely As Pyongyang Previously Made.
Ri referred to a joint statement issued by Kim Jong Un and Donald Trump at the first summit between an incumbent U.S. president and a North Korean leader in Singapore on June 12, where Kim vowed to work against "discontinuing nuclear weapons on the Korean penulti-terrestrial peninsula" while Trump pledged guarantees of North Korea's security.
North Korea has searched a formal end to the Korean War in 1950-53, but the U.S. has said Pyongyang must first dismantle its nuclear weapons.
Washington has also declined negotiations to ease harsh international sanctions against North Korea.
"The United States insists on 'development first' and increases the pressure through sanctions to achieve its purpose through coercion and even object to the 'declaration to end the war.
"The notion that sanctions can get us on their knees is a dream for the people who lack the knowledge of us.
"But the problem is that the continued sanctions deepen our disbelief."
Ri didn't mention plans for a second summit between Kim and Trump that U.S. leaders elaborated at the United Nations earlier this week.
The minister instead pointed to three rallies between Kim and South Korea's leader Moon Jae-in over the past five months adding: "About the party on this issue of nuclear disarmament has been South Korea and not the United States, the Korean peninsula disarmament wouldn't have come to such an impotence."
Still, the tone of Ri's Speech was dramatically different from last year when he told the United Nations General Assassination that North Korea's future ability to reach the U.S. mainland with rockets was unavoidable after "Mr Evil President" Trump called Kim a "rocket man" on a suicide mission.
This year in the United Nations, Trump, who last year threatened to "completely destroy" North Korea, praise to Kim for his courage to take measures of disarmament, but it said a great deal of work still remains and that sanctions must persist until North Korea disarmed.
On Wednesday, Trump Said He Didn't Have A Timeframe for This and Said "If It Takes Two Years, Three Years or Five Months," doesn't matter."
China and Russia allege that the UN Security Council should reward Pyongyang for the measures taken.
However, U.S. Secretary of State Mike Pompeo told the U.N. Security Council on Thursday that “Responsibility of the Security Council’s Sanctions must remain vigulgence and without failure until we realize a complete, final, verified disarmament.”
The Security Council has unsolvated sanctions against North Korea since 2006 in an attempt to stifle the funding of Pyongyang's nuclear and ballistic missile programs.
Pompeo met in connection with the United Nations General Assortment and then said he would visit Pyongyang again the next month to prepare for a second summit.
Pompeo has visited North Korea three times already this year, but his last trip didn't go well.
He left Pyongyang in July and said that progress had been made. However, North Korea blamed him a few hours later to make "gangster-like demands."
North Korea pledged a meeting with Moon this month to disassemble a missile facility and even a nuclear power complex if the U.S. took "equivalent measures."
'He'd say Kim had told him the 'equivalent measures' he sought were security warranties Trump pledged in Singapore, moving toward the normalization of relations with Washington.
Harvard students take the course on getting enough rest
A new course at Harvard University this year has prompted all doctoral students to improve their sleeping habits in an effort to fight the growing macho culture to study through caffeinated "dailations."
An academic study found that students at the world's leading universities are often clueless when it comes to the very basics of how to take care.
Charles Czeisler, a professor of sleep medicine at Harvard Medical School and a specialist in Brigham and Women's Hospital, designed the course, which he believes is the first of his kind in the United States.
He was inspired to start the course after talking about the impact sleep deprivation had on learning.
"At the end of that a girl came up to me and said, 'Why don't I get to know this until now, during my last year?'
"She said no one had ever told her about the Importance of Sleep - Which Surprised Me," he told The Telegraph.
The course, which was organized for the first time this year, explains to students the importance of how good sleeping habits help academic and athletic performance, as well as improving their general well-being.
Paul Barreira, professor of psychiatry at the Harvard Medical School and managing director of the university's health care services, said the university decided to introduce the course after discovering that students suffered from severe sleep deprivation during the week.
The hour-long course includes a series of interactive tasks.
In part of the course there is a picture of a dormming room where students click on coffee cups, curtains, trainers and books to find out about the effects of caffeine and light, how athletic performance is affected by sleep deprivation and the importance of good sleeping habits.
In another part, participants learn how long-term sleep deprivation can increase the risks of heart attacks, strokes, depression and cancer.
A map of the campus, with interactive icons, encourages participants to think about their daily routine.
“We know it won’t change students’ behavior right away.
But we think they have the right to know - just as you have the right to know about the health effects of choosing to smoke cigarettes," Professor Czeisler added.
Pride culture that "divaly" still exists, he says and added that modern technology and ever-increasing pressure on pupils meant sleep deficiencies were a growing problem.
Ensuring that you have enough sleep, of good-of-pity, should be the "secret weapon" to fight stress, exhaustion and anxiety, he said - even to avoid weight gain because insomnia puts the brain into starvation mode and makes them constantly hungry.
Raymond So, a 19-Year-Old Califorian who studies chemical and physical biology, helped Professor Czeisler design the course and has read one of his courses last year in his first year at Harvard.
He said the course was an eye-opener and inspired him to campaign for a campus-wide course.
"He hopes the next step is to ask all doctoral students to complete a similar study program before starting their studies at the high-performing institution.
Professor Czeisler recommended pupil pupils contemplate setting an alarm for when to fold and when to waking and being aware of the harmful effects of "blue lights" emitted by electronic screens and LED-finding, which can make you turn around the day, leading to insomnia problems.
Livingston 1 - 0 Rangers: Mengas goal lowers Gerrard men
Rangers suffered yet another loss today when Dolly Menga's strike sent Steven Gerrard's unequivocal side to a 1-0 defeat in Livingston.
The Ibrox side was looking to take home his first win on the road since February's 4-1 triumph on St Johnstone, but Gary Holt's team delivered Gerrard's second defeat in 18 games as manager to leave his team eight points after Ladbrokes Premiership leader Harts.
Menga hit seven minutes before half-time and Rangers never managed to smooth out the result.
While Rangers now fall down to sixth-of-the-date, Livingston climbs to the third and just lies behind Hibernian on target difference.
And there could be more problems on lye for Rangers after lineman Calum Spence had to be treated for a head year after an object was thrown from the far end.
Gerrard made eight changes to the semi-finals of the Betfred Cup.
Holt on the other hand went with the same Livi 11 who took a score of the Hearts last week and he would have been excited about the way his lubricated game outweighed the opposing opposing opponents every time.
Rangers may have dominating, but Livingston did more with the ball control they had.
There should have been goals already two minutes into the game when Menga's first pass conceded Scott Pittman to Allan McGregor's goal, but the midfielder missed his big chance and shot outside.
A depfancy park in depth from Keaghan Jacobs then reached team captain Craig Halkett, but his defensive partner Alan Lithgow only reached the back pole.
Rangers took control of the match, but there looked to be more hope than faith in their play during the final third of the match.
Alfredo Morelo probably felt that he should have had a penalty when he and Steven Lawless collide, but referee Steven Thomson waved the colomian's call away.
Rangers only managed to scave two goals in the first half but the former Ibrox goalkeeper Liam Kelly easily received Lassana Coulibaly's nick and a tame kick from Ovie Ejaria.
Livis opening shots in the 34th-century may go against the spirit of the game, but no one can deny their knuckling deserve it.
Once again Rangers failed to deal with Jacob's fixed situation.
Scott Arfield didn't react when Declan Gallagher sued Scott Robinson, who stayed calm and chose Menga for an easy ending.
Gerrard acted at the pause as he swarmed Coulibaly to Ryan Kent and the prey gave almost instant effect when the outer smashed the ball into Morelos, but the impressive Kelly ran from his line to block the attempt.
But Livingston continued to get the opponents to play exactly the kind of games they enjoy, with Lithgow and Halkett swept up a long pass after a long passing.
Holt's side could have rebolted its lead in the final stage, but McGregor managed well to thause Jacobs before Lithgow nodded outside after the corner.
Rangers-reputer Glenn Middleton still had a late call for punishment as he tampered with Jacobs, but again Thomson looked away.
Almanac: Inventor of Geiger Counter
And now a page from Sunday's almanac: 30 September 1882, 136 years ago today ... the day the future physicist Johannes Wilhelm "Hans" Geiger was born in Germany.
Geiger developed a method to detect and measure radioactivity, an invention that eventually led to the manick called Geiger meter.
Geiger meters have become a cornerstone of science since then and also figure large in pop culture, as well as in the 1950 film "Bells of Coronado," with the lead role in the seemingly impossible cowpoke scientists Roy Rogers and Dale Evans:
Man "What in the world is that?"
Rogers: "It is a Geiger Meter, which is used to locate radioactive minerals, like uranium.
When you put on these headphones, you can actually hear the effects of the atoms emitted by the radioactivity in the minerals. "Evans:
Evans: "Yeah, it's popping now!"
"Hans" Geiger died in 1945, just a few days before his 63rd birthday.
But the invention that bears his name lives on.
New cancer vaccine could teach the immune system to 'see' cancer cells
New Cancer Vaccine Could Teach the Immune System to "See" Cancer Cells and Kill Them
Vaccines Teach Immune System to Recognize Surgery Cells as Part of Treatment
The method involves extracting immune cells from a patient and modifying them in the laboratory
They can then "see" a protein that is common to many cancers and then re-injected
An anti-trial vaccine shows promising results in patients with different cancers.
"A woman treated with the vaccine, which teaches the immune system recognising cancer, saw its ovarian carcinocel cells disappear for over 18 months.
The method involves extracting immune cells from a patient and modifying them in the laboratory so they can "see" a protein that is common to many cancers known as HER2, and then re-injection the cells.
Professor Jay Berzofsky, from the US National Cancer Institute in Bethesda, Maryland, said: "Our findings suggest we have a very promising vaccine."
HER "promotes the growth of several types of cancer, including breast, ovarian, pulmonary and large intestine carcinoma, explained Prof Berzofsky.
A similar method of taking immunotal cells from patients and "teaching" them how targeting cancer cells has worked in the treatment of a type of leukaemia.
Kanye West supported Trump by wearing a MAGA cap, after his SNL appearance.
It didn't go so well
Kanye West was bulged out of the studio during Saturday Night Live after a swaggering proclamation in commuted U.S. President Donald Trump and said he himself would run for office in 2020.
After performing his third song for the equinoon, called Ghost Town where he was wearing a Make America Great-ceas, he rallied against the democrats and reiterated his support for Trump.
"So many times when I'm Talking to a white person they say: "How do you like Trump, he's racist?"
Well, if I was worried about racism I would have moved from America a long time ago," he said.
SNL started the show with a Sketch with Matt Damon where the Hollywood star made fun of Brett Kavanaugh's testimony to the Senate Judiciary Committee on the allegations of sexual assault made by Christine Blasey Ford.
Even if it didn't air, the recharging of West's exhilaration was uploaded on social media by comedian Chris Rock.
It's unequivocal whether Rock was trying to co-pour West with the post.
The West had also complained to the audience that he had been harassed backstage for his headdress.
"They bullied me backstage.
They said: "Don't go out there with that cap on."
They bullied me!
And then they'll say I've sunk low," he said, according to Washington Examiner.
West continued: "Do you also want to sink low?" and said he'd "put my supermancape on, because that means you won't be able to say what I'm allowed to do. Do you want the world to move forward?
Test with love.”
"His relieving more burups at least twice from the audience and co-workers from SNL seemed embarrassed, Variety reported. One person said: "It got dead silent in the studio."
West had come in as a late-in-committee for singer Ariana Grande, whose ex-boyfriend, rapper Mac Miller had died a few days ago.
West baffled many with their performance of the song I Love it, dressed as a Perrier bottle.
West received support from the head of Conservative group TPUSA, Candace Turner who tweeted: "One of the bravest souls: THANK YOU FOR STOOD ON YOUR ONE AGAST THE MOB."
"But prattshow's host, Karen Hunter, tweeted that West simply "were itself and it's absolutely wonderful."
"But I chose NOT to reward anyone (by buying his music or clothes or supporting his "art") that I believe embrace and spread an ideology that is detrimental to my society.
- He's free.
That's what we're with us," she added.
"Before the show, the rapper announced on Twitter that he had changed his name and said he was now "being formerly known as Kanye West."
He's not the first performer to change his name and follows in Diddy's footsteps, also known as Puff, Puffy and P Diddy.
Rapper Colleague, Snoop Dogg has convened Snoop Lion and of course the deceased music legend Prince, changed her name to a symbol and then to the artist who was formerly known as Prince.
Judgment for attempted murder after stabbing at restaurant in Belfast
A 45-year-old man has been accused of assassination after a man was stabbed at a restaurant in eastern Belfast on Friday.
The incident happened in Ballyhackamore, police said.
The defendant is expected to appear at the Belfast Magistrates Court on Monday.
The allegations will be audited by Prosecutor's Office.
Game of Thrones star Kit Harington beats toxic masculinity
Kit Harington is known for its sword-shanging role as Jon Snow in HBO's Vicious Medieval Fantasy Series Game of Thrones.
"But the actor, 31, has spoken out negatively about the stereotype of the macho hero and says such roles on the screen mean that young boys often feel they have to be tough to be respected.
"In a statement to the Sunday Times Culture, the Kit said he believes "something has gone wrong" and questioned how to deal with the problem of toxic masculinity during the #MeToo era.
Kit, who recently margued his co-actor in Game of Thrones, Rose Leslie, even she 31, confessed to feeling "pretty strongly" for tackling the issue.
"I personally feel quite strongly, right now - where have we gone wrong with masculinity?" he said.
"How have we raised men with regard to the problems we are seeing now?"
Kits believe TV may partly be in charge of the increase in toxic masculinity due to its highly masculine characters.
He continued “What’s inflamed and what’s learned?
What is taught on TV and on the streets, that makes young boys feel they have to be in a certain way to be a man?
"I think it's really one of the big issues of our time - how do we change it?
"It's clear that something's gone awkward for young men."
"In the interview, he also recognised that he wouldn't do any Game of Thrones Sequels when the series comes to an end next summer and says he's "clear with battlefields and horses."
From November, Kit will play in a re-recording of Sam Shepard's True West which is the story of a film producer and his brother, who is a robber.
The actor recently revealed he thinks meeting his wife Rose was the best experience from the Game of Thrones.
"I met my wife thanks to the series, so in this way it gave me my future family and my future life," he said.
Rose played Ygritte, which Kit's character Jon Snow falls in, in the Emmys-winning fantasy series.
The pair married in June 2018 at Leslie's family estates in Scotland.
HIV/Aids: China Reports 14% Increas
China has announced an increase of 14% in the number of citizens living with HIV and AIDS.
More than 820 000 people have been affected in the country, the health authorities said.
Approximately 40 000 new cases were only reported in the second quarter of 2018.
The vast majority of new cases were transmitted via sex and marked a change from previous years.
Traditionally, HIV spreads rapidly through certain parts of China as a result of infected blood transfusions.
"But the number of people infected with HIV in this way had been reduced to almost zero, Chinese health authorities said at a conference in Yunnan province.
However, the number of people living with HIV and AIDS in China has risen by 100 000 people year-on-year.
HIV-infection through sexual intercourse is an acute issue in China's LGBT community.
Homosexuality was decriminalized in China in 1997, but discrimination against LGBT people is said to be widespread.
Due to the country's conservative values, studies have estimated that 70-90% of men who have sex with men sooner or later will marry women.
Numerous seizures are due to insufficient protection when interconnected in these relationships.
China's government has since 2003 pledged universal access to HIV medicine as part of the efforts to address the problem.
Maxine Waters denies staff leaked GOP-sener's details, shrouding 'hazardous lies' and 'conspiracy theories'
The U.S. congressman Maxine Water's on Saturday convicted allegations that one of her employees had posted personal data on three Republican U.S. senators on their Wikipedia pages.
The Los Angeles-Democrat claimed these claims were scattered by right-wing extremist websites.
"Lies, lies and more reprehensible Lies," the Waters said in a statement.
The released information reportedly contained home addresses and phone numbers of Senators Lindsey Graham from South Carolina and Mike Lee and Orrin Hatch, both from Utah.
The information arose online Thursday, posted by an unfamiliar person at Capitol Hill during a Senate panel interrogation about the allegations of sexual assault against the nominee to the Supreme Court, Brett Kavanaugh.
The leak came at some point after the Three Senators questioned Kavanaugh.
Conservative websites such as Gateway Pundit and RedState reported that the IP address that identifies the source of the posts was associated with Water's offices and released the information about a member of Water's staff, Hill reported.
"This unsubstantiated allegation is utterly false and an absolute lie," Waters continued.
"My personnel - whose identity, personal data and security have been compromised as a result of these deceptive and false allegations - were not in any way responsible for the leakage of this information.
This unsubstantiated assertion is completely false and an absolute lie.”
Water's statement quickly received criticism online, including from White House former press secretary Ari Fleischer.
"This denial is angrily," Fleischer wrote.
"This suggests she doesn't have the temperament to be a member of the congress.
When someone's accused of something they didn't don't, they mustn't be angry.
They can't be defiant.
They are not allowed to question the motive of the question-and-question.
They have to be reassured and sanitated.”
Fleischer seemed to be trying to confrend Water's reaction with Democrats' critique of referee Kavanaugh, who critics accused of appearing to be angry during Thursday's interrogation.
Omar Navarro, a Republican nominee who was a candidate for devoting Water's in the middle of the term also expressed his thoughts on Twitter.
"Large about true," he tweeted.
In her statement, the Waters stated that her office had warned "appropriate authorities and law enforcement beings for these deceptive claims.
"We will make sure the offenders will be exposed," she continued "and that they will be held legally accountable for all their actions that are destructive and dangerous to all of my employees."
Johnny English Strikes Again - Powerless Spy Parody by Rowan Atkinson
"It's now tradition to look for Brexit meanings in every new film with British inclination, the same seems to apply to this re-recognition of the latest Johnny English action comedy - a series of spiee parodies that kicked off in 2003 with Johnny English English English Reborn.
Will sharp satire about how obviously bad we are to become the nation's new export?
In any case, the incompetent Johnny English with the rubber face has got his license to screw to sake renewed for the second aisle - his name signals more than anything else that he is a broad comedian creation intended for bioaudience even in non-English-speaking countries
He's, of course, the wacky secret agent, who despite his bizarre claims to smoothie glamour has got a little piece of Clouseau, a hint of Mr. Bean and a comfeat from the Opening Ceremony to the London Olympics in 2012.
He's also originally based on the traveler and international mysterious man that Atkinson once played in the now-forgotten Barclaycard TV ads that create chaos wherever he goes.
There's one or two nice moments in the latest JE movie
I loved when Johnny English approaches a helicopter dressed in a medieval armor and when the rotor blades for a short while hit his helmet.
Atkinson's talent for physical comedy appears, but the humour feels pretty low-key and strangely superfluent, especially because the "serious" movie brands like 007 and Mission Impossible themselves now offer comedy as an ingredient.
Humor feels as if it's adapted for children instead of adults and for me, Johnny's weird antics aren't as inventive and focused as Atkinson's stumbirth bravages in the role of Bean.
The perpetuity is now that the UK is in serious trouble.
A cyber-hacker has infiltrated Britain's super-secret web network of spies, revealing the identities of all Britain's agents out in the field, to the agent in service's great dissatisfaction - a tremendously small role for Kevin Eldon.
"It will be the last straw for a prime minister who is a pompous and harsh-appropriate figure who is already suffering from a complete collapse of his political popularity: Emma Thompson does her very best with this quasi-Teresa-May character but the script doesn't offer much to work with.
Her intelligence adviser informs her that when every single active spy is busy, she had to use someone retiring.
And that means the stuttering Johnny English in his own-spoop, now employed as a teacher in any affluent institution, but offering unofficial lessons in the art of working undercover alongside.
English was sent back to Whitehall for an emergency meeting and reunited with his previously long-lived sidekick Bough, once again starred by Ben Miller.
Bough is now Married to a Submarine Achiator, a jolly-hockey-knit role where Vicki Pepperdine is close on wasted.
So Batman and Robin are back after it all went so terribly wrong with Her Majesty's Secret Service and encounter Olga Kurylenko's beautiful femme fatale Ophelia Bulletova.
In the meantime, the prime minister will fall harshly for the charismatic tech billionaire, who claims he can solve Britain's computer brawl: the unfortunate Jason Volta, played by Jake Lacy.
English and Bough begin their odyssey of father-seadied pranks: dressed as waiters, they set fire to a flashy French restaurant; they wreak havoc as they smuggle themselves aboard Volta's luxury yacht; and English triggers pure anarchy when trying to use a VR headset to get acquainted with the inside of Volta's house.
There is certainly a lot of work behind the latter sequence, but even though the film is both charming and fast-paced, it has an air of children's TV around itself.
Quite moderate all in everything.
And as with the other Johnny English films I can't help thinking: Can't the British film industry give Rowan Atkinson a role that matches his talent?
Labour denies depleting a plan for Brits to work a four-fashioned week but get paid for five days
Jeremy Corbyn's party Labour is outweaving a radical plan stating that Brits are working a four-day pleat - but get paid for five.
The party reportedly wants business leaders to transfer savings made through the revolution in artificial intelligence (AI) to workers by giving them an extra day off.
It would see employees enjoy a three-day weekend - but keep the same salary.
According to sources, the idea "approar" with the party's economic agenda in favor of the workers.
Switching to a four-day week has been endorsed by the Trade Union Congress as a way for workers to take advantage of financial changes.
A representative higher up in Labor said to The Sunday Times: A review of the policy is expected to be made public before the end of the year.
"It won't happen in a day, but a four-day working week is an endeavor that fits into the party's approach to balancing the economy in favor of the worker as well as the party's overarching industrial strategy."
The Labour Party wouldn't be the first to support such an Idea, even the The Greens that promised a four-day working week during its 2017 election campaign.
However, this goal is not endorsed by Labour as a whole.
"A four-fashioned working-a-day work-a-heavy is not the party's policy and it's nothing that the party agrees on."
Shady Chancellor John McDonnell used last week's Labour conference to communicate his vision of a socialist revolution in the economy.
McDonnell Said He Was Destined Decided to Take Back Power from "Faithless Leaders" and "Sneakers" at state-of-the-governments.
Shade chancellor's plans also mean that the current shareholders in water utilities can't receive their entire effort, because a Labour government can make "deductions" due to what they perceive have been inaccurate actions.
He also reaffirmed plans to put workers on corporate boards and create so-called Inclusive Ownership Funds where 10 per cent of the private company's equity is handed over to its employees, which then stands to receive annual dividends of up to £500.
Lindsey Graham and John Kennedy retell in TV show "60 Minutes" on whether FBI Investigation of Kavanaugh Could Change Their Views
The FBI's investigation into allegations against Judge Brett Kavanaugh has delayed a final vote on his nominee to the Supreme Court by at least a week and raises the question of whether the agency's investigations could get some Republican Senators to change position on the matter.
In an interview broadcast last Sunday, "60 Minute" correspondent Scott Pelley asked Republican Senators John Kennedy and Lindsey Graham about whether the FBI would be able to reveal about something that would lead to them changing opinion.
Kennedy seemed more open-minded than his colleague from South Carolina.
"Obviously," Kennedy said.
"I said when I went into the hearing, I've been talking to Judge Kavanaugh.
"I called him after it happened, that the claim came out, and said: "Have you done that?"
"He was determined, confidant, unequivocal."
Graham's voice, however, seems steadfast.
"I've already made a decision regarding Brett Kavanaugh and it would take a dynam redress," he said.
"Dr. Ford, I don't know what Happened, But I Know This: Brett Denied It Visiblely," said Graham, citing Christine Blasey Ford.
"And everyone she's naming couldn't verify it.
That's 36 years ago.
“I don’t see anything new changing.”
What is the Global Citizen's Festival and hasn't it done to reduce poverty?
This Saturday New York will host the Global Citizen Festival, an annual music event that has a hugely impressive line-up of stars appearing and an equally impressive mission; fighting world poverty.
Now in its seventh year, the Global Citizen Festival will see tens of Thousands of People pilgrimage to Central Park's Great Lawn, not only to enjoy performers like Janet Jackson, Cardi B and Shawn Mendes, but also to raise awareness of the event's real-world goal: to fight extreme poverty by 2030.
The Global Citizen's Festival is, according to a statement from 2012, extending the Global Poverty Project, an international anti-language group that hopes to combat poverty by increasing the number of people actively battling it.
In order to get a free ticket to the event (if you weren't ready to pay for a VIP ticket), concert guests would perform a series of tasks, or "measures" such as volunteering, e-mail a world leader, call or in other meaningful ways help raise awareness of the goal of ending poverty.
But how successfully has Global Citizen been 12 years left to achieve its goal?
Is the idea to reward people with a free concert a genuine way to persuade people to act, or is it just about so-called "clicktivism" - people who feel they make a real difference by signing an online filament or typing a tweet?
Since 2011, Global Citizen has registered more than 19 million "documents" from its adherents who have fought for a variety of goals.
It states that these actions have helped spur world leaders to announce commitments and policies equivalent to more than $37bn, which will affect the lives of more than 2.25 billion people by 2030.
In the beginning of 2018, the group quoted 390 commitments and announcements stemming from its actions, including at least $10bn has already been disbursed or funded.
The group estimates that so far the assets collected have had a direct impact on nearly 649 million people worldwide.
Some of the most important commitments are The Power of Nutrition, a partnership based in the United Kingdom between investors and players involved in "helping children develop to their full potential," promising to give Rwanda $35 million to help combat malnutrient in the area after receiving more than 4,700 tweets from global citizens.
"With the support of the British government, donors, national governments and global citizens, just like you, we can make social injustice as malnutrient is a footnote in history," the ambassador for partnership Tracey Ullman told the crowd during a live concert in London in April 2018.
"The group also stated that after more than 5000 measures taken requiring the United Kingdom to improve the diet for mothers and children, the government announced the funding of the project, the Power of Nutrition, encompassing dietary programs aimed at 5 million women and children.
In response to one of the usual questions on its website: "what makes you think we can fight extreme poverty?"
Answered the Global citizen: "It's going to be a long and dire way - sometimes we're going to fall and fail.
However, as the great civil rights and anti-apartheid movements before us, we will succeed, because we are stronger together.
Janet Jackson, the Weeknd, Shawn Mendes, Cardi B, Janelle Monáe are some of the performers performing at this year's New York, whose hosts are Deborra-Lee Furness and Hugh Jackman.
U.S. Could Use Its Fleet in a 'Blocade' to Prevent Russian Energy Exports, Home Secretary
The government can "if necessary" resort to its navy to prevent Russian energy players from entering the markets, including in the Middle East, U.S. Home Secretary Ryan Zinke has uncovered, quoted by the Washington Examiner.
Zinke claimed that Russia's involvement in Syria - particularly where it appears at the invitation from the legitimate government - is a pretext for exploring new energy markets.
"I think they are in the Middle East because they want to sell energy, just as they do in Eastern Europe, the southern parts of Europe," he said.
And according to him, there are ways and means to deal with it.
"The U.S. has the ability, with our naval, to ensure that the seaways are kept open and, if necessary, apply blockade, to make sure their energy doesn't reach the market," he said.
Zinke spoke to the attendees in the event organized by the Consumer Energy Alliance, a non-disputed group that calls itself "the voice of the Energy Consumen" in the United States.
'He's comparing Washington's approach to dealing with Russia and Iran, noting that they're really the same.
"The economic alternative against Iran and Russia is more or less to exploit and replace fuels," he said, while referring to Russia as a "day dragonfly" with an economy dependent on fossil fuels.
Statements come after the Trump administration aims to increase the export of its liquefied natural gas into Europe, to reimburse Russia, the far-reducible option for European consumers.
For this purpose, Trump administration officials, including U.S. President Donald Trump, are trying to convince Germany to withdraw from the "inappropriate" Nord Stream 2-pipeline project, which, according to Trump, made Berlin the "prison of Moscow."
Moscow has repeatedly emphasized that the Nord Stream 2 pipeline of $11 billion, which is supposed to double the existing piping capacity to 110 billion cubic meters, is a pure economic project.
They allege that Washington's opposition to the project is only driven for economic reasons and is an example of unfair competition.
"I think we share the view that energy can't be a tool for exerting pressure and that consumers should be able to choose the suppliers," Russian Energy Secretary Alexander Novak said after a meeting with U.S. Energy Secretary Rick Perry in Moscow.
The U.S. position received setbacks from Germany, which has confirmed its commitment to the project.
Germany's leading trade association, the Federation of German Industries (BDI), has urged the United States to stay away from EU energy policy and the bilateral agreements between Berlin and Moscow.
"I strongly disapprove that a third-party is interfering with our energy supply," Dieter Kepf, head of the Federation of German Industries (BDI) said after a rally between Chancellor Angela Merkel and Russian President Vladimir Putin.
"Eredigit Warren Will Take Proper Thought" If She's Going To Run for a 2020 Presidential Election, Massachusetts Senator
Massachusetts Senator Elizabeth Warren said on Saturday she would take a "proper ponder" about her participation in the presidential election after U.S. midterm elections.
During a town hall meeting in Holyoke, Massachusetts, Warren confirmed that she would consider setting up as a nominee.
"It's time for women to get to Washington and fix our broken government and that includes a woman at the top," she said.
"Following November 6, I'm going to take a hefty ponder of running for the presidency."
Warren weighed in on President Donald Trump during the Town Hall meeting and said he "took this country in the wrong direction.
"I'm deeply worried about what Donald Trump is doing for our democracy," she said.
Warren has outspoken in his critique of Trump and his nominee to the Supreme Court, Kavanaugh.
In a tweet on Friday, Warren said "we, of course, need an FBI investigation before contingent."
A vote released on Thursday, however, showed a majority of Warren's own supporters didn't think she'd run for office in 2020.
Fiftie-eight percent of "probable" Massachusetts Voters said the senator shouldn't behalf, according to a survey conducted by Suffolk University Political Research Center/Boston Globe.
Thirty-two per cent supported the candidacy.
Investigation showed more support for a candidacy by former governor Deval Patrick, with 38 per cent for a potential candidacy and 48 per cent opposed.
Other high-profile Democratic names being debated with respect to a potential 2020 candidacy include former Vice President Joe Biden and Vertmont's Senator Bernie Sanders.
Biden Said He Would Decree Officially in January," the Associated Press reported.
Sarah Palin cites Track Palins PTSD at Donald Trump rally
Track Palin, 26, spent a year in Iraq after enlisting in September.
He was detained and accused of domestic violence on Monday night
"What my own son walks through, what he's going through now that he's back, I can relate to other families who have experience of PTSD and some of the trauma that our Soldiers are reluctant with," she told the audience at a gathering meeting for Donald Trump in Tulsa, Oklahoma.
Palin summoned his apprehance "elephant in the room" and said about his son and other war veterans that 'they come back like other people, they come back hardened, they will come back and wonder if there is respect for what their colleagues, soldiers and aviators and all the other members of the military have given the country.'
He was arrested on Monday in Wasilla, Alaska and accused of domestic violence violating a woman, attempted obstruction of a report on domestic violence and whale-fighting in intoxicated condition, according to Dan Bennett, a Spouse of the Wasilla Police Department.
18 States, as well as the District of Columbia Support Questioning a New Asylum Policy
Arton states and the District of Columbia support a judicial redress targeting a new U.
Entrepreneurs from the 18 states and the district filed a friend-of-the-court application on Friday in Washington to support an asylum seeker who is wiring the policy, NBC News reported.
Full name of the plaintiff in the case Grace v. Sessions that American Civil Liberties Union filed in August against the policy has not been disclosed.
She said her partner "and his violent gang member sons," abusing her, but US officials denied her asylum application on July 20.
She was imprisoned in Texas.
States' lawyers who support Grace described El Salvador, Honduras and Guatemala, countries producing a large number of asylum-seekers, such as nations posing major problems with gangs and domestic violence.
The new U.S. Asylum policy changed a decision by the 2014 immigration authorities that allowed illegal immigrants to seek asylum to escape from domestic violence.
District of Columbia Attorney General Karl Racine said in a statement on Friday that the new policy "ignores decades of state, federal and international law."
"Federal law requires all asylum applications to be judged based on specific facts and circumstances that the claim applies, and such a provision is contrary to that principle," according to the friend-of-the court report.
Lawyers further argued in the report that the policies denying the entry of immigrants are harming the U.S. economy, arguing they are more inclined to become contractors and "delivering the necessary workforce."
Attorney-Prime Minister Jeff Sessions in June ordered judges in asylum cases to no longer grant asylum to victims fleeing domestic violence and gang violence.
"Asylum is available to those who leave their homeland because of persecution or fear due to race, religion, nationality or membership in a particular social group or political opinion," Sessions said when the policy was announced June 11.
Asylum was never meant to alleviate all the problems - even all the serious problems - that people face every day all over the world.
Desperate bail efforts in Palu as death toll doubles in search of survivors
For survictants, the situation looked increasingly bleak.
"It feels very tense," said 35-year-old mother Risa Kusuma, consoling her feverish boy in an evacuation center in the city of Palu.
“Ambulance draws dead bodies all the time.
Clean water is a scarce commodity.”
Inhabitants were seen returning to their devastated homes, rooting through water-damaged possessions and trying to salvage everything they could find.
Hundreds of people were wounded and hospitals injured in the 7.5 quake were overcrowded.
Some of those injured, including Dwi Haris, who suffered a broken back and shoulder, rested outside the Palu's Army Hospital, where the patients were treated outdoors due to continued strong post-scalc.
With tear-filled eyes, he recounted that the violent quarry shove the room on the hotel's fifth-floor he shared with his wife's and daughter.
"We couldn't escape.
'I was pressurized into the ruins of the wall, I think," Haris told Associated Press, adding that his family was in town for a wedding.
"I heard my wife yell for help, then it became quiet.
I don't know what's going on with her and my child.
“I hope they’re safe.”
U.S. ambassador accuses China of 'mobbling' with 'propaganda ads'
A week after an official Chinese newspaper posted a four-sided ad in a U.S. newspaper about the mutual benefits of U.S.-To-China trade, the U.S. ambassador to China accused that Beijing used the U.S. press to spread propaganda.
U.S. President-President Donald Trump referred last Wednesday that China Daily paid a supplement to the Des Moines Register - the state of Iowa's best-selling newspaper - after accusing China of attempting to co-participate U.S. congressional elections, something China denies.
Trump accusation that Beijing was attempting to interfere in U.S. whales marked what U.S. officials told Reuters were a new phase in an escalating campaign from Washington destined to put pressure on China.
Though it's normal for foreign governments to use advertising to promote trade, Beijing and Washington are currently locked into an escalating trading war with raised tariffs on each other's imports.
China retrieval figures early in the trading war were designed to hit exporters in states such as Iowa who support Trump's Republican Party, this according to Chinese and American experts.
Terry Branstad, U.S. ambassador to China and the former long-standing governor of Iowa, a major exporter of agricultural products to China, said Beijing had harmed American workers, farmers and businesses.
China, Branstad wrote in a debate article in Sunday's Des Moine's Register, "doucturing the bullying now by putting out propaganda ads in our own free press."
"China's government uses America's dear tradition of freedom of speech and a free pressure to spread the propaganda to by publishing paid advertisements in Des Moine's Register," Branstad wrote.
"In contrast, in the newsstand on the street here in Beijing you will find a limited number of aberranting voices and will not see any true reflection of the different views that the Chinese people may have about China's unsettled economy, because the media is ruled with an iron fist by the Chinese Communist Party," he wrote.
He added that "one of China's most eminent newspapers declined the offer to publish" his article, even though he didn't say which newspaper.
Republishers frighten female voters ahead of mid-term election through Kavanaugh fiasco, warning analysts
As many top-seasons defend Supreme Court nominee Brett Kavanaugh who faces several allegations of sexual miscontact, analysts have warned that there will be a setback, especially from women, during the upcoming election.
Efficcipations surrounding this have been extremely high, and most republicans have already shown where they stand in the election.
Can't wriggle back the bell," Grant Reeher, professor of political science at Syracuse University's Maxwell School, told The Hill in an article published last Saturday.
Reeher said he doubts Senator Jeff Flakes (R-Arizona) last attempted an an FBI investigation will suffice to reassure angry voters.
"Women won't forget what happened yesterday - they won't forget it tomorrow and not in November," said Karine Jean-Pierre, a senior adviser and national spokeswowoman for the progressive group MoveOn on Friday, according to the Washington, DC newspaper.
On the Friday morning they chanted "November is coming!" when they demonstrated in the hall to the Senate building when the republicans controlling the court committee chose to go ahead with Kavanaugh's nomination despite the testimony of Dr. Christine Blasey Ford, Mic reported.
"Democratic enthusiasm and motivation will go to the ceiling," Stu Rothenberg, a neutral political analyst, told the news site.
"People say it's already been high, it's true.
But it could be higher, especially among even indefinitive female electors in suburbs and younger electors, 18- to 29-year-year-old, who, even though they don't like the president, often don't vote."
Even before Ford's public testimonies with allegations of sexually apostasy against the nominee for the Supreme Court, analysts suggested that a backlash could follow if Republicans pushed through the confirmation.
"This has become a confused mess for GOP," said Michael Steele, former chairman of the Republican National Committee, at the start of last week, according to NBC News.
"It's not just a matter of the committee's ballot or the final vote or if Kavanaugh comes through, it's also about how Republicans have dealt with this and how they've dealt with her," Guy Cecil, director of Priorities USA, pointed out a group that helps Democratic election campaigns, for the news channel.
But the Americans generally appear to be divided over who they are supposed to believe in the wake of Ford's and Kavanaugh's testimonies, and the latter appears to be the one they most believe.
A new opinion poll from YouGov shows that 41 per cent of respondents definitely or most likely believed in Ford's testimony, while 35 per cent said they definitively or most likely believed in Kavanaugh.
Moreover, 38 per cent said they thought Kavanaugh probably or definitely lied under their testimony, while only 30 per cent said the same about Ford.
After pressure from Flake, the FBI is currently investigating the allegations that Ford has put forward, as well as those from at least another accusation, Deborah Ramirez, the Guardian reported.
Ford testiated before the Senate Judiciary's Judgment during ed last week that Kavanaugh violently attacked her at the age of 17.
Ramireez argues that the nominee to the Supreme Court exposed her genitals to her while attending a party during their time as students at Yale in the 1980s.
Inventor of the World Wide Web plans to start a new internet to compete with Google and Facebook
Tim Berners-Lee, the inventor of the World Wide Web, launches a startup that aims to compete with Facebook, Amazon and Google.
Technology legend's latest project, Inrupt, is a company based on Berners-Lee's open source platform Solid.
Solid allows users to choose where their data is stored and which people can access what information.
In an exclusive interview with Fast Company, Berners-Lee jodded that the intention behind Inrupt is "World Dominance."
"We've got to do it now," he said about the startup company.
"It's a historic moment."
The app uses Solid's technology to allow people to create their own "staff online data store" or a POD.
It may include contact lists, making-lists, calendar, music libraries and other personal and professional tools.
It's as if Google Drive, Microsoft Outlook, Slack and Spotify are all available in a web browser at the same time.
What's unique about the personalized online data storage is that it's entirely up to the user who can access what kind of information.
The company calls it "personal empowerment through data."
The idea with Inrupt, according to the company's CEO John Bruce, is that the company should include resources, processes and appropriate skills to make Solid available to everyone.
The company currently consists of Berners-Lee, Bruce, a security platform purchased by IBM, some software developers who will work with the project and a group of volunteer codivers.
Beginning with this week, technology developers around the world can create their own decentralized apps using the tools available on the Inrupt website.
Berners-Lee Said he and his team aren't talking to "Facebook and Google about whether to introduce a complete change where all the business models are set on high edge overnight.
"We don't ask them for permission."
In a post on the Medium published on Saturday, Berners-Lee wrote that Inrupt's mission is to provide commercial energy and an ecosystem to protect the integrity and quality of the new web created by Solid.
In 1994 the Berners-Lee transformed the Internet when he established the World Wide Web Consortium at the Massachusetts Institute of Technology.
Berners-Lee has in recent months been an influential voice in the debate on net neutrality.
Also during the launch of Inrupt, Berners-Lee will continue to be the Founder and Director of the World Wide Web Consortium, Web Foundation and the Open Data Institute.
"I'm very optimistic about this new era on the web," Berners-Lee added.
Bernard Vann: Priest rewarded with Viktoria-cross during World War I celebrated
The only Priest in the Church of England who was rewarded with a Victoria cross during the First World War is now celebrated in his hometown 100 years later.
Lt Col Reverend Bernard Vann received the award for his actions during the attack on Bellenglise and Lehaucourt on September 29, 1918.
However, he was slaughtered by a sniper four days later and was never told that he had been awarded the British military's most prestigious prize.
A memorial stone was unveiled by his two granddaughters during a parade in Rushden, Northampton, on Saturday.
One of his granddaughters, Michael Vann, said it was "brilliant symbolically," that the stone should be revealed exactly 100 years after his grandfather was rewarded with the award.
According to London Gazette, Lt Col Vann on 29 September 1918 led his battalion over the Canal de Saint-Quentin "through a very thick fog and under heavy fire from field and machine guns."
He later rushed up to the fi fi fi firing line and led with "great valiantness" the line forward before he alone determined the battle.
Lt Col Won was killed by a German sniper on October 4, 1918 - a little more than a month before the end of the war.
Michael Vann, 72, said that his grandfather's actions were "something that I know I could never live up to, but something I'm very humble about."
He and his brother Dr James Vann also put down a wreath after the parade, led by Brentwood Imperial Youth Band.
Michael Vann Said he "feeling very honored to play a role in the parade" and added that "a genuine hero's courage is demonstrated by the support that will be given by many people."
MMA fans stayed up all night to watch Bellator 206 and instead got to see Greta Gris
Imagine this, you've paused all night to see Bellator 206 just to be denied watching the main event.
The show from San Jose contained 13 matches, including sex on the main card and was shown live at night in the United Kingdom on Channel 5.
At 6:00 a.m, just like Gegard Mousasi and Rory MacDonald prepared to face each other, the British viewers were surprised when the program suddenly changed to Greta Gris.
Many were unimpressed after they had stayed awake until the early morning hours to watch the match.
"A fan on Twitter described the program change to a cartoon child's program as "a sick joke."
"It was the government's decision that the content wasn't apprehended so early in the morning, so they had to switch to children's programs," Dave Schwartz, Bellator's deputy CEO of Marketing and Communications when asked about the broadcast.
"Greta pig, yes"
Bellator CEO Scott Coker said they will be working on their scheduling to better include British viewers in the future.
"I think we're going to be able to find a solution in terms of the replay," Coker said.
"But it's sex in the morning on a Sunday there and we won't be able to solve this until Sunday our time, Monday their time.
But we're working on it.
Belieg me, the program change upset many.
We tried to fix it, we thought it was a technical error.
In fact, it was a government issue.
I can't promise it won't happen next time.
'We will show five games instead of sex - as we normally do. We took ourselves water over our head in our quest to satisfy the fans.
“It’s an unfortunate situation.”
Desert Island Discs: Tom Daley Felt 'Infertile' Due to Sexuality
Olympic dimmer Tom Daley says felt inferior to his comrade during his upbringing because of his sexuality - but it also spurred him to be successful.
The 24-year-in-a-year-old said he didn't realize he wasn't like everyone else until graduating."
Supplied by Lauren Laver Neighbor, the First Radio 4 Desert Discs presented by Lauren Laverne, he spoke about gay rights to give others "hope."
He also said he cared less about winning the Olympics after becoming a parent.
The popular show's regular broadcaster, Kirsty Young, has taken a few months off due to illness.
During his disposable performance at Laverne's first program, Daley revitalizes how he felt "minor host" than others during his upbringing, because "it wasn't socially acceptable to like boys and girls."
"He said: ""This sense of feeling less worthy and feeling different has been a real source of the power and strength to succeed."
"He wanted to prove that he was "someone," he said, so he didn't betray everyone when they eventually found out about his sexuality.
The two-time Olympic bronze medalist has become a high-profile advocator for LGBT rights and exploited his appearance at this year's Commonwealth Games in Australia to convince more countries to decriminalise homosexuality.
"He said that he took the words because he felt he was lucky enough to be able to live openly without restrictions and wanted to give others "jump."
The three-premature World Champion Said His Love in a Man - American filmmaker Dustin Lance Black, whom he met in 2013 - "came as a surprise."
Daley married the 20-year-old Oscar-while last year but he said the age difference had never been a problem.
"When you go through so much at such a young age" - he took part in his first 14-year-old Olympics and his father died of cancer three years later - he said it was hard to find someone of the same age with similar life experience.
"The pair became parents in June of a son named Robert Ray Black-Daley, and Daley said his "whole life perspective" had substanticipated.
"If you'd asked me last year it was just about winning gold, he said.
"But do you know, there are bigger things than Olympic gold medals.
My gold medal is Robbie.
His son bears the same name as his father Robert, who died in 2011 at the age of 40 after being diagnosed with brain cancer.
Daley Said Dad Didn't Accomplice He'd Die And One of the Last Things He'd Possibly Asked Was If They'd Received Their Tickets to the London Olympic Games - Where He Wanted to Sit in the Front Row.
“I couldn’t tell him, “You won’t be able to sit on the front row,” he said.
"I held his hand when he stopped breathing and it wasn't until he hadn't actually stopped breathing and he was dead that I finally admitted he wasn't invincible," he said.
The following year, Daley competed at the 2012 Olympics.
"I just knew this was what I'd been dreaming of all my life - diving in front of a home crowd at an Olympic arena, there wasn't a better feeling," he said.
It also inspired his first song choice - Proud by Heather Small - a song that had followed him until the Olympics and that still gave him shivers.
The Desert Island Discs are broadcast on BBC Radio on Sunday at 11:15 BST.
Mickelson out of shape on bench on Saturday's Ryder Cup
American Phil Mickelson will hit a record on Sunday when he plays his 47th Ryder Cup match, but then he will have to fix the form to avoid an unfortunate milestone.
Mickelson, who played for the 12th time in a row, was benched by Captain Jim Furyk for Saturday's fourballs and foursomes.
Instead of being at the center of events, as he has often been for the United States, the five-time winner spent his day between acting hellocoat and to train on his game in the hope of getting a chance to show off his ability.
"He's never been the straightest of drivers, not even at the peak of his career and the 48-year-old isn't in the run-together ahead of the Tough Track at the Le Golf National, where the long ruff often penalties miss harshly.
"It'sn't just the trajectory detours, in the ninth-game on Sunday meets Mickelson champion Francesco Molinari, who, along with novice Tommy Fleetwood won all four games this week."
If the Americans, who are 4 points under ahead of the 12 single-timlies have tailwinds at the start, Mickelson's match could be absolutely crucial.
Furyk expressed confidence in his player, not that he could say much else.
"He fully understood the role that he had today, gave me a pat on the back and put his arm around me and said he'd be ready tomorrow," Furyk said.
“There’s nothing wrong with his self-confidence.
"He is a celebrity and he has added so much to these teams in previous seasons and during the past week."
I probably didn't think he'd manage to play two games.
'I thought he'd do more, but now it's as it is and we'll have to settle for it.
"He wants to be out there, just like everyone else."
On Sunday, Mickelson Nick Faldo's record for most Ryder Cup matches.
It could highlight the end of a Ryder Cup career that has never fully lived up to the elevations of his individual results.
Mickelson has 18 victories, 20 losses and seven halves, but Furyk said his attendance brought other qualities the team.
"He's funny, he's sarcastic, quirky, likes joking with people and he's a good guy to have in the team," he explained.
"I also think the younger players thought it was fun to play against him this week, which was fun to see.
He adds so much more than just games.”
European captain Thomas Bjorn knows that the big lead may soon be a thing of the mere
Thomas Bjorn, the European captain, knows from experience that a significant lead in the last-day singles in the Ryder Cup can quickly change into an unpleasant experience.
Dane scored his debut in the 1997 match at Valderrama, where a team under Seve Ballestero's leadership held a five-point advantage over the Americans but who ultimately won by the smallest possible margin with the result 141⁄2- 131⁄2.
"It reminds you that we led big at Valderrama, we led big at Brookline where we lost, and in Valderrama, where we didn't get away," Bjorn (in the photo) said after watching the 2018 class win 5-3 both last Friday and yesterday and lead by 10-6 at Le Golf National.
So the story will prove to me and everyone in the team that this isn't over.
Tomorrow we will give everything.
Go out and do everything right.
This isn't over until we see the points on the board.
Our goal is to try to win this trophy and that's where our focus lies.
"I've said it all the time, I'm focusing on the 12 players on our side, but we're well aware of what's waiting on the other side - the best players in the world."
Björn was happy with his players' performances on a tough golf course and added: "I would never cope with this myself.
There will be new challenges tomorrow.
Tomorrow it's the individual achievements that apply and it's a completely different matter.
"It's fun to be out with a partner when it's going well, but when you're out there on your own, your capacity as a golfer is fully tested.
It's the message that you need to convey to the players, to get the best out of yourself tomorrow.
"Now you leave your partner behind and he also has to go and get the best out of himself."
Contrary to Bjor, opponent Jim Furyk wants the players to perform better individually than they did as partners, except Jordan Spieth and Justin Thomas, who combed home three points out of four.
Furyk himself has been on both sides of major reversals in the last days of a race, both in the winning team in Brookline before quitting as a loser when Europe drove "Miracle at Medinah."
"I'll remember every fucking word of it," he said in response when asked how Ben Crenshaw, captain in 1999, had assembled his players ahead of the last day.
"We've got 12 important games tomorrow, but you'd like to go out as quickly as at Brookline, as at Medinah.
When the pace gets started in one direction, there will be a lot of pressure on these mid-matches.
'We made our line-up and placed the guys as we wanted because, you know, create some magic tomorrow.'
Thomas was given the task of trying to lead the fight and meets Rory McIlroy in the top game, while Paul Casey, Justin Rose, Jon Rahm, Tommy Fleetwood and Ian Poulter face the other Europeans in the top half of order.
"I went with this group of guys in this order because I think it's enough all the way," Bjorn said of his single choices.
Germany's new warship postponed again
The German navy's newest frigate would have been launched in 2014 to reimburse warships of the Cold War, but it won't launch until at least next year due to inaccurate systems and high costs, local media reported.
Incorporation of "Rheinland-Pfalz," the lead ship for the all-new Baden-Wuerttemberg frigates, has now been postponed until the first half of 2019, according to the Die Zeit newspaper quoting a military spokesman.
The ship should have joined the navy as early as in 2014, but the after-delivery problems arose were fatal for the ambitious project.
The four Baden-Wuerttemberg-class ships commissioned in 2007 will reimburse the aggravating Bremen frigates.
They will feature a vigorous cannon, a string of anti-aircraft and anti-ship missiles, as well as some stealthy techniques, such as reduced radar, infrared and acoustic signature.
Other important functions include longer maintenance periods - it should be possible to station the newest frigates for up to two years without contact with home ports.
But Continuing delays mean the cutting-edge war ships - which allow Germany to project power abroad - are already obsessive when they're put into operation," Die Zeit wrote.
The dire F125 frigate made headlines last year, when the German navy officially refusing to put the ship into operation and returned to Blohm & Voss shipyard in Hamburg.
This was for the first time the navy returned a ship to a shipbuilder after delivery.
Little was known about the causes of the remnant, but German media indicated a number of important "software and hardware flaws" which made the warship useless if it was used on a combat mission.
Deficiencies in the software were particularly important as ships in the Baden-Wuerttemberg class will be driven by a staffing of about 120 sailors - only half the crew of older frigates in the Bremen-Class.
It also emerged that the ship has a significant excess weight, leading to impaired performance and limiting the navy's ability to carry out future upgrades.
The 7,000-three-grey "Rheinland-Pfalz" is presumed to be dual as monotonous vessels used by the Gentlemen during World War II.
Aside from inaccurate hardware, even the entire project's price tag - including the training of the crew - becomes a problem.
It is said to have amounted to staggering $3.1 billion ($3.6 billion) - compared to €2.2-billion-in-earth.
Difficult problems affecting the latest Fridays become particularly important in the light of recent warnings that Germany's naval power is declining.
Earlier this year, Hans-Peter Bartels acknowledged, the head of the German Parliament's defence committee, that the navy actually "begins to have a shortage of fully-equipped ships."
"The official said it is a growing problem, because old ships are decommissioned but no replacement ships were provided.
He deplored that none of the Fridays in the Baden-Wuerttemberg class could join the Navy.
The National Trust eavesdrops to bats' secret life
New research carried out on a real estate in the Scottish Highlands aims to reveal how bats use the landscape in their pursuit of food.
We hope that the results will shed new light on the behavior of unique flying mammals and help guide future conservation activities.
The study, carried out by researchers at the National Trust for Scotland, will follow south and dwarf fispistral as well-browed and Daubenton flatter mice at Inverewe Gardens in Wester Ross.
Particular recorders will be placed in key locations around the property to track bat activities throughout the season.
NHS personnel and volunteers will also conduct mobile surveys using hand-held detectors.
Expert audio analysis of all recordings will determine the frequency of flutter mouse sounds and which species do what.
A habitat map and report will then be produced to create a detailed area image of their behavior.
Rob Dewar, nature conservation adviser for NTS, hope the results will reveal which areas of habitat are most important for the bats and how they are used by each of the species.
This information will help to determine the benefits of habitat-management work such as meadow-poison creation and how best to maintain forest lands for bats and other related species.
Bat populations in Scotland and in the United Kingdom have declined significantly over the past century.
They are threatened by construction and development work that affect nests and habitat loss.
Wind turbines and lighting can also pose a risk, such as aircraft and some chemical treatments of building materials as well as attacks from house cats.
Bats aren’t blind.
But because of their nocturnal hunting habits, their ears are more useful than their eyes when it comes to capturing precipitates.
They use a sophisticated eco-localization technology to find insects and hurdles in their airway.
NTS, which is responsible for the care of more than 270 historic buildings, 38 important gardens and 76,000 hectares of land around the country, takes bats very seriously.
The organization has ten-educated experts, who regularly carry out examinations, scrutinize nests and sometimes carry out rescue operations.
The organization has also established Scotland's first and only dedicated bat reserve on the Threave Estate in Dumfries and Galloway, home for eight of Scotland's ten bat species.
Property manager David Thompson says the property is the ideal area for them.
"Here at Threave we have a good area for bats," he said.
"We've got the old buildings, lots of veteran trees and a variety of beneficial habitats.
"But there's a lot about bats that are still unfamiliar, so the work we're doing here and on other properties helps us understand more about what they need to thrive."
He emphasizes the importance of searching for bats before carrying out maintenance in real estate, as it is possible that unintentional destruction of a single nest could kill up to 400 shepherds and young, and possibly wipe out an entire population.
Bats are protected and it is illegal to kill, bothernate or disturb them or destroy their nests.
Elisabeth Ferrell, the Scottish officer of the Bat Conservation Trust, has encouraged the public to help.
She said: "We still have a lot to learn about our bats and for many of our species we don't know how their populations are doing."
Ronaldo rejects rape verdict while his solicitor threatens to sue German newspaper
Cristiano Ronaldo has summoned the rape allegations against him "false news" and says people "want to promote themselves" by using his name.
His solicitations will sue the German newspaper Der Spiegel, which published the claims.
Portugal's and Juventus forwards have been accused of raping an American woman, Kathryn Mayorga, at a Las Vegas hotel in 2009.
"He allegedly Paid Her $37,5,35,000 to keep quiet about the incident," Der Spiegel reported on Friday.
In a Live video on Instagram, Ronaldo (33) broke down the reports as “fake news” when he spoke to his 142 million followers, just hours after the demands were reported.
"No no no no no no.
What they said today was fake news,” the five-premature Ballon d’Or winner told the camera.
"They want to market themselves by using my name.
- It's normal.
They want to become famous by using my name, but it's part of the job.
'I'm a happy man and everything good," the player said, smiling.
Ronaldo's lawyers are precipitizing Der Spiegel over claims, which they have dubbed "an unauthorized reporting of suspicions of privacy," according to Reuters.
Advocate Christian Schertz said the player would seek compensation for "moral injury at an amount corresponding to the seriousness of the violation, which is probably one of the most serious violations of personal rights in the last few years."
The alleged incident is said to have taken place in June 2009 in a suite at the Palms Hotel and Casino in Las Vegas.
After being met at a nightclub, Ronaldo and Mayorga went back to the player's room, where he reportedly raped her anally, according to documents filed at the Clark County District Court in Nevada.
Mayorga alleges that Ronaldo knelt down after the alleged incident and told her he was "99 per cent" a "good guy" betrayed by the "last per cent."
According to the documents, Ronaldo had reaffirmed that the couple had sex, but that it was with consent.
Mayorga also argues that she went to the police and took photographs of her injuries at a hospital, but later agreed a conciliation because she felt "saved for retaliation" and was worried about "getting humiliated in public."
The 34-year-year-old says she is now trying to reschedule conciliation because she continues to be thwarted by the alleged incident.
Ronaldo was about to join Real Madrid from Manchester United at the time of the alleged assault, and this summer he moved to the Italian giant Juve in a €100-million-dollar agreement.
Brexit: UK 'will forever undo' to lose automaker
Britain "would undo it forever" if one lost its status as a world-learned car manufacturing post-Brexity, business minister Greg Clark has said.
He added it "worrying" that Toyota UK had told the BBC that if the UK left the EU without a deal, they will temporarily cease production at Burnaston factory, near Derby, near Derby.
"We need an agreement," Clark said.
The Japanese car producer announced that the effects of delays at the border in the event that no agreement is concluded could result in lost jobs.
Burnaston plant - which produces Toyota's Auris and Avensis - produced nearly 150 000 cars last year, of which 90% were exported to the rest of the EU.
"My opinion is that if the UK leaves the EU by the end of March we will see production stoppages in our factory," said Marvin Cooke, Toyota CEO of Burnaston.
Other British automakers have communicated their concern about leaving the EU without a deal on how cross-border trade will operate, including Honda, BMW and Jaguar Land Rover.
BMW says, for example, it will close its Mini-government in Oxford for a month after Brexit.
The main problem concerns what car manufacturers say are risks to the supply chain in the event of a Brexit unscheduled.
Toyota's production line is run on the "just-in-time" basis, with parts coming every 37 minutes from suppliers in both the UK's and the EU for cars commissioned.
If the UK leaves the EU without an agreement on 29 March, it could lead to disturbances at the border the industry says could lead to delays and a lack of parts.
It would be impossible for Toyota to keep more than one-day consumption in stock at its Derbyshire factory, the company said.
Clark Said Theresa May's Chequer's plan for future relations with the EU is "acractally calibrated to avoid checks at the border."
"We need a settlement. We want the best deal that enables, as I say, not just success at the moment to be appreciated now, but for us to take care of this opportunity." he told BBC Radio 4's program Today.
"The statements from not just Toyota but other manufacturers are that we absolutely need to be able to continue what has been a very successful set of supply chains."
Toyota couldn't say how long production would be halted, but in the longer term warned that increased costs would reduce the plant's competitiveness and eventually cost jobs.
Peter Tsouvallaris, who has worked in Burnaston for 24 years and is the leader of the Unite union at the factory, said his members are increasingly worried: "My experience is that these jobs will never come back.
A government official said: "We have put forward an exact and credible plan for our future relationship with the EU."
Trump's meeting with Rosenstein could be delayed again, the White House
Donald Trump's meeting with Deputy Attorney General Rod Rosenstein could be "scared for another week" while the fight against Supreme Court nominee Brett Kavanaugh continues.
Rosenstein oversees the work of Special Adviser Robert Mueller, who investigates Russian involvement in the elections, relations between Trump and Russia and the president's potential impediment to justice.
Whether Trump will sack the Deputy Attorney General, thereby jeopardizing Mueller's independence, has been fueling Washington gossip for months.
Earlier this month, the New York Times reported that Rosenstein discussed the possibility of wearing wiretapping equipment to record conversations with Trump as well as the possibility of ousting the president via the 25th Amendment of the U.S. Constitution.
Rosenstein denied the report.
But on Monday he went to the White House, and reports that he would resign emerged.
Instead, a meeting was announced with Trump, who was then at U.N. Headquarters in New York, to be held on Thursday.
Trump Said He Would "Prefer" not sacrificing Rosenstein but then the meeting was presumed to avoid a contend with the Senate Judicial Councierity interrogations where Kavanaugh and one of the women who have accused him of sexual imperligibility, Dr Christine Blasey Ford, both testified.
On Friday, Trump ordered a one-Week FBI investigation of charges against Kavanaugh, which further delayed a full vote in the Senate.
Trump's press secretary, Sarah Sanders, spoke in Fox News on Sunday.
When she was asked about the meeting with Rosenstein she said: "A date for it hasn't been set, it could take place this week, or a postponement by a week considering all the other things happening at the Supreme Court.
"But we'll see, and I always like to keep the press up to date."
Some reporters would dispute that claim: Sanders has not had a press conference from the White House since September 10.
Host Chris Wallace asked why.
Sanders Said the Lack of Press Conferences Was Not Due to Any Disapprovy Against TV Reporters "Playing for the Gallery," even though she said: "I agree with the fact that they are playing for the gallery."
She then said that direct contact between Trump and the press will increase.
"The president holds more woe sessions than any president ahead of him," she said, not quoting evidence: "We've looked at those numbers."
Conferences will still take place, Sanders said, "if the press gets the chance to ask questions directly to U.S. president, it's infinitely better than talking to me.
"We try to do this often and you've seen us do a lot in the last few weeks and it will replace press conferences, and you can then ask questions directly to the President of the United States."
Trump regularly responds to questions when he leaves the White House or attending open-site sessions or press conferences with visiting dignitaries.
Solo-repress conferences are rare.
In New York this week, the president perhaps showed why, with spontaneous remarks and sometimes bizarre appearances ahead of the assembled reporters.
Health minister writes to EU employees at NHS Scotland with regard to concerns about Brexit
The health minister has written to EU staff working in Scotland's NHS to express the country's gratitude and desire for them to remain after Brexit.
Jeane Freeman, the MSP, sent a letter less than six months before Britain pulls out of the EU.
The Scottish Treasury has already undertaken to cover the cost of dismantled status applications for EU citizens working in its devolved public sector.
In the letter, Freeman wrote: "During the summer, negotiations between the UK and the EU on secession have continued, ahead of decisions that are expected to come this autumn.
But the British government has also intensified its preparations for a possible scenario without agreement.
I don't know this has to be a very troubling time for all of you.
That's why I want to repeat how much I value each co-accompanied person's efforts, regardless of nationality.
Colleagues from all over the EU, and the rest of the world, provide valuable experience and expertise that strengthens and improves the work of healthcare and benefits the patients and communities we serve.
Scotland is Definitely Your Home And We Really Want You to Stay Here.
Christion Abercrombie Undergoes Emergency Surgery After He Sustained Confidence
Tennessee State Tiger's lineback Christion Abercrombie underwent an emergency operation after suffering a head injury in Saturday's 31-27 loss against Vanderbilt Commodores, Tennessean's Mike Organ reported.
Tennessee State's head coach Rod Reed told reporters that the injury happened just before half-time.
"He got on the sidelines and just collapsed," Reed said.
Trainers and medical personnel gave Abercrombie oxygen on the sideline before being placed on a stretcher was passed out for further evaluation.
A representative from Tennessee State told Chris Harris of WSMV in Nashville, Tennessee that Abercrombie was operated at Vanderbilt Medical Center Hospital.
Harris added that "there's no data on the type/exposure of the damage yet" and the Tennessee State is trying to find out when the damage happened.
Abercrombie, a second-year-old student, is in his first season with the Tennessee State after a transfer from Illinois.
He had a total of five tackles on the Saturday before he left the match, giving him a season total of 18 tackles.
Foreign Buyers Will Be Charged Higher Platine Duty When Purchasing a Property in the UK
Foreign buyers are allowed to pay higher cloak duty when they buy property in the UK, and the extra money is used to help homeless, according to the Tory party's new plans
The measure will neutralize Corbyn's success in attracting young electors
Raising the stamp duty will apply those who do not pay taxes in the United Kingdom
The UK Treasury Treasuries bringing in up to £120 million a year to help the homeless
Foreign buyers should be allowed to pay a higher stamp duty when they buy property in the United Kingdom. The extra money is to be used to help the homeless, which will be announced by Prime Minister Theresa May today.
The measure will be perceived as an attempt to neutralize Jeremy Corbyn's success in attracting young electors with promises of housing with more affordable prices and targeting high-income earners.
Raising stamp duty will be levied by individuals and corporations that do not pay taxes in the UK. The extra money should give a boost to the government's efforts to combat homelessness.
In addition to the current stamp duty, including the higher levels that were introduced two years ago on holiday dwellings and homes purchased to be rented. It may be up to three per cent. It may be up to three per cent.
The Treasury ministry believes the measure will bring in up to £120million a year.
Approximately 13 per cent of newly re-built properties in London are bought by people who live outside the UK. This is pushing up prices and making it more difficult for first-time buyers to bring a foot into the housing market.
Many affluent areas of the country, especially in the capital, have become haunted cities due to the high number of foreign buyers who spend most of their time abroad.
"The new game comes just a few weeks after Boris Johnson called for a reduction in stamp duty to help more young people be able to buy their first home.
He blamed major construction companies to keep prices up by buying up land without using it, urging Theresa May to withdrevially waiving quotas on affordable housing to solve Britain's "deplorable housing situation."
Jeremy Corbyn has launched a startling sluggish proposal for housing reforms, including rental ceilings and an end to evocations without the tenant's fault.
He also wants to give municipalities a greater opportunity to build new homes.
Theresa May says: “The last year I said that I would spend my time as a Prime Minister re-establishing the British dream, that life will be better for every new generation.
This means resolve the problems in the housing market.
Britain will always be open to people who want to live, work and build a life here.
"But it can't stand right when it's just as easy for people who don't live in the UK, and even for businesses based abroad, to buy homes as for hard-working residents of our country.
“The dream of owning your dwelling has for too many people become a distant dream, and homelessness remains an undignificant fact.”
Jack Ross: 'My ultimate goal is to practice Scotland'
Sunderland-leader Jack Ross says his "final goal" is to at some point become Scotland's coach.
The 42-year-old Scots are looking forward to the challenge of blowing life into the club from north-eastern England, which is currently in third place in the League One, three points from the top.
He relocated to the Stadium of Light this summer after leading St Mirren back to the Scottish Premiership last season.
“I wanted to play for my country as a player.
"I played a match in the B national team and that was it," Ross told the BBC Scotlands Sportsound.
“But when I was growing up, I looked a lot of Scotland at Hampden with my dad, and it has always lured me back.
But that chance can only come if I succeed in leading a club.”
Ross's representatives as coach of Sunderland is Dick Advocaat, David Moyes, Sam Allardyce, Martin O'Neill, Roy Keane, Gus Poyet and Paulo Di Canio.
The former leader of Alloa Athletic says he wasn't worried about receivating such established names in such a big club. He's previously declined offers from Barnsley and Ipswich Town.
“Right now I’m graduating success based on the answer to the question ‘can I get this club back to the Premier League?’
"This club absolutely belongs in the Premier League, considering its structure and talent," he said.
"It's not easy to get there, but I'd probably only see myself as a successful way if I can get the club back there."
Ross has only been a coach for three years, after a period as an assistant coach in Dumbarton and a 15-month-long sejour as a member of the Heart's coaching team.
Then he helped Alloa come back from relegation to the third division, lifting St Mirren from being close relegation to becoming the winner of the championship title the following season.
Ross says he's more at ease now than ever during his playing career in Clyde, Hartlepool, Falkirk, St Mirren and Hamilton Academical.
"It was probably a crossroads," he recalls, referring to when he enrolled the command of Alloa.
“I really thought that leadership was just right for me, in a completely different way than playing.
"It sounds strange, because I had okay results and could live decently on it. In addition, I had some great successes.
But playing can be tough.
There is a lot you have to get through every week.
It's still the stress and pressure at work for me, but exercising feels just right.
"I've always wanted to train and now I do. I'm feeling better than I've ever done throughout my adult life."
Listen to the full interview in Sportsound, on Sunday, September 30 at Radio Scotland between 12:00 a.m. and 13:00
A survey shows that the perfect time to have a beer is 17:30 on a saturday
This summer's heatwave has meant increased revenue for the country's struggling pubs, but the restaurant chains have gained more pressure.
Figures showed that pub and bar conciers increased sales by 2.7% in July, but restaurants' revenue fell by 4.8%.
"Continued beautiful weather and meteorological weather and England remained in the World Cup than waited to see a similar pattern in July in July compared to June, when the pubs went up 2.8%. However, the restaurants had even greater difficulties.
Decrease in restaurants' turnover by 1.8% in June only got worse in July.
Pubs and bars that mainly offer drinks exhibited the absolute best result with numbers for the same period last year that had gone up more than the restaurants had gone down.
Pubs that offer food also had a hard time in the beautiful weather, although it wasn't as dramatic as for restaurant owners.
People only seem to have wanted to go out and drink something.
The verdict on managed pubs and bars went beverage sales up by 6.6% that month, and food sales down by 3%.”
Paul Newman at serving and entertainment retailer RSM says: “These results are a continuation of the trend we’ve seen since the end of April.
The weather and major sporting events are still the most important factors when it comes to sales in the catering market.
It's no surprise that the restaurant groups still have difficulties, although a sales decline of 4.8% each year is particularly difficult to handle in addition to ongoing cost pressure.
The long-dwelling summer couldn't have come more inconvenienced for companies powered by food sales. The time will tell about the more moderate temperatures we've had in August give some much-needed respite."
"The overall sales surgery at pubs and restaurants, including newly-applied establishments, stood at 2.7% in July. It reflects the fact that fewer new brands are now being launched.
The Coffer Peach Tracker in the UK collects and analyses data on how 47 active groups are going on over $9 billion, and is an established benchmark in the UK.
'One out of five children have secret social media accounts that they hide from their parents
A survey shows that one in five children, sometimes as young as the age of 11, have classified accounts on social media that they hide from their parents and teachers
A survey among 20 000 pupil pupils in upper secondary and upper secondary school shows an increase in the number of fake Instagram sites
The result has increased the concern that it is sexual content that is posted there
20% of students stated that they had a “main account” that they showed to their parents
One in five children, some as young as the age of 11, create social media accounts that they keep secret for adults.
A survey among 20,000 pupil pupils in upper secondary and upper secondary schools showed a rapid increase in the number of “false Insta accounts”, a reference to the image-sharing service Instagram.
The result has been diluted the concern that it's sexual content being posted there.
“20% of pupils stated that they have a clean “main account” that they can show to their parents, and they also have private accounts.
A mother who stumbled across her 13-year-old-year-old-year-hit's secret page found a teen urging others to 'violent me.'
According to the study, carried out by the organizations Digital Awareness UK and Headmasters and Headmistresses Conference (HMC) of independent schools, 40% of the children between the ages of 11 and 18 had two profiles, and half of them admitted they had private accounts.
The chairman of HMC, Mike Buchanan, says: "It's worrying that so many teens are twegged to create places on the internet where parents and teachers can't find them."
Eilidh Doyle Will Be 'Speaking of Athletes' On The Board of the Scottish Athletics Federation, Scottish Athletics
Eilidh Doyle has been elected to the Governing Board of Scottish Athletics as an external board member at the Annual General Meeting of the Governing Body.
Doyle is Scotland's most prized athlete athlete, and chairman Ian Beattie describes the election as an outstanding opportunity for those leading the sport to take advantage of her broad experience at the international level over the past decade.
"Eilidh has gained great respect throughout the Scottish, British and international sports world, and we are sure that the athletes in Scotland would benefit greatly from her becoming a member of the board," Beattie said.
Doyle says: "I'd love to be a voice for the athletes and I hope I can contribute and help lead the sport in Scotland."
The American, who won 200 meters and 400 meters at the Atlanta Olympics in 1996, has a total of four Olympic golds and is now expert commentator on the BBC. He lost the ability to go after a mini-stroke.
“Today, a month ago I had a Stroke.
- I couldn't go.
The doctors said that the time had to exhilarate if I should recover, and to what extent.
It's been hard work, but I've fully retired, learned to walk again and now I'm doing mobility exercises!
“Thank you for all the encouragement.”
Advertising for breast pumps that compare mothers with cows parts internet
A company that sells breast pumps has caused disagreements on the internet with an ad that compares breastfeeding mothers with cows being milked.
To draw attention to the launch of what is said to be “the world’s first silent portable breast pump”, the consumer tech company Elvie has released a music video-in-piroined commercial with a humorous appropriation to show what freedom the new pump gives mothers pumping breast milk.
Four real-life mothers dance in a haught-filled barn with cows to a lyric lines like: “Yeah, I’m milking myself, but don’t have a tail” and “If you didn’t know it, this isn’t a udder, but tits.”
The chorus continues: “Pump out, pump out, I feed the babies, pump out, pump out, I’m milking the ladies.”
However, the commercial, which has been posted on the company's Facebook page, has wreaked on the internet.
The film has received 77,000 views and hundreds of remarks, and has faced mixed reactions from the viewers. A lot of people say that it sheds light on the dairy industry “phases”.
“A very poor decision to use cows to promote this product.
Just like us, they have to get pregnant and give birth in order to produce milk, but their cubs are taken away from them just a few days after the birth,” one person wrote.
Elvie Breast Composite Can Be Carried Discreetly in a Nursing Bra (Elvie/Mother)
“You can understand that it is traumatic for both mother and child.
But surely, why not use them to advertise a breast pump for mothers who are allowed to keep their children?”
Another one adds: “Which reality-absent commercial.”
Others defend the film, and a woman concedes that she thinks the song is “hysterically funny.”
“I think this is ingenuous.
I'd have got one if I was still breastfeeding.
Pumping made me feel just like a cow.
The commercial is a little crazy, but I took it for what it was.
This is an ingenetical product,” someone wrote.
"This is a fun commercial that caters to mothers who pump (often in the workplace or in the bathroom) and feel like 'circumbrance'."
“This isn’t a movie that pays homage or condemns the dairy industry.”
At the end of the film, the victor reveal that they have all danced with the discretency pump tweezed into the bra.
The concept behind the campaign is based on a lot of women pumping milk saying they feel like cows.
"But the Elvie pump is completely silent, has no cables or pipes and can be carried discreetly into a nursing bra, giving the women the freedom to move, keep their babies and even go out while they are pumping.
Ana Balarin is a co-owner and ECD of the Mother, and she says: “Elvie pump is such a revolutionary product that it deserves a bold and provocative launch.
By pulling a parallel between women pumping breast milk and dairy cows, we wanted to put light on breast pumping and the challenges with it, at the same time as we in an entertaining and easily recognisable way show what an incredible sense of freedom the new pump provides.
This isn't the first time the Elvie pump makes headlines.
During London's fashion week, a two-grandmother appeared on the catwalk with clothes by designer Marta Jakubowski at the same same time as she used the product.
Hundreds of migrant children quietly moved to a tent camp near the Texas border
The number of detaineted migrant children has skyrocketed even if the number of people crossing the border each month is relatively unchanged. This is partly because vicious rhetoric and harsh policies that have been imposed by government Trump have made it more Difficulty Placing the Babies of Referees.
In the past, most referees themselves have been undocumented immigrants, and afraid to put their own opportunities to stay in the country at stake by declaring themselves willing to receive a child.
The risk increased in June when federal authorities announced that potential reference persons and other adult members of the household would be required to provide fingerprints, and that the data would be shared with the immigration authorities.
Last week Matthew Albence, a senior civil servant at the Immigration and Customs Service, testified before the congress that the authority had apprehended dozens of people who had applied to be referring officials for unaccompanied minors.
The agency later confirmed that 70 % of those deprived were not previously known by law enforcement authorities.
“Nearly 80% of people who are either referees themselves or family members of referees are illegal in the country, and a large part of them are criminal foreigners.
So we keep persecrating these individuals," Albence Said.
In order to deal with children's cases more quickly, civil servants have introduced new rules that require some of them to appear in court within one month of detaining, rather than after 60 days, which was previously the practice, according to staff at the reception centres.
Many of them are present on a video link rather than in-sporing of legal status before an anti-immig.
Those who are not judged to have the right of protection deport are quickly deported.
"The longer the children are detained, the more probable it is that they suffer from anxiety or depression, which can lead to violent outbreaks or escape attempts, according to staff at the camps and reports that have come from the system in recent months."
Advocators say the unrest rises at major facilities like Tornillo, where signs that a child is having a hard time more likely being ignored, due to the size of the facility.
They add that if children are moved to the tent city without having enough time to prepare emotionally and say goodbye to friends, exacerbating the trauma many can already wrestle with.
Syria calls for U.S., french and 'occupation forces' to rectify immediately
In a Speech to the United Nations General Association, Foreign Minister Walid Al-Moualem also called on Syrian refugees to come home again, despite the war in the country in its eighth year.
Moualem, who is also deputy prime minister, said the foreign forces find themselves illegally on Syrian soil, on the pretext of fighting terrorism, "will be dealt with accordingly."
"They must withdraw immediately and unconditionally," he told the General Assembly.
Moualem underlined "the War on Terror Is Almost Over" in Syria, where more than 360 000 people have died since 2011, and millions left their homes.
"He said the Damascus government would continue to "fight this holy blow until we have liberated all Syrian territories" both from terror groups and "all illegal foreign presence."
The U.S. has approximately 2,000 troops in Syria, who mainly train and advise both Kurdish forces and Syrian arabs who are opposed to President Bashar al-Assad.
France has more than 1,000 soldiers on the ground in war-ravaged land.
As for the refugees, Moualem said that the circumstances are good for them to come home, accusing “certificate “certificant Westerners” of “spreading irrational fears” who are able to prevent refugees staying away.
"We have urged the international community and anti-warm organizations to facilitate their return," he said.
"They politicize something that should be a purely humanitarian issue."
The U.S. and the EU have warned that there will not be any help for reconstruction to Syria until there is a political agreement between the Assad and the Opportunance to end the war.
U.N. diplomats say that a recent agreement between Russia and Turkey to establish a buffer zone in the last major rebel stronghold Idlib has created an opportunity to move forward with political talks.
The Russian-Turdish agreement rejected a large-ranging bouncourage of Russian-swegged Syrian troops against the province, which has three million inhabitants.
Moualem emphasized, however, that the agreement had "clear deadlines," expressing hope that a military intervention would be directed against jihadists, including fighters from the Al Qaeda-coupled the Nusra Front, which "will be wiped out."
U.N. envoy Staffan de Mistura soon hopes to convene the first rallies in a new committee consisting of government members and members of the opposition, to make a draft post-war constitution for Syria and pave the way for elections.
Moualem posed conditions for the Syrian government's participation in the committee, saying that the group's work would be limited to "re-examination of the articles of the current constitution," and warned against interference.
Why Donald Trump Will Win a Re-election
With that logic, Donald Trump would win re-election in 2020 unless his presidency ends prematurely by impeachment and scandal, which many liberal viewers are probably hoping for.
In what would undoubtedly be “the most dramatic finale of a presidency ever!”
At the moment there is no sign that the viewers got tired.
Since 2014, the viewing figures at the best broadcast time have more than doubled to 1.05 million on CNN, and are nearly three times as high, 1.6 million, on MSNBC.
Fox News has an average of 2.4-million viewers on best broadcast time, which is an increase from $1.7 million four years ago, according to Nielsen. MSNBC "The Rachel Maddow Show" has topped lists for cable channels with as many as 3.5 million viewers in major news nights.
“It’s like a fire that people are attracted, because that’s something we don’t understand,” said Neal Baer, who is pushing the show for the ABC drama “Designated Survivor,” which is about a Cabinet secretary who becomes president after an attack has destroyed Capitol.
Nell Scovell is a multi-year-old comedy author and has written “Just the Funny Parts: And a Few Hard Truths About Sneaking Into the Hollywood Boys’ Club”.
She remembers a taxi ride in Boston prior to the 2016 election.
The driver told him he would vote for Donald Trump.
“Why?” she asked.
"He said, "Because he makes me laugh," Nell Scovell tells me.
In the chaos there is an entertainment value.
Of course it is the case that, unlike everything else on TV, reporting from Washington can determine the future for the legal case on the abortion issue, Roe vs Wade, whether immigrant families can be reunited and the well-being of the global economy.
Shutting down is a buurnictarian that only the most privileged viewers can afford.
Nevertheless, it goes beyond being an informed citizen when you have suddenly sat and looked for six hours at an expert panel debating Bob Woodward's use of "deep background sources" to his book "Fear," Paul Manafort's bomber jacket of ostrich sleigh for $1,500 ("a garment filled with hubris," as the Washington Post said) and the meaning of Stormy Daniel's macabre descriptions of Donald Trump's.
I myself will never look at Super Mario the same way again.
"Some of what he's doing that makes it feel like a reality series is that he comes up with something every night," said Brent Montgomery, CEO of Wheelhouse Entertainment and creator of "Pawn Stars," about the Trump enchanting role-character and daily intriguing (mucka quarrel with the NFL, Praise Kim Jong-un).
If you're missing a single episode, you'll fall behind.
When I spoke to TV producer Mr. Fleiss this week, it was sun and 27 degrees outside his house in northern Kauai in Hawaii, but he was owling indoors watching MSNBC while he recorded a broadcast from CNN.
"He couldn't tear himself, not when Brett Kavanaugh would face the Senate Judiciary's Committee of Attorney and the future of the Supreme Court lay in the balance.
“I’ll remember when we’ve done all those crazy programs in the past and people said, ‘This is the beginning until the end of Western civilization.
"I thought it was some kind of joke, but it turned out they were right."
Amy Chozick, who is an independent writer for The Times and writes about economics, politics and the media, is the author of the biography ‘Chasing Hillary’.
Money from outside flows into the smoothest race ever ahead of mid-inter-election
Unsurprisingly, Pennsylvania's 17th congressional district is receiving tons of money. It's thanks to a restructuring of a congressional district that has made two MPs now compete for the same place.
This newly re-drawn sub-suburbn district in Pittsburg is represented by Democrat Conor Lamb, who earned its place in another district at a special election last spring.
Lamb is campaigning against another member, Republican Keith Rothfus. He currently represents the old 12th district of Pennsylvania, which extensively overlaps the new 17th district.
The maps were redesigned after the Pennsylvania Supreme Court in January decided that the old districts were ruthlessly changed to the Republican advantage.
The closing in the new 17th district has caused a campaign funding battle between the largest parties' finance sections, the Democratic Campaign Congressional Committee, (DCCC) and the National Republican Campaign Committee (NRCC).
Lamb became an acquaintance's name in Pennsylvania after a scarce win in a wide-ranging special election in March to Pennsylvania's 18th congress district.
That place had been held by a Republican for over a decade, and President Donald Trump won the district by 20 points.
Political experts had given the Democrats a certain head start.
U.S. conceded penalizing El Salvador for China support but then reversed
Diplomats noted that the Dominican Republic and Panama had already recognized Beijing, with little resistance from Washington.
Donald Trump had a warm meeting with Panama's President Juan Carlos Varela in June 2017, and had a hotel in Panama, until co-owners evicted the Trump organization's leadership team.
Servants at the U.S. State Department decided to call home the heads of the U.S. missions in El Salvador, the Dominican Republic and Panama due to "necessary decisions to no longer recognize Taiwan," the ministry spokesman Heather Nauert said in a statement earlier this month.
But only sanctions were planned against El Salvador, which received an estimated $40 million in U.S. aid in 2017. The money would, among other things, go to drug control and development and constitute financial support.
Proposed sanctions, including reduced financial assistance and targeted visa restrictions, would have hit the Central U.S. country with its high-unemployment and homicide statistics.
At the same time as the internal rallies, U.S.-Celential and Clin-UGregnists launched a high-level conference focused on security and economic prosperity to follow up a similar meeting last year, which was seen as a step in the right direction to prevent migrants from going to the United States.
But in mid-Septem's September, senior government officials made it clear they wanted the conference to take place, which in effect put an end to predisaggerations on sanctions against El Salvador.
Vice-President Mike Pence is now due to speak at the conference, which will take place in mid-October. It's a sign of how important the presidential administration considers the meeting to be," the diplomats said.
And the three American emissaries quietly returned to El Salvador, Panama and the Dominican Republic with no new harsh messages or punishments from Washington.
A spokesperson for John Bolton from the White House declined to comment on the details of the debate, which was described by the three U.S. officials, including two diplomats, who agreed to discuss internal deliberations against promise of anonymity.
Their accounts were reaffirmed by an external analyst who is close to the administration and who also spoke anonymously.
Study history
The next unavoidable step could be Special Investigator Robert Mueller's Report on Donald Trump's Alleged Violence, as there is now palpable evidence of in public records.
Mueller is also reportedly directing his investigation against whether Donald Trump's campaign collaborated with Russia in its assault on the US election.
If the congress were to change the majority, Trump will be held accountable to that congregation just as he is preparing to once again run for election, and perhaps ultimately in front of a Civic Jury.
"There are a lot of unsecured factors in this, and I don't want to claim that Trump will inevitably fall. So neither do his colleagues in Europe.
"We all have to meet different choices, on both sides of the Atlantic, which will affect how protruding the fight can be.
In 1938, German officers were ready to stage a coup d'état against Hitler if only the Western countries had resisted him and stood behind the Checkoslovacs in Munich.
We failed, and missed an opportunity to avoid the years of carnage that then ensued.
The history revolves around such crucial events, and the reluctant advance of democracy hasten either on or slowed.
The Americans are now faced with several of these crucial events.
What are we going to do if Donald Trump gives Deputy Attorney General Rod Rosenstein, the man who checks what's going to happen to Mueller's investigation, fired?
Rosenstein has been in difficulty ever ever since this newspaper reported that last year he allegedly suggested secretly recording the president, speculating that he wouldn't be suitable for office.
Rosenstein says The Times reporting isn't suing.
"How are we going to respond if the newly requested FBI investigation of Brett Kavanaugh is incomplete or unfair, or if he is allowed to take office in the Supreme Court despite credible allegations of sexual assault and false testimony?
And most of all, will we in the midterm elections vote for a concurrencing that keeps Donald Trump accountable?
If we fail in these tribulations, democracy faces a dark period.
But I don't think we're going to fail, because of the lesson I learned in Prague.
My mother was the Czechoslovak Jew and was deported to Auschwitz by the same Nazi Regime that once occupied my ambassador's residency.
Survived, immigrated to the U.S. and 60 years later she sent me away to light Sabbath candles on the table that was decorated with the swastika.
With it as a legacy, how could I be other than an optimist about the future?”
Norman Eisen is a long-time collaborator at the Brookings Institution and Chairman of the “Cititzens for Responsibility and Ethics in Washington”, as well as author of “The Last Palace: Europe’s Turbulent Century in Five Lives and One Legendary House.”
Graham Dorrans in Rangers are optimistic ahead of meeting Rapid Viennese
Rangers receive Rapid Wien on Thursday. They know victory against the Austrians after the impressive Spain match against Villarreal who finished the draw earlier this month will put them in a strong stand to qualify from Group G in the Europa League.
"A kmorca prevented midfielder Graham Dorran's from scoring his first appearance for the season, up to the 2-2 match against Villarreal. But he believes the Rangers can use the result as a springboard against greater success.
"That was a good point for us, because Villarreal is a good team," the 31-year-old said.
"We went into the game in the belief that we could get something, and walked away with a point.
Maybe we could have got it in at the end, but on the whole was probably a fair result.
They were probably better in the first half. We came again in the second half and was the better team.
Now on Thursday it will be an important evening in Europe again.
"Holy we can get three points, but it will be a tough match. They got a good result at their last game, but if we have the crowd with us we can safely snatch forward and get a good result.
Last year was very tough, with everything that happened with my injuries and the changes at the club, but now we have a good feeling.
Squad is good and the guys are having a lot of fun, the training is good.
"Hoscently we can move forward now, put last season behind us and succeed well.”
Women Sleep Possibly Due to Breach of Retirement Savings
Even though the participants in the survey had a clear picture of how they want to be cared for, there were few who talked to their family members about it.
Approximately half the people who participated in the nationwide study said they had talked to their spouses about the cost of long-term care.
Only 10% said they'd talked to their kids about it.
"People want a family member to take care of them, but they don't take the plunge and talk about it," said Holly Snyder, vice-president of life insurance at Nationwide.
Here's how you can start.
Speak with your spouse and the children: You can’t prepare your family to treat you if you don’t talk about how you want it in good time.
Work with your advisers and your family and discuss where and how you want care. Your choices can be of great importance for the costs.
Encourage your financial adviser: Your adviser can also help you find a way to pay for the costs.
Your long-duntanchoice choices may include a traditional long-term care insurance solution, a life-devesurance with cash insurance to cover the costs, or self-insurance with your own resources, if you can afford it.
Establish legal documents: Avoid legal violations from the outset.
Establish a health care authorization, so that you can designate a trusted person who is reviewing your medical care and ensuring that healthcare professionals follow your desires if you become incapacitated to communicate.
Also consider a power of attorney for your finances.
You then choose a trusted person who can make financial decisions in your place and make sure that your bills will be reimbursed if you are incapacitated.
Don't forget the details: Imagine that you have an elderly parent who falls into an acute medical condition and is on your way to the hospital.
Would you then be able to answer questions about medications and allergies?
Write down such details so that you are ready.
"It's not just the economy that's at stake, but who's the doctors?" asked Martin.
“Which medications is it?
Who takes care of the dog?
Make sure to have the plan ready.”
Man shot several times with air rifles in Ilfracombebe
"A man was shot several times with air rifles when he walked home from a night out.
The Victim, who is in his 40's, found himself in the area of Oxford Grove in Ilfracombe in Devon when he was shot in his chest, abdomen and hand.
The police deprives the shooting, which took place about 2:30 p.m, as a “single incident”.
Sacrifice didn't see his aggressor.
Injuries are not life-threatening, and police are urging witnesses to get in touch.
Earthquakes and tsunamis in Indonesia
At least 384 people have been hailed in a vigorous quake and tsunami that hit the city of Palu in Indonesia last Friday. That's according to officials. The death rate is expected to rise.
Conversations are knocked out, and bail-out personnel have not yet been able to obtain any information from Donggala, an area north of Palu which is closer to the epicenter of the quake.
More than 16 000 people were evacuated from Palu after the catastrophe.
Here are some facts about Palu and Donggala, located on the island of Sulawesi:
Palu is the capital of the province of central Sulawesi, and is located in a narrow bay on the west coast of the island of Sulawesi. The city's population was estimated at 379 800 people in 2017.
Celebrating its 40th Anniversary When the Earthquake and Shosleaw struck.
Donggala is a management area that stretches along more than 300 km of northwestern Sulawesis coast.
The management area, which is an administrative region under a provincial, had in 2017 a population estimated at 299 200 people.
The pillars of the province Central Sulawesis economy are fishing and agriculture. This is especially true of the coastal region of Donggala.
Nickel mining is also significant in the provincial province, but it is mainly concentrated in Morowali, on the opposite coast of Sulawesi.
Palu and Donggala have been hit by tsunamis several times in the last hundred years, according to Indonesia's disaster management authority.
In 1938, more than 200 people were killed by a sncidence that destroyed hundreds of houses in Donggala.
Even in 1996, western Donggala was hit by a snctuight that killed nine people.
Indonesia lies in the circumocific seismic fire ring, which is often afflicted with Earthquakes.
Here are some of the largest earthquakes and tsunamis in recent years:
In 2004: A major earthquake at the west coast of Indonesian Aceh province on northern Sumatra on 26 December triggered a tsunami affecting 14 countries. 226,000 people died along the coasts of the Indian Ocean. More than half of them were in Aceh.
2005: A series of powerful earthquakes hit Sumatra's west coast in late March and early April.
Hundreds of people died on the island of Nias, off Sumatra's coast.
IN 2006: A magnitude 6.8 on the Richter Scale struck south of Java, Indonesia's most populpied island, triggering a sncent tsunami slapping over the southern coast, killing nearly 700 people.
2009: A 7.6 demarcation embossed near the city of Padang, the capital of the province of Western Sumatra.
More than 1,100 people died.
IN 2010: A magnitude 7.5 earthquake hit one of the Mentawai Islands outside Sumatra. A tsunami of up to ten metres was triggered. Dozens of villages were destroyed and around 300 people were killed.
2016: A root-early earthquake struck the Pidie Jaya in Aceh management area and caused destruction and panic, when people were reminiscent of devastation at the deadly quake and tsunami in 2004.
At this time no tsunami was triggered, but more than 100 people were killed by buildings falling apart.
2018: Large earthquakes affected the Indonesian tourist island of Lombok. More than 500 people died, most on the northern side of the island.
The Earthquake devascreated thousands of buildings, and thousands of tourists were temporarily stranded.
Sarah Palin's eldest prodigy charged with domestic violence
Track Palin, the eldest son of former Alaska governor and vice-presidential nominee Sarah Palin, has been deprived accused of mischievous.
Palin, who is 29 and from Wasilla in Alaska, was deprived on suspicion of domestic violence, for sublating in a notification of domestic violence and for opposing arrest, according to a report released on the Saturday of Alaska's state police.
According to the police report, he took the phone away from a female acquaintance who tried to call the police and report the alleged crimes.
Palin is deprived in the Mat-Su-descendant and is held on bail of $500 to be paid if the suspect violates bail conditions, according to television channel KTUU.
He appeared in court on Saturday, decluding "guaranteed non-accompulsory" when he was asked to state his position, according to the television channel.
Palin is suscepted for three cases of less serious offense according to Class A, which means he could get imprisonment for up to a year and $250 000 in fines.
"He's also been blamed for a case of less serious crime under Class B, punished by a day in prison and $2,000 in a fine.
It's not the first time Palin has been rallied for crime.
In December 2017, he was accused of violating his father, Todd Palin.
His mother, Sarah Palin, called the police to report the alleged crime.
The case is now dealt with by the Alaska Veterman's Court.
In January of 2016, he was accused of domestic violence, of sublating the notification of domestic violence and for possession of weapons under the influence in connection with that incident.
His girlfriend accusses him of slapping her in the face.
Sarah Palin was criticized by veteran groups in 2016 after she linked her son's violent behavior to post-traumatic stress disorder, stemming from his military service in Iraq.
Earth quake and snemourbation in Indonesia: Hundreds dead
At Least 384 people have died after an earthquake hit Sulawesi in Indonesia last Friday.
The Earthquake quake, which measured 7.5 at the Richter Scale, triggered a tsunami and has destroyed hundreds of homes.
Electricity supplies and communications are down, and the death toll is expected to rise in the next few days.
The quake struck just outside downtown Sulawesi, located north-east of Indonesia's capital Jakarta.
Movies that show when it struck circulate now on social media.
Hundreds of people had rallied for a beach festival in the city of Palu when the tsunami struck over the coast.
Federal Prosecutors Claim Rare Death Penalty for a Suspect of Terror Attack in New York
The Federal Prosecutors in New York are claiming the death penalty for Sayfullo Saipov, on suspicion of the terrorist attack in New York who killed eight people. It's a rare punishment that hasn't been enforced for a federal offenstate in the state since in 1953.
Saipov, 30, allegedly used a rental truck from the Home Depot construction and furnishing chain to carry out an attack on a bike path along the West Side Highway in Lower Manhattan. He mowed down pedestrians and cyclists in his way at the attack, which took place in October.
In order to justify a death sentence, prosecutors must prove that Saipov "intentionally" killed the eight victims and "deliberately" caused serious bodily injury, according to the letter of intent on the death penalty filed in the Southern District in New York.
Both accusations could mean a death sentence, according to the court document.
A few weeks after the attack, Saipov was prosecuted by a 22-document federal jury, including eight cases of homicide to support patronage, which is widely used by federal prosecutors in cases of organized crime, as well as the mistreatment and destruction of motor vehicles.
"Operational planning and intent,” prosecutors said, at the same time describing the way Saipov performed it as “disgusting, cruel and insurfamiliar.”
Sayfullo Habibullevic Saipov has caused family and friends of Diego Enrique Angelini, Nicholas Cleves, Ann-Laure Decadt, Darren Drake, Ariel Erlij, Hernan Ferruchi, Hernan Diego Mendoza and Alejandro Damian Pagnucco damage and loss," the letter of inheritance said.
Five of the victims were tourists from Argentina.
New York's southern district has not prosecuted in a case in which the death penalty in a decade.
Khalid Barnes was convicted of the murder of two drug dealers, but was eventually sentenced to life imprisonment in September 2009.
The last time the Death Penalty was enforced in a federal goal in New York was in 1953. Married couple Julius and Ethel Rosenberg were executed after being sentenced for stamping to espionage for the Soviet Union during the Cold War two years earlier.
The Rosenberg couple were both executed in the electric chair on June 19, 1953.
Saipov, who is an Uzbek citizen, according to the court documents, exhibited a lack of remorse during the days and months that followed the attack.
According to the police, he stated to the investigators that he was satisfied with what he had done.
Accompanied by the invocation, Saipov recounted the authorities that he got inspiration for the attack after watching ISIS movies on his phone.
"He was also asked to be allowed to put up the Is-flag in his hospital's room, the police stated.
He has declared himself uncommon to the 22 accusations in the indictment.
David Patton is one of the federal public defenders representing Saipov. He stated that they are "certainly disrespected" on the prosecutor's decision.
"We believe that the decision to request the death penalty instead of agreeing to life imprisonment without the possibility of parole if the defendant plead guilty only prolongs the trasury that these events have caused for everyone involved," Patton said.
Saipov's team of defenders had previously asked prosecutors not to call for the death penalty.
MEP from the Tories says NIGEL FARAGE should be accounted for Brexit negotiations
Nigel Farage vowed "mobilizing the People's Army" today during a protest at Torie's conference.
The former UKIP leader said politicians had to "feel the heat" from EU sceptics, when one of Theresa May's own MEPs suggested he should lead the negotiations with the EU.
Conservative member Peter Bone said at the march in Birmingham that the UK had already "would have gone out" if Nigel Farage had been Brexit minister.
However, the challenge faced by Theresa May when it comes to reconciling has been exacerbated by EU-positive Tory members, who have joined a separate protest against Brexit in the city.
The Prime Minister is struggling to keep his compromise plan, the Chequers agreement, alive under the onslaught from Brexit supporters, people who want to stay in the Union and the EU itself.
Her allies have insisted that she should press and try to get an agreement with Brussels despite the setbacks, forcing EU skeptics and the Labour Party to choose between her "chaos."
Bone said at a mass reconstrued rally that had been organised by Leave Means Leave in Solihull that he wanted to "sweet the Chequers agreement."
He suggested that Nigel Farage should have been an equal and given responsibilities in the negotiations with Brussels.
"If he'd stood at the helm, we'd have been out by now," he said.
Peter Bone, who represents the district of Wellingborough in parliament, added: 'I'm going to stand up for Brexit, but we'll have to rewind the Chequers deal.
He clarifies his opposition to the European Union and said: “We haven’t fought world wars to become subjects.
“We want to enact our own laws in our own country.”
Bone dissertated allegations that public opinion would have changed since the referendum in 2016: "The idea that the Britons would have changed their minds and now want to stay is completely untrue."
Brexit supporter Andrea Jenkyns from the Tory Party was also on the march and spoke with the journalists. "I just want to say: 'The prime minister, listen to the people.'
The Chequers agreement is unpopular with the public, the opposition won't vote for it, it's unpopular in the party and of our election workers who are out on the streets making sure we get elected.
Shut aside the Chequers agreement and start listening.”
And she added a keen message aimed at Theresa May: "Prime ministers get to keep their jobs when they keep their promises."
Nigel Farage said at the meeting that the politicians had to “feel the hectare” if they were to betray the decision that was taken with the referendum in 2016.
"Now it's about the trust between us, i.e. the people, and the political class," he said.
"They're trying to betray Brexit, and we're here today to tell them: 'We won't let you guys get away with it.'"
Ahead of the enthusiastic crowd, he added: “I want you to get our political class, which is close to failing Brexit.
We are mobilizing the army of the people in this country that gave us victory in Brexit, and we won’t rest until we have become an independent, self-government and proud Britain.
At the same time, EU supporters marched through Birmingham and then held a two-hour mass rally in the central city.
"A group of activists waved tracks with the text "Tory members against Brexit" after the group was launched this weekend.
Labour parliamentarian Lord Adoni from Överhuset taunted the Conservative for the security concerns they encountered with a party app when the conference opened.
"It is these people who say that they can have IT systems in place and all technology for Canada plus plus-the-cash agreement, for frictionless borders and free trading without borders in Ireland," he added.
“It’s a pure farce.
"There's no good Brexit," he added.
Warren plans a 'propelled ponder' of running for president
U.S. Sentence Elizabeth Warren says she's taking a "proprietary ponder of running for office" after the elections in November.
The Boston Globe newspaper reports that the Democrat from Massachusetts talked about his future during a city hall meeting in western Massachusetts last Saturday.
Warren has often criticized President Donald Trump, and is now running for re-election in November against Republican state representative Geoff Diehl, who was deputy chairman of Donald Trump's campaign in Massachusetts in 2016.
"She's been the subject of speculation that maybe she's taking on Donald Trump in 2020.
The event on Saturday afternoon in Holyoke was her 3rd city hall meeting with voters since Donald Trump took office.
One person asked her if she was planning to run for the presidency.
Warren replied that it's time "for women to go to Washington to repair our broken government. It means a woman at the top."
'One person apprehended for the fatal shooting of basketball player Sims from LSU
Police in Baton Rouge in Louisiana announced on Saturday that a suspect had been apprehended for the fatal fission by LSU basketball player Wayde Sims on Friday.
Police in Baton Rouge Announced that Dyteon Simpson, 20, had been detained at a press conference at 11 a.m.
They'd released a video of the shooting on Friday to get help identifying a man who's visible in the pictures.
20-Year-Old-Year-Old Sims was shot dead near the Southern University campus early Friday.
“Wayde Sims got gunpowder injured in the head and finally died from this,” police chief, Murphy, Paul, told the media on Saturday via 247 sports.
Wayde went in between to defend her friend and was shot by Simpson.
Simpson was interrogated and acknowledged that he'd been at the scene and had a weapon, and he confessed he'd been firing the Wayde Sims.
Simpson was deprived without any infestations and was taken to custody at East Baton Rouge.
Sims were junior players, 198 cm tall and grew up in the Baton Rouge. He played in 32 games with 10 starts last season, and averaged 17.4 minutes, 5.6 points and 2.9 remnants per game.
Russian Grand Prix: Lewis Hamilton is approaching the world champion title after team-reserving his win over Sebastian Vettel
From the moment Valtteri Botta's qualified before Lewis Hamilton on Saturday it became clear that Mercedes' team order would play a big role in the race.
Botta's got off to a good start and almost hung out Hamilton on dry when he defended his position during the first two laps, and invited Vettel to attack his team-computer.
Vettel went into the depot first and let Hamilton drive in the back of the cluster, which should have been crucial.
The Mercedes walked in the depot a lap later and came out behind Vettel, but Hamilton went forward after some wheel-to-three-action where the Ferrari driver reluctantly left the inside free with the risk of bidding on the spot after a double move to defend itself in the third curve.
The Max Verstappen started in the back row and lay seventh at the end of the first lap on his 21st birthday.
"He then led a large part of the race and held the tires to reach a quick finish and overtake Kimi Raikkonen and become four.
In the end, he came in the depot at the 44th lap but did not manage to raise the pace during the remaining eight laps when Raikkonen went up in fourth place.
It's a difficult day, because Valtteri did an amazing job all weekend and was a real gentleman dropping past me.
"The team has done an exceptional job and got a one and a two," Hamilton said.
Really bad body language
President Donald Trump taunted Senator Dianne Feinstein at a mass rallies on Saturday, because she maintains that she hasn't leaked the letter from Christine Blasey Ford in which Brett Kavanaugh, who's nominee for Supreme Court judge, is accused of sexual assault.
"The president, who spoke at a mass rally in West Virginia, didn't directly address the testimonies of Ford before the Senate Judiciary Committee. Instead, he commented that what was going on in the Senate showed that people were "bad, nasty and lying."
"The only thing that could have happened and what has happened in the last few days in the last few days when you see the anger, when you see people who are angry, nasty, nasty and lying," he said.
“You see press releases and leaks and they say, ‘No, I didn’t.
'I didn't.'
Do you remember?
Have You Leaked, Dianne Feinstein?
Don’t you remember your answer? ‘Have you leaked the document?’ “Oh, what?”
Oh, no.
'I haven't leaked it.'
Just wait a minute.
'Have we leaked... no, we haven't leaked anything'," he added, imitating the Senator.
"The letter with details about Ford's allegations against Kavanaugh was dispatched to Feinstein in July, and was leaked in September), but Feinstein denied the leak would have come from her office.
"I haven't darkened Ford allegations, I haven't leaked her story," Feinstein told the committee, according to The Hill.
"She asked me to keep this confidential, and I kept it confidential, as she wished."
But her dementia doesn’t seem to have suited the president, who during Saturday night’s meeting commented on it like this: “I’m going to tell you one thing. That’s really bad body language.
“Maybe she didn’t, but that’s the worst body language I’ve ever seen.”
The president continues to support the nominee to the Supreme Court, who has been accused of sexual crimes by three women, and he hinted that the Democrats used the allegations for their own purposes.
“They are deciensured to take back power by all necessary means.
One sees their wickedness and disgust. They don't care who they're hurting, who they have to run over to gain power and control," the president said.
Elite League: Dundee Stars-Belfast Giants 5-3
Patrick Dwyer scored two goals for Belfast Giants against Dundee
Dundee Star's unsponsored Friday's Wrong in the Elite League against Belfast Giants by winning the re-match of 5-3 in Dundee on Saturday.
Belfast Giants received an early two-goal lead through Patrick Dwyer and Francis Beauvillier.
Mike Sullivan and Jordan Cownie chirped for the home team before Dwyer re-established Belfast Giant's leadership.
Francois Bouchard chirped for Dundee before two goals from Lukas Lundvald Nielsen secured the victory.
It was the third loss in the Elite League for the season for Adam Keefe's team, coming from behind and beat Dundee 2-1 in Belfast on Friday night.
That was the fourth meeting of the season for the two teams, and Belfast Giants had won the previous three games.
Dwyer's opening goal came in the fourth-minute at 3:35 on assist from Kendall McFaull, and David Rutherford provided assists when Beauvillier doubled the lead four minutes later.
In the intensive first-period, Sullivan brought home teams back into the game at 13:10 before Matt Marquardt delivered to Countryie who chirped at 15:16.
Dwyer made sure the Belfast Giants were in the lead at the first pause when he scored his second goal for the evening at the end of the first period.
Home team rescheduled and Bouchard once again chirped a goal in power play at 27:37.
Cownie and Charles Corcoran collaborated to help Nielsen give Dundee the lead for the first time in the match at the end of the second period, and he hedged the win with his team's fifth half-way through the closing period.
Belfast Giants, who have now lost four of their last five games, should play at home against Milton Keynes at their next game on Friday.
Aerial conductors died because hundreds of people on a plane could escape from an earthquake
An air traffic controller in Indonesia is now hailed as a hero after he died when he made sure a plane with hundreds of people on board could lift safely.
More than 800 people have died and many are lacking since a large earthquake hit the island of Sulawesi on Friday and triggered a tsunami.
Vigorous aftershocks continue to torment the area and many are stuck in the defibrillation of the city of Palu.
But even though his colleagues fled for their lives, 21-year-old Anthonius Gunawan Agung refused to leave his post in the wild-sleeping control tower at Mutiara Si's Al Jufri Airport in Palu.
He stayed behind to make sure Batik Air's flight 6321, which then found himself on the runway, could lift safely.
Then he jumped from the control tower when he thought it would collapse.
He later died in the hospital.
Sperractist for Air Navigation Indonesia, Yohannes Sira, said the decision may have saved hundreds of people's lives, according to the Australian television channel ABC News.
"We arranged a helicopter from Balikpapan on Kalimantan to take him to a bigger hospital in another city.
Sadly, he died this morning before the helicopter arrived at Palu.
We're devastated to hear this," he added.
"At the same time, the authorities fear that the death rate could rise to over a thousand people. The country's disaster relief authority says there is limited access to the cities of Donggala, Sigi and Boutong.
“Development is believed to continue to increase because there are still a lot of bodies in the ruins, and many have not been able to be reached,” said Sutopo Purwo Nugroho.
Up to six-metre-high waves have devastated Palu, where a mass burial will be held on Sunday.
Military and commercial planes fly in aid and supplies.
35-year-old-year-old mother Risa Kusuma told Sky News: “Every minute an ambulance arrives with dead bodies.
There is a shortage of pure water.
Mini-suppets are looted everywhere.”
Jan Gelfand, director of the International Red Cross in Indonesia, told CNN: “The Indonesian Red Cross is struggling to help survivors, but we don’t know what they’ll be faced with there.
“It’s already a tragedy, but it can get much worse.”
Indonesian President Joko Widofo arrived in Palu on Sunday and said to the country's military: "I ask you all to work day and night to complete all tasks related to the evacuation.
"Are you ready?" according to CNN.
Indonesia was hit earlier this year by earthquakes on Lombok, where more than 550 people perished.
Aircraft crash in Micronesia: Air Niugini now states that a man is missing after an airplane crashed into a lagoon
The airline that is responsible for the plane that crashed into a lagoon in Micronesia in the Pacific now states that a man is missing. Previously, it was said that all 47 passengers and the crew had evacuated from the declining plane and were in safety.
Air Niugini said in a press release that a male passenger was still missing on Saturday afternoon.
"The airline said it was working together with local authorities, hospitals and investigators to try to find the man.
The airline didn't immediately answer the questions about more details about the passenger, such as his age and nationality.
Local boats helped to rescue the other passengers and the crew after the plane plunged into the water as it tried to land on the airport in the Chuuk Islands.
Servants stated on Friday that seven people had been taken to the hospital.
The airline stated that six passengers were still in the hospital on Saturday and that their condition was stable.
It's not yet clear what caused the crash and what the course of events looked like.
The airline and the U.S. navigat both stated that the plane landed in the lagoon without reaching the runway.
Some Witnesses thought the plane slipped past the runway.
American passenger Bill Jaynes said the plane flew very low.
"It's extremely good," Jaynes said.
Jaynes Said He and others managed to wade through Waist-deep Water to the ruptures on the declining plane.
He said that the cabin staff panicked and shouted, and that he suffered a minor head injury.
The U.S. navy said seafarers who worked nearby to develop a shipyard also assisted in the rescue work by using an inflatable boat to drive people ashore before the plane sank into the 30-metre-deep water.
Data from the Aviation Safety Network shows that 111 people have perceived accidents involving airlines registered in Papua New Guinea for the last two years, but Air Niugini has not been involved in any of them.
Analyctuates drawing up a timeline for the night when a woman was burned alive
Prosecutor page on Saturday ended his plea in the second trial of a man accused of burning a woman in Mississippi alive in 2014.
The U.S. Attorney department's analyst Paul Rowlett spoke for hours as an expert witness in the field of intelligence analysis.
He explained to the jury how he'd used mobile phone charts to piece together 29-year-aggar Quinton Tellis and 19-Year-Old Victim of Jessica Chamber's movements that night she died.
Rowlett Said He Had Received Approval From Several Mobile Phones That Showed Tellis Was With the Chambers That Night She Died, Concluding His Previous Allegations, The Clarion Ledger.
When the data showed that his mobile phone was along with Chamber's mobile phone during the time period he said he had been with his Friend Michael Sanford, the police went to speak to Sanford.
Sanford testified last Saturday and said he wasn't in the city that day.
"When the prosecutors asked if Tellis told the truth when he said he was in Sanford's lorries that night, Sanford said he "lies, because my lorry was in Nashville."
Another conjunction was that Tellis stated that he had known Chambers for about two weeks when she died.
Mobile phone listings showed they had only known each other for a week.
Rowlett Said Tellis some time after Chambers’ death erased Chambers’ text messages, calls and contact information from his phone.
"He blurred her out of his life," Hale said.
Defensation is scheduled to begin its closing statement on Sunday.
The referee said he was expecting the ordeal to be handed over to the jury later the same day.
The High Breed: What Is Consistent Hip-Happy?
A hip-hop trio wants to challenge the negative image of the genre by filling their music with positive messages.
"The High Breed of Bristol thinks the hip-clamation has come a long way from its origins in political messages and attacking social issues.
They want to go back to the roots and make conscious hip-hop popular again.
Artists such as The Fugees and Common have recently received a resurgence in the United Kingdom through artists such as Akala and Lowkey.
It's a black again?
A nasal girl in New York sues a couple for redundancies after a 'racist' text message
A nanny in New York sues a couple for discriminatory dismissal after she received a misconduct text message from the mother, complaining that she was "a black again."
"The couple deny that they would be racists and compare the mood to "extortion."
Her mother Lynsey Plasco-Flaxman expressed horror when she realized that the new nanny Giselle Maurice was black, when she came to her first working day in 2016.
"NEEEEEEEEEJ NOT ONE BAD AGAIN," Lynsey Plasco-Flaxman wrote in a text to her husband.
But instead of sending it to her husband she sent it to Giselle Maurice, twice.
After realizing her mistake, Plasco-Flaxman was "bad at ease," and gave Maurice sacked, arguing that their former nanny, who was African-American, had done a bad job and that she instead expected a Filipino woman, according to the New York Post.
Maurice was paid for a day's work and was sent home in a taxi.
"Now she sues the pair to receive compensation for the dismissal. She requests compensation in the order of $350 a day for the job she was initially hired to do, which would last for six months and where she would stay with the couple. However, she did not have a contract.
"I want to show them you don't do that," she told the New York Post on Friday. "I know it's discrimination."
"The couple disgaps the allegations that they would be rasister and say the only straight thing was to terminate Giselle Maurice's employment. They were worried that they wouldn't be able to trust her once they'd offended."
“My wife had sent her something she didn’t mean.
- She's not a racist.
"We're not raisins," husband Joel Plasco told the New York Post.
“But would you entrust your children to someone you would have been rude, even if it was by accident?
Your newborn baby ?
Seriously.”
Plasco compared the mood with “extortion” and said that his wife should give birth two months later and was in a “very difficult situation”.
“Should you go after such a person?
It's not very nicely done," added the investment banker Plasco.
Judicial proceedings are still underway, but public opinion has quickly condemned the couple on social media and criticises them for their behaviour and reasoning.
Paddington publishers didn't think readers would be able to relate to a talking bear, reveals a new letter
Paddington-writer Michael Bond's daughter Karen Jankel, who was born shortly after the book was adopted, commented on the letter like this: "It's hard to imagine what it was like for a person who read it for the first time before it was published.
"It's a lot of fun, given what we now know about Paddington's great success."
'She recounted that her dad, who had worked as a cameraman on the BBC before being inspired by a little toy bear to write the children's book, had been optimistic when his work was ejected. She added that the 60th Anniversary of the first edition was 'bitter cold' after his death last year.
She describes that Paddington was a “very important member of our family”, adding that her father was proud in silence about his ultimate success.
"He was quite quiet, and not a bragged person," she said.
"But Paddington was so real to him, it was almost like having a child succeeding with something. You will be proud of the child even if it's not you who has accomplished it.
I think he saw Paddington's success a bit that way.
"While it was his Creation and His Imagination He Always Used to Give Paddington Himself the Honor.”
My Daughter Would Die, and I Had to Say Fell on the Phone
By the time she landed, her daughter had been brought to Louis Pasteur 2 hospital in Nice, where the doctors worked in vain to save her life.
"Nad called regularly to say that it was really bad, and you didn't expect her to make it," said Mrs Ednan-Laperouse.
"Then I got a call from Nad who said that she would die within two minutes and that I had to say goodbye to her.
And I did.
I said, “I love you so much, Tashi, my sweetheart.
I'll be coming to you soon.
- I'm coming to you.
The medications the doctors had given her to keep her heart alive slowly ebbed out and left her body.
"She had died just before and now everything was turned off.
I just got to sit there and wait and know that all this happened.
"I couldn't twitch or yell or cries, because I was surrounded by families and people.
'I had to get myself together.'
Finally, Mrs Ednan-Laperouse, who was now grieving the loss of her daughter, embarked on the plane along with the other occupants, who were completely unaware of the grieving ordeal she went through.
“Nobody knew about it,” she said.
“I bent down my head, and the tears flowed all the time.
It's hard to explain, but on the flight I felt an overwhelming sympathy for Nad.
That he needed my love and my comprehension.
“I didn’t know how much he loved her.”
Grieshing Women Set Postcards to Prevent Succidence on Bridge
Two women who have lost loved ones because of suicidal work to prevent others from taking their lives.
Sharon Davis and Kelly Humphreys have set up cards on a bridge in Wales with inspirational messages and phone numbers that one can dial for support.
Sharon Davis' son Tyler was at the age of 13 when he began to suffer from depression, and took his life when he was 18.
“I don’t want a parent to feel as bad as I do every day,” she says.
Sharon Davis is 45 and lives in Lydney. She says her son was a promising chef who had an incontagious smiling smiling.
“Everyone knew who he was because of his smiling.
'They said his smiling shone up the room.'
But he stopped working before he died, because he found himself “at a very dark place.”
Tyler's brother, who was at the age of 11, was who found his sibling when he had killed himself in 2014.
Sharon Davis says: 'I'm constantly worrying about repercussions.'
Sharon Davis Created The Cards “For People to Know That There Is People You Can Go Talk To, Even If It’s a Friend.
“Don’t sit quietly, talk about it.”
Kelly Humphreys, who has been friends with Sharon Davies for years, lost his partner since 15 years, Mark, a time after his mother's death.
"He wouldn't have said he'd felt depressed or depressed or anything," she said.
"A few days before Christmas, we noticed he was behaving differently.
On christmas day he found himself on the bottom. When the children opened their Christmas presents, he didn't have eye-contact with them or anything."
She says that his death was a very harsh blow for them, but they have to get through it.
It's tearing us apart.
But we all have to fight on.”
If you're also having a hard time, you can call Samaritans for free at 116 123 (United Kingdom and Ireland), e-mail to jo@samaritans.org or go to Samaritan's website here.
Brett Kavanaugh's future is at stake when the FBI launches investigation
"I thought that if we were able to accomplish something resembling what he begged for - an investigation that is limited in time and scope - we could perhaps get some unity," Jeff Flake said on Saturday. "He added that he feared that the committee would 'split' because of deep-seated party divinations.
Why wouldn't Kavanaugh and his Republican supporters want the FBI to investigate the case?
Their resilience depends entirely on the timing.
The midterm elections will take place in just five weeks, on November 6. If the Republicans make a bad choice, which is expected, they will be severely weakened in their attempts to get the man they want elected to the country's highest court.
George W. Bush has grabbed the phone and called Senators to influence them to support Kavanaugh, who worked for Bush at the White House and through him met his wife Ashley, who was personal secretary to George W. Bush.
What happens after the FBI presents its report?
There's going to be a vote in the Senate, where there are now 51 Republicans and 49 Democrats.
It remains unclear whether Kavanaugh can get at least 50 votes in the Senate, allowing Vice-President Mike Pence to be able to break the stalemate and reaffirm his election to the Supreme Court.
Number of North Korean defectors "sink" under Kim
The number of North Koreans dropping to South Korea has sunk since Kim Jong-un came to power seven years ago, a South Korean legislature said.
Park Byeong-seug, which cites data from South Korea's reunification ministry, says 1, 127 people defected last year, compared to 2,706 in 2011.
Park says harsher border controls between North Korea and China as well as higher charges to people smugglers are key causes.
Pyongyang hasn't come up with any public remarks.
The vast majority of defectors from North Korea are ultimately offered South Korean citizenship.
According to Seoul, more than 30,000 North Koreans have crossed the border illegally since the end of the Korean War in 1953.
Most are escaping via China, which has the longest-limit towards North Korea and whose border is easier to cross than the heavily guarded demilitarized zone (DMZ) between the two Korea states.
China sees defectors as illegal migrators rather than refugees and often sends them back by force.
Relations between the North and the South, which is technically still at war with each other, has improved markedly in recent months.
Earlier this month, the leaders of the two countries of Pyongyang met for talks with a focus on the restrained negotiations on nuclear disarmament.
This happened after the historic meeting in June between U.S. President Donald Trump and Kim Jong-un in Singapore, where they came to an acquaincision in general terms to work for the Korean peninsula to become free of nuclear weapons.
But on Saturday, North Korea's Foreign Secretary, Ri Yong-ho, blamed the U.S. sanctions for the lack of success ever since.
"Without confidence in the United States, there is no reliance on our national security, and in such circumstances we absolutely cannot disintegrate ourselves unilaterally first," Ri said at a speech at the United Nations General Assembly in New York.
Nancy Pelosi Calls Brett Kavanaugh 'Hysterisk,' and Says He's Unfit to Serve in Supreme Court
Minority leader in the chamber, Nancy Pelosi, summoned the Candidate of the Supreme Court Brett Kavanaugh “hysterical” and said he was temperamentally unsuitable to serve in the Supreme Court.
Pelosis comments came in an interview on Saturday at the Texas Tribune Festival in Austin, Texas.
"I couldn't help thinking that if a woman had behaved like that, she'd be summoned 'hysterical'," Pelosi said of her reaction to Kavanaugh's testimony before the Senate Judiciary Committee on Thursday.
Kavanaugh became emotive when he denied the accusations of molesting Dr Christine Blasey Ford sexually when they were both teens.
During his inaugural relay, Kavanaugh became very emotionally affected, and every now and then he almost screamed and the voice stocked down when he spoke about his family and his years in high school.
He also explicitly denounced the democrats in the committee, saying the allegations against him were a "grote and coordinated character assassination" that was organized by liberals who were angry because Hillary Clinton lost the presidential election in 2016.
Pelosi Said She Demonstrated that Kavanaugh's testimonies proved he couldn't serve in the Supreme Court, because it showed he's biased to the comrade's detriment.
"I think he disqualifies himself with his remarks and the way in which he attacked Clinton and the Democrats," she said.
Pelosi hesitated when she was asked if she would try to bring Kavanaugh before impeachment if he is elected, and if the Democrats get a majority in the House of Representatives.
"I can say like this - if he doesn't say the truth to the Congress or the FBI, then he's not only unfortunate to sit in the Supreme Court, but also to work in the court he's on now," Pelosi said.
Kavanaugh is currently a judge of the Court of Appellate in Washington D.C.
Pelosi added that as a Democrat she was worried about what decisions Kavanaugh may come to make against the health insurance law Affordable Care Act or abortion case Roe vs. Wade, because he is considered a Conservative judge.
In his affirmation hearings, Kavanaugh exaggerated questions as to whether to change certain decisions by the Supreme Court.
"It's not the time for a hysterical and bizarre person to put themselves in court and expect us to all applaud," Pelosi said.
Women have to stand out.
It's a righteous critique, months and years of anger boiling over, and she can't get it out without crying.
"We're crying when we get angry," said ms. Steinem to me 45 years later.
“I don’t think it’s unusual. Do you think?”
“I got good help from a woman who was the CEO. She said she also cried when she got angry, but had developed a technique that meant that when she got angry and started to cry, she said to the person she was talking to: ‘You might think I’m sorry because I’m crying.
“I’m angry.”
And so she continued.
'I thought it was brilliant.'
Tears are allowed in order to get an outlet for wrath partly because they are often misunderstood.
"One of my clearest recollections from one of my first jobs in a male-dominated office, where I once cried with indescribable anger, was that I was taken in the collar by an older woman. It was a chilly boss that I'd always been a bit afraid of, and she pulled me into a stairwell.
“Don’t let them ever see that you are crying,” she said to me.
“They don’t know you’re furious.
“They think you’re so sorry that they managed to push you.”
Patricia Schroeder, who was then a Democrat congresswoman from Colorado, had worked with Gary Hart in his presidential campaigns.
In 1987, when Hart was caught an extra-marriage affair on a boat called Monkey Business and withdrew the campaign, a very frustrated Schroeder felt there was no reason not to investigate the idea of self-producing.
"It wasn't a well-thought-out decision," she said with a laugh to me 30 years later.
"There were already seven other candidates. The last thing they needed was one more.
Someone summoned “Sneatry and the Seven Dwarfs.”
Because she was late, she lay behind with the money fundraiser, giving the promise not to step in as a nominee if she didn't get $2 million together $2 million.
It was a project doomed to failure.
She discovered that some of her supporters who yielded $1,000 to men just gave her $250.
“Do they think I’ll get a discount?” she wondered.
When, in a speech, she announced that she wouldn't embark on a formal presidential campaign, she was so overwhelmed with emotion, gratitude to those who had supported her, frustration over the system that made it so difficult to raise money and target voters rather than delegates, and anger towards sexism, that the voice stocked.
“You could have thought that I had a nervous breakdown,” Schröder recalls the reactions of the press.
“One might have thought that Kleenex was my corporate sponsor.
“I’m thinking, ‘What are they going to sign my gravestone?’
“She was crying?”
Why U.S.-China Trade War Could Be Good for Beijing
The opening tier of the U.S.-China trade was desolate. The war is far from over, but the rift between the countries could benefit the Chinese government in the long term, according to experts.
U.S. President Donald Trump was firing the first warning shot earlier this year by ouming key Chinese export supplies such as solar panels, steel and aluminum with tariffs.
The most significant escalation arrived this week, with new tariffs on $200 billion goods. In effect, this means that half of all the goods entering the United States from China are duty-procured.
Beijing has each time responded with the same coin. Recently it threw away charges of between five and ten per cent on American goods for $60bn.
China has pledged to match U.S. actions. The world's second-largest economy probably won't de-escalate in foreseeable times.
Getting Washington to back down means bowing to demands, but publicly crawling for the United States would be far too embarrassed for Chinese President Xi Jinping.
"However, experts argue that if Beijing plays its cards right, the pressure from the U.S. trade war could bring positive support to China in the long term, by reducing the interdependence of the two economies.
"A quick political decision in either Washington or Beijing can create the conditions for economic panic in either country, and it's actually significantly more permeable than viewers in the past have wanted to admit," said Abigail Grace, a research assistant with a focus on Asia at the think tank Center for New American Security.
Syria 'poonly' for returning refugees, according to the foreign minister
Syria says the country is ready to receive voluntarily returning refugees and pleals for help to rebuild the country, located in ruins after the more than seven-year-around war.
In a Speech Before the United Nations General Assemblies, Foreign Minister Walid al-Moualem said the conditions of the country are now improving.
"The situation in place today is more stable and secure, thanks to our success in fighting terrorism," he said.
The government continues to redevelop the areas that have been devastated by terrorists, to re-emergency.
There are now all the preconditions for the voluntary resuscitation of refugees to the country they were forced to leave because of terrorism and unilateral economic measures directed against their daily lives and subsistence.
The U.N. estimates that more than 5.5-million Syrians have relocated the country since the war began in 2011.
Another six-millions of people still living in the country are in need of humanitarian support.
According to Al-Moualem, the Syrian regime would welcome help to redefeate the destroyed country.
However, he emphasized that it does not receive conditional support or assistance from countries that have supported the insurgency.
Europe resigned with victory in the Ryder Cup in Paris
Team Europe has won the 2018 Ryder Cup by debating Team U.S. with the final stand 16.5 against 10.5 at the Le Golf National outside Paris in France.
The U.S. has now lost six in a row on European soil and has not won the Ryder Cup in Europe since 1993.
Europe won again when Danish captain Thomas Bjørn's team achieved the 14.5 points demanded to beat the United States.
Phil Mickelson, who had to fight hard during most of the tournament, ended up in the water at the verdict on the 16th-leap's par 3-track, and lost against Francesco Molinari.
Italian golfer Molinari shined in all rounds and became one of the four players who have ever scored 5-0-0 since the tournament's current format was introduced in 1979.
American Jordan Spieth was knocked out 5 and 4 of the European team's lowest-ranked player, Thorbjørn Olesen from Denmark.
The world's top-ranked player, Dustin Johnson, fell 2 & 1 against Ian Poulter from England, who might have scored their last Ryder Cup.
Spaniard Sergio Garcia, who is a veteran with eight Ryder Cup behind him, became the tournament's most successful European ever with 25.5 career points.
“I don’t usually cry, but today I can’t help.
It's been a tough year.
I'm so grateful that Thomas chose me and believed in me.
'I'm so happy, I'm so happy to win the victory back.
"It's about the team, and I'm glad I could be of help," a touched Garcia said after the European team's victory.
He handed over the baton to his compatriot John Ram who defeated American golf legend Tiger Woods 2&1 in single on Sunday.
“What an incredible pride, to beat Tiger Woods. I grew up looking at him,” Rahm Said, 23-year-old Rahm.
The Woods lost all of his four games in France, and now have the result 13-21-3 for his career in the Ryder Cup.
A strange statistic for one of the world's best players ever, who has won 14 major titles, which has only been surpassed by Jack Nicklaus.
Team USA struggled throughout the weekend to find the fairway, with the exception of Patrick Reed, Tony Finau, who played high-class golf throughout the tournament.
American captain Jim Furyk said after the team's disappointing performance: "I'm proud of these guys, they've struggled.
It's the time this morning when we raised the temperature in Europe.
- Let's take the fight.
Hats off for Thomas.
- He's an amazing captain.
All of his 12 players played really well.
We'll reschedule ourselves, I'm going to work on the U.S. PGA-tour and our Ryder Cup committee and so we move on.
I love these 12 guys and am proud to be captain.
You have to bow and tick.
“They played better than us.”
Algae blosciation: Halts are declining in Pinella, Manate and Sarasota
The latest report from the Florida Fisheries and Wildlife Commission shows a general decrease in algae bloscieration concentrations for areas around Tampa Bay.
According to the Commission, unequilied flourishes are being reported in the areas around large municipalities Pinella, Manatee, Sarasota, Charlotte and Collier.
The algae blosciation stretches along just over 20 miles of the coast, from northern Pinella's to southern Lee.
Stains can be seen about one- and a-a-half miles out into the sea outside the main municipality of Hillsborough, but in fewer places compared to last week.
Algal blosing has also been observed in the large municipality of Pasco.
Medium concentrations in or off the coast of Pinellas have been accounted for over the past few weeks. Outside Hillsborough coast low to high concentrations, background concentrations to high concentrations in Manatee, background concentrations to high concentrations inside or off the coast in Sarasota, background concentrations to medium or off-the-coast in Lee, and low concentrations in Collier.
Rehabilitation reports continue to come from major municipalities Pinella, Manatee, Sarasota, Lee and Collier.
There were no reports of reconnaissance rhettriation in north-western Florida this past week.
