Welsh Mõõdukad muretsevad "näeb välja nagu muppeetid."
Mõneki Mõõdukate seas kuhjatakse hämmeldust soovitusega, et nende tiitel peaks muutuma MWP-deks ( Walesi parlamendi liige).
See on tekkinud seoses plaaniga muuta assamblee nimi Walesi parlamendile.
Mõõdukad kogu poliitilises spektris on mures, et see võib tekitada naeruvääristamist.
Üks leiborist AM ütles, et tema fraktsioon on mures, et "see rütm Twp ja Pwp."
Lugejatele väljastpoolt Walesi: Welsh twp tähendab daft ja pwp tähendab poot.
Plaid AM ütles, et kontsern tervikuna ei ole rahul ja on välja pakkunud alternatiive.
Welshi tšetšetšempion ütles, et tema fraktsioon on nimevahetuse suhtes avatud, kuid märkis, et tegemist on lühikese verbaalse pühitsusega MWP-lt Muppetile.
Seoses selles kontekstis kuulutatakse sarnaselt Yorkshire inglaste hääldusega kiri u.
Assamblee komisjon, kes koostab praegu nimemuudatuste sisseviimiseks õigusakte, ütles: "Lõplik otsus selle kohta, mida assamblee liikmeteks nimetatakse, on loomulikult liikmete endi küsimus."
Walesi valitsuse 2017. aasta seadus andis Walesi üldkogule õiguse oma nime muuta.
Juunis avaldas komisjon avaliku arutelu tulemused ettepanekute üle, mis leidsid laialdast toetust assamblee kutsumisele Walesi parlamendiks.
Mõõdukate pealkirja osas eelistas komisjon Welsh'i parlamendiliikmeid või WMP-sid, kuid MWP variant pälvis kõige suurema toetuse avalikul arutelul.
Mõõdukad soovitavad ilmselt alternatiivseid variante, kuid võitlus konsensuse saavutamise nimel võib peavalu valmistada presiidiumi Elin Jonesile, kellelt oodatakse muudatuste seaduse eelnõu esitamist mõne nädala jooksul.
Muudatusi käsitlevad õigusaktid hõlmavad muid muudatusi assamblee toimimises, sealhulgas Mõõdukate diskvalifitseerimise ja komitee süsteemi kujundamise eeskirju.
Mõõdukad saavad lõpphääletuse küsimuse üle, mida neid õigusakti arutades nimetada.
Pädloonlased lähevad rahvahääletusele riigi nime muutmise üle
Hääletajad hääletavad pühapäeval selle üle, kas muuta oma riigi nimi Põhja-Makedoonia vabariigiks.
Populaarne hääletus loodi selleks, et lahendada aastakümnetepikkune vaidlus naaberriigi Kreekaga, millel on oma provints nimega Makedoonia.
Ateena on pikka aega väitnud, et põhjanaabri nimi kujutab endast nõuet tema territooriumil, ning on korduvalt olnud vastu oma liitumispakkumistele Euroopa Liidule ja NATO-le.
Makedoonia president Gjorge Ivanov, kes on nimemuutust käsitleva rahvahääletuse vastane, on öelnud, et eirab hääletust.
Referendumi pooldajad, kaasa arvatud peaminister Zoran Zaev, väidavad aga, et nimemuutus on lihtsalt hind, mida ELi ja NATO-ga liitumise eest tuleb maksta.
Bells of St. Martin's Fall Silent nagu kirikud Harlem Struggle
"Kindlasti ütlevad need vanad inimesed, kellega olen rääkinud, et igas nurgas on baar ja kirik," ütles Adams.
"Täna ei ole kumbagi."
Tema sõnul on baaride kadumine mõistetav.
"Inimesed sotsialiseeruvad tänapäeval teistmoodi," ütles ta.
"Barid ei ole enam naabruses elavad elutoad, kus inimesed käivad regulaarselt."
Mis puutub kirikutesse, siis ta kardab, et varade müügist saadav raha ei kesta niikaua, kui riigijuhid seda ootavad, "ja varem või hiljem on nad just seal, kust nad alustasid."
Ta lisas, et kirikud võivad olla asendatud korterelamutega, kus on täis selliseid inimesi, kes ei aita naabri ülejäänud pühapaikadele.
"Kõige suurem osa inimestest, kes neisse hoonetesse condominiume ostavad, on valged," ütles ta, "ja kiirendab seetõttu päeval, et need kirikud suletakse, sest on vähetõenäoline, et suurem osa neist inimestest, kes kolivad nendesse kondoomidesse, saavad nende kirikute liikmeteks."
Mõlemad kirikud ehitati valgete koguduste poolt, enne kui Harlemist sai must metropol - metropoliks 18-70. aastal Metropolitan Community, Püha Martin kümme aastat hiljem.
Esialgne valge Metodisti kogudus kolis välja 1930. aastatel.
Läheduses kummardanud mustanahaline seltskond pälvis hoone tiitli.
Püha Martini võttis üle must kogudus Rev. John Howard Johnsoni käe all, kes juhtis boikoteerumist 125. tänaval Harlemis, peatänaval Harlemis, kes olid vastu mustade palkamisele või propageerimisele.
Tulekahjuks 1939. aastal sai hoone kõvasti kannatada, kuid kuna isa Johnsoni kogudused tegid plaane rekonstrueerimiseks, tellisid nad carilloni.
Isa Johnsoni poeg David Johnsoni poeg ja Püha Martini järglane nimetas karakterit uhkusega "vaesteks inimeste kelladeks."
Juulis Carillonit mänginud ekspert nimetas seda millekski millekski millekski millekski millekski muuks: "Muupoov" ja "asundmatu ajalooline tööriist."
Michigani ülikooli asjatundja Tiffany Ng märkis samuti, et tegemist oli maailma esimese carilloniga, keda mängis mustanahaline muusik Dionisio A. Lind, kes siirdus 18 aastat tagasi Jõelähtme Kiriku suuremasse karlakooni.
Härra Merriweather ütles, et Püha Martin ei vahetanud teda välja.
See, mis viimastel kuudel St. Martinis mängitakse, on arhitektidest ja töövõtjatest olnud keeruline lugu, mille mõned on sisse toonud kiriku lihtinimesed, teised episkopaalpõletaja.
Värav - koguduse juhatus, mis koosneks lihtjuhtidest - kirjutas piiskopkonna juulis murega, et piiskopkond "püüab kulusid vestile üle kanda," kuigi vestid ei olnud seotud arhitektide ja tellijate rentimisega, mida piiskopkond saatis.
Mõned kogudused kurtsid selle üle, et see ei ole piiskopkonna poolt läbipaistev.
Shark vigastas 13-aastast õmblussurmast Californias
Haid ründas ja vigastas 13-aastast poissi laupäeval, samal ajal, kui ta sukeldus õmblushooaja avapäeval Californias merivähi pärast, teatasid ametnikud.
Rünnak toimus veidi enne kella seitset Beacon's Beachi lähedal Encinitas.
Chad Hammel ütles KSWB-TV-le San Diegos, et oli laupäeva laupäeva hommikul umbes pool tundi sõpradega sukeldunud, kui kuulis, kuidas poiss appi karjus ja seejärel grupiga lebas, et aidata tal veest välja tõmmata.
Hammel ütles algul, et ta arvas, et see oli lihtsalt elevus merivähi tabamisest, kuid siis ta "tõmbas, et ta hüüab: "Ma sain hammustada!
Ma sain hammustada! "
Terve kutt rebiti lahti," ütles Hammel poisi juurde jõudes.
"Võtsin kõigi peale, et nad veest välja tuleksid: "Vees on hai," lisas Hammel.
Poiss toimetati Rady lastehaiglasse San Diegos, kus ta on kriitilises seisundis.
Rünnaku eest vastutav hailiik oli teadmata.
Larry Giles ütles ühel pressikonverentsil, et mõni nädal varem märgati selles piirkonnas haid, kuid on kindel, et tegemist ei ole ohtliku hailiigiga.
Giles lisas, et ohver sai traumaatilisi vigastusi.
Ametnikud sulgesid Ponto Beachist Casablad'is Swami Ecinitas 48-tunniseks uurimise ja ohutuse eesmärgil.
Giles märkis, et piirkonnas on üle 135 ha liigi, kuid enamikku neist ei peeta ohtlikuks.
Sainsbury plaanid tungivad Ühendkuningriigi iluturule
Sainsbury võtab Boots, Superdrug ja Debenhams, kellel on kaupluste stiilis iluteed, kus töötavad spetsiaalsed assistendid.
Seoses olulise pealetungiga Ühendkuningriigi 2,8 miljardi euro suurusele iluturule, mis jätkab kasvamist, samal ajal kui moe- ja kodumasinate müük tagasi langeb, katsetatakse suuremaid iluauke 11 kaupluses kogu riigis ja viiakse järgmisel aastal rohkem kauplustesse, kui see osutub edukaks.
Ilu investeering tuleb sellest, et supermarketid jahivad viise, kuidas riiulipinda kunagi televiisorite, mikrolainete ja kodutehnika pärast kohtusse kaevati.
Sainsbury teatas, et kahekordistab oma ilupakkumiste suurust kuni 300-le tootele, sealhulgas sellistele brändidele nagu Revlon, Essie, Tweezerman ja Dr PawPaw esimest korda.
Olemasolevad vahemikud L'Orealist, Maybelline'ist ja Burt's Beesist saavad ka rohkem platsi, mis sarnanevad poes nagu Boots.
Kaubahall uuendab oma Boutique'i tootevalikut, et suurem osa toodetest on vegan-sõbralikud, mida nooremad ostjad üha enam nõuavad.
Lisaks katsetab parfüümide jaemüüja Fragrance Shop soodustusi kahes Sainsbury kaupluses, millest esimene avati eelmisel nädalal Lõuna-Londonis Croydonis ning teine avatakse veel sel aastal Birminghamis Selly Oakis.
Internetipõhine opositsioneerimine ja nihkumine väikeste toidukoguste ostmisele kohalikest kauplustest tähendab seda, et supermarketid peavad tegema rohkem selleks, et veenda inimesi külastama.
Sainsbury tegevdirektor Mike Coupe on öelnud, et müügikohad sarnanevad kauplustest üha enam kauplustest, sest supermarketite kett püüab võidelda allahindluste Aldi ja Lidli vastu rohkemate teenuste ja mittetoiduga.
Sainsbury on paigutanud Argose müügikohti sadadesse poodidesse ja võtnud kasutusele ka mitmeid Habitatsi alates sellest, kui ostis kaks aastat tagasi mõlemad ketid, mis tema sõnul on toetanud toidukaupade käivet ja muutnud soetused kasumlikumaks.
Kaubitseja varasem katse oma ilu- ja apteegiosasid uuendada lõppes läbikukkumisega.
Sainsbury katsetas 2000. aastate alguses Bootsiga ühisettevõtet, kuid sidumine lõppes pärast vaidlust selle üle, kuidas keemiku kauplustest oma kauplustes saadud tulu jagada.
Uus strateegia on valminud pärast seda, kui Sainsbury müüs oma 281-korruselise apteegiäri Lloyds Pharmacy keti omanikule kolm aastat tagasi 125 miljoni euro eest.
Ta ütles, et Lloyds mängiks kavas rolli, lisades neljast kauplusest suurema valiku luksuslikke nahkhooldusbrände, sealhulgas La Roche-Posay ja Vichy.
Sainsbury kommertsdirektor Paul Mills-Hicks ütles: "Oleme muutnud oma kaunitaride väljanägemist ja enesetunnet, et parandada oma klientide keskkonda.
Olete investeerinud ka eriväljaõppinud kolleegidesse, kes hakkavad nõu andma.
Meie brändidevalik on kujundatud igale vajadusele vastavaks ning vastav keskkond ja mugavad kohad tähendavad seda, et me oleme nüüd kaalukas ilusihtkoht, mis seab kahtluse alla vanu sisseoostmisviise. "
Peter Jones "südamlik," kui Holly Willoughby loobus 11 miljoni euro suurusest tehingust
Dragons Deni staar Peter Jones lahkus "toredaks" telesaatejuht Holly Willoughby pärast seda, kui telenäitleja Holly Willoughby loobus 11 miljoni euro suurusest tehingust oma elustiili brändiäriga, et keskenduda oma uutele lepingutele Marksi ja Spenceri ning ITV-ga.
Willoughbyl ei ole aega oma kodurõivaste ja aksessuaaride brändi Truly jaoks.
Paari äri on võrreldud Gwyneth Paltrow Goop brändiga.
Hommikusaate saatleja (37) läks Instagrami, et teatada, et ta lahkub.
Holly Willoughby jälestab Dragonsi Deni staari Peter Jonesi viimasel minutil oma tulutoovast elustiili brändiärist, et keskenduda oma uutele mängulepingutele Marks & Spenceri ja ITV-ga.
Allikate sõnul oli Jones kurioosne, kui televisiooni kuldtüdruk tunnistas teisipäevasel pingelisel kohtumisel Buckinghamshire'is oma äriimpeeriompeeriumi peakorteris Buckinghamshire'is, et tema uued tehingud, mille väärtus ulatub kuni 1,5 miljoni euroni, tähendab, et tal ei olnud enam piisavalt aega, et pühenduda oma kodurõivatele ja aksessuaaride brändile Truly.
Äri oli võrreldud Gwyneth Paltrow Gopi brändiga ning see pidi kahekordistama Willoughby hinnanguliselt 11 miljoni euro suurust varandust.
Kui Willoughby (37) läks Instagrami ja teatas, et lahkub Trulyst, sõitis Jones Suurbritanniast välja ühe oma puhkemaja.
Allik ütles: "Tõenäoliselt oli Holly prioriteetide tipus.
See pidi olema tema pikaajaline tulevik, mis näeks teda läbi järgmise paarikümne aasta.
Tema loobumisotsus jättis kõik asjaosalised täiesti jahmatama.
Keegi ei osanud arvata, mis teisipäeval toimus, see oli käivitamisele nii lähedal.
Marlow HQ-s on ladu täis kaupa, mis on valmis müüma. "
Eksperdid usuvad, et Briti kõige kallimate staaride hulka kuuluva Morning-näitleja lahkumine võib firmale maksma minna miljoneid kopsakaid investeeringuid sellistesse toodetesse, mis ulatuvad kudumete ja küünalde riiete ja kodurõivate ning selle käivitamise edasisteks viivitusteks.
Ja see võib tähendada pika sõpruse lõppu.
Ema Willoughby ja abikaasa Dan Baldwin on Jonesi ja tema naise Tara Cappi lähedane olnud kümme aastat.
Willoughby asutas Truly koos Cappiga 2016. aastal ja Jones (52) liitus juhatuse esimehena märtsis.
Paarid puhkavad koos ja Jonesil on 40-protsendiline osalus Baldwini teletootmisfirmas.
Willoughbyst peaks saama M&Si brändisaadikuks ja ta vahetab Ant McPartlini ITV I'm A Celebrity võõrustajana välja.
Jonesile lähedalseisev allikas ütles eile õhtul: "Me ei kommenteeri tema äriasju."
Karm jutt "ja siis me armusime."
Ta naljatles kriitika üle, mille ta saab uudistekanalitelt selle eest, et teeb kommentaari, mida mõned kaaluksid "ebapresidendiks" ja selle eest, et nad suhtuksid Põhja-Korea liider nii positiivselt.
Miks president Trump on nii palju alla andnud?
Trump ütles oma pilkavas "uudiste ankru" hääles.
"Ma ei andnud millestki alla."
Ta märkis, et Kim on huvitatud teisest kohtumisest pärast juunis Singapuris toimunud esmakohtumist tervitas Trump kui suurt sammu Põhja-Cõepõlvkonna hukkamõistu suunas.
Lambatamisläbirääkimised on aga seiskunud.
Enam kui kolm kuud pärast juunis Singap Singapuri tippkohtumist ütles Põhja-Korea tippdiplomaat Ri Yong Ho laupäeval ÜRO peaassambleel maailma liidritele, et Põhja-Korea ei näe Põhja-Korea varajastele desarmeerimiskäikudele "korrektset vastust."
Selle asemel märkis ta, et USA jätkab sanktsioone, mille eesmärk on hoida survet üleval.
Trump võttis oma rallikõnes palju optimistlikuma seisukoha.
"Põhja-Põhja-Põhjal läheb väga hästi," ütles ta.
"Läksime Põhja-Cõglasega sõdima.
Miljonid inimesed oleksid tapetud.
Nüüd on meil see suurepärane suht."
Ta ütles, et tema jõupingutused Kimiga suhete parandamiseks on andnud positiivseid tulemusi - lõpetanud raketitestid, aidanud vabastada pantvange ja tuua ameerika ajateenijate säilmed kodumaale tagasi.
Ta kaitses oma ebatavalist lähenemist, rääkides suhetest Kimiga.
"Nii lihtne on olla president, aga selle asemel, et 10 000 inimest väljas üritaks sellele pakitud areenile pääseda, seisaks umbes 200 inimest," ütles Trump, osutades rahvahulgale otse tema ees.
Indoneesia Tsunami ja Quake Devastate the Island, Killing Sajad
Näiteks Lomboki maavägivalla järel räägiti välismaistele valitsusvälistele organisatsioonidele, et neid pole vaja.
Vaatamata sellele, et rohkem kui 10 protsenti Lomboki elanikkonnast oli laiali saadetud, ei deklareeritud ühtegi rahvuslikku katastroofi, mis on rahvusvahelise abi katalüseerimise eeltingimus.
"Paljudel juhtudel on neil kahjuks olnud väga selge, et nad ei taotle rahvusvahelist abi, nii et see on natuke keeruline," ütles Sumbung.
Samal ajal, kui Save the Children paneb kokku meeskonna Paluga sõitmiseks, ei ole ta veel kindel, kas välismaised töötajad saavad kohapeal tööd teha.
Rahvusliku katastroofiagentuuri pressiesindaja Sutopo ütles, et Indoneesia ametnikud hindavad olukorda Palus, et selgitada välja, kas rahvusvahelistel agentuuridel on lubatud anda oma panus abipüüdmisse.
Võttes arvesse, et möllamb, mida Indoneesia pidevalt talub, on riik looduse vihaks armetult vähe ette valmistatud.
Kuigi Acehisse on ehitatud hiidlainete varjualused, ei ole need tavaliseks vaatamisväärsuseks teistel rannajoontel.
Näiline hiidlaine hoiatussõbra puudumine Palus, kuigi hoiatus oli jõustunud, on tõenäoliselt põhjustanud inimohtud inimohvreid.
Kõige parematel kordadel on Indoneesia paljude saarte vahel sõitmine keeruline.
Loodusõnnetused muudavad logistika veelgi keerukamaks.
Lombokis maavärina ohvrite raviks paigutatud haiglalaev suundub Palusse, kuid uue õnnetuspaigani jõudmine võtab vähemalt kolm päeva.
President Joko Widodo muutis oma võistluskampaania keskmeks Indoneesia räsitud infrastruktuuri parandamise ning ta on kulutanud raha maanteedele ja raudteedele.
Rahastamispuudujäägid on aga Joko administratsiooni vaevanud, sest teda ootab järgmisel aastal ees tagasivalimine.
Jokole avaldavad survet sektantlikud pinged ka Indoneesias, kus moslemite enamuse liikmed on võtnud omaks konservatiivsema usuvormi.
Enam kui 1000 inimest sai surma ja kümned tuhanded oma kodudest laiali, kui kristlastest ja moslemite jõugud võitlesid tänavail matšeete, vibude ja noolte ning muid tooreid relvi.
Vaata: Liverpooli Daniel Sturridge sukeldub sügava võrdkuju vs Chelsea
Daniel Sturridge päästis Liverpooli Premier League'i kaotusest Chelseale laupäeval Stamford Bridge'is 89. minuti skooriga.
Sturridge sai Xherdan Shaqiri pääsu, Chelsea väravast aga umbes 30 meetrit, kusjuures tema meeskond viigistas 1-0.
Ta põrutas palli vasakule, enne kühveldas lasu kaugele posti poole.
Püüe sõideti kõrgel üle kasti, kui see triivis võrgu parema ülemise nurga suunas.
Pall põrkas lõpuks hüppav Kepa Arrizabalaga ja langes võrku.
"Püüti lihtsalt sellesse asendisse pääseda, pall ja sellised mängijad, nagu Shaq mängivad seda alati nii palju edasi kui võimalik, seega püüdsin end luua nii palju aega kui võimalik," ütles Sturridge LiverpoolFC.com-ile.
"Nägin, et Kante tuleb ja võttis ühe puudutuse ja ei mõelnud sellele liiga palju ja võttis lihtsalt pihta."
Chelsea viigistas poolajaks 1: 0 pärast seda, kui sai 25. minutil skoori Belgia staarilt Eden Hazardilt skoori.
Sinisärklasest ründaja põrutas selles mängus Mateo Kovacicile, enne kui kesktee lähistele keeras ja Liverpooli poolel trügis.
Kovacic tegi keskväljal kiire söödu.
Seejärel tulistas ta kauni läbi palli, viies Hazardi kasti.
Hazard ületas kaitse ja lõpetas kauglöögi vasaku jalaga Liverpooli Alisson Beckerist.
Liverpool heitleb Napolit Meistriliiga alagrupifaasis kolmapäeval kell 15.00 Itaalias Napolis Stadio San Paolos.
Chelsea kohtub neljapäeval kell 15.00 Londonis Videotoniga UEFAs.
Indoneesia hiidlöönute arv tõusis 832-ni
Hukkunute ohvrite arv Indoneesia maavärinas ja hiid hiidlaines on tõusnud 832-ni, teatas riigi katastroofiagentuur pühapäeva alguses.
Reedel tabanud 7,5 magnitgantses maaväravas, mis vallandas alla 7,5 magnitigantsi ja vallandas lained koguni 20 meetri ulatuses, ütles agentuuri pressiesindaja Sutopo Purwo Nugroho pressikonverentsil.
Enam kui 380 000 elanikuga Palu linn kubises kokkuvarisenud hoonete pühitsusest rususid.
Politsei vahistas mõrtsukahtlusega mehe (32) pärast naise pussitamist surnuks pussitatud
Mõrvauurimine on algatatud pärast seda, kui naise surnukeha leiti täna hommikul Merseyside'is Birkenheadist.
44-aastane leiti kell 7.55 torkehaavadega Grayson Mewsilt Johni tänaval, 32-aastane mees vahistati kahtlustatuna mõrvas.
Politsei on tungivalt soovitanud piirkonna inimestel, kes midagi nägid või kuulsid.
Detektiivinspektor Brian O'Hagan ütles: "Juurdlus on algstaadiumis, kuid ma apelleeriksin kõigile, kes viibisid Birkenheadis Johannese tänava vahetus läheduses, kes nägid või kuulsid midagi kahtlast, meiega ühendust võtta.
Pööraksin appi ka kõigile, eriti taksojuhtidele, kes võisid hämmeldunult midagi tabada, võtta meiega ühendust, sest neil võib olla teavet, mis on meie uurimise jaoks eluliselt tähtis. "
Politsei pressiesindaja kinnitas, et Naine, kelle surnukeha leiti, on Birkenheadile kohalik ja ta leiti kinnistust.
Sel õhtupoolikul sõbrad, kes usuvad, et tunnevad naist, on sündmuskohale saabunud, et esitada küsimusi selle kohta, kust ta täna hommikul leiti.
Juurdlused on käimas, sest politsei on öelnud, et nad teavitavad kannatanu järgmist sugulast.
Grayson Mewsis elav taksojuht üritas just oma korterisse tagasi pääseda, kuid politsei ütleb, et kedagi ei lubata hoonesse ega sealt välja.
Ta oli sõnatu, kui avastas, mis juhtus.
Elajäänutele öeldakse praegu, et läheb tunde, kuni neid tagasi lubatakse.
Kuuldavasti ütles politseinik ühele mehele, et kogu piirkonda koheldakse nüüd kuriteopaigana.
Sündmuskohale ilmusid pisarsilmad naised.
Ta kordab pidevalt "see on nii kohutav."
kell kaks politseikaubikut olid nööri sees teise kaubikuga.
Mitmed ohvitserid seisid kortermaja jälgimise sees.
Kõigil, kellel on teavet, palutakse DM @MerPolCC, helistada telefonil 101 või võtta anonüümselt ühendust telefonil 0800 555 111 30. septembri  logiga 247.
Cromwellist saab viimane mälestusmärk, mida tabab "ajaloo ümberkirjutamise" rida
Selle pagendamine oleks poeetiline õiglus tema Talibani-sarnasele hävitamisele nii paljudes Inglismaa kultuuri- ja religioossetes esemetes, mida tema fanaatilised Puritani poolehoidjad toime panevad.
Cromwell'i ühing kirjeldas aga Cricki soovitust kui "foolset" ja "püüdes ajalugu ümber kirjutada."
John Goldsmith, Cromwelli ühingu esimees, ütles: "Praeguses arutelus kujude eemaldamist oli vältimatu, et Oliver Cromwelli tegelane väljaspool Westminsteri paleed muutub sihtmärgiks.
Inglise kodusõdade ikonoklüsaaparaati Cromwell ei tellinud ega korraldanud.
Võib-olla ohverdatakse vale Cromwell oma esivanema Thomase tegude eest eelmisel sajandil.
Sir William Hamo Thorneycrofti Cromwelli suurepärane esitus annab tunnistust 19. sajandi arvamusest ja osa herilootograafist tegelast, kes paljude arvates väärib veel tähistamist.
Härra Goldsmith ütles The Sunday Telegraphile: "Cromwelli peavad paljud, võib-olla 19. sajandi lõpus rohkem kui täna, parlamendi kaitsjaks välisele survele, loomulikult monarhia puhul.
Kas tegemist on täiesti täpse representatsiooniga, on jätkuva ajaloolise arutelu teema.
Kindel on see, et 17. sajandi keskpaiga konflikt on kujundanud meie rahva edasist arengut ning Cromwell on individuaalne äratuntav tegelane, kes esindab selle lõhe üht külge.
Tema saavutusi Issanda Kaitsjana tasub samuti pühitsada ja mälestada. "
Killer Pig Mauls China Farmer to Death
Edela-Soomes rühkisid kohalik meediakanali teatel põrsapõllu ja tapsid tahtjat.
Guizhou provintsis Liupanshui turul hämaras arteriga surnuna mees, keda tunti vaid tema perekonnanimega "Yuan," vahendas South China Morning Post, vahendas South China Morning Post.
Sihutootja valmistub süstima veiste sigadesse 30. mail 2005 Hiinas Xingi oblastis.
Väidetavalt vedas ta oma nõbuga naabruses asuvast Yunnani oblastist, et müüa turul 15 sigu.
Järgneval hommikul leidis neiu ta surnuna ja avastas uks naabersüdruku.
Ta nentis, et sty oli suur meessiga, kellel on veri suus.
Kohtuekspertiis tõestas, et 550 naelsterling oli põllumehe surnuks pestud.
"Minu nõo jalad olid verised ja inimtühjad," ütles Guiyang Evening News.
Turvakaamera salvestis näitas, et Yuan sisenes neljapäeval kell 4.40 oma sigade toitlustamiseks.
Tema surnukeha leiti umbes tund aega hiljem.
Mehe tapnud loom ei kuulunud Yuani ega tema nõbu.
Turuhaldur ütles Õhtulehele, et siga on luku taha pandud, et vältida kellegi teise rünne ründamist, samal ajal kui politsei kogus sündmuskohalt materjale.
Väidetavasti peavad Yuani pere- ja turuvõimud läbirääkimisi tema surma hüvitamiseks.
Harvad on juhtumid, kus sigad inimesi rünnatakse, on varemgi registreeritud.
2016. aastal ründas siga Massachusettsis nende farmis naist ja tema abikaasat, tekitades mehel kriitilisi vigastusi.
Kümme aastat varem pistis 650-kroonine siga Walesi põllumehe oma traktori juurde, kuni tema naine loom minema hirmutas.
Pärast seda, kui Oregoni põllumeest söösid 2012. aastal tema sead, ütles üks Manitoba talunik CBC Newsile, et sead ei ole tavaliselt agressiivsed, kuid vere maitsmine võib mõjuda "triggeriks."
"Nad on lihtsalt mängulised.
Nad on nipid, väga inkvisiitiivsed.
Sa lihtsalt pead neile maksma õigel määral austust, "ütles ta.
Orkaan Rosa jäänused toovad USA edelaossa ulatuslikku tugevat vihma
Ennustuste kohaselt nõrgeneb orkaan Rosa Mehhiko põhjaranniku jahedamates vetes.
Siiski toob Rosa lähipäevil kaasa üleujutusvihmad Mehhiko põhja- ja edela-ees.
Rosal oli tuul 85 mph, 1. kategooria orkaan, alates kella viiest hommikul ida aja järgi, ning see asus 385 kilomeetrit Punta Eugeniast edelas Mehhikos.
Pühapäeval peaks Rosa põhja poole liikuma.
Samal ajal hakatakse Vaikse Olääse kohal kujunema mõõn ja liigub ittlevalt USA lääneranniku suunas, kuna Rosa läheneb esmaspäeval Baja-California poolsaart kui troopiline torm, mis hakkab suruma sügavat troopilist niiskust USA edelasse.
Brasiin toob esmaspäeval mõnes Mehhiko piirkonnas kuni 10 vihmahoogu.
Seejärel tekitab läheneva kümblusega suhtlev troopiline niiskus lähipäevil edelaosas ulatuslikke tugevaid sademeid.
Kohapeal põhjustab 1-4 äikesevihmad, prahivoolud ja ordul maalihked.
Sügav troopiline niisukus põhjustab sademete esinemissagedust 2-3 tollini tunnis kohtades, eriti Nevada ja Arizona piirkondades.
Edelaraudteel, eriti Arizonas, on oodata tervelt 2-4 tonni vihma.
Kiired üleujutused on troopiliste vibude hajutatuse tõttu võimalikud kiiresti halvenevate tingimustega.
Äärmiselt ebaviisakalt soovitaks troopiliste sademete ohuga jalgsi kõrvu.
Tugevad vihmasajud võivad põhjustada kanjonite vohavate jõgede sattumist ning keeristormid toovad kohalikku mahedat tuult ja puhuvat tolmi.
Käsitleev mõõn toob Lõuna-California rannajoonele veidi tugevat vihma.
Sademete koguhulk on üle poole tonni, mis võib põhjustada väiksemaid prahivooge ja libedaid maanteid.
Tegemist oleks nende märja aastaaja esimese sademed.
Mõned hajutatud troopilised vibjad hakkavad Arizonale lähenema pühapäeva hilisõhtul ja esmaspäeva alguses, enne kui vihm esmaspäeva ja teisi hilis- ja sekundaarsemaks muutub.
Teisipäeval levib tugev vihm neljakorruselisse ja kestab kolmapäevani.
Oktooneks võib USA-s näha intensiivseid temperatuurimuutusi, sest Arktika muutub jahedamaks, kuid troopikad jäävad üsna soojaks.
Mõnikord viib see dramaatiliste temperatuurimuutusteni lühikestel distantsidel.
On suurepärane näide dramaatilistest temperatuurierinevustest USA keskosas pühapäeval.
Kansas City, Missouri ja Omaha, Nebraska ning St Louisi ja Des Moinesi, Iowa vahel on ligi 20-kraadine temperatuurivahe.
Järgnevatel pööritavatel suvistel soojenduspüüdlustest püütakse uuesti üles ehitada ja laieneda.
Suures osas USA Kesk- ja Ida-Soomes peaks olema soe oktoobrikuu algus, kus on ulatuslikud 80-ndad lõunamaistest platsidest kirdeosani.
Teisipäeval võib New Yorgil ulatuda 80 kraadini, mis oleks umbes 10 kraadi üle keskmise.
Meie pikaajaline kliimaennustus näitab, et oktoobri esimesel poolel on USA idaosas keskmisest kõrgemad temperatuurud.
Rohkem kui 20 miljonit inimest jälgis Brett Kavanaugh' ärakuulamist
Enam kui 20 miljonit inimest jälgis ülemkohtu kandidaadi Brett Kavanaughi neljapäevaseid haaravaid tunnistusi ja naist, kes süüdistasid teda seksuaalses kallaletungis, mis väidetavalt leidis aset 1980. aastatel Christine Blaney Ford kuues televõrgus.
Samal ajal jätkus poliitiline vastasseis ning ringhäälinguorganisatsioonid katkestasid reedese viimase hetke väänamiseks regulaarsed programmid: Arizona senaatori Jeff Flake'i poolt FBI-le sõlmitud leping süüdistuste ühenädalaseks uurimiseks.
Ford ütles senati õiguskomiteele, et ta on sajaprotsendiliselt kindel, et Kavanaugh peksis teda purjuspäi ja üritas gümnaasiumipeol riietest maha võtta.
Kavanaugh ütles kirglikel ütlustel, et on sajaprotsendiliselt kindel, et seda ei juhtunud.
Arvatakse, et rohkem kui 20,4 miljonit Nielseni reedest teatanud inimest seda jälgis.
Firma luges keskmist vaatajat CBS, ABC, NBC, CNN, Fox News Channel ja MSNBC.
Andmed ei olnud kohe kättesaadavad ka teistel võrkudel, sealhulgas PBS, C-SPAN ja Fox Business Network.
Ja Nielsenil on tavaliselt mõningaid probleeme kontorites vaatavate inimeste mõõtmisega.
Kui seda silmas pidada, siis on see publiku suurus, mis on sarnane play-off-jalgpalli- või akadeemiaauhindade omaga.
Fox News Kanal, mille arvamuskülastajad on Kavanaugh' ametissenimetamist tugevalt toetanud, juhtis kõiki võrke keskmiselt 5,69 miljoni vaatamisväärsusega päevasel kuulamisel, ütles Nielsen.
ABC oli 3,26 miljoni vaatajaga teine.
CBSil oli 3,1 miljonit, NBC-l 2,94 miljonit, MSNBC-l 2,89 miljonit ja CNNil 2,52 miljonit, ütles Nielsen.
Intress püsis pärast ärakuulamist kõrgel.
Flake oli reedese draama peategelane.
Pärast seda, kui Mõõdukate vabariiklaste kabinet oli teinud avalduse, et ta hääletab Kavanaughi poolt, tabati ta reede hommikul CNNist ja CBSi kaameratest, kelle peale meeleavaldajad karjusid, kui ta üritas liftiga õiguskomisjoni istungile sõita.
Ta seisis mitu minutit silmadega, kui teda peksti, vahendab CNN.
"Ma seisan siin teie ees," ütles üks naine.
"Kas sa arvad, et ta räägib riigile tõtt?
Talle kästi: "Teil on võim siis, kui nii paljud naised on jõuetud.""
Flake ütles, et tema kabinet on teinud avalduse ja ütles enne lifti sulgemist, et tal on komisjoni istungil rohkem öelda.
Kaabli- ja telekanali võrgud katsid kõik reaalajas tund aega hiljem, kui õiguskomisjon pidi hääletama Kavanaugh' kandidatuuri esitamise poolt Senatisse hääletamiseks.
Kuid Flake ütles, et ta teeb seda vaid teadmisega, et FBI kummutab järgmisel nädalal esitatud süüdistusi kandidaadi vastu, mida vähemusdemokraadid on õhutanud.
Osaliselt veensid Flake'i vestlused oma sõbra, demokraat Chris Coonsiga.
Pärast vestud vestust Coonsi ja mitmete senaatoritega langetas Flake oma otsuse.
Flake'i valikul oli võim, sest oli näha, et vabariiklastel ei ole hääl Kavanaughi heakskiitmiseks ilma uurimiseta.
President Trump on alustanud FBI juurdlust Kavanaugh' vastu esitatud süüdistuste kohta.
Briti peaminister May süüdistab kriitikuid Brexiti suhtes "poliitika mängimises."
Peaminister Theresa May süüdistas kriitikuid oma plaanides lahkuda Euroopa Liidust "poliitika mängimises" Suurbritannia tulevikuga ja rahvuslike huvide õõnestamises ajalehele Sunday Times.
Briti peaminister Theresa May saabub 29. septembril 2018 Birminghamis toimuvale konservatiivide partei konverentsile.
Ajalehe esiküljel viibivas teises intervjuus surus tema endine välisminister Boris Johnson oma niinimetatud tšetšetšeenide Brexiti plaani ründama, väites ettepanekut, et Suurbritannia ja EL peaksid üksteise tariife koguma.
Wayde Simmi tulistamine: politsei vahistas kahtlusaluse Dyteon Simpsoni LSU mängija surmas
Politsei vahistas kahtlusalune LSU 20-aastase korvpalluri Wayde Simsi tapmissurmas.
Dyteon Simpson (20) vahistati teise astme mõrvasüüdistusega, teatas Baton Rouge'i politseijaoskond.
Ministeeriumid avalikustasid video Simsi ja Simpsoni vastasseisust ning politsei sõnul kaotas Sims võitluse käigus prillid.
Meeleakond sai prillid sündmuskohalt kätte ja ütles, et nad leidsid neilt Simpsoni DNA, vahendab CBS tütarfirmat WAFB.
Simpsoni ülekuulamise järel ütles politsei, et tunnistas Wayde'i tapvat tulistamist.
Advokaadi teatel on tema võlakirja suuruseks määratud 350 000 eurot.
East Baton Rouge Parish Coroneri büroo avaldas reedel esialgse raporti, milles öeldakse, et surma põhjuseks on püsirohutünni haaber pea kaela.
Ministeerium tunnustab Louisiana osariigi politsei tagaotsitavat töögruppi, osariigi kriminaallaborit, Lõunaülikooli politseid ja piirkonna kodanikke vahistamiseni viivast uurimisest.
LSU sportlik direktor Joe Alleva tänas piirkonna korrakaitsjaid "ebameeldivuse ja õigluse poole püüdlemise" eest.
Sims oli 20-aastane.
6-liikmeline edasikasvatamine kasvas üles Baton Rouge'is, kus tema isa Wayne mängis korvpalli ka LSU eest.
Eelmisel hooajal kogus ta keskmiselt 5,6 punkti ja 2,6 resultatiivset söötu.
Reede hommikul ütles LSU korvpallitreener Will Wade Wade Wade Wayde'i "hämmeldunud" ja šokis.
"Selle pärast te muretsete kogu aeg," ütles Wade.
Volcano külvab México tuhka
Popocatepetli vulgaarsild on jõudnud Mehhiko pealinna lõunanaabritesse.
Riiklik Katastroofiennetuse Keskus hoiatas laupäeval mehhiklasi vaktsiiglast eemale hoidma pärast seda, kui kraatris aktiivsus kasvas ning 24 tunni jooksul registreeriti 183 gaasi- ja tuhkdu.
Keskus jälgis mitut rusikahoogu ja värisemist.
Sotsiaalmeedias tehtud piltidelt näidati hõred tuhakihid México lähiümbruses, nagu Xochimilco.
Geofiilsistid on täheldanud aktiivsuse kasvu vulkaanil, mis asub 45 miili (72 kilomeetrit) kaguosas alates 7,1-magnituudisest maavärinast, mis raputas 2017. aasta Septembris Kesk-Mehhifikatsiooni.
Vulkaan nimega "Don Goyo" on olnud aktiivne alates 1994. aastast.
Iseseisvushääletuse juub milline tahes-Jõesuu-Jõesuu-Jõesuu
Kuus inimest vahistati laupäeval Barcelonas pärast seda, kui iseseisvusmeelsed meeleavaldajad põrkasid kokku märulipolitseiga ning kui tuhanded ühinesid rivaalitsevate meeleavaldustega Kataloonia lahkulöömishääletuse esimeseks aastapäevaks.
Grupp maskides semparatiste pühkisid märulipolitsei neid munadega ja määris pulbrilist värvi, tekitades tänavatel tumedad tolmupilved, mis on tavaliselt turistidest tulvil.
Hilisemal päeval puhkesid ka šansid, kus politsei kasutas lahingutegevuse ohjeldamiseks oma partiisid.
Üle mitmetunnised iseseisvusmeelsed rühmitused skandeerisid "Ei unusta, ei andke andeks," seistes silmitsi unionistlike meeleavaldajatega, kes hõitsid: "Pikk live Hispaania."
Meeleavaldustes saadud kergemate vigastuste eest sai ravi 14 inimest, teatas kohalik ajakirjandus.
Põlengud iseseisvusmeelses piirkonnas püsivad suured juba aasta pärast 1. oktoobri rahvahääletust, mida Madrid pidas ebaseaduslikuks, kuid mida separatistlikud katalaanid pühkisid.
Valijad valitsesid valdavalt iseseisvumiseks, kuigi valimisaktiivsus oli madal ning lahkulöömise vastased boikoteerisid valdavalt hääletust.
Kataloonia võimude teatel sai eelmisel aastal ligi 1000 inimest vigastada pärast seda, kui politsei üritas vägivaldsetes kokkupõrgetes valimisjagamisjaoskondades hääletust peatada.
Iseseisvusmeelsed rühmitused olid reedese reedese telkinud, et hoida ära meeleavaldust riikliku politsei toetuseks.
Demonstratsioon kulges edasi, kuid oli sunnitud valima teise tee.
Narcis Termes (68), elektrik Narcis Termes (68), kes osales koos abikaasaga separatistlikul meeleavaldusel, ütles, et ta ei looda Kataloonia iseseisvumise väljavaadete suhtes.
"Eelmisel aastal elasime läbi ühe oma parimatest hetkedest.
Nägin, kuidas mu vanemad nutsid rõõmuga, et saavad hääletada, aga nüüd oleme ummikus," ütles ta.
Hoolimata sellest, et Kataloonia iseseisvusmeelsed parteid suutsid eelmise aasta detsembris kohalikel kohalikel valimistel elada, võitlesid Kataloonia iseseisvusmeelsed parteid sel aastal, sest paljud nende tuntuimad liidrid on kas isehakanud eksiil- või vahi all, oodates kohtumõistmist oma rolli referendumi organiseerimisel ja sellele järgnenud iseseisvuse väljakuulutamisel.
42-aastane mehaanik Joan Puig, kes registreeris oma telefoni teel politsei toetuseks korraldatud meeleavalduse, ütles, et konflikti tekitasid mõlema poole poliitikud.
"See muutub üha pingelisemaks," ütles ta.
Laupäeval teatas Oriol Junqueras, üks üheksast Kataloonia eelvanglast alates eelmise aasta lõpust, et kandideerib järgmisel aastal Euroopa Parlamendi valimistel.
"Täina Euroopa Parlamendi valimiste kandidaadiks olemine on parim viis mõista hukka Hispaania valitsuse taandareng demokraatlikes väärtustes ja repressioonides," ütles ta.
Londonderry: Mehed vahistati pärast seda, kui maja rammis autot
Kolm 33-, 34- ja 39-aastast meest on vahistatud pärast seda, kui Londonderry majja lõdvestis autot.
Intsident puhkes Ballynagard Crescent'is neljapäeval kell 19.30.
Det Insp Bob Blemmings ütles, et väravatest ja hoonest endast tekitati kahjustusi.
Mingil hetkel võis auto pihta tulistuda ka ristlukk.
Menga streik annab Livingstonile 1-0 võitu Rangersi üle
Dolly Menga esimene värav Livingstonile kindlustas võidu
Proovitud Livingston rabas Rangers, saades Ibroxi klubi juhina Steven Gerrardile alles teise kaotuse 18 mängus.
Dolly Menga streis osutus erinevuseks, sest Gary Holti poolel liikus Hibernianiga teiseks.
Gerrardi pool jääb sel hooajal Premiershipis võitmata ja läheb järgmisel pühapäeval vastamisi liidri Heartsiga, keda nad edestavad kaheksa punktiga.
Enne seda võõrustab Rangers neljapäeval Euroliigas Rapid Viini.
Livingston pikendas aga oma võitmatut jooksu divisjonis kuuele mängule, peatreener Holt jääb pärast Kenny Mileri väljavahetamist eelmisel kuul veel kaotust maitsma.
Livingston igatseb lärmakaid külalisi
Holti tiitel pidanuks enne skoori ette jõudma juba ammu, kusjuures nende otsekohesus tekitas Rangersile igasuguseid probleeme.
Scott Robinson murdis läbi, kuid lohistas oma pingutuse üle värava, seejärel sai Alan Lithgow oma pingutust vaid laiaks suunata pärast libisemist Craig Halketti pealöögiga üle värava.
Meelealumed olid rahul, et lasid Rangersil enda ees mängida, teades, et nad võivad külastajaid tükkidega häirida.
Ja see viis, kuidas otsustav eesmärk sündis.
Rangers möönis vabaviske ja Livingston töötas avamisel, Declan Gallagher ja Robinson kombineerisid, et luua Menga, kes haaras puudutuse ja lõi kasti keskelt skoori.
Selleks faasiks oli Rangers domineerinud valskust, kuid leidis, et kodune kaitse on läbitungimatu ja väravavaht Liam Kelly oli suures osas tabamata,
See muster jätkus teisel poolajal, kuigi Alfredo Morelos sundis Kellyst päästma.
Scott Pittmani eitasid Rangersi väravavahi Allan McGregori ja Lithgowi jalgadest ning Lithgow lendas teisest Livingstoni väravast.
Ristid tulid pidevalt Livingstoni kasti ja neid likvideeriti pidevalt ning kaks karistusväidet - pärast Halketti väljakutset asendaja Glenn Middletoni ja ühe käsipalli vastu - kummardusid.
Livingstoni "feomenaalne" - analüüs
BBC Alsdair Lamont Tony Macaroni Arena
Nähtav sooritus ja tulemus Livingstoni.
Mehe jaoks olid nad suurepärased, ületades jätkuvalt ootusi selle ülestõstmise trajektoori suhtes.
Nende mängustiil ja -personal ei ole pärast esiviisikusse naasmist sugugi muutunud, kuid suur tunnusvõte peab minema Holtile selle eest, kuidas ta pärast tema tulekut meeskonda erutanud on.
Tal oli nii palju kangelasi.
Kapten Halkett oli meeletu, mõnusalt organiseeritav kaitse, Menga hoidis Connor Goldsoni ja Joe Worrallit kogu aeg.
Rangersil puudus aga inspiratsioon.
Nii hea, kui nad Gerrardi käe all aeg-ajalt on olnud, ei vastanud nad nendele normidele.
Nende viimane pall oli puudulik - vaid üks kord lõikasid nad kodupoole lahti - ja see on omamoodi äratuskell Rangersile, kes leiab end tabeli keskelt.
Erdogan saab Kölni segast vastuvõttu
laupäeval (29. septembril) oli naeratust ja sinist taevast, sest Türgi ja Saksamaa liidrid kohtusid murdmaasuusatamise eest Berliinis.
Tegemist on president Erdogani vastuolulise Saksamaa-visiidi viimase päevaga, mille eesmärk on NATO liitlaste vaheliste suhete parandamine.
Nad langesid välja sellistes küsimustes nagu inimõigused, ajakirjandusvabadus ja Türgi liitumine Euroopa Liiduga.
Erdogan suundus seejärel Kölni, et avada hiigelsuur mošeek.
See linn on koduks suurimale türgi elanikkonnale väljaspool Türgit.
Politsei viitas julgeolekukaalutlustele 25 000-liikmelisest rahvahulga kogunemisest mošee ette, kuid paljud toetajad ilmusid oma presidenti platsile.
Sajad Erdogani-vastased meeleavaldajad, kellest paljud olid kurdid, tegid samuti oma hääle kuuldavaks, mõistes hukka nii Erdogani poliitika kui ka Saksa valitsuse otsuse teda riiki vastu võtta.
Mõõdukad protestid peegeldavad külalise lahkhelisid lahkhelisi, keda mõned Saksa türklased kangelaseks tervitasid ja teised autokrakraadiks pidasid.
Deptfordi liiklusõnnetus: jalgrattur hukkus kokkupõrgetes autoga
Jalgrattur hukkus kokkupõrge autoga Londonis.
Õnnetus juhtus linna kagu kaguosas Deptfordis tiheda liiklusega maantee Bestwoodi tänava ja Evelyni tänava ristumiskoha lähedal kell 10:15 BST.
Auto juht peatus ja parameedikud osalesid, kuid mees hukkus sündmuskohal.
Õnnetus juhtus mitu kuud pärast seda, kui laupäevasest avariist umbes miili kaugusel Childersi tänaval tabamises hukkus veel üks jalgrattur.
Keskkriminaalpolitsei teatel töötavad politseinikud selle nimel, et meest kindlaks teha.
Teede sulgemised ja busside kõrvalepõlemised on paigas ning autojuhtidel on soovitatud seda piirkonda vältida.
Pikk Lartini vangla: kuus ametnikku haigestuvad korralageduses
Kuus vangla ametnikku on saanud haavata kõrgete turvameeste vanglas toimunud rahutustes, teatas Vanglaamet.
Pühapäeval kell 09:30 kella 9.30 paiku puhkes Worcestershire'is HMP Long Lartinis ja see jätkub.
Raskusega tegelemiseks on kohale toodud spetsiaalsed "Tornado" ohvitserid, kelle hulgas on kaheksat kinnipeetavat ja need on ühe tiiva all.
Ametnikke raviti sündmuskohal väikeste näovigastustega.
Vanglateenistuse pressiesindaja sõnul on HMP Long Lartini jätkuva intsidendiga toimetulemiseks appi koolitatud vanglatöötajad.
Hammuslikke vigastusi on ravinud kuus töötajat.
Me ei salli vägivalda oma vanglates ja oleme kindlad, et süüdlased suunatakse politseisse ja nad võivad kauem trellide taga veeta. "
HMP Long Lartinil on üle 500 vangi, sealhulgas riigi kõige ohtlikumaid kurjategijaid.
Juunis teatati, et vangla kuberner sai haiglaravi pärast seda, kui vang teda ründas.
Läinud aasta oktoobris kutsuti vanglasse märuliohvitserid, et tulla toime tõsise rahutusega, kus töötajaid rünnati poolpallidega.
Orkaan Rosa Threatening Phoenix, Las Vegas, Salt Lake City kiiruuisutamine (Drought Areas May Benefit)
On haruldane, et troopiline depressioon tabab Arizona't, kuid just see juhtub tõenäoliselt järgmise nädala alguses, kui orkaan Rosa allesjäänud homöostrood kulgeb kogu kõrbe edelaosas, mis toob kaasa äkktulva üleujutusohu.
National Weather Service väljastas esmaspäevaks ja teisipäevaks Lääne-Niibiks, Kagu-Californiasse ja Utah, sealhulgas Phoenixi, Flagstaffi, Las Vegase ja Salt Lake'i linna.
Teisipäeval peaks Rosa valima Phoenixi ümber otsetee, lähenedes esmaspäeva hilisõhtul koos vihmaga.
Riiklik ilmateenistus Phoenixis märkas usutluses, et alates 1950. aastast Phoenixis on troopilise tortormi või depressiooni staatust säilitanud vaid "tensinevad troopilised tsüklonid!
Katrina (1967) oli orkaan 40 kilomeetri kaugusel AZ piirist. "
Värsked riiklikud orkaanikeskuse modellid ennustavad Arizonas Mogollon Rimis 2-4 tonni sademetehulki, isoleeritud koguste kuni 6 tolli.
Teised Desert edelapoolsed piirkonnad, kaasa arvatud Kesk-Rockies ja Great Basin, saavad tõenäoliselt 1-2 tolli, kusjuures võimalik on isoleeritud kokku kuni 4 tolli.
Neile, kellel puudub äikesetorm, võib Rosa vihm olla õnnistus, sest piirkond on põuast räsitud.
Kuigi üleujutamine on väga tõsine probleem, on mõned neist vihmasadudest tõenäoliselt kasulikud, sest edelaosas valitseb praegu põuane olukord.
USA Drought Monitori andmeil on veidi üle 40 protsendi Arizonast vähemalt ekstreemne põud, mis on tähtsuselt teine kategooria," vahendas weather.com.
Esiteks, orkaan Rosa tee viib maandumiseni üle Baja California poolsaart Mehhikos.
Pühapäeva hommik orkaani tugevusega Rosa, mille maksimaalne tuul on 85 miili tunnis, on 385 kilomeetrit Punta Eugeeniast lõunas Mehhikos ja liigub 12 miiliga tunnis põhja poole.
Torm kohtab jahedamat vett Vaikses ookeanis ja toidab seetõttu.
Seega peaks Mehhikos troopiliste tormade jõul pühkima esmaspäeva pärastlõunal või õhtul.
Rasv võib olla suur, põhjustades märkimisväärset üleujutusohvrit.
"Baja Californiast Loode Sonoraks on oodata 3-6 tolli," teatas ilm.
Rosa jälgib seejärel üle Mehhiko troopilist tormist troopilise tormina, jõudes varahommikul Arizona piirile troopilise depressioonina, mis seejärel teisipäeva hilisõhtuks läbi Arizona ja Lõuna-Utah.
"Põhiline oht, mida Rosalt või selle jäänustelt oodatakse, on väga tugev vihmasadu Baja Californias Loode Sonoras ja USA kõrbikus edelaosas," teatas National Hurricane Center.
Need vihmad peaksid tekitama eluohtlikke äikese- ja pragusvooge kõrbetes ning maalihkeid mägisel maastikul.
Midsomer Nortoni rünnak: neli tapmiskatset
Mõrtsutamiskatses kahtlustatuna vahistati kolm teismelist poissi ja 20-aastane mees pärast seda, kui Somerset'ist avastati 16-aastane torkehaavu.
Teismeline poisi leiti laupäeval kell 04.00 BST kella 04.00 paiku vigastatuna Excelsior Terrace'i piirkonnast Midsomer Nortonist.
Ta viidi haiglasse, kus ta on endiselt "stabiilses" seisundis.
Radstocki piirkonnas vahistati üleöö 17-aastane, kaks 18-aastast ja 20-aastast meest, teatasid Avon ja Somerseti politsei.
Ametnikud on palunud kõigil, kellel võib olla juhtunust mingeid mobiiltelefonide materjale.
Trumpi sõnul oli Kavanaugh Demokraatliku Partei meelevaldus, viha
Trump ütles Lääne- Virginia Wheeling, et hääletada Demokraatliku Erakonna halastamatu ja ülekohtuse taktika tagasilükkamine," ütles Trump Lääne-Wirginia Wheelingis toimunud meeleavaldusel.
Trump ütles, et Kavanaugh on kogu tema ametisse nimetamise protsessi vältel Demokraatliku Partei meelekindlust, pahameelt külvanud.
Kavanaugh tunnistas neljapäeval kongressi ees, eitades jõuliselt ja emotsionaalselt Christine Blaney Fordi väidet, nagu ründaks ta teda seksuaalselt aastakümnete eest teismelistena.
Ford tunnistas kuulamisel ka oma süüdistust.
President ütles laupäeval, et "ameeriklased nägi tol päeval Kavanaughi geniaalset, kvaliteeti ja julgust."
"Hääletamine kohtunik Kavanaughi kinnitamiseks on hääletus meie aja ühe kõige edukama õigusliku meele kinnitamiseks, jurist, kellel on tugev avalik teenistus," ütles Lääne-Virginia toetajatele.
President viitas põikpäiselt Kavanaughi ametissenimetamisele, rääkides samal ajal vabariiklaste valimisaktiivsuse tähtsusest vahevalimistel.
"Viis nädalat enne üht kõige tähtsamat valimist meie elus.
Ma ei jookse, aga ma tõesti jooksen, "ütles ta.
"Seetõttu sõidan suurte kandidaatide eest."
Trump väitis, et Demokraate on "vastupidamis- ja tõstmis-."
Esimene oluline protseduuriline hääletus Senati korrusel Kavanaughi kandidatuuri üle peaks toimuma hiljemalt reedes, ütles GOP-i kõrge esindaja CNN-ile.
Indoneesia kvadrahhi, hiidlööda tõttu hukkus sadu
Hukkus vähemalt 384 inimest, paljud pühkisid hiidlaineid randades, kui Indoneesia Sulawesi saart tabas suur maavärin ja hiid hiidlaine, teatasid võimud laupäeval, teatasid võimud laupäeval.
Reedel kogunesid sajad inimesed Palu linna rannas toimuvale festivalile festivalile, kui tervelt kuus meetrit (18 jalga (18 meetrit) lamasid rannikul laineid, pühkides paljud oma surma ja hävitades oma teel kõike.
Hiidlainele järgnes 7,5 magnituudine maavärin.
"Kui hiidlaineohver eile ilmnes, ajasid inimesed endiselt oma tegevust rannas ega jooksnud seda kohe ning neist said ohvrid," ütles Indoneesia katastroofide leevendamise agentuuri BNPB pressiesindaja Sutopo Purwo Nugroho Jakartas peetud infotunnis.
"Hatõke ei tulnud iseenesest, see lohistas autosid, palke, maju, see tabas kõike maismaale," ütles Nugroho, lisades, et hiidlg oli rännanud üle lahtise merre kiirusega 800 kph (497 mph).
Tema sõnul ronisid mõned inimesed hiidlainest pääsemiseks puude otsa ja jäid ellu.
Umbes 16 700 inimest evakueeriti Palu 24 keskusesse.
Katastroofiagentuuri avaldatud õhufotod näitasid, et paljud hooned ja poed hävisid, sillad värisesid ja varisesid kokku ning mošee veega ümbritsetuna.
laupäeval jätkus rannaäärse linna kõigutamine.
Maavägede seeriat oli tunda 2,4 miljoni elanikuga piirkonnas.
Indoneesia Tehnoloogia Hindamise- ja Rakendusamet (BPPT) teatas oma avalduses, et reedese ulatusliku kvadrahhi poolt välja lastud energia oli umbes 200 korda suurem Teises maailmasõjas Hiroshimale heidetud aatomipommi võimsusest.
Ta ütles, et linna geograafia, mis istub pika ja kitsa lahte lõpus, oleks võinud hiid hiid hiid hiid hiidlase suurust võimendada.
Nugroho nimetas kahjustusi suurteks ja ütles, et tuhanded majad, haiglad, kaubanduskeskused ja hotellid on kokku varisenud.
Tema sõnul leiti kokkukukkunud hoonete rusude alt surnukeha, lisades, et 540 inimest sai vigastada ja 29 inimest on kadunud.
Nugroho sõnul võivad inimohvrid ja kahjustused olla suuremad Palust 300 kilomeetri (190 kilomeetrit) põhja pool rannajoonel, piirkonnas nimega Donggala, mis on lähedas maavärina epitsenterile lähemal.
Kommunikatsioonid olid täiesti halvatud Donggala teabeta, ütles Nugroho.
Seal elab üle 300 000 inimese," teatas Punane Rist oma avalduses, lisades, et selle töötajad ja vabatahtlikud suundusid kannatada saanud piirkondadesse.
"Tegemist on juba tragöödiaga, kuid see võib palju hullemaks minna," ütles ta.
Laupäeval kritiseeriti ametit laialdaselt selle eest, et ta ei teatanud Palu tabanud hiidlainest, kuigi ametnike sõnul olid lained tulnud enne, kui hoiatus anti.
Sotsiaalmeedias jagatavates amatöörfilmides kuuleb hoone ülemisel korrusel meest, kes hüüab lähedalasuvatele hiidlainele inimestele tänavalt.
Mõne aja pärast kukub kaldale veemüür, mis viib minema hooneid ja autosid.
Reuters ei osanud materjale kohe autenteerida.
Kvartett ja hiidlaine põhjustasid suure elektrikatkestuse, mis katkestas Palu ümbruse side, mistõttu oli võimudel päästetööde koordineerimine raskendatud.
Võimude teatel on sõjavägi alustanud kaubalennukite saatmist Jakarta ja teiste linnade abiga, kuid evakueerijad vajavad endiselt hädasti toitu ja muid elementaarseid esmatarbekohti.
Linna lennujaam on taasavatud vaid hädaabitöödeks ning see jääb suletuks kuni oktoobrini.
President Joko Widodo pidi pühapäeval külastama evakuatsioonikeskusi Palus evakuatsioonikeskusi.
Indonesia Tsunami Toll Soars üle 800.
On väga halb.
Samal ajal, kui World Vision töötajad Donggalast on turvaliselt jõudnud Palu linna, kus töötajad varjavad oma kabineti õuele rajatud tõrvatilkade varjupaikadega, möödusid nad teel laastamispaikadest, ütles Doseba.
"Nad ütlesid, et nägid palju maju, mis hävisid," ütles ta.
See on väga halb.
Samal ajal, kui abigrupid alustasid süngeid ettepanekuid katastroofiabi käivitamiseks, kurtsid mõned selle üle, et Palu sõitmist takistatakse tiheda oskusteabega välisabitöötajatel Palu sõitmast.
Indoneesia eeskirjade kohaselt võib rahastamine, varustus ja personal välismaale voolama hakata vaid juhul, kui õnnetuspaik kuulutatakse riiklikuks katastroofipiirkonnaks.
Seda ei ole veel juhtunud.
Indoneesia Punase Risti pressiesindaja Aulia Arriani sõnul on tegemist provintsi tasemel katastroofiga.
"Kui valitsus ütleb: "Ühte, et see on riiklik katastroof," saame rahvusvaheliseks abiks olla, kuid staatust veel ei ole. "
Pärast reedest maavägede ja hiidlainet Palule kukkudes lootsid, et nende lähedased on need, kes looduskatastroofide rägastikust eemale jätsid.
Laupäeval lasti kanalisatsioonist välja väike poiss.
Pühapäeval vabastasid päästjad kaheks püssirohutünni teinud naise, kes oli kaks päeva rusude alla vajunud koos ema surnukehaga.
Indoneesia rahvuskoondise treener Gendon Subandono oli selle kuu alguses Indoneesias kokku tulnud Aasia mängudeks treeninud kaks kadunud langevarjurit.
Roa Roa Roa hotelli lõksu jäänute seas olid tema tudengid tema tudengid.
"Varem langevarjuri valdkonnas on mul oma emotsionaalne koorem," ütles ta.
Härra Gendon jutustas sellest, kuidas mõned tunnid pärast seda, kui uudis Roa Roa hotelli kokkukukkumisest paragribändide seas levis, oli ta meeleheitlikult saatnud Palu konkurentidele, kes rannafestivalist osa võtsid.
Tema sõnumid tõid aga kaasa vaid ühe halli kontrollmärgi, mitte paar sinist kontrollkäiku.
"Ma arvan, et see tähendab, et sõnumeid ei edastatud," ütles ta.
Newport on Leveee
Newporti politseiameti teatel varastas reede hommikul Brinki töötajalt 26 750 eurot Newporti sularahaautomaati.
Autojuht tühjendas meelelahutuskompleksis sularahaautomaadi ja valmistus rohkem raha andma, kirjutas Dennis McCarthy pressiteates.
Samal ajal, kui ta oli hõivatud, "hüppas Brinki töötaja selja tagant" ja varastas kättetoimetamiseks hunniku raha.
Väite kohaselt märkasid pealtnägijad sündmuskohalt põgenemas mitut kahtlusalust, kuid politsei ei täpsustanud intsidendiga seotud isikute arvu.
Kõik, kellel on teavet tema isikusamasuse kohta, peaksid võtma ühendust Newporti politseiga telefonil 859-292-3680.
Kanye West: Rapper vahetab oma nime Ye
Räppar Kanye West vahetab oma nime Ye vastu.
Teatades laupäeval Twitteris toimunud muudatusest, kirjutas ta: "Tunnisti tuntud kui Kanye West."
West (41) on juba mõnda aega saanud hüüdnimeks Ye ja kasutas monitoorit oma kaheksanda albumi tiitel, mis ilmus juunis.
Muutus toimub enne tema esinemist laupäevases Night Live'is, kus ta peaks välja andma oma uue albumi Yandhi.
Ta vahetab etendusel välja laulja Ariana Grande, kes tühistati "emotsionaalsetel põhjustel," ütles lavastuse algataja.
Lisaks sellele, et Lääs on lühend oma senisest ametinimetusest, on ta varem öelnud, et sõnal on tema jaoks religioosne tähendus.
"Usun, ma usun, et kõige sagedamini kasutatav sõna piiblis ja piiblis see tähendab "te,"" ütles West selle aasta alguses, arutades oma albumi pealkirja raadiokuulaja Big Boyga.
"Mina olen sina sina, ma olen meie, see oleme meie.
See läks Kanyest, mis tähendab, et ainus, on lihtsalt Ye - lihtsalt meie hea, meie halva, meie segaduse, kõige peegeldus.
See album peegeldab pigem seda, kes me oleme. "
Ta on üks paljudest kuulsatest vägistajatest, et oma nime muuta.
Sean Combs on olnud tuntud Puff Daddy, P. Diddy või Diddy, kuid sel aastal teatas ta oma eelistamisest Love and Brother Love.
Endine läätsekollektiiv JAY-Z on hakkama saanud ka hüpnoosi ja pealinnaga.
Mõõdukate AMLO lubab mitte kasutada sõjaväge tsiviilisikute vastu
Mehhiko presidendiks valitud Andres Manuel Lopez Obrador on tõotanud, et ei kasuta kunagi sõjalist jõudu tsiviilisikute vastu, kui riik läheneb 50 aasta möödumisele verisest kättemaksust üliõpilastele.
Lopez Obrador lubas laupäeval Tlatelololco Plazas "mitte kunagi kasutada sõjaväge mehhiklaste represseerimiseks."
Sõjaväed vallandasid 1968. aasta 2. oktoobril plaazhil rahumeelse meeleavalduse, tappes tervelt 300 inimest ajal, mil kogu Ladina-Ameerikas juurdlesid vasakpoolsed tudengiliikumised.
Lopez Obrador on lubanud toetada noori mehhiklasi, anddes igakuiseid toetusi neile, kes õpivad ja avavad tasuta avalik-õiguslikke ülikoole.
Ta on öelnud, et tööpuudus ja haridusvõimaluste puudumine tõmbavad noori kuritegelikesse jõuku.
Ameerika Ühendriigid peaksid kahekordistama A. Liidu rahastamist
Seoses tehisintellekti aktiivsuslikumaks muutudes peaks USA kahekordistama selle valdkonna uuringutele kuluvat summat, ütleb investor ja AI praktik Kai-Fu Lee, kes on töötanud Google'i, Microsofti ja Apple'i heaks.
Kommentaarid tulevad pärast seda, kui USA valitsuse erinevad osad on teinud AI teadaandeid, isegi kui USA-l puudub üldiselt ametlik AI-strateegia.
Samal ajal kehtestas Päie Hiina eelmisel aastal oma kava: tema eesmärk on olla 2030. aastaks AI-innovatsioonis nr.1.
"AI teaduseelarve oleks hea algus, arvestades seda, et kõik teised riigid on USAst nii palju kaugemal ja me ootame järgmist läbimurret AI-s," ütles Lee.
Topeltrahastamine võib kahekordistada tõenäosust, et järgmine suur AI-saavutus toimub USAs, ütles Lee sel nädalal CNBC-le antud intervjuus.
Lee, kelle raamat "AI Superpowers: China, Silicon Valley and New World Order" ilmus sel kuul Houghton Mifflin Harcourti poolt, on Sinovation Ventures'i tegevjuht, kes on investeerinud Hiina ühele silmapaistvamale AI ettevõttele Face++.
1980. aastatel Carnegie Melloni ülikoolis tegeles ta AI-süsteemiga, mis peksis kõrgeima asetusega ameeriklase Othello mängijat, ning hiljem oli ta Microsoft Researchi tegevjuht ja Google'i Hiina haru president.
Lee tunnustas eelmisi USA valitsuse tehnoloogiakonkurssi, nagu Defense Adpense Advanced Research Projects Agency Robootics Challenge, ja küsis, millal on järgmine visionäär, et aidata välja selgitada järgmised visionäärid.
USA uurijad peavad valitsuse toetuste võitmiseks sageli kõvasti vaeva nägema, "ütles Lee.
"Akadeemilisi liidreid ei võta ära mitte Hiina, vaid korporatsioone," ütles Lee.
Facebookis, Google'is ja teistes tehnoloogiaettevõtetes on viimastel aastatel palgatud ülikoolidest AI-ga töötamiseks valgusteid.
Lee ütles, et immigratsioonipoliitika muudatused võivad samuti aidata USA-l AI-püüdlusi tugevdada.
"Arvan, et rohelisi kaarte tuleks automaatselt pakkuda dotsendile AI," ütles ta.
Hiina riigivolikogu andis 2017. aasta juulis välja oma järgmise geniaalse intelligentsuse arengukava.
Hiina Riiklik Loomaa Teaduse Sihtasutus rahastab akadeemilisi indiviide inimesi sarnaselt sellele, kuidas National Science Foundation ja teised valitsusorganisatsioonid USA teadlastele raha annavad, kuid akadeemilise töö kvaliteet Hiinas on madalam, ütles Lee.
Selle aasta alguses asutas USA kaitseosakond ühise kunstlluure Keskuse, mille eesmärk on kaasata partnerid tööstusest ja akadeemilistest ringkondadest ning Valge Maja teatas kunstilise luure valimiskomisjoni moodustamisest.
DARPA teatas sel kuul 2 miljardi euro suurusest investeeringust algatusesse nimega AI Next.
Mis puudutab NSF-i, siis praegu investeerib ta üle 100 miljoni euro AI teadusuuringutesse aastas.
Samal ajal ei ole USA õigusaktid, mille eesmärk oli luua riikliku julgeoleku komisjon kunstluure kohta, kuude kaupa meetmeid näinud.
Kodoonlased hääletavad referendumil selle üle, kas muuta riigi nime
Makedoonia rahvas hääletas pühapäevasel referendumil selle üle, kas muuta oma nimi Põhja-Makedoonia vabariigiks, mis lahendaks aastakümnetepikkust vaidlust Kreekaga, mis oleks blokeerinud Euroopa Liidu ja NATO ühinemistaotlused.
Kross, millel on provints nimega Makedoonia, väidab, et põhjanaabri nimetus kujutab endast nõuet oma territooriumil ning on pannud veto tema siirdumisele NATO-sse ja Euroopa Liitu.
Mõlemad valitsused sõlmisid juunis pakutud uue nime alusel kokkuleppe, kuid natsionalistlikud oponendid väidavad, et muudatus õõnestaks Makedoonia slaavi enamuse etnilist identiteeti.
President Gjorge Ivanov on öelnud, et ta ei hääleta referendumil ning boikotikampaania on tekitanud kahtlusi, kas valimisaktiivsus vastab referendumi kehtimiseks vajalikule vähemalt 50 protsendile.
Referendumi hääletuse küsimus kõlas järgmiselt: "Kas te olete NATO ja Euroopa Liidu liikmeks, nõustudes Kreekaga sõlmitud lepinguga."
Nimemuutuse pooldajad, kaasa arvatud peaminister Zoran Zajev, väidavad, et selle eest, mida tasub maksta sellistesse organitesse nagu Euroopa Liit ja NATO, mis on üks Jugoslaavia kokkukukkumisest väljuvatest riikidest.
"Kutstusin täna, et hääletada selle riigi tuleviku, Makedoonia noorte poolt, et nad saaksid elada vabalt Euroopa Liidu egiidi all, sest see tähendab meie kõigi jaoks turvalisemat elu," ütles Olivera Georgijevska (79).
Kuigi see ei ole õiguslikult siduv, on piisavalt parlamendiliikmeid öelnud, et nad järgivad hääletuse tulemust, et see oleks määrav.
Nime muutmine nõuaks parlamendis kahekolmandikulist häälteenamust.
Riiklik valimiskomisjon teatas, et kella 13-ks ei olnud teateid eeskirjade eiramisest.
Valimisaktiivsus oli siiski vaid 16 protsenti võrreldes 34 protsendiga eelmistel parlamendivalimistel 2016. aastal, kui 66 protsenti registreeritud valijatest andis oma hääle.
"Tundusin hääletama oma laste pärast, meie koht on Euroopas," ütles pealinna Skopje valitseja Gjose Tanevski (62).
Makedoonia peaminister Zoran Zaev, tema abikaasa Zorica ja tema poeg Dushko andsid oma hääle Makedoonias toimuvale referendumile riigi nime muutmise kohta, mis avaks võimaluse NATO ja Euroopa Liiduga liitumiseks Strumica, Makedoonia 30. septembril 2018.
Skopje parlamendi ees valmistus väikeseks lavaks ja tõmbas tossu toolid nende loodud telkide ees, kes boikoteerivad rahvahääletust.
"Oleneme NATO ja Euroopa Liidu poolt, kuid tahame ühineda oma päistega, mitte teenistusukse kaudu," ütles Kavadarkov.
"Oleme vaene riik, kuid meil on väärikus.
Kui nad ei tahta meid Makedooniaks võtta, siis võime pöörduda teiste, näiteks Hiina ja Venemaa poole ning saada osaks Euro-Aasia integratsioonist. "
Peaministri Zaevi sõnul toob NATO liikmelisus palju vajalikke investeeringuid Makedooniasse, mille töötuse määr on üle 20-protsendiline.
"Usun, et suur enamus on poolt, sest rohkem kui 80 protsenti meie kodanikest on ELi ja NATO poolt," ütles Zaev pärast oma hääle andmist.
Ta nentis, et "jah" tulemus oleks meie tuleviku kinnitamine.
Läinud esmaspäeval Makedoonia Poliitikauuringute Instituudi poolt avaldatud küsitlus ütles, et referendumil osaleks 30-43 protsenti valijaist, mis jääb vajalikust valimisaktiivsusest madalamaks.
Makedoonia Telma telekanali poolt läbi viidud küsitlus näitas, et 57 protsent vastanutest kavatseb pühapäeval hääletada.
Neist 70 protsenti ütles, et nad hääletaksid poolt.
Referendumi edukaks valimisaktiivsus peab olema 50-protsendiline pluss üks hääl.
Referendumi ebaõnnestumine oleks esimene tõsine löök lääne-meelse valitsuse poliitikale alates eelmise aasta maikuust.
Vaata: Manchester City Sergio Aguero sõidab kogu Brightoni värava
Sergio Aguero ja Raheem Sterling saatsid laupäeval Etihadi staadionil platsil Manchester City 2: 0 võidetud Brightoni kaitse.
Aguero tegi oma skoori 65. minutil naeruväärselt lihtsaks.
Argentiina ründaja pääses keskväljal jada alguses.
Ta sõitas kolme Brightoni kaitsja vahel, enne pühkimist avavärki.
Aguero sattus seejärel nelja rohelise särki.
Ta tõukas ühe poolkaitsja, enne kui Brightoni kasti servast veel mitu korda välja sõitis.
Seejärel tõukas ta passi vasakule, leides Sterlingi.
Inglased kasutasid oma esimest puutetundlikkust karbis, et anda pall tagasi Aguerole, kes kasutas oma paremat söötu Brightoni pidaja Mathew Ryani löömiseks paremal pool võrku.
"Aguero vaevleb mingite jalgade probleemidega," ütles linnajuht Pep Guardiola ajakirjanikele.
"Rääkisime sellest, et ta mängib 55, 60 minutit.
Nii see juhtus.
Meil vedas, et ta sel hetkel värava lõi. "
Sterling oli aga see, kes Premier League'i kihlveos Sky Bluesile esimese eelise andis.
See värav sündis 29. minutil.
Aguero sai selles mängus palli sügaval Brightoni territooriumil.
Ta saatsid ilusa palli mööda vasakut kõhtu Leroy Sanesse.
Sane võttis mõned puudutused, enne kui viib Sterling kaugele posti.
Sky Blues viis palli võrku vahetult enne piiridest välja libisemist.
Teisipäeval kell 12.55 toimub Saksamaal Sinsheimis Rhein-Neckar-Arena.
Scherzer tahab mängida spoilerit vs Rockies
Kui rahvuslased play-off'ist kõrvale jäid, ei olnud erilist põhjust uut starti peale suruda.
Igiootav Scherzer loodab aga pühapäeval Colorado Rocki vastu platsile asuda, kuid ainult juhul, kui on veel play-off mõju Rockidele, kellel on üheväravaline edu Los Angeles Dodgersi ees NL-i lääneosas.
Rockid noppisid reede õhtul 5-2 võiduga rahvuskoondise üle vähemalt wild-card'i, kuid tahavad siiski oma esimese divisjoni tiitel lukku panna.
"Muidugi, kui me mitte millegi eest mängime, suudame vähemalt kummi nühkida, teades, et atmosfäär siin Denveris koos rahva ja teise meeskonnaga mängiks ilmselt kõrgeimal tasemel, millega ma sel aastal silmitsi seisaksin.
Miks ma ei taha selles võistelda?"
Rahvuslased ei ole veel pühapäeva algust välja kuulutanud, kuid kuuldavasti kipuvad laskma Scherzeril sellises olukorras viigistada.
Scherzer, kes teeks oma 34. stardi, viskas neljapäeval härjal sarvist ja põrutab oma tavapärasele puhkamisele pühapäeval.
Washingtoni parem käsi on sel hooajal 220 2/3 viskest 18-7.
Lääne-Virumaal koguneb trupp
President viitas põikpäiselt oma ülemkoost Brett Kavanaugh' ümber valitsevale olukorrale, rääkides samal ajal vabariiklaste valimisaktiivsuse tähtsusest vahevalimistel.
"Kõik see, mida oleme teinud, on kaalul novembris.
Viis nädalat enne üht kõige tähtsamat valimist meie elus.
Tegemist on ühe suur-suurega - ma ei jookse, aga jooksen tõesti, mistõttu võitlen suurte kandidaatide eest," ütles ta.
Trump jätkas: "Näete seda jubedat, jubedat radikaalset demokraate, te näete, et see toimub just praegu.
Ja nad on otsustanud võimu tagasi võtta, kasutades kõiki vajalikke vahendeid, sa näed mõtlemisvõimet, naiivsust.
Nad ei hooli sellest, kellele nad haiget teevad, kellele nad peavad üle jooksma, et saada jõudu ja kontrolli, see on võim ja kontroll, me ei anna seda neile. "
Demokratiivsed on tema sõnul missioonil "vastu panna ja takistada."
"Ja te näete seda viimase nelja päeva jooksul," ütles ta, nimetades demokraate "põhjendavaks ja meeletuks ja ebameeldivaks ja ebatõenäoliseks."
Ta viitas Senati õiguskomitee edetabeli edetabeli demokraat Dianne Feinsteinile nimepidi, mis sai publikult valjuhäälseid poose.
" Meenutage tema vastust?
Kas lekitasite selle dokumendi?
Uh, uh, mis.
Ei, uh ei, ma ootan üht - see oli tõesti halb kehakeel - halvim kehakeel, mida ma eales näinud olen. "
Leiborist ei ole enam lai kirik.
See on sallimatu nende suhtes, kes oma mõistust oskavad
Kui Momentumi aktivistid minu kohalikus erakonnas minu tsenseerimise poolt hääletasid, ei olnud see sugugi üllatus.
Lõppude lõpuks olen ma leiboristide stipendiaatide reast viimane, kellele on öeldud, et me ei ole teretulnud - kõik selleks, et oma arvamust avaldada.
Minu parlamendikaaslane Joan Ryan sai samasuguse kohtlemise osaliseks, sest ta astus resoluutselt antisemitismile vastu.
Minu puhul kritiseeris tsensuuri ettepanek mind Jeremy Corbyniga mittenõustumise eest.
vastutustundliku majandus-, rahvusliku julgeoleku ja Euroopa tähtsuse kohta, millega Jüri ei nõustunud eelmiste juhtidega.
Reedel Nottinghami Ida-Töö kokkutuleku teates teatati, et "me tahame, et kohtumised oleksid kaasahaaravad ja tulemuslikud."
suurema osa oma kaheksast aastast kohaliku leiboristliku parlamendiliikmena on reedeõhtused GC kohtumised olnud täpselt sellised.
Kahjuks ei ole praegu paljude koosolekute tonaalsus ja lubadus "väiksemast, õrnemast" poliitikast on juba ammu ununenud, kui see tõepoolest kunagi alguse sai.
Üha selgemaks on saanud, et Tööliserakonnas ei sallita erinevaid seisukohti ning iga arvamust hinnatakse selle järgi, kas see on erakonna juhtkonnale vastuvõetav.
Asi sai alguse varsti pärast seda, kui Jeremy sai juhiks, sest kolleegid, kellega olin varem arvanud sarnast poliitilist tulevikuväljavaadet jagada, hakkasid eeldama minult kannapööret ja võtma seisukohti, millega ma poleks muidu kunagi ühel meelel olnud - olgu see siis riiklik julgeolek või ELi ühtne turg.
Alati, kui ma räägin avalikult - ja sellel ei ole tegelikult vahet, mida ma ütlen -, järgneb sotsiaalmeedias väärkohtlemisrõõmus, mis nõuab valimist, mõistes hukka tsentristliku poliitika, öeldes, et ma ei peaks Tööerakonnas viibima.
Ja see ei ole ainult minu kogemus.
Tõepoolest, ma tean, et mul on rohkem vedanud kui mõned mu kolleegid, sest mulle suunatud kommentaarid kipuvad olema poliitilised.
Tunnen aukartust nende kolleegide professionaalsuse ja sihikindluse ees, kes seisavad iga päev silmitsi seksistliku või rassistlike kuritarvitustega, kuid ei häbene kunagi.
Selle poliitikaajastu üks pettumust valmistavamaid aspekte on see, kuidas kuritarvituste tase on normaliseerunud.
Jeremy Corbyn väitis eelmisel nädalal, et leiboristlik partei peaks edendama tolerantsust.
Reaalsus on see, et me ei ole enam nii avarad kirik ja iga umbusalduse või valimisreeglite muutmisega muutub erakond kitsamaks.
Mul on viimase kahe aasta jooksul olnud palju nõuannet, kutsudes mind üles pead maas hoidma, mitte olema nii häälekas ja siis oleks mul "õige."
Aga see ei ole see, mida ma poliitikaga tegema tulin.
Alates sellest, kui ma 32 aastat tagasi kooliõpilasena tööle astun, mida provotseeris Thatcheri valitsuse hoolimatus, mis oli jätnud minu üldise kooliklassi sõna otseses mõttes alla, olen püüdnud võidelda paremate avalike teenuste eest neile, kes neid kõige rohkem vajavad - kas kohaliku volikogu liikmena või valitsuse ministrina.
Ma ei ole kunagi varjanud oma poliitikat, kaasa arvatud viimastel valimistel.
Keegi Nottingham Eastis ei tohtinud mingil moel segi minu poliitilistest seisukohtadest ja praegustest juhtidest eriarvamusel olevatest valdkondadest.
Reedel ettepanekut propageerivatele inimestele ütleksin vaid seda, et kui riik kükitab Brexiti suunas, mis kahjustab majapidamisi, ettevõtteid ja meie avalikke teenuseid, ei saa ma aru soovist raisata aega ja energiat oma lojaalsusele Tööpartei juhile.
Aga tegelikult üks sõnum, mis mul on, ei ole Nottingham Momentum, see on minu valijad, olgu nad leiboristidest liikmed või mitte: ma olen uhkusega teid teeninud ja ma luban, et ükski jälitusähvardusest või poliitilisest otstarbekusest ei takista mind käitumast selles, mis minu arvates on teie kõigi parimates huvides.
Chris Leslie on Nottingham Easti parlamendiliige
Ayr 38 - 17 Melrose: võitmatu Ayr läheb tippu
Kaks hilist tõrjet võisid finaalset tulemust mõnevõrra kõigutada, kuid pole kahtlust, et Ayr vääris triumfi selles imetlusväärses Tennenti kõrgmängus.
Nad on nüüd tabeli tipus, ainsaks võitmatuks pooleks kümnest.
Lõpus oli see nende parem kaitse, sama palju kui ka nende paremad võimalused, kes kandsid koduväljakut ja treener Peeter Murchiel oli igati õigus rahul olla.
"Oleme oma mänge nii kaugele proovile pannud ja oleme endiselt võitmatud, nii et ma pean õnnelik olema," ütles ta.
Robyn Christie of Melrose ütles: "Credit to Ayr, nad kasutasid oma võimalusi paremini kui meie."
Frazier Climo poolt muudetud Grant Andersoni 14. minutiline proov asetas Ayri ette, kuid Warriorsi poolt mänguks välja lastud kollane kaart šotlase Rory Hughesi kollane kaart lubas Melrosel numbrid ära öelda ja Jason Baggot haaras tabamatu katse.
Climo viigistas Ayr penaltiga, enne, kohe poolajal lõi ta skoori, seejärel muutis sooloproovi, tehes vaheajal Ayrile 17.-5. koha.
Kuid Melrose alustas teist poolaega hästi ja Patrick Andersoni katse Baggoti tõrjus lõtvuse viiele punktile.
Toimus pikk näpunäide raske vigastus Ruaridh Knottile, keda venitati, ja restartist surfas Ayr veelgi edasi Stafford McDawalli katsega, mille muutis Climo.
Ayri tegevkapten Blair Macpherson sai seejärel kollase kaardi ja taas pani Melrose ägeda surve lõppedes lisamehe maksma rikkumata Bruce Colvine'i prooviga.
Koduväljak tuli siiski tagasi ja kui Struan Hutchinson oli kollase kaardiga Climo ilma pallita toimetamise eest penaltijoonelt, puudutas MacPherson Ayri väravat.
Climo vahetas ümber, nagu ta tegi taas peaaegu restart, kui Kyle Rowe hankis David Armstrongi boksi ja saatsime leegionär Gregor Henry kodupoole viiendale katsele.
Mängustaar ootab restoranitööstuses uut karjääd
Ikka mängu staar Ford Kieran kavatseb kolida külalislahkuse valdkonda pärast seda, kui avastati, et teda on nimetatud litsentseeritud restoranifirma direktoriks.
56-aastane Jack Jarvis mängib populaarses telesaates Jack Jarvis, millest ta kirjutab ja teeb koostööd kauaaegse komöödiapartneri Greg Hemphilliga.
Duo on teatanud, et eelseisev üheksas sari on etenduse jooksus viimane ning tundub, et Kiernan plaanib pärast Craiglangi elu.
Ametlike salvestusnimekirjade kohaselt on ta Adriftmorn Limitedi direktor.
Näitleja keeldus lugu kommenteerimast, kuigi šotlasest Suni allikas vihjas, et Kiernan püüab Glasgow' "tugevasse restoranikaubandusse sekkuda."
"Mer on meie oma": maatasa teinud Boliivia loodab, et kohus avab taas tee Vaiksesse ookeani.
Päästjad patrullivad La Pazis räsitud mereväe peakorteris.
Riiklikud ehitised lehvivad ookeani-sinist lippu.
Mereväebaasid Titicaca järvest Amazonaseni kubisevad motost: "Meeter on õige.
Selle tagasisaamine on tollimaks. "
Terve maatasa Boliivias on verises 19. sajandi ressursikonfliktis Tšiilile kaotatud rannajoone mällu endiselt ilmekas - nagu ka igatsus purjetada Vaikses ookeanis.
Need lootused on võib-olla viimaste aastakümnete kõrgeimad, sest Boliivia ootab pärast viis aastat kestnud arutelusid rahvusvahelise justiitskohtu otsust.
"Bliivial on hoog, ühtsuse ja rahu vaim ning loomulikult ootab tulemust positiivselt," ütles Boliivia diplomaat Roberto Calzadilla.
Paljud boliivlased vaatavad ICJ otsust suurtelt ekraanidelt üle kogu riigi, lootes, et Haagi tribunal toetab Boliivia väidet, et pärast aastakümnetepikkusi ilusaid kõnelusi on Tšiili kohustatud läbi rääkima Boliiviale suveräänse väljundi andmise üle.
Boliivi karismaatiline põliselanik Evo Morales, kellel seisab järgmisel aastal ees vastuoluline lahing tagasivalimise pärast, on esmaspäevasel otsusel samuti palju ratsutamist.
"Oleme väga pingsalt Vaiksesse Olutussse naasmisele," lubas ta augusti lõpus.
Mõned analüütikud aga leiavad, et kohus ei otsusta Boliivia kasuks tõenäoliselt - ja et vähe muutuks, kui ta seda ka teeks.
Hollandis asuval ÜRO organil ei ole õigust anda Tšiili territooriumi ning ta on sätestanud, et see ei määra võimalike kõneluste tulemusi.
See, et ICJ otsus tehti alles kuus kuud pärast lõppargumentide ärakuulamist, viitab sellele, et juhtum ei olnud keeruline, "ütles Tšiili rahvusvahelise õiguse ekspert Paz Zárate.
Boliivia põhjust ei ole veel kaugeltki süvenenud, viimased neli aastat võisid selle tagasi tuua.
"Praegune Boliivia administratsioon kaaperdas merele päästmise küsimuse," ütles Zárate.
Moralese painajalik retoorviis on päästnud igasuguse Tšiili heatahtlikkuse, pakkus ta välja.
Boliivi ja Tšiili jätkavad mingil hetkel rääkimist, kuid pärast seda on äärmiselt raske arutelusid pidada.
Need kaks riiki ei vahetanud saadikukohti alates 1962. aastast.
Endine president Eduardo Rodríguez Veltzé, Boliivia esindaja Haagis, lükkas tagasi mõtte, et kohtu otsuste tegemine oli ebatavaliselt kiire.
esmaspäev annab Boliivia "erakordsele võimaluse avada Tšiiliga uus suhete ajastu" ja võimalus "lõttada 139 aastat kestnud eriarvamused vastastikuste hüvedega," ütles ta.
Calzadilla eitas ka seda, et Morales - endiselt üks Ladina-Ameerika populaarseimaid presidente - kasutab merendusküsimust poliitilise krutskina.
"Boliivia ei loobu kunagi oma õigusest pääseda ligi Vaiksele Ookeanile," lisas ta.
"Võimalus on võimalus näha, et me peame minevikust üle saama."
Põhja-Cõgi sõnul ei tule tuumade desarmeerimine, välja arvatud juhul, kui ta ei saa USA-d usaldada
Põhja-Tal-Põhja välisminister Ri Yong Ho ütleb, et tema rahvas ei desarmeerita oma tuumarelvi esimesena, kui ei suuda Washingtoni usaldada.
Ri kõneles laupäeval Ühinenud Rahvaste Organisatsiooni peaassambleel.
Ta kutsus Ameerika Ühendriike Singapuri rivaalide liidrite tippkohtumisel antud lubadusi täitma.
Tema kommentaarid ilmuvad ajal, mil USA välisminister Mike Pompeo näib rohkem kui kolm kuud pärast Singapuri Põhja-Korea Kim Jong Uniga taaspuhkevat ummikusse jooksnud tuumadiplomaatiat.
Ri sõnul on tegemist "pimeda unistusega," et jätkuvad Sanktsioonid ja USA vastuväide Korea sõja lõpetavale deklaratsioonile surub Põhja kunagi põlvili.
Washington on ettevaatlik, nõustudes deklaratsiooniga, ilma et Pyongyang teeks kõigepealt märkimisväärseid desarmeerimisliikumisjuhtumeid.
Nii Kim kui USA president Donald Trump soovivad teist tippkohtumist.
Levinud skeptitsism, et Pyongyang suhtub tõsimeeli loobumisesse argsenaalist, mida riik peab tõenäoliselt ainsaks võimaluseks tagada oma turvalisus.
Pompeo plaanib järgmisel kuul külastada Pyongyangi, et valmistuda teiseks Kim-Trumpi tippkohtumiseks.
Pariisi moeetendused paljastavad uusima joone tohututes pearõivates.
Kui sa tahad oma mütsi kollektsiooni püsti panna või päikest täielikult blokeerida, siis vaata kaugemale.
Disainerid Valentino ja Thom Browne esitlesid lennuteel oma SS19 kollektsiooni vahvaid ülisuureid peavarustust, mis pimestas Pariisi moenädalal seatud stiili.
Väga ebapraktilised mütsid on sel suvel pühkinud Instagrami ja need disainerid saatsid oma pilkupüüdva loomingu catwalki alla.
Valentino paistis silma paistes, oli üle-eestiline beezh müts, mida kaunistas karvane lai pruut, mis modellid pead üle ujutas.
Teised ülisuured aksessuaarid hõlmasid õhetavaid vesilahte, wizard-mütsi ja isegi männi, kuid need ei ole mõeldud pea soojana hoidmiseks.
Thom Browne paljastas ka valiku veidraid maske ja just õigel ajal Halloweeniks.
Paljud värvilised maskid olid huuled segi paisanud ja meenutanud rohkem Hannibal Lecter'i moodi kui haute couture'iga.
Üks looming meenutas scuba sukeldumisvarustust koos snorkel'i ja mantlitega, teine nägi välja nagu sulanud jäätise koonus.
Ja kui te jätkate hiigelsuurt moeavaldust- teil on vedanud.
Stiilivaatajad ennustavad, et hiigelsuured kabinetid võivad jõuda teie lähiümbrusele.
Väiksed mütsid tulevad kuumaks "La Bomba" kannul, kahejalgse laiusega õlemüts, mida on nähtud kõigil alates Rihannast kuni Emily Ratajkowskini.
Sotsiaalmeedias paistnud väga ebapraktilise mütsi kultuslik silt saatsin veel ühe suure loodu - põhutud rannakoti peaaegu sama suur kui ujumisriietuse modell.
Põlenud apelsini raffia kott pühitsetud ja valge nahkkäepidemega määritud apelsini kott oli Pariisi Fashion-nädal Jacquemuse La Riviera SS19 kollektsioonis.
Pidude stilist Luke Armitage ütles FEMAILile: "Loodan, et järgmiseks suveks jõuavad peatänavale suured mütsid ja rannakotid - kuna disainer on avaldanud nii suurt efekti, oleks raske ignoreerida nõudlust ülisuurte aksessuaaride järele."
John Edward: keeleoskused, mis on maailma kodanike jaoks väga olulised
Shotimaa sõltumatud koolid säilitavad akadeemilist tipptaset ja see on jätkunud 2018. aastal järjekordsete silmapaistvate eksamitulemustega, mida ainult tugevdab individuaalne ja kollektiivne edu spordi-, kunsti-, muusika- ja muudes kogukonnapüüdlustes.
Üle 30 000 õpilasega üle šotimaal püüavad need koolid, mida esindab šotlaste Sõltumatute Koolide Nõukogu (SCIS), pakkuda oma õpilastele ja lastevanematele parimat teenindust.
Iseseisvate koolide eesmärk on valmistada oma õpilasi ette täiend- ja kõrghariduse, nende valitud karjäär ja koht maailmakodanikuna.
Haridussektorina, mille abil on võimalik välja töötada ja elluviidav kooli õppekava, näeme, et kaasaegsed keeled on koolides jätkuvalt populaarsed ja soovitud valikuteemad.
Nelson Mandela ütles: "Kui sa räägid mehega keeles, millest ta aru saab, siis see läheb talle pähe.
Kui sa räägid temaga omas keeles, mis läheb talle südamesse. "
See on võimas meenutus, et me ei saa toetuda ainult inglastele, kui tahame luua suhteid ja usaldust teistest riikidest pärit inimestega.
Selle aasta hiljutistest eksamitulemustest on näha, et keeled pühitsevad sõltumatutes koolides kõige kõrgemate läbilaskmisprostituutidega.
68 protsenti võõrkeeli õppivatest tudenukatest omandas A-kõrgema klassi.
MTÜ 74-liikmelisest koolist kogutud andmed näitasid, et 72 protsenti tudennikest saavutas mandariini A-kõrge taseme, 72 protsenti saksa keelt õppivatest, 69 protsenti prantsuse keelt õppivatest ja 63 protsenti hispaania keelt õppivatest õpilastest saavutasid A.
See näitab, et šotimaa sõltumatud koolid toetavad võõrkeeli kui olulisi oskusi, mida lapsed ja noored tulevikus kahtlemata vajavad.
Languid on praegu ainevalikuna samas mõistes STEM-ained (teadus, tehnoloogia, inssurss ja matemaatika) iseseisvates koolide õppekavades ja mujal.
Ühendkuningriigi tööhõive- ja kutseoskuste komisjoni 2014. aastal läbi viidud uuringust selgus, et põhjustest, miks tööandjad pidasid tööd vabade töökohtade täitmiseks, oli 17 protsenti tingitud keeleoskuste nappusest.
Seetõttu muutub üha enam keeleoskus hädavajalikuks, et valmistada noori ette oma tulevaseks karjääriks.
Kuna perspektiivsemad töövõimalused vajavad keeli, on need oskused globaliseeruvas maailmas väga olulised.
Karjäärist sõltumata valib keegi, kui ta on õppinud teist keelt, on tal tulevikus tõeline elevus, omades sellist eluaegset oskust.
Suutlikkus suhelda otse välisriikidest pärit inimestega seab võistlustest automaatselt mitmekeelse inimese.
Enam kui 4000 Ühendkuningriigi täiskasvanu seas 2013. aastal läbi viidud YouGovi küsitluse kohaselt ei osanud 75 protsent võõrkeelt piisavalt hästi vestelda, et vestelda ja prantslane on ainus keel, mida räägib kahekohaline protsent, 15 protsenti.
Seetõttu on investeeringute suunamine nüüd keeleõpetusse tänastele lastele oluline.
Erinevate keelte, eriti areneva majandusega riikide valdamine annab lastele paremad võimalused leida sisukat tööd.
Iga kool erineb õpetatavatest keeltest.
Mitmed koolid keskenduvad klassikalisematele kaasaegsetele keeltele, samal ajal kui teised õpetavad keeli, mida peetakse Ühendkuningriigi jaoks kõige olulisemaks, vaadates 2020. aastani, näiteks mandariini või jaapani keelt.
Olenemata teie lapse huvidest on sõltumatutes koolides alati mitmeid keeli valida koos õppejõududega, kes on selle ala spetsialistid.
Shoti iseseisvad koolid on pühendunud õpikeskkonna loomisele, mis valmistab lapsi ette ja annab neile eduks vajalikud oskused, olenemata sellest, millised on tulevased.
Ülemaailmses ettevõtluskeskkonnas ei saa eitada, et keeled on riigi tuleviku jaoks jätkuvalt eluliselt tähtsad, nii et see peab kajastuma hariduses.
Kaasaegseid keeli tuleks tõesti pidada "rahvusvaheliseks suhtlemisoskuseks."
Iseõltumatud koolid pakuvad seda valikut, mitmekesisust ja tipptaset šoti noortele.
Il faut bien le faire.
John Edward on šoti Sõltumatute Koolide Nõukogu direktor
LeBron teeb Lakersi debüüdi pühapäeval San Diegos
Oodatud on fännid, kes tahavad näha LeBron Jamesi Los Angeles Lakersi esmakordset algust tegemas.
Lakersi treener Luke Walton on teatanud, et James mängib pühapäevases hooajaeelses avakohtumises Denver Nuggetsi vastu San Diegos.
Aga mitu minutit ta mängib on veel otsustamata.
"See on rohkem kui üks ja alla 48," ütles Walton Lakersi ametlikul koduleheküljel.
Lakersi reporter Mike Trudell nentis, et Jaakobus mängib tõenäoliselt piiratud minuteid.
Pärast harjutamist selle nädala alguses küsiti Jaakobuselt Lakersi kuueväravalises hooajaplaanis.
"Mul ei ole oma karjääri praeguses faasis vaja hooajaeelseid mänge," ütles ta.
Trumpi Lääne-Virginia ralliaeg, YouTube'i kanal
President Donald Trump alustab täna Lääne-Virginias Wheelingis hulgaliselt kampaaniameeleavaldusi.
Tegemist on Trumpi esimesega järgmise nädala viiest plaanitavast kogunemisest, mille hulka kuuluvad sõbralikud kohad, nagu Tennessee ja Mississippi.
Peatamishääletusega ülemkohla täitmiseks on Trumpi eesmärk koguda toetust eelseisvatele vahevalimistele, sest vabariiklastel on oht kaotada kontroll kongressi üle, kui hääled antakse.
Milline on Trumpi Lääne-Virginia ralli täna õhtul ja kuidas sa vaatad netist?
Lääne-Virumaa ralli Trump Wheeling, Lääne-Virginia ralli on kavas täna, laupäev, laupäeval, 29. septembril.
Trumpi Lääne-Virginia kogunemist saab YouTube'ist otseülekande kaudu vaadata.
Trump pöördub suure tõenäosusega ülemkohtu kandidaadi Brett Kavanaugh' sellenädalaste kuulamisavalduste poole, mis muutusid seksuaalsete väärkäitõlmusüüdistuste suhtes pingeliseks, eeldatav Senati kinnipeetav hääletus kestis kuni nädal aega, kuni FBI seda uurib.
Raskuste rohkuse peamiseks eesmärgiks on aga aidata novembris toimuvate valimistega silmitsi seisvatel vabariiklastel mõningast hoogu juurde saada.
Reutersi teatel teatas president Trumpi kampaania president Trumpi, et need viis kogunemist järgmisel nädalal on suunatud vabatahtlike ja toetajate ergutamisele, kuna vabariiklased püüavad kaitsta ja laiendada enamust, mis neil Senatis ja Esindajatekojas.
"Konkurents on tema tegevuskavas nii kriitiline, et president sõidab võimalikult paljudesse osariikidesse tihedasse kampaaniahoohooaega," ütles Reutersile Trumpi pressiesindaja, kes keeldus oma arvamust avaldamast.
West Virginia Metro Newsi andmeil võib tänane ralli Wheelingis tuua "Ohio ja Pennsylvania" toetajaid ning kasutada kajastust Pittsburghi meediast.
Laupäev on viimase kuu jooksul juba teine kord, kui Trump on külastanud Lääne-Virumaa, osariiki, mille ta 2016. aastal enam kui 40-protsendilise eduga võitis.
Trump püüab aidata Lääne-Virginia vabariiklasest senati kandidaati Patrick Morriseyt, kes võistlustel siirdub.
Reutersi andmeil ei ole see Morrisey jaoks hea märk sellest, et president peab tulles üritama küsitlustele hoogu anda," ütles Lääne-Virginia ülikooli poliitikateadlane Simon Haeder Reutersi teatel.
Ryder Cup 2018: Team USA näitab kõhedat võitlust selle nimel, et lootused pühapäevastes üksikmängudes elus hoida
Pärast kolme ühekülgset sessiooni laupäeva pärastlõunal võis laupäeva õhtupoolik olla just see Ryder Cup, mida see Ryder Cup vajas.
Ulatuslik pendli hoog on täiesti väljamõeldud spordikontseptsioon, kuid selline, millesse mängijad tõeliselt usuvad, ja mitte kunagi rohkem kui sellistel võistlustel.
Kust nad siis ütlevad, et see hoog praegu on?
"Neil oli kuuepunktiline edumaa ja nüüd on see neli, nii et me kanname seda nagu natuke hoogu, ma arvan," ütles Jordan Spieth, kui ta päevapealt maha rühkis.
Euroopal on muidugi eelis neli punkti ees, kui mängus on veel kaksteist punkti.
Ameeriklased, nagu Spieth ütleb, tunnevad, et neil on oma purjedes siiski vähe tuult ja neil on palju, et neid julgustada, eriti Spiethi ja Justin Thomase vorm, kes mängisid kogu päeva koos ja igaüks hoopleb kolme punktiga neljast.
Spieth on olnud surmav teest rohelisse ja on eeskujuks.
Pidusõnad muutusid valjemaks, kui tema ümmargune edasi läks, uputades olulise värava, et võtta vastu neli koondist, kui tema ja Toomas olid pärast kahte alla jäänud.
Tema tiitel, kes võitsid nad matši 15-ga, sai samasuguse krutski, mis ütleb, et ta usub, et ameerika tiitel ei ole sellest väljas.
"Võib-olla tuleb lihtsalt sügavale kaevuda ja oma mängu pärast muretseda," ütles Spieth.
Kõik need mängijad on nüüdseks lahkunud.
18 auku märgi valmistamiseks.
Ainsad mängijad, kellel on viimasel kahel päeval Spiethist ja Thomasest rohkem punkte, on Francesco Molinari ja Tommy Fleetwood, Ryder Cupi vaieldamatu lugu.
Euroopa veidra, kuid jumaldatud abielupaari on neli neljast ega saa midagi valesti teha.
"Moliwood" oli ainus paar laupäeva õhtupoolikul, kes laupäeva pärastlõunal poissi ei tulistanud, kuid reede pärastlõunal vältisid nad poisse ka laupäeva, reede pärastlõunal ja reede hommikul.
See jooks ja see, kuidas nende energia näib voolavat nii sellesse kopsaka rahvahulga tsensuuri, et nad on tegijad, keda pühapäeval võita, ning ei oleks enam populaarseid mängijaid, kes võimalikku Euroopa võitu pitsitaksid, sest päike loojub Le Golf Nationalist kui Fleetwoodist või Molinarist.
Eelistukindlalt mõlemad samaaegselt erinevatel aukudel.
Euroopa kuulsusest rääkimine on siiski ennatlik.
Bubba Watson ja Webb Simpson tegid lühikese töö hommikuse neljapalli kangelase Sergio Garciaga, kui teda seostati Alex Noreniga.
Poiss ja kaks kahekesi ees üheksa kaevasid hispaanlase ja rootslase auku, millest nad ei pääsenud kordagi välja hüppama.
Pühapäeval ei ole aga kedagi, kes sind oma august välja aitaks.
Neli pallurit ja neljakesi on nii pahus pealt vaadata, sest paaride omavaheline suhtlemine, nõuanded, mida nad ei anna, ja selle tõttu, kuidas strateegia võib hetkega muutuda.
Euroopa on seni meeskonnana paremini mänginud ja viimasel päeval ohjad enda kätte haaranud, kuid see neljaliikmeline sessioon näitas ka seda, et USA meeskonnal on kõht võitlus, mida mõned, eriti riigid, olid kahtluse alla seadnud.
Euroopa asub Ryder Cupi viimasel päeval 10-6 juhtima
Pärast laupäevast neljapalli- ja neljakesi matši laupäevastest neljapalli- ja neljaliikmelisest matšist on ta Ryder Cupi viimasel päeval heasoovlikus edelis.
Inspireeritud duo Tommy Fleetwood ja Francesco Molinari juhtisid kahe võiduga heitleva Tiger Woodsi üle, et Le Golf Nationalil seni neljale punkti.
Thomas Bjorni Euroopa pool, kes üritas kaks aastat tagasi Hazeltine'is kaotatud trofeed säilitada, domineeris kurioosne ameeriklane, võttes seeria 3-1.
USA osutas neljakesi suuremat vastupidavust, võites kaks matši, kuid nad ei suutnud defitsiiti ära süüa.
Jim Furyk vajab trofee säilitamiseks kaheksat punkti pühapäevasest 12 üksikmängust.
Fleetwood on esimene, kes on võidetud neli punkti järjest, samal ajal kui pärast sensatsioonilist nädalavahetust "Molliwoodiks hõljuv Molinari on Ryder Cup'i ajaloos neljast avamängust neli punkti saanud.
Pärast Woodsi ja Patrick Reedi löönud neljapallist heitsisid nad seejärel suurepäraselt, lõõtsutades trotslikku Woodsi ja ameeriklast Bryson Dechambeau'd veelgi rõhuvama 5&4-ga.
Laupäeval kaks matši vedanud Woods ilmutas aeg-koondist hämmingut, kuid nüüd on ta oma 29 matšist kaotanud 19 nelja ja neljakesi ning seitse korda järjest.
Hommikul neljapalli puhanud Justin Rose naass partneri Henrik Stensoni neljakesi Dustin Johnsoni ja Brooks Koepka 2&1 kaotusega - ühe ja kolmega maailmas.
Euroopal ei olnud seda omal käel, kuigi mõnusal päeval Pariisist edela poole edela pool.
Kolmekordne suurvõitja Jordan Spieth ja Justin Thomas seadsid laupäeval ameeriklastele kahe punkti.
Nad teenisid räpase 2&1 võitu hispaanlaste Jon Rahmi ja Ian Poulteri üle ning naassid hiljem Poulteri ja Rory McIlroy 4&3, olles kaotanud kaks avaaugu.
Ryder Cup'i ajaloos vaid kahel korral on meeskond nelja-sentimeetrisest defitsiiti naasnud, kuigi omanikku Furyki poolel on trofee säilitamiseks vaja vaid viiki.
Olles siiski kaks päeva paremuselt teisel kohal, paistab pühapäevane vasturünnak olevat neist üle.
Põhja-Caakrae ütleb, et "mitte mingil juhul" desarmeerib ühepoolselt ilma usalduseta
Põhja-Korea välisminister ütles laupäeval ÜRO-le, et jätkuvad sanktsioonid süvendavad oma umbusaldust Ameerika Ühendriikide vastu ning sellisel asjaoludel ei anna riik mingil juhul oma tuumarelvadest ühepoolselt loobuda.
Ri Yong Ho ütles maailmaorganisatsiooni iga-aastasele peaassambleele, et Põhja-Korea on viimase aasta jooksul võtnud "olulisi heatahtlikke meetmeid," nagu tuuma- ja rakettide katsetuste peatamine, tuumakatsetuspaiga lammutamine ning tuumarelvade ja tuuma-tehnoloogia vohamine.
"Muidugi ei näe me USA vastavat vastust," ütles ta.
"Ilma igasuguse usalduseta ei usaldata meie rahvuslikku julgeolekut ja sellises olukorras ei tohi me end ühepoolselt desarmeerida."
Samal ajal, kui riietas Rüütli tuttavaid Põhja-Korea pretensioone seoses Washingtoni vastuseisu "faasilisele" lähenemisele, mille alusel Põhja-Koread järk-järgulistest sammude astumisest premeeritakse, näis tema avaldus olevat märkimisväärne selle poolest, et ta ei kummutanud ühepoolset hukkamõistu, nagu Pyongyang on seda varem teinud.
Ri viitas Kim Jong Un ja Donald Trumpi ühisavalduse esimesele tippkohtumisel USA presidendi ja Põhja-Korea liidri Singap Singapuri 12. juunil, kui Kim lubas töötada "Korea poolsaare hävitamise nimel," samal ajal kui Trump lubas Põhja-Tal-Põhja julgeoleku tagamist.
Põhja-Cõeline on taotlenud 1950.-53. aasta Korea sõja ametlikku lõpetamist, kuid Ameerika Ühendriigid on öelnud, et Pyongyang peab kõigepealt oma tuumarelvadest loobuma.
Washington on seisnud ka vastu üleskutsetele lõdvendada karme rahvusvahelisi sanktsioone Põhja-Korea suhtes.
"USA nõuab "vabastust-esimest" ning suurendab sanktsioonide survet, et saavutada nende eesmärk sunniviisil, ning on isegi vastu "sõja lõpu väljakuulutamisele,"" ütles Ri.
"Arusaam, et sanktsioonid võivad meid põlvili suruda, on nende inimeste unenägemine, kes meist asjatundmatud on.
Probleem on aga selles, et jätkuvad sanktsioonid süvendavad meie umbusaldust. "
Ri ei maininud Kimi ja Trumpi teise tippkohtumise plaane, mida USA liider nädala alguses ÜROs esile tõstis.
Ministeerium tõsteti selle asemel viimase viie kuu jooksul esile kolm Kimi ja Lõuna-Korea liider Moon Jae-ini kohtumist ning lisas: "Kui selle denonsseerimisküsimuse osapool oleks Lõuna-Korea, mitte USA, ei oleks Korea poolsaar sellisele ummistusele jõudnud."
Sellest hoolimata erines Riia kõne toon oluliselt eelmisest aastast, kui ta ütles ÜRO peaassambleele, et Põhja-Cõe-Kuustraallaste rakettidega USA mandri ründamine on paratamatu pärast seda, kui "härra president" Trump nimetas Kimi eneseta enesetapumissioonil "rocket meheks."
Trump, kes eelmisel aastal ähvardas Põhja-Korea "täielikult hävitada," kiitis Kimi tema vapruse säherduse säherduse desarmeerimiseks, kuid nentis, et palju tööd tuleb veel ära teha ja sanktsioonid jäävad jõusse, kuni Põhja-Tal-Põhjal on kirjas.
Kolmapäeval ütles Trump, et tal ei ole selleks ajakava, öeldes: "Kui see võtab kaks aastat, kolm aastat või viis kuud - ei ole oluline."
Hiina ja Venemaa väidavad, et ÜRO Julgeolekunõukogu peaks Pyongyangi tehtud sammude eest premeerima.
USA välisminister Mike Pompeo ütles aga neljapäeval ÜRO Julgeolekunõukogule, et Julgeolekunõukogu sanktsioonide karmistamine peab jätkuma jõuliselt ja ebaõnnestunult, kuni me mõistame täielikult, lõpliku, lõpliku, kontrollitud hukkamõistu."
Julgestusnõukogu on alates 2006. aastast ühehäälselt hoogustanud Põhja-Korea suhtes kehtestatud sanktsioone, et lõpetada Pyongyangi tuuma- ja ballistiliste rakettide programmide rahastamine.
Pompeo kohtus Riga ÜRO pearaudteel ja ütles hiljem, et külastab Pyongyangi uuesti järgmisel kuul, et valmistuda teiseks tippkohtumiseks.
Pompeo külastab Põhja-Koread juba sel aastal kolmel korral, kuid tema viimane reis ei läinud hästi.
Ta lahkus Pyongyangist juulis, väites, et on tehtud edusamme, ainult Põhja-Cõelane mõne tunni pärast mõistab ta hukka "gangstri-sarnaste nõudmiste" esitamise eest.
Põhja-Taa-Korea tõotas sel kuul Mooniga toimunud kohtumisel lammutada rakettide platsi ja ka tuumakompleksi, kui Ameerika Ühendriigid võtavad "korrektseid meetmeid."
Ta ütles, et Kim oli talle "korrektsed meetmed," mida ta otsib, on julgeolekugarantiid, mida Trump Sing Singap Singapuris lubas, ja sammud suhete normaliseerumise suunas Washingtoniga.
Harvardi tudengid võtavad kursi, saades piisavalt puhata
Harvardi ülikooli uus kursus on sel aastal pannud kõik tudengid rohkem magama, et võidelda kofeiiniküpsetatud "kõigiööjate" abil õppimise kasvava macho-kultuuriga.
Akadeemik leidis, et tudengid on maailma esimese ülikooli tudengid sageli mõistmatud, kui on tegemist nendesamade põhitõdedega, kuidas enda eest hoolitseda.
Charles Czeisler, Harvardi Meditsiinikooli unemeditsiini produtsent ning Brighami- ja naistehaigla spetsialist Charles Czeisler kujundas kursuse, mis tema arvates on esimene omataoline USAs.
Ta sai innustust alustada kursust pärast seda, kui on rääkinud unepuuduse mõjust õppimisele.
"Lõpuks tuli üks tüdruk minu juurde ja ütles: "Miks mulle öeldakse seda ainult praegu, oma vanemal aastal?"
Ütles, et keegi ei ole talle une tähtsusest kunagi rääkinud - see üllatas mind, "ütles ta The Telegraphile.
Esmakordselt sel aastal kulgev kursus selgitab tudengitele, kuidas head uneharjumused aitavad akadeemilist ja sportlikku sooritust ning parandavad nende üldist heaolu.
Harvardi Meditsiinikooli psühhiaatriaprofessor ja ülikooli tervishoiutalituse tegevdirektor Paul Barreira ütles, et ülikool otsustas kursus kasutusele võtta pärast seda, kui leidis, et tudengid on nädala jooksul tõsiselt magamata.
Tsehhi pikk kursus hõlmab mitmeid interaktiivseid ülesandeid.
Ühes sektsioonis on pilt tuimast toast, kus tudengid klõpsivad kohvitassi, kardinate, treeneritest ja raamatutest, millest räägitakse kofeiiini ja valguse mõjudest ning sellest, kuidas sportlikku sooritust mõjutab une defitsiit ja magamisharrastuse tähtsust.
Ühes teises osas öeldakse osalejatele, kuidas pikaajaline unepuudus võib suurendada südameinfarktide, insuldi, depressiooni ja vähkkasvu ohtu.
Laagri kaart interaktiivsete ikoonidega julgustab siis osalejaid mõtlema oma igapäevase rutiini peale.
"Teame, et see ei muuda õpilaste käitumist koheselt.
Kuid me usume, et neil on õigus teada - nagu teil on õigus teada sigarettide suitsetamise kasuks otsustamise mõju tervisele," lisas prof Czeisler.
Tema sõnul on endiselt uhkusekultuur "kõikehõlmaval ööbimine," ütles ta, lisades, et moodne tehnoloogia ja üha kasvav surve õpilastele tähendavad, et unepuudus on kasvav probleem.
Tema sõnul, et teil oleks piisavalt magamis- ja hea kvaliteediga püssirohutünni, peaks see olema üliõpilase "salajane relv," et võidelda stressi, kurnatuse ja ärevuse vastu - isegi selleks, et vältida kaalu langetamist, sest unenägemine paneb aju nälga, muutes nad pidevalt näljaseks.
19-aastane Keemilist ja füüsilist bioloogiat õppinud 19-aastane Kalifornia kodanik Raymond So aitas professor Czeisleril kursust kujundada, olles eelmisel aastal oma esimesel aastal Harvardis ühe oma klassi läbi teinud.
Ütles, et kursus oli avanud tema silmad ja innustanud kihutama ülelinnalist kursust.
Ta loodab, et järgmiseks sammuks palutakse kõigil kraadiõppuritel enne võistluskõrgkooliga liitumist sarnast õppeprogrammi lõpule viia.
Prof Czeisler soovitaks õpilastel kaaluda magama siirdumise korral muretsemist, samuti ärgates ning olema teadlikud elektrooniliste ekraanide ja LED-valgustuse tekitatud "sinise valguse" kahjulikest mõjudest, mis võivad teie tsirkulaarse rütmi kiltist välja visata, põhjustades probleeme magamata.
Livingston 1 - 0 Rangers: Menga värava lõi Gerrardi mehed
Rangers kandis järjekordset ässi, sest Dolly Menga streigi saatis Steven Gerrardi kõrvale 1: 0 kaotuse Livingstonile.
Ibroxi poolel üritati oma esimest võitu pärast veebruarikuist 4-1 triumfi St Johnstone'is kirja saada, kuid Gary Holti tiitel sai 18-st mängust Gerrardi teise kaotuse, jättes oma poolele kaheksa resultatiivset söötu Ladbrokes Premier Premiership'i liider.
Menga tabas seitse minut enne poolajavigu ja Rangersi joonevärav ei paist paistnud kordagi ühtlane.
Kui Rangers langeb nüüd kuuendale kohale, siis Livingston tõuseb kolmandale kohale ja väravate vahega Hibernianist alles.
Samuti võis Rangersil poes veel probleeme tekkida pärast seda, kui liinimees Calum Spence pidi ravima peahaavu pärast seda, kui objekt oli ilmselt otsast ära visatud.
Gerrard tegi Betfred Cupi poolfinaalis Ayrist pühkinud kaheksat muudatust.
Holt seevastu läks sama Livi 11-ga, kes eelmisel nädalal Heartsilt ühe punkti võttis ja tal oleks olnud hea meel selle üle, kuidas tema heatahtlik riietus vastaseid igal sammul lämbus.
Rangerid võisid valdusi domineerida, kuid Livingston käitus rohkem pall, mis neil oli.
Nad pidanuks värava lööma vaid kaks minutit, kui Menga esimene plats saatis Scott Pittmani Allan McGregori värava, kuid keskväli kippas oma suure võimaluse kaugele.
Sügav Keaghan Jacobsi vabavise leidis seejärel kapten Craig Halketti, kuid tema kaitsekaaslane Alan Lithgow võis tagatipuks lüüa.
Rangers haaras küll kontrolli, kuid viimasel kolmandikul paistis olevat rohkem lootust kui usku.
Alfredo Morelos arvas kindlasti, et ta pidanuks veerandtunni eest saama karistuse, sest tema ja Steven Lawless põrkasid kokku, kuid kohtunik Steven Thomson tõrjus Kolumbia apellatsioonkaebused.
Rangers suutis platsile lüüa vaid kaks esimese poolaja väravavahti, kuid endine Ibroxi väravavaht Liam Kelly oli Lassana Coulibaly pealöögist ja Ovie Ejaria streigist vaevu häiritud.
Samal ajal, kui Livi 34-minutiline avavärav olnuks mängukeelu vastu, ei saa keegi eitada, et vääris seda oma väiksuse eest.
Jälle ei suutnud Rangers hakkama saada sügava Jacobsi seansiga.
Scott Arfield ei reageerinud, sest Declan Gallagher viigistas palli Scott Robinsonile, kes hoidis jahedust, et Menga lihtsaks finišiks välja noppida.
Gerrard tegutses pausi ajal, kui vahetas Coulibaly Ryan Kenti vastu ja vahetus andis peaaegu vahetu efekti, sest värav libises Morelos, kuid muljetavaldav Kelly sõitis oma joonelt blokki.
Kuid Livingston jätkas külaliste imestamist, mängides just sellist mängu, mida nad naudivad, Lithgow ja Halkett pühkisid pärast pikka palli pikka palli.
Holti poolel võinuks viimastel etappidel liidrikohta venitada, kuid McGregor seisis hästi, takistades Jacobsit enne, kui Lithgow nurga alt läks.
Rangersi asendaja Glenn Middletonil oli veel üks hilisem karistusnõue, sest ta värises Jacobsiga, kuid Thomson vaatas jälle eemale.
Almanac: Geiger Anti leiutaja
Ja nüüd leht meie "Sunday Morning" Almanac: 30. september, 1882, 136 aastat tagasi ja COUNTING... päeval sündis tulevane füüsik Johannes Wilhelm "Hans" Geiger Saksamaal.
Geiger arendas radioaktiivsuse avastamiseks ja mõõtmiseks välja meetodi - leiutise, mis lõpuks viis seadmeni nimega Geiger Counter.
Sellest ajast saati sai Geiger Counterist popkultuuri tugisammas, nagu 1950. aasta filmis "Bells of Coronado," mille peaosades need pealtnäha ebatõenäolised lehmateadlased Roy Rogers ja Dale Evans:
Inimene: "Mis maailmas see on?"
Rogers: "Tegemist on Geiger Antiga, mida kasutatakse radioaktiivsete mineraalide, näiteks uraani leidmiseks.
Need kõrvaklapid peale paned, saad tegelikult radioaktiivsusest mineraalides saadud aatomite mõju kuulda. "
Evans: "Ütle, kindlasti on see nüüd kükitatud!"
"Hans" Geiger suri 1945. aastal, oma 63. sünnipäevast vaid mõni pühitsetud.
Aga leiutis, mis tema nime kannab, elab edasi.
Uus vähivaktsiin võib õpetada immuunsüsteemi "nägema" n-ö röövrakke
Uus vähivaktsiin võib õpetada immuunsüsteemi "nägema" röövrakke ja neid tapma
Vaktsiin õpetab immuunsüsteemi näriliste rakkude äratundmist.
Mõõdik hõlmab immuunrakkude ekstraheerimist patsiendilt, muutes neid laboris
Nad võivad siis "näha" valku, mis on levinud paljudele vähktõbitele, ja siis uuesti
Katsevaktsiin näitab paljulubavaid tulemusi erinevate vähkkasvajatega patsientidele.
Vaktsiiniga töötletud naine, mis õpetab immuunsüsteemi näriliste rakkude äratundmist, nägi, et tema munasarjavähk kahanes rohkem kui 18 kuuks.
Meetod hõlmab immuunrakkude ekstraheerimist patsiendilt, nende eemaldamist laboratooriumis, et nad "näiksid "näha" paljude vähktõbi nimega HER2-le levinud valku ning seejärel rakkude ümbertoomist.
Marylandis Bethesdas asuva USA Riikliku Vähiinstituudi professor Jay Berzofsky ütles: "Meie tulemused näitavad, et meil on väga paljutõotav vaktsiin."
HER2 "tekitab mitut liiki vähki," sealhulgas rinna-, munasarja-, kopsu- ja pärakuvähktõbi," selgitas prof Berzofsky.
Sarnane lähenemine immuunrakkude väljatoomine patsientidelt ja nende "õpetamine," kuidas vähirakke sihikule võtta, on toiminud leukeemia omamoodi ravimisel.
Kanye West Embarked Pro-Trump Diatribe, Wearing a MAGA Hat, After tema SNL Appearance.
See ei läinud hästi
Kanye West sattus stuudios laupäevaõhtuse Live'i jämedat etendust, kus ta kiitis USA presidenti Donald Trumpi ja teatas, et kandideerib 2020. aastal ametisse.
Pärast seda, kui ta esines oma õhtu kolmanda lauluga nimega Ghost Town, milles ta kandis Make America Greati keppi, läks ta rüppe demokraatide vastu ja kordas oma toetust Trumpile.
"Mõned korrad ma räägin ühe valge inimesega ja nad ütlevad: "Kuidas teile meeldida Trump, ta on rassist?"
Noh, kui ma muretseksin rassismi pärast, oleksin juba ammu Ameerikast välja kolinud, "ütles ta.
SNL alustas etendust Matt Damoni näpunäitlemisega, milles Hollywoodi staar tegi lõbuks Brett Kavanaughi tunnistus Senati õiguskomitee ees Christine Blaney Fordi esitatud seksuaalrünnakute kohta.
Kuigi see ei olnud eetrisse lastud, laadis lüpsja lüpsja sotsiaalmeediasse komeet Chris Rock.
Pole selge, kas Rockk üritas Läänt lähetusega mõnitada.
Samuti kurtis Lääs publikule, et tal on pea kandmisest raske tagasi minna.
"Nad kiusasid mind selja tagant.
Ütlesid: "Ärge minge selle mütsiga."
Nad kiusasid mind!
Ja siis nad ütlevad, et ma olen uppunud kohas, "ütles Washington Examiner.
Lääs jätkas: "Sa tahad näha uppunud platsi," öeldes, öeldes, et ta "paneb mu supermehe kepp peale, sest see tähendab, et sa ei saa mulle öelda, mida teha.Sa tahad, et maailm edasi liiguks?
Proovi armastust."
Tema kommentaarid tõmbasid vähemalt kaks korda kuulajaskonda ja SNL-i liikmetel näis olevat piinlik, teatas Variety, kusjuures üks seal viibinud inimene ütles väljaandele: "Kõik stuudio suri vaikselt."
Lääs toodi hilise asendajana lauljanna Ariana Grandele, kelle endine poiss-sõber, räppar Mac Miller oli paar päeva tagasi surnud.
Lääs hämmeldas paljusid lavastava lauluga I Love it, riietatud Perrier Bottle.
Lääs sai toetust konservatiivse rühmituse TPUSA juhi Candace Turnerilt, kes säutsus: "Üks kõige julgemaid vaime: THANK YOU FOR STANDING UP THE MOB."
Kuid jutusaatejuht Karen Hunter nentis, et Lääs on lihtsalt see, kes ta on ja see on täiesti imeline. "
"Aga ma valisin EI premeerida kedagi (ostades tema muusikat või riietust või toetades tema "kunsti"), kes minu arvates on omaks kummutava ideoloogia omaks jätnud ja oma kogukonnale kahjuliku.
Ta on vaba.
Nii oleme," lisas ta.
Enne etendust teatas räppar Twitteris, et muutis oma nime, väites, et ta on nüüd ametlikult tuntud kui Kanye West.
Ta ei ole esimene stipendiaat, kes oma nime muudab ja astub Diddy jälgedes, mida tuntakse ka Puff Daddy, Puffy ja P Diddy nime all.
Snoop Doggil on olnud nimi Snoop Lion ja muidugi hilisem muusika legend Prince, muutnud oma nime sümboliks ja seejärel kunstnik, keda varem tunti Prince'ina.
Belfasti restauraatori röövimise eest fabritseeriti
45-aastasele mehele esitati süüdistus tapmiskatses pärast seda, kui Ida-Belfastis pussitati meest reedel restoranis.
Intsident leidis aset Ballyhackamore'is, teatas politsei.
Kostja peaks Belfast Magistratesi kohtusse ilmuma esmaspäeval.
Süüdistused vaatab läbi prokuratuur.
Thronesi staar Kit Harington tabab mürgist mehelikkust
Kit Harington on tuntud oma mõõga tiirleva rolli poolest Jon Snow HBO vägivaldses keskaegses fantaasiasarjas Game of Thrones.
Näitlejanna (31).
Rääkides Sunday Times Culture'ist, ütles Kit, et tema arvates "midagi on viltu läinud" ja esitas küsimuse, kuidas lahendada toksilise mehelikkuse probleemi #MeToo ajastul.
Kit, kes abiellus hiljuti oma Thronesi kaasstsenarist Rose Lesliega (ka 31), möönis, et tunneb selle teema käsitlemisel väga tugevalt.
"Olen praegu isiklikult üsna tugevalt - kuhu me mehelikkusega eksinud oleme?"
"Mida me õpetasime mehi, kui nad suureks kasvavad, arvestades probleemi, mida me praegu näeme?"
Kit usub, et televisioon võib oma väga mehelike tegelaskujude mürgiste meeste arvu tõusus osaliselt vastutada.
Ta jätkas: "Mis on kaasasündinud ja mida on õpetatud?
Mida õpetatakse televiisoris ja tänaval, mis paneb noored poisid arvama, et nad peavad olema meheks olemise kindel pool?
Ma arvan, et see on tõesti üks meie aja suuri küsimusi - kuidas seda muuta?
Sest ilmselgelt on noorte meeste jaoks midagi viltu läinud. "
Intervjuus tunnistas ta ka, et ei teeks järgmisel suvel seriaali lõppedes mingeid Thronesi eelmänge ega järge, väites, et teeb lahinguvägede ja hobustega.
Alates novembrist sõidab Kit Sam Shepardi "Tõe läändeks," mis on filmi produtsendi ja tema venna lugu röövel.
Näitleja avalikustas hiljuti, et peab kohtumist oma naise Rose'iga parimaks asjaks, mis Thronesi mängust välja tuleb.
"Ma kohtusin selles lavastuses oma naisega, nii et sel moel andis see minu tulevasele perele ja mu elule siit edasi," ütles ta.
Rose mängis Emmy auhinna võitnud fantaasiasarjas Ygritte'i, Kiti tegelaskuju Jon Snow armastust.
Paar abiellus 2018. aasta juunis Leslie suguvõsa tõttu Shotimaal.
Väärtpaber/Aids: Hiina teatab uutest haigusjuhtudest 14%
Hiina on teatanud, et HI-vitamiini ja aidsiga kokkupuutuvate kodanike arv on kasvanud 14% võrra.
Tervishoiuametnike teatel puudutab riigis üle 820 000 inimese.
Ainuüksi 2018. aasta teises kvartalis registreeriti umbes 40 000 uut haigusjuhtu.
Suurem osa uutest haigusjuhtudest edastati seksi kaudu, tähistades muutust minevikust.
Traditsiooniliselt levis HI-viirus nakatatud vereülekannete tagajärjel kiiresti mõnes Hiina piirkonnas.
HI-viirust haigestunute arv on aga vähenenud peaaegu nullini, ütlesid Hiina tervishoiuametnikud Yunnani provintsis toimunud konverentsil.
Aasta-aastalt on HI-vitamüüri- ja aidsi nakatunute arv Hiinas aga kasvanud 100 000 inimese võrra.
HI-viiruse edasikandumine seksi kaudu on äkiline probleem Hiina LGBT kogukonnas.
Homoseksuaalsus dekriminaliseeriti Hiinas 1997.
Riigi konservatiivsete väärtushinnangute tõttu on uuringute põhjal hinnanud 70-90% meestest, kes seksivad meestega, abielluvad lõpuks naistega.
Paljud haiguste edasikandumised tulenevad ebapiisavatest seksuaalkaitsetest nendes suhetes.
Alates 2003. aastast on Hiina valitsus tõotanud universaalset juurdepääsu HIV-ravimitele selle probleemi lahendamiseks.
Maxine Waters eitab töötajate lekitamist GOP-i senaatorite andmeid, õhkab "ohtlikke valesid" ja "vandenõuteooriaid."
USA rep. Maxine Waters mõistis laupäeval hukka väited, nagu oleks üks tema personaliliige postitanud kolme vabariikliku USA senaatori isiklikud andmed seadusandja Wikipedia lehekülgedele.
Los Angelese demokraat kinnitas, et neid väiteid kergitavad "ultra-paremlikud tiivad" punkarid ja veebisaidid.
"Võimalikud, valed ja põlastusväärsemad valed," ütles Waters Twitteris tehtud avalduses.
Väidetavasti hõlmas Lõuna-Carolina USA senaatori Lindsey Grahami koduaadresse ja telefoninumbreid ning Mike Lee ja Orrin Hatch, mõlemad Utah.
Neljapäeval ilmus see teave internetis, mille tundmatu isik postitas Kapitooliumimäele Senati komisjoni istungil ülemkohtu kandidaadi Brett Kavanaugh' vastu esitatud seksuaaljälitussüüdistuste kohta.
Lekkimine toimus millalgi pärast seda, kui kolm senaatorit olid Kavanaughi kahtluse alla seadnud.
Konservatiivsed saidid, nagu Gateway Pundit ja RedState, teatasid, et IP aadress, mis tuvastab postituste allika, oli seotud Watersi bürooga, ning avaldas Watersi töötaja andmed, teatas Hill.
"Selline alusetu süüdistus on täiesti vale ja täielik vale," jätkas Vesi.
"Minu töötaja, kelle identiteet, isikuandmed ja turvalisus on nende petturlike ja valesüüdistuste tõttu kompromiteerinud, ei olnud selle teabe lekkimise eest kuidagi vastutav.
See alusetu süüdistus on täiesti vale ja absoluutne vale. "
Watersi avaldus pälvis internetis kiiresti kriitikat, sealhulgas endiselt Valge Maja pressisekretärilt Ari Fleischerilt.
"See eitamine on vihane," kirjutas Fleischer.
"See viitab sellele, et tal ei ole soovi olla kongressi liige.
Kui kedagi süüdistatakse selles, mida ta ei teinud, ei tohi ta vihane olla.
Nad ei tohi olla trotslikud.
Süüdistaja motiivides ei tohi nad kahtluse alla seada.
Nad peavad olema rahulikud ja rahulikud. "
Paistab, et Fleischer võrdles Watersi reaktsiooni demokraatide kriitikaga kohtunik Kavanaughi aadressil, keda kriitikud süüdistasid neljapäevasel istungil liiga vihases olemises.
Twitteris väljendas oma mõtteid ka vabariiklaste kandidaat Omar Navarro, kes kandideerib vahevalimistel Watersile.
"Suur, kui see on tõsi," arutles ta.
Oma avalduses nentis, et tema kabinet on nendest petturlikest nõuetest teavitanud asjakohaseid asutusi ja korrakaitsjaid.
"Me hoolitseme selle eest, et kurjategijad avalikustataks," jätkas ta, "ja et neid võetakse juriidiliselt vastutusele kõigi nende tegude eest, mis on destrukteeritavad ja ohtlikud kõigile minu töötajatele."
Johnny English Strikes review - alavõimas Rowan Atkinsoni spioon
Traditsiooniline on nüüd otsida Brexiti tähendusi ükskõik millisest uuest filmist, millel on briljantne linateos, ja see näib olevat kohaldatav Johnny inglise action-comedy spoof frantsiisi taaselustamisele, mis sai alguse 2003. aastal koos Johnny English Reborn'iga.
Kas keeletegelik enesesalgamine sel teemal, kui ilmselgelt on hõõguv me riigi uueks ekspordivõimaluseks?
Igal juhul on pop-südamlik, kumminäoline ebapädev inglane pruukinud inglastel juba teist korda pühitsetud õigust asju kokku korjata - see nimi annab märku rohkem kui kõigest muust, et ta on mitte-eestikeelsetele kinoterritooriumidele kujundatud lai koomiline looming, mis on mõeldud mitte-ingliskeelsetele kinoterritooriumidele.
Ta on muidugi kohmeline salaagent, kes vaatamata oma veidratele pretensioonidele siledale glamuurile on saanud natuke Clouseau'd, härra Beani sähvatust ja dollop sellest kuplist, kes panustab ühe noodi Chariots of Fire theme tune Londoni 2012. aasta olümpiamängude avatse tseremoonial.
Esialgu põhines ta ka müsteeriumi Atkinsoni reisijal ja rahvusvahelisel mehel, kes kunagi mängis nüüdseks unustatud Barclaycardi telereklaamides, jättes endast maha kaose.
Sellel viimasel JE väljasõidul on üks või kaks toredat momenti.
Armastasin Johnny inglastele läheneda helikopterist, riietudes samal ajal keskaegsesse soomuskostüümi riietusse ja pöörlevaid terasid põgusalt vastu kiivrit.
Atkinsoni füüsilise komöödia kandmine on ekraanil, kuid huumor tundub üsna alatoimiv ja imelikult üleliigne, eriti kuna "tõsised" filmibrändid nagu 007 ja Mission Impossible ise pakuvad nüüd enesekindlalt komöödiat.
huumori on tunne, nagu paneks see kimpus pigem lastele kui täiskasvanutele, ja minu jaoks ei ole Johnny inglaste vahvad äpardused nii leidlikud ja fokusseeritud kui Atkinsoni vaiksed väravad Beani personaalis.
Igaveselt aktuaalne eeldus on praegu, et Suurbritannia on tõsises hädas.
Küberhäkker on imbunud Briti ülisalajasse spioonivõrgustikku, paljastades kõigi Briti agentide identifiguuride identifiguurid valves oleva agendi jahmatuseks - see on Kevin Eldoni kahjuks väike roll.
Tegemist on pompöösse ja kehastunud tegelase viimase õlekõrrega, kes kannatab juba poliitilise ebapopulaarsuse täieliku kokkukukkumise all: Emma Thompson annab endast parima selle pool-Teresa-May tegelaskujuga, kuid skriptis pole midagi, millega töötada.
Tema luurenõunikud annavad talle teada, et kuna iga aktiivne spioon on ohtu sattunud, peab ta kellegi pensionipõlvest välja tooma.
Ja see tähendab Johnny inglaste enda tükeldamist, kes töötab nüüd koolmeisterkonnas, kuid annab kõrvaliste õppetundidega, kuidas olla allilmategelik: mõned toredad väravad siin, sest inglise keel pakub Rocki-tüüpi akadeemilist spämmiakadeemiat.
Inglased sosistatakse Whitehallisse erakorralisele infotunnile ja ühendatakse uuesti oma kunagise kauaoodatud poolkaitsja Bough'ga, keda mängib taas Ben Miller.
Bough on nüüd abielus mees, tabatud allveelaeva komandörile, naljakale-hockey-sticgi rollile, milles Vicki Pepperdine on veidi raisatud.
Nii et Batman ja Robin, kes tema Majesteedi salateenistuses asju kohutavalt eksisid, on taas tegutsemas Olga Kurylenko kauni femme fatale Ophelia Bulletovaga.
Samal ajal satub peaminister ohtlikult karismaatiline tehnoloogiamiljardär, kes väidab, et suudab lahendada Suurbritannia arvutihädasid: õel Jason Volta, keda mängib Jake Lacy.
Inglased ja Bough alustavad farsiliste kõrgjoppide odüsseiat: maskeerijatena süütasid nad äkilise prantsuse restorani, tekitavad Volta luksusjahi pardal smugeldamise ning inglased vallandavad puhta anarhia, kui ta püüab kasutada Virtual Reaalsuse peakomplekti, et end Volta maja interjööriga kurssi viia.
Kõik peatused tõmmatakse kindlasti selle viimase jada jaoks, kuid nii sõbralikud ja kobedad kui see ka ei ole, on kogu asja kohta üsna palju laste televiisorit.
Päris mõõdukas kraam.
Ja nagu teiste Johnny ingliskeelsete filmide puhul, ei saanud ma jätta mõtlemata: kas Briti filmitööstus ei võiks anda Rowan Atkinsonile rolli, mis tema talendile tõesti õigust annab?
leiboristid eitavad plaani, et britid töötaksid neljapäevase nädala, kuid neile makstakse viis päeva.
Jeremy Corbyni leiboristlik partei peab kaaluma radikaalset plaani, mille kohaselt töötavad britid neli päeva nädalas, kuid saavad viie eest palka.
Väidetavasti soovib erakond, et kompanii bossid edastaksid tehisintellekti (AI) revolutsionääride kaudu töötajatele sääste, andes neile veel ühe vaba päeva.
See näeks, et töötajad naudiksid kolmepäevast nädalavahetust, kuid viiksid ikka sama palgaga koju.
Allikate sõnul sobiks idee erakonna majanduskavaga ja kavatseb kallutada riiki töötajate kasuks.
Ametiühingute kongress on nelja-päevasele nädalale siirdumise heaks kiitnud selleks, et töötajad saaksid muutuvat majandust ära kasutada.
Kõrge Tööpartei allikas ütles Sunday Times'ile: "Poliitiline läbivaatamine peaks selguma enne aasta lõppu.
"See ei juhtu üleöö, kuid nelja-päevane töönädal on püüdlus, mis sobiks erakonna lähenemisega majanduse tasakaalustamisele nii töötaja ja erakonna üldise tööstusstrateegia kasuks."
Tööerakond ei oleks esimene, kes sellist ideed heaks kiidaks, sest Roheliste Erakond lubab oma 2017. aasta üldvalimiste kampaania ajal neljapäevast töönädalat.
Tööpartei tervikuna seda püüdlust praegu siiski ei toeta.
Keskerakonna pressiesindaja ütles, et neljapäevane töönädal ei ole parteipoliitiline ja erakond seda ei kaalu.
Klüüdlanik John McDonnell kasutas eelmisel nädalal leiboristide konverentsi, et täpsustada oma nägemust sotsialistlikust revolutsioonist majanduses.
McDonnell ütles, et ta on otsustanud kommunaalettevõtete "nähtamatutelt direktoritelt" ja "kasusaajatelt" võimu tagasi nõuda.
Asekantsleri plaanid tähendavad ka seda, et vee-ettevõtete praegused aktsionärid ei pruugi kogu oma osalust tagasi saada, sest leiboristlik valitsus võib tajutavate eksimuste põhjendatuse tõttu "kaebusi."
Samuti kinnitas ta kavatsust panna töötajad ettevõtete juhatustesse ja luua Inclusive Omandifondid, et anda 10 protsenti erasektori ettevõtete omakapitalist töötajatele, kes peavad iga-aastased dividendid maksma kuni 500-euroseid dividende.
Lindsey Graham, John Kennedy ütlevad "60 minutile," kas FBI uurimine Kavanaughi suhtes võiks nende meelt muuta.
FBI uurimine kohtunik Brett Kavanaugh' vastu esitatud süüdistuste kohta lükkas lõpphääle ülemkohtusse vähemalt nädala võrra lüpsmata ning tõstatab küsimuse, kas bürokraadi leiud võivad sundida kõiki vabariiklastest senaatoreid oma toetust tõmbama.
Pühapäeval eetrisse eetrisse eetrisse antud intervjuus küsis korrespondent Scott Pelley vabariiklastest senaatoritelt John Kennedylt ja Lindsey Grahamilt, kas FBI suudab lahti harutada midagi, mis sunniks neid meelt muutma.
Kennedy paistis avatum kui tema kolleeg Lõuna-Carolinast.
"Kõige tähtsam on," ütles Kennedy.
"Ütlesin kohtuistungile ärgates, ütlesin, et olen rääkinud kohtunik Kavanaugh'ga.
Helistasin talle pärast selle toimumist, see süüdistus tuli välja ja ütles: "Kas sa tegid seda?"
Ta oli resoluutne, otsusekindel, ühemõtteline. "
Grahami hääl näib aga olevat kivisse raiutud.
"Minu meelest on Brett Kavanaugh ja see võtaks dümnamilise süüdistuse," ütles ta.
"Dr Ford, ma ei tea, mis juhtus, kuid ma tean seda: Brett eitas seda jõuliselt," lisas Graham Christine Blasey Fordile viidates.
"Ja kõik, keda ta nimetab, ei osanud seda kontrollida.
See on 36 aastat vana.
Ma ei näe, et midagi uut muutuks. "
Milline on ülemaailmne kodanike festival ja kas on midagi teha, et vähendada vaesust?
Sel laupäeval korraldab New Yorg Global Citizen Festival, iga-aastast muusikaüritust, millel on äärmiselt muljetavaldav staaride liin ja sama muljetavaldav missioon, lõpetades maailma vaesusega.
Juba seitsmendat aastat toimuval ülemaailmsel kodanikufestivalil sõidavad kümned tuhanded inimesed Kesk-Tallinna Suurele Murule, et mitte ainult nautida selliseid tegemisi nagu Janet Jackson, Cardi B ja Shawn Mendes, vaid ka suurendada teadlikkust ürituse tõelisest eesmärgist kaotada äärmine vaesus 2030. aastaks.
Global Citizen Festival, milles 2012. aastal teatati, on ülemaailmse "Võimaliku Vaesuse" käepikendus, rahvusvaheline tugirühm, mis loodab kaotada vaesuse, suurendades selle vastu aktiivselt võitlevate inimeste arvu.
Selleks, et saada üritusele tasuta pilet (välja arvatud juhul, kui te oleksite nõus VIP-pileti eest maksma), pidid kontserdikorraldajad täitma mitmeid ülesandeid või "tegevusi" selliseid vabatahtlikke, e-posti teel maailma liidri e-posti saatmist, telefonikõne või muid tähendusrikkaid viise, mis aitavad suurendada teadlikkust oma eesmärgist kaotada vaesus.
Aga kui edukas on Global Citizen oma eesmärgi saavutamiseni jäänud 12 aastat?
Idee premeerida inimesi tasuta kontserdiga on ehtne viis veendamaks inimesi üles nõudma tegutsemist, või lihtsalt mõni järjekordne niinimetatud "clicktivismi" juhtum - inimesed, kes tunnevad, et nad käituvad võrgupõhisele petitsioonile alla kirjutades või säutsude saates?
Global Citizen väidab alates 2011. aastast, et on registreerinud oma toetajatest üle 19 miljoni "tegevuse," mis nõuab mitmeid teistsuguseid eesmärke.
Selles öeldakse, et need meetmed on ajendanud maailma juhte kuulutama lubadusi ja poliitikaid, mis võrduvad enam kui 37 miljardi euroga, mis peaks 2030. aastaks mõjutama rohkem kui 2,25 miljardi inimese elu.
2018. aasta alguses tõi kontsern välja 390 oma tegevusest tuleneva 390 kohustust ja teadet, millest vähemalt 10 miljardit on juba väljamakstud või finantseeritud.
Kontserdi hinnangul on tagatud rahalised vahendid seni avaldanud otsest mõju ligi 649 miljonile inimesele kogu maailmas.
Mõned põhikohustused on The Power of Nutrition, USA-l põhinev investorite ja rakendajate partnerlus, mis on pühendunud "aidata lastel kasvada nende täielikuks potentsiaaliks," lubades anda Rwandale 35 miljonit eurot, et aidata lõpetada alatoitlus maakonna alatoimimisega pärast seda, kui nad on saanud ülemaailmsetelt kodanikelt üle 4700 säutsu.
Ühendkuningriigi valitsuse, rahastajate, riikide valitsuste ja globaalsete kodanike toel, nagu teiegi, saame alatoetamise sotsiaalsest ebaõiglusest teha eeterlikuks märkuseks ajaloos," ütles The Power of Toitumissaadik Tracey Ullman 2018. aasta aprillis Londonis toimunud otsekontserdil.
Kontsern ütles ka seda, et pärast enam kui 5000 meedet, mis nõudsid USA-lt emade ja laste toitumisarmastuse parandamist, teatas valitsus rahastamisest projektile "Toiduenergia," mis jõuab 5 miljoni toitumishäiretega naise ja lapseni.
Vastus vastuseks ühele KKK-le oma veebilehel, kus küsitakse: "Mis paneb teid arvama, et me suudame lõpetada äärmise vaesuse?"
Globaalne kodanik vastas: "See saab olema pikk ja raske tee - mõnikord me kukume ja ebaõnnestume.
Kuid nagu suured kodaniku- ja abordivastased liikumised enne meid, saavutame edu, sest oleme koos võimsamad.
Janet Jackson, Weeknd, Shawn Mendes, Cardi B, Janelle Monáe on ühed võtted, mis esinevad tänavu New Yorgi üritusel Deborra-Lee Furness ja Hugh Jackman.
USA võib kasutada "blokaadiks," et takistada Venemaa energiaeksporti - Siseminister
Washington saab vajaduse korral kasutada oma mereväge, et hoida ära seda, et Venemaa energia tabab turge, sealhulgas Lähis-Idas, paljastas USA siseminister Ryan Zinke, vahendab Washington Examiner.
Zinke'i väideti, et Venemaa osalemine Süürias - eriti seal, kus ta tegutseb legitiimse valitsuse kutsel - on ettekääne uute energiaturgude uurimiseks.
"Usun, et Lähis-Liidu põhjuseks on see, et nad tahavad vahendada energiat täpselt samamoodi Ida-Euroopas, Euroopa lõunaranuses," ütles ta väidetavalt.
Ametniku kinnitusel on võimalusi ja vahendeid selle probleemi lahendamiseks.
"Ühend riikidel on meie merejalaväega võimalik tagada, et merejäljed oleksid avatud ja vajaduse korral blokeeriksid, et nende energia turule ei pääseks," ütles ta.
Zinke esines mittetulundusühingu Consumer Energy Alliance korraldatud üritusest osavõtjate poole, mis kujundab end "energiatarbija häälena" USAs.
Ta asus võrdlema Washingtoni lähenemisviise Venemaa ja Iraaniga suhtlemisele, märkides, et need on tegelikult ühesugused.
"Iraani ja Venemaa majanduslik valik võimendab enam-vähem söantaasi ja asendab kütte," ütles ta, nimetades samal ajal "üks trikiponi," mille majandus sõltub fossiilsetest kütustest.
Avaldused tulevad siis, kui Trumpi administratsioon on olnud missioonil, mille eesmärk on edendada oma veeldatud maagaasi eksporti Euroopasse, asendades Euroopa tarbijate jaoks märksa odavamat varianti.
Seetõttu püüdsid Trumpi administratsiooni ametnikud, sealhulgas USA president Donald Trump ise, veenda Saksamaad loobuma "ebasobivast" Nord Stream 2 toruprojektist, mis Trumpi teatel muutsid Berliini Moskva "kapsaks."
Moskva on korduvalt rõhutanud, et 11-miljardiline Nord Stream 2 torujuhe, mis kahekordistab olemasolevat torustiku võimsust 110 miljardi tihumeetrini, on puhtmajanduslik projekt.
Kreml väidab, et Washingtoni tuline vastuseis projektile on ajendatud lihtsalt majanduslikest põhjustest ja on näide ebaausast konkurentsist.
"Usun, et me jagame seisukohta, et energia ei saa olla vahend surve avaldamiseks ja et tarbijatel peaks olema võimalik tarnijaid valida," ütles Venemaa energeetikaminister Aleksandr Novak pärast septembris Moskvas toimunud kohtumist USA energeetikaministri Rick Perryga.
USA seisukoht on tõmmanud tagasilöögi Saksamaalt, kes on taas kinnitanud oma pühendumust projektile.
Saksamaa juhtiv tööstusorganisatsioon, Saksa Tööstuse Föderatsioon (BDI), on kutsunud USAd üles loobuma ELi energiapoliitikast ning kahepoolsetest lepingutest Berliini ja Moskva vahel.
"Mul on suur probleem siis, kui kolmas osariik sekkub meie varustusse," ütles Saksa Tööstuse Föderatsioonide Föderatsiooni (BDI) juht Dieter Kempf pärast Saksamaa liidukantsleri Angela Merkeli ja Venemaa presidendi Vladimir Putini hiljutist kohtumist.
Elizabeth Warren Take "Hard Look" Running for President 2020 Massachusettsi senaator Says
Massachusettsi senaator Elizabeth Warren ütles laupäeval pärast vahe-valimisi, et suhtub presidendiks kandideerimisse.
Massachusettsis Holyoke'i linnahallis kinnitas Warren, et kaalub jooksmist.
"On aeg, et naised läheksid Washingtoni ja fikseeriksid meie purunenud valitsuse ning nende hulka kuulub ka naine," ütles ta Hilli teatel.
"Pärast 6. novembrit heidan pingsalt tähelepanu presidendiks kandideerimisele."
Warren kaalus president Donald Trumpi linnavalitsuse ajal, öeldes, et "võtab seda maakonda vales suunas.
"Olen mures selle pärast, mida Donald Trump meie demokraatiale teeb," ütles ta.
Warren on avalikult kritiseerinud Trumpi ja tema Ülemkohtu kandidaati Brett Kavanaugh'd.
Reedeses usutluses ütles Warren: "Kindlasti vajame me FBI uurimist enne hääletamist."
Neljapäeval avaldatav küsitlus näitas siiski, et enamik Warreni enda valitsejaid ei arva, et ta peaks 2020. aastal kandideerima.
Suffolki ülikooli Political Research Center/Boston Globe'i küsitluse kohaselt ütles viiskümmend kaheksa protsenti Massachusettsi valijatest, et senaator ei peaks kandideerima.
Sellist jooksmist toetas kolmkümmend kaks protsenti.
Küsitlus näitas suuremat toetust endise kuberneri Deval Patricku kandideerimisele, millest 38 protsenti toetas potentsiaalset jooksu ja 48 protsenti.
Teised kõrge profiiliga demokraatlikud nimed, mida arutati seoses 2020. aasta võimaliku kandideerimisega, on endine asepresident Joe Biden ja Vermonti senaator Bernie Sanders.
Biden ütles, et otsustab ametlikult jaanuariks, vahendas Associated Press.
Sarah Palin tsiteerib Donald Trumpi rallil Track Palini PTSD-d
Track Palin (26) veetsid aasta Iraagis, olles värvanud Septembri.
Esmaspäeva õhtul vahistati ja talle esitati süüdistus koduvägivalla intsidendis.
"Mida mu oma poeg läbi elab, mida ta tagasi tulles läbi elab, ma võin olla seotud teiste peredega, kes tunnevad PTSD tagajärgi ja mõningaid haavu, millega meie sõdurid naasevad," ütles ta Oklahomas Tulsas Donald Trumpi rallil publikule.
Palin nimetas oma vahistamist elevantiks toas ning ütles oma poja ja teiste sõjaveteranide kohta: "Nad tulevad natuke teistmoodi tagasi, nad tulevad kangekaelselt tagasi, nad tulevad tagasi, mõeldes, kas on sellist austust selle vastu, mida nende kaassõdurid ja õhuväelased ning kõik teised sõjaväelased on riigile kinkinud."
Wasili politseiosakonna pressiesindaja Dan Bennetti sõnul vahistati ta esmaspäeval Alaskas Wasillas ning teda süüdistati koduvägivalla ründamises naise ründamises, koduvägivalla omamises ja relva omamises.
Uusi varjupaiga- ja varjupaigapoliitikat toetavad 18 riiki
18 osariiki ja Columbii rajoon toetavad juriidilist väljakutset uuele USA poliitikale, mis keelab varjupaiga jõugu- või koduvägivalla eest põgenevatele ohvritele.
18 osariigi ja linnaosa esindajad esitasid reedeses Washingtonis sõbraliku lühikokkupõrke, et toetada asüüli otsijat, kes poliitika vaidlustab, vahendas NBC News.
Lagestaja täisnimi Grace v. Sessions ülikond, mille Ameerika Kodanikuvabaduste Liit augustis föderaal-poliitika vastu esitas, ei ole avalikustatud.
Ta ütles, et tema elukaaslane "ja tema vägivaldsed jõuguliikmed pojad" kuritarvitasid teda, kuid USA ametnikud eitasid tema asüülitaotlust 20. juulil.
Texases peeti ta kinni.
Grace'i toetavad osariikide advokaadid kirjeldasid El Salvadorit, Hondurast ja Guatemalat, kus on suur hulk USA asüüli taotlejaid kui riike, kes seisavad silmitsi lokkavate probleemidega jõukude ja koduvägivallaga.
Uus USA asüülipoliitika nurjas Imigmigrant-kaebuste Nõukogu 2014. aasta otsuse, mis võimaldas koduvägivalla eest põgenevatel dokumentideta sisserändajatel varjupaika taotleda.
Columbia peaprokuröri Karl Racine ütles reedel tehtud avalduses, et uus poliitika "tunneb aastakümneid riigi-, föderaal- ja rahvusvahelist õigust."
"Rahvustav seadus nõuab, et kõik asüülitaotlused lahendaksid nõude konkreetsed faktid ja asjaolud ning selline baar rikub seda põhimõtet," seisis õliskohtu lühikokkuvõtmisel.
Administraatorid väitsid oma lühikokkuvõttes, et immigrantide sisenemist keelav poliitika kahjustab USA majandust, väites, et neil on suurem tõenäosus saada ettevõtjateks ja "vajalikuks tööjõuks."
Vandeadvokaat Jeff Sessions käskis immigratsioonikohtunikel juunis koduvägivalla ja grupivägivalamise eest põgenevatele ohvritele enam varjupaika anda.
"Asylum on kättesaadav neile, kes lahkuvad kodumaalt tagakiusamise või hirmu tõttu rassi, usu, rahvuse või teatud sotsiaalsesse gruppi või poliitilisse arvamusse," ütles Sessions oma 11. juuni teadaandes poliitikast.
Varjupaiga eesmärk ei olnud kunagi leevendada kõiki probleeme - isegi kõiki tõsiseid probleeme -, millega inimesed kogu maailmas iga päev silmitsi seisavad.
Päästetööd Palus kahekordistuvad, sest ellujäänute leidmiseks sõidetakse kaks korda
Ellujäänute jaoks oli olukord üha kohutavam.
"See tundub väga pingeline," ütles 35-aastane pereema Risa Kusuma, lohutades oma palavat beebipoissi evakueerimiskeskuses Palu linnas.
"Iga minut toob kiirabi surnukeha.
Puhtat vett napib. "
Elanikke nähti naasmas oma hävitatud kodudesse, korjates läbi veetud asju, püüdes päästa kõike, mida nad leida võisid.
Sajad inimesed said haavata ja 7,5 magnituudisest maavärinast kannatada saanud haiglad olid ülekoormatud.
Mõned vigastatutest, kaasa arvatud murtud selja- ja õlga põdev Dwi Haris, puhkasid Palu armeehaiglas, kus patsiente raviti tugevate järeltõugete tõttu õues.
Õunad täitsid tema silmad, kui ta jutustas, et vägivaldne maavärin raputab viienda korruse hotellitoa oma naise ja tütrenuga.
"Mul ei olnud aega ennast pühkida.
Mulle suruti vist müüri varemetesse," ütles Haris Associated Pressile, lisades, et tema perekond on pulmas linnas.
"Tahtsin, et mu naine hüüab appi, aga siis vaikis.
Ma ei tea, mis tema ja mu lapsega juhtus.
Loodan, et nad on ohutud. "
USA suursaadik süüdistab Hiinat "propagandareklaamide" ründamises.
Nädal pärast seda, kui Hiina ametlik ajaleht jooksis USA päevalehes neljaleheküljelist reklaami USA-Hiina kaubavahetuse vastastikust kasu, süüdistas USA suursaadik Hiinas Peppi Ameerika ajakirjanduse kasutamises propaganda levitamiseks.
USA president Donald Trump viitas möödunud kolmapäeval China Daily tasulisele täiendusele Des Moines'i registris, mis oli Iowa suurima müügiajalehe osariik, olles süüdistanud Hiinat katses sekkuda USA 6. kongressivalimistesse, mida Hiina eitab.
Trumpi süüdistus, et Peking üritas USA valimistesse sekkuda, tähistas seda, mida USA ametnikud Reutersile ütlesid Reutersile, oli uus fass eskaleeruvas Washingtoni kampaanias Hiinale survet avaldada.
Samal ajal, kui on normaalne, et välismaised valitsused paigutavad reklaame kaubanduse edendamiseks, on Peking ja Washington praegu ägenevas kaubandussõtta, mille kohaselt on need üksteise impordi suhtes kehtestatud tariifid.
Hiina kättemaksutollid kaubandussõtta alguses pidid tabama Eksperte eksportijaid sellistes osariikides nagu Iowa, mis toetas Trumpi Vabariiklikku Parteid, ütlesid Hiina ja USA eksperdid.
Terry Branstad, USA suursaadik Hiinas ja endine kauaoodatud kauaaegne kuberneri Iowa, põllumajandustoodete suureksportija Hiinas, ütles, et Peking on kahjustanud ameerika töötajaid, põllumehi ja ettevõtteid.
Hiina Branstad kirjutas pühapäevases Des Moines'i registri arvamusartiklis: "Praegu kahekordistab seda kiusamist, korraldades propagandareklaame meie enda vabas ajakirjanduses."
"Selle propaganda levitades kasutab Hiina valitsus end Ameerika hinnatud sõnavabaduse ja vaba ajakirjanduse traditsioon, paigutades Des Moines'i registrisse tasulise kuulutuse," kirjutas Branstad.
"Tõenäoliselt leiad siin tänaval asuvast uudistest piiratud eriarvamusel ja ei näe tõelist peegeldust erinevatest arvamustest, mis hiinlastel võivad olla Hiina murettekitava majanduskurjusega, arvestades, et meedia on Hiina Kommunistliku Partei kindla pöidla all," kirjutas ta.
Ta lisas, et "üks Hiina silmapaistvaimaid ajalehte kummardas oma artikli avaldamiseks," kuigi ei öelnud, milline ajaleht.
Vabariiklased alistuvad naishääletajatele Kavanaugh Debacle, analüütikud
Analüütikud hoiatavad, et paljud vabariiklased kandideerivad ja kaitsevad Ülemkohtu kandidaati Brett Kavanaugh'd mitmete väidetavate seksuaalvägivalimiste ees, on analüütik hoiatanud, et eelseisvatel vahevalimistel näevad nad tagasilööki, eriti naistel.
Eemotsionaalsed emotsioonid on olnud äärmiselt kõrged ja enamik vabariiklasi näitab juba, et nad tahtsid hääletamisega edasi minna.
Neid asju ei saa kõrvutada," ütles Syracuse'i ülikooli Maxwelli kooli politoloogiaprofessor Grant Reeher The Hillile laupäeval avaldatud artiklit.
Reeher ütles, et ta kahtleb senaator Jeff Flake (R-Arizona (R-Arizona) viimasel minuti survel FBI juurdluseks, et vihaseid valijaid plaksutada.
"Naised ei unusta seda, mis eile juhtus - nad ei kavatse seda unustada homme ja mitte novembris," ütles edumeelse rühmituse MoveOn juhtiv nõunik ja riigiesindaja Karine Jean-Pierre reedel Washingtoni ajalehe teatel.
Reede hommikul skaneerisid meeleavaldajad "November on tulemas!" Senati saalist, kui õiguskomiteesid kontrollivad vabariiklased otsustasid vaatamata dr Christine Blasey Fordi tunnistusele Kavanaughi kandidatuuriga edasi minna, teatas Mic.
"Demokraatlik entusiasm ja motivatsioon on päevakorrast maas," ütles uudisteportaalile parteitu poliitikaanalüütik Stu Rothenberg.
"Inimesed ütlevad, et see on juba suur, see on tõsi.
Aga see võib olla kõrgem, eriti äärelinnade nais- ja nooremate valijate, 18--29-aastaste seas, kes küll ei meeldi presidendile, sageli ei hääleta. "
Veel enne Fordi avalikke tunnistusi, milles kirjeldatakse üksikasjalikult tema süüdistusi ülemkohtu kandidaadi vastu suunatud seksuaalvägivallas, pakkusid analüütikud, et sellele võib lisanduda tagasilöök, kui vabariiklased selle kinnitamisega edasi lükkaksid.
NBC Newsi teatel on sellest GOPi jaoks saanud segane jama," ütles vabariiklaste rahvuskomitee endine esimees Michael Steele eelmise nädala alguses.
"Tegemist ei ole lihtsalt parlamendikomisjoni hääletuse või lõpphääletusega või sellega, kas Kavanaugh pannakse pingile, küsimus on ka selles, kuidas vabariiklased sellega hakkama on saanud ja kuidas nad teda kohtlesid," osutas uudistekanalile demokraatide valimist andva rühmituse Priorities USA direktor Guy Cecil.
Ameeriklased näivad siiski olevat mõnevõrra lõhenenud selle üle, keda uskuda Fordi ja Kavanaughi säilmete kiilu, kusjuures viimasega on veidi tagasihoidlikum.
YouGovi uus küsitlus näitab, et 41 protsenti vastanuist uskus Fordi tunnistusi, samas kui 35 protsent uskus Kavanaugh.
38 protsenti neist arvas, et Kavanaugh valetas ilmselt või kindlalt oma tunnistuse ajal, samas kui vaid 30 protsenti ütles sama Fordi kohta.
Pärast Flake'i tõuget uurib FBI praegu Fordi ja vähemalt ühe teise süüdistaja Deborah Ramirezi esitatud süüdistusi, vahendas The Guardian.
Ford tunnistas eelmisel nädalal Senati õiguskomitee ees, et Kavanaugh rümbas teda 17-aastaselt purjuspäi kallale.
Ramirez vihjab, et Ülemkohtu kandidaat paljastas talle oma suguelundid, kui nad 1980. aastatel Yale'is õppinud peol käisid.
The World Wide Webi leiutaja plaanib alustada uut internetti, mida Google'is ja Facebookis kasutusele võtta.
Tim Berners-Lee, World Wide Web'i leiutaja, käivitab idufirma, mille eesmärk on rivaalitseda Facebookis, Amazonis ja Google'is.
Tehnoloogilise legendi uusim projekt Inrupt on ettevõte, mis ehitab maha Berners-Lee avatud lähteplatvormi Solid.
Soliid võimaldab kasutajatel valida, kus nende andmeid salvestatakse ja millistel inimestel on võimalik saada juurdepääs millisele informatsioonile.
Eksklusiivintervjuus Fast Companyle naljatles Berners-Lee, et Inrupti taga peituv kavatsus on "maailma domineerimine."
"Peame seda praegu tegema," ütles ta idufirma kohta.
Tegemist on ajaloolise momendiga. "
Aparaat kasutab Solidi tehnoloogiat, mis võimaldab inimestel luua oma "isiklik veebiandmete pood" või POD.
See võib sisaldada kontaktnimekirju, to-do nimekirju, kalendrit, muusikaraamatukogu ning muid isiklikke ja tööalaseid tööriistu.
See on nagu Google Drive, Microsoft Outlook, Slack ja Spotify on kõik saadaval ühes brauseris ja kõik samal ajal.
Isikliku andmepoodi puhul on unikaalne see, et see sõltub täielikult kasutajast, kes millisele infole ligi pääseb.
Firma nimetab seda "isiklikuks mõjuvõimu suurendamiseks andmete kaudu."
Firma tegevjuhi John Bruce'i sõnul on Inrupti idee selles, et ettevõte tooks ressursse, protsesse ja asjakohaseid alaseid oskusi, mis aitaksid Solidi kõigile kättesaadavaks teha.
Firma koosneb praegu IBM-i ostetud turvaplatvormist Berners-Lee, mõned projekti kallal töötamiseks tellinud arendajad ja vabatahtlike kodeerijate kogukond.
Alates sellest nädalast võivad tehnoloogiaarendajad üle kogu maailma luua oma detsentraliseeritud rakendused, kasutades Inrupti veebilehel kättesaadavaid tööriistu.
Berners-Lee ütles, et tema ja ta meeskond ei räägi "Facebooki ja Google'iga sellest, kas viia sisse täielik muudatus või mitte, kui kõik nende ärimudelid on üleöö täielikult paigas.
"Me ei küsi nende luba."
Laupäeval ilmuvas Mediumi postituses kirjutas Berners-Lee, et Inrupti "missioon on pakkuda kaubanduslikku energiat ja ökosüsteemi, mis aitab kaitsta Solidile ehitatud uue veebi terviklikkust ja kvaliteeti."
1994. aastal vahetas Berners-Lee internetti, kui asutas Massachusettsi Tehnoloogiainstituudi World Wide Web Consortiumi.
Viimastel kuudel on Berners-Lee olnud võrguneutraalsuse arutelus mõjuvõimsaks häälekandjaks.
Inrupti käivitamisel jääb Berners-Lee World Wide Web Konsortsiumi, Web Sihtasutuse ja Avatud Andmeinstituudi rajajaks ja direktoriks.
"Olen äärmiselt optimistlik järgmise veebiajastu suhtes," lisas Berners-Lee.
Bernard Vann: WW1 Victoria Risti vaimulik pühitseti
Ainsat Inglismaa Kiriku vaimulikku võitsid Victoria Risti Esimeses maailmasõjas võitlejana pühitsetud tema kodulinnas 100 aastat hiljem.
Lt Col The Reverend Bernard Vann pälvis auhinna 29. septembril 1918 Bellenglise ja Lehaucourti ründamisel.
Siiski tappis snaiper teda neli päeva hiljem ega teadnud kordagi, et ta on võitnud kõrgeima Briti sõjalise au.
Mälestuskivi avasid laupäeval Northamptonshire'is Rushdeni paraadil tema kaks lapselast.
Üks tema lapselaps, Michael Vann, ütles, et "õiesti sümboolne," et kivi paljastatakse täpselt 100 aastat pärast tema vanaisa auhinnavõidust.
London Gazette'i teatel juhatas 29. septembril 1918 oma pataljoni üle Canal de Saint-Quentini "väga paksu udu ja tugeva tule all väli- ja kuulipildujatest."
Hiljem tormas ta tulejoonele ja "suurema gallupiga" juhatas joone ette, enne kui tormas ühekäelise ja koputas välja kolm väravat.
Saksa snaiper tappis 4. oktoobril - veidi rohkem kui kuu aega enne sõja lõppu.
Michael Vann (72) ütles, et tema vanaisa tegevus on "midagi, mida ma tean, et ma ei suuda kunagi ära elada, vaid midagi, mis on alandav."
Tema ja ta vend doktor James Vann panid pärast paraadi, mida juhatas Brentwood Imperial Youth Band.
Michael Vann ütles, et tal on väga suur au osaleda paraadil, ning ta lisas, et "tõelise kangelase orgiat demonstreerib toetus, mida annavad paljud inimesed."
MMA fännid jäid terveks ööks Bellator 206 vaatama, nad said hoopis Peppa Pig
Kujutage seda ette, te jääte terveks ööks, et vaadata pakitud Bellator 206 ainult selleks, et põhisündmust mitte vaadata.
San Jose arve sisaldas 13 lahingut, neist kuus põhikaardil ja neid näidati Ühendkuningriigis Kanal 5.
Kell kuus, just sel ajal, kui Gegard Mousasi ja Rory MacDonald valmistusid teineteisega silmitsi platsile sõitma, olid Ühendkuningriigi vaatajad jahmunud, kui katvus Peppa Pigile muutus.
Mõis ei avaldanud muljet pärast seda, kui nad olid ärkvel püsinud ärkvel kuni varaste tunneteni, eriti võitluseks.
Üks fänn Twitteris kirjeldas üleminekut laste karikatuurile kui "mingit haiguslikku nalja."
"See on valitsuse määrus, et kell kuus õhtul ei olnud see sisu sobiv, nii et nad pidid üle minema laste programmeerimisele, "ütles Bulaatori turundus- ja kommunikatsioonijuht Dave Schwartz, kui temalt ülekannet küsiti.
""Peppa siga," jah."
Bellator kompanii president Scott Coker ütles, et nad kavatsevad töötada oma sõiduplaani kallal, et kaasata Ühendkuningriigi vaatajaid ka tulevikus.
"Ma arvan, et kui ma mõtlen kordusmängule, siis ma arvan, et me suudame selle ilmselt välja mõelda," ütles Coker.
"Aga pühapäeval on kell kuus ja me ei suuda seda enne pühapäeva oma aja, esmaspäeva oma aja ära töötada.
Aga me töötame selle kallal.
Uskuge mind, kui see ümber lülitus, läks palju tekste edasi-tagasi ja need kõik polnud sõbralikud.
Ütlesime seda parandada, arvasime, et tegemist on tehnilise lõdvestusega.
Aga see ei olnud, see oli valitsuse küsimus.
Ma luban teile järgmine kord, kui seda ei juhtu.
Hoiame seda kuue asemel viiest võitlusest - nagu me tavaliselt teeme - ja üritasime fännidele üle pingutada ja me läksime lihtsalt kohale.
Tegemist on kahetsusväärse olukorraga. "
Desert Island Discs: Tom Daley tundis end seksuaalsünnituse suhtes alaväärtuslikuna
Olümpiavõitja Tom Daley ütleb, et kasvas oma seksuaalsünnituse tõttu kõigist kehvemaks, kuid see andis talle motivatsiooni saada edukaks.
24-aastane neiu ütles, et ei saanud enne gümnaasiumisse minekut aru, et "kõik ei ole minusugused."
Rääkides Lauren Laverne'i poolt esitletud Raadio 4 Desert Islandi diskodest, ütles ta, et rääkis homoseksuaalsetest õigustest, et anda teistele "hope."
Ta nentis ka, et lapsevanemaks olemine sundis teda olümpiavõidust vähem hoolima.
Pikaajalise etenduse regulaarne saatja Kirsty Young on haiguse tõttu mitu kuud maha võtnud.
Laverne'i esimesse saades ütles Daley Laverne'i esimeses programmis, et tundis end "vähenetuna" kõigist teistest, sest "poistele ja tüdrukutele ei olnud sotsiaalselt aktsepteeritav."
"Tänasel päeval on need tunded vähem ja teistsugused tunded olnud tõelised asjad, mis on andnud mulle jõudu ja jõudu olla edukas."
Ta tahtis tõestada, et on "midagi," "ütles, et ta ei valmistanud kõigile pettumust, kui nad lõpuks tema seksuaalsusest teada said.
Kahekordne pronksmedalist on saanud kõrgetasemeline LGBT võitleja ja ta kasutas oma esinemist tänavustel Rahvaste Ühenduse mängudel Austraalias selleks, et paluda rohkematel riikidel homoseksuaalsust dekriminaliseerida.
Ütles, et võttis sõna, sest tundis lõbuks lõdvestuna, et saab elada avameelselt ilma tagajärgedeta, ja tahtis anda teistele "õnne."
Kolmekordne maailmameister ütles, et armumine meisse - USA filminäitleja Dustin Lance Black, kellega ta 2013. aastal kohtus -, tõi mulle üllatuse. "
Daley abiellus Oscari-võitjaga, kes on 20-aastane vanem, eelmisel aastal, kuid ta ütles, et vanusevahe ei ole kunagi probleemiks olnud.
"Nii nooremas eas, kui sa nii noores eas nii palju läbi käid" - ta läks 14-aastaselt oma esimestele olümpiamängudele ja isa suri kolm aastat hiljem vähki - ütles ta, et raske on leida kedagi samavanust, kes oleks kogenud sarnaseid kõrgeid ja madalaid.
Paar sai vanemateks juunis poeg nimega Robert Ray Black-Daley ning Daley ütles, et tema "kogu perspektiiv" on muutunud.
"Muidugi küsisite minult eelmisel aastal, küsimus oli selles, et ma pean kuldmedali võitma," ütles ta.
"Teate, seal on suuremaid asju kui olümpiamängude kuldmedalid.
Minu olümpiamängude kuldmedal on Robbie. "
Tema pojal on sama nimetus nagu isal Robertil, kes suri 2011. aastal 40-aastaselt pärast seda, kui tal diagnoositi ajuvähk.
Daley ütles, et tema isa ei leppinud sellega, et ta kavatseb surra, ja üks viimaseid asju, mida ta oli küsinud, oli see, et kas neil olid piletid veel 2012. aasta Londonisse - sest ta tahtis olla esireas.
"Ma ei saa talle öelda, et sa ei kavatse olla esireas," ütles ta. "
"Ma hoidsin kätt, sest ta lakkas hingamast ja alles siis, kui ta oli tegelikult hingamise lõpetanud ja ta on surnud, tunnistasin ma lõpuks, et ta ei ole veenev," ütles ta.
Järgmisel aastal võistles Daley 2012. aasta olümpiamängudel ja võitis pronksi.
"Ma lihtsalt teadsin, et see on see, millest olin unistanud kogu oma elu - sukelduda kodupubliku ees olümpiamängudel, paremat tunnet ei olnud," ütles ta.
See innustas ka tema esimest lauluvalikut - Heather Small'i, mis meeldis talle kuni olümpiamängudeni ja andis talle ikka goosepurki.
Pühapäeval kell 11:15 ilmub BBC Raadio 4.
Fyder Cupil pühitseti laupäeval Mickelson
Ameeriklane Phil Mickelson püstitab pühapäeval rekordi, kui ta mängib oma 47th Ryder Cupi matši, kuid ta peab oma vormi ümber pöörama, et see ei oleks lüpsev verstapost.
Biennaalil rekordiliselt 12. korda biennaalil mängiv Mickelson kinkis kapten Jim Furyk laupäevasele neljapalli ja neljapallist.
Selle asemel, et olla tegevuse keskpunktis, nagu ta on nii sageli olnud Ameerika Ühendriigid, viiekordne suurvõitja jagab oma päeva selle vahel, et on cheerleader ja töötab oma mängu vahemikku, lootes parandada seda, mis teda häirib.
Kunagi kõige otsesemad sõitjad isegi tema karjääri tipphetkel ei ole 48-aastased ideaalselt sobivad tihedale Le Golfi rahvuskursile, kus pikad jätmisrasked karistavad rutiinselt eksimusi.
Ja kui rada iseenesest piisavalt hirmuäratav ei ole, kohtub Mickelson pühapäeval üheksandas matšis täpse Briti lahtiste tšempioniga Francesco Molinariga, kes on sel nädalal kokku pannud katuse Tommy Fleetwood, et võita sel nädalal kõik neli matši.
Ameeriklased, neli punkti madalamad, alustavad kuumalt kuumalt, Mickelsoni matš võib osutuda äärmiselt otsustavaks.
Furyk väljendas usaldust oma mehe vastu, mitte selles, et ta saaks palju muud öelda.
"Ta mõistsas täielikult seda rolli, mis tal täna oli, ulatas mulle patsi selga ja asetas käe minu ümber ning ütles, et on homme valmis," ütles Furyk.
"Ta usaldab ennast väga hästi.
Tegemist on Hall of Famer'iga ja ta on neile meeskondadele varem ja sel nädalal nii palju lisandunud.
Ma ilmselt ei kujutanud talle ette kahte matši mängimist.
Kujutlesin rohkem, aga nii see välja kukkus ja nii me mõtlesimegi, et peame minema.
Ta tahab seal olla, nagu kõik teisedki. "
Mickelson möödub Nick Faldo rekordist pühapäeval mängitavate Ryder karikavõistlustel.
See võib tähistada Ryder Cupi karkarjääri lõppu, mis ei ole tema individuaalse rekordi kõrgustele kunagi päriselt sobinud.
Mickelsonil on 18 võitu, 20 kaotust ja seitse vahel, kuigi Furyk ütles, et tema kohalolek tõi meeskonda mõned mittemateriaalsed.
"Ta on mõnus, tal on sarkastiline, vaimukas, talle meeldib inimestele lõbutseda, ja ta on suurepärane mees, kes meeskonnatoas," seletas ta.
"Arvan, et noorematel näitlejatel lõbutses ka sel nädalal platsile minna, mida oli toredam näha.
Ta pakub palju enamat kui lihtsalt mängimist. "
Euroopa koondisekapten Toomas Bjorn teab, et suur plind võib peagi kaduda
Euroopa Kapten Thomas Bjorn teab omast kogemusest, et Ryderi karikavõistluste viimasel päeval toimuv suur edumaa võib kergesti muutuda ebameeldivaks sõiduks.
Taanlane tegi debüüdi 1997. aasta matšis Valderramas, kus Seve Ballesterose platsil hoidis viiepunktilist eelist ameeriklaste ees, kuid pääses oma nina ees finišijoone kõige napimate äärtega, võites 141⁄2-13.
"Te tuletage endale pidevalt meelde, et meil oli Valderramas suur tiitel; meil oli suur edumaa Brookline'is, kus me kaotasime, ja Valderramas, kus me võittu võitsime, vaid ainult," ütles Bjorn (pildil) pärast seda, kui oli vaadanud 2018. aasta klassi võitu 5-3 nii reedel kui ka eile Le Golf Nationalis 10-6 juhtima.
Nii et ajalukkumine näitab mulle ja kõigile selles meeskonnas, et see ei ole veel läbi.
Lähed homme täie hooga edasi.
Tulge kohale ja tehke kõiki õigeid asju.
See ei ole veel läbi, kuni teil on punktid juhatuses.
Meil on eesmärk ja see on püüda seda trofee võitda, ja see on koht, kuhu fookus püsib.
Ütlesin kogu aeg, et keskendun 12 mängijale, kes on meie poolel, kuid me oleme väga hästi kursis sellega, mis seisab teisel pool - maailma suurimad tegijad. "
Rõõmustades selle üle, kuidas tema mängijad raskel golfiväljakul hakkama said, lisas Bjorn: "Ma ei jõua selles kunagi endast ette.
Homme on hoopis teine käpp.
Homme tulevad üksikud etendused ja see on hoopis teine asi.
On tore koos partneriga väljas olla siis, kui asjad lähevad hästi, aga kui sa oled väljas individuaalselt, siis testitakse sind golfarina täis oma suutlikkust.
See on sõnum, mida on vaja, et mängijatele üle saada, on homme endast parim.
Nüüd jätad oma elukaaslase maha ja ta peab ka endast parima saama. "
Erinevalt Bjornist otsib vastaskandidaat Jim Furyk oma mängijaid, et neil oleks individuaalselt paremini esinemine kui partneritena, erandiks on Jordan Spieth ja Justin Thomas, kes noppisid kolm punkti neljast.
Furyk ise on olnud mõlemas otsas neist suurtest eelmise päeva pööretest, olles kuulunud Brookline'i võidumeeskonda enne kaotajaks jäämist, sest Euroopa tõmbas maha "Miracle at Medinah."
"Mäletatan iga neetud sõna sellest," ütles ta vastuseks küsimusele, kuidas Ben Crenshaw, 1999. aasta kapten, oli kogunud oma mängijaid viimasele päevale.
"Meil on homme 12 tähtsat võistlust, aga sina tahaksid nii kiiresti startida, nagu sa nägid Brookline, nagu sa nägid Medinahis.
Kui see hoog ühtmõlma läheb, avaldab see nendele keskmängudele suurt survet.
Asutasime oma joone vastavalt ja panime poisid välja moel, mida me tundsime, nagu, teate, me püüame homme mingit maagiat teha. "
Toomasele on antud ülesanne püüda tõrjet juhtida ja ta seisab tippmatšis silmitsi Rory McIlroy'ga, kelle esikolmikus on Paul Casey, Justin Rose, Jon Rahm, Tommy Fleetwood ja Ian Poulter.
"Lätsin selles järjekorras selle poiste grupiga kaasa, sest ma arvan, et see hõlmab kogu tee," kommenteeris Bjorn oma üksikvalikut.
Saksamaa uus sõjalaev lükkub taas
Saksa merejalaväe uusim fregatt tulnuks 2014. aastal tellida vananevate külmade sõjalaevade asendamiseks, kuid vigaste süsteemide ja lumepallimiskulude tõttu ei ole see veel enne järgmist aastat, teatas kohalik meedia.
Ajaleht Die Zeit viitab sõjaväe pressiesindaja tsiteerimisele lükkub nüüd 2019. aasta esimesele poolele "Rheinland-Pfalz," mis on uhiuue Baden-Wuertteberg-klass-klassi fregattide juhtiv laev "Rheinland-Pfalz."
Laev pidanuks merevägedega liituma 2014. aastal, kuid murettekitavad sünnitusjärgsed küsimused vaevasid ambitsioonika projekti saatust.
Neli Baden-Wuerttembergi-klassat laeva, mille merevägi tellis juba 2007. aastal, asetatakse vananevatele Bremen-klassidele.
Arusaadavalt on tegemist võimsa kahuriga, mitmete õhu- ja laevatõrjerakettidega, aga ka mõnede stealth-tehnoloogiatega, näiteks vähendatud radarite, infrapuna ja akustiliste allkirjadega.
Muude oluliste tunnusjoonte hulka kuuluvad pikemad hooldusperioodid - uusimaid fregatte peaks olema võimalik kuni kaheks aastaks kodusadamatest eemal.
Jätkuvad viivitused tähendavad aga seda, et tipptasemel sõjalaevad, mis väidetavalt võimaldaksid Saksamaal kasutada elektrit võõrsil, muutuvad teenistusse asumise ajaks juba iganenuks, vahendab Die Zeit.
Ebaõnnestunud F125 fregatt sattus ajalehtede esikülgedele eelmisel aastal, kui Saksa merevägi keeldus ametlikult laeva tellimast ja tagastas selle Blohm & Vossi laevatehasele Hamburgis.
See oli esimene kord, kui merevägi tagastas laevaehitajale pärast kohaletoimetamist.
Saabumise põhjustest teati vähe, kuid Saksa meedia viitas mitmetele olulistele "pehme- ja riistvaravigadele," mis muutis sõjalaeva kasutuskõlbmatuks siis, kui neid kasutatakse lahingumissioonil.
Tarkvara puudused olid eriti olulised, sest Baden-Wuerttemberg-klassi laevu hakkab opereerima umbes 120-liikmelisest meremehest koosnev meeskond - vaid pool vanemate Bremeni klassi fregattide inimtööjõust.
Samuti selgus, et laev on dramaatiliselt ülekaaluline, mis vähendab selle jõudlust ja piirab mereväe võimet lisada tulevasi uuendusi.
Arvatakse, et 7000-tonnine "Rheinland-Pfalz" on kaks kordarasked kui sarnase klassi laevad, mida sakslased kasutasid Teises maailmasõjas.
Lisaks vigasele riietuslikule riietusele on probleemiks saamas ka kogu projekti, kaasa arvatud meeskonna koolitamine.
Väidetavalt on see ulatunud 3,1 miljardi euroni (3,6 miljardit eurot) võrreldes esialgse 2,2 miljardi euroga.
Väiksemaid fregatte haaravad probleemid muutuvad erititähtsaks, arvestades hiljutisi hoiatusi, et Saksamaa merevägi kahaneb.
Selle aasta alguses tunnistas Saksa parlamendi kaitsekomisjoni juht Hans-Peter Bartels, et merevägi on tegelikult "vähendatud laevadest."
Ministri sõnul on probleem ajapikku lüpstud, sest vanu laevu likvideeriti, kuid asenduslaevu ei pakutud.
Ta kurtis, et ükski Baden-Wuerttemberg-klass fregatt ei saanud merevägedega ühineda.
Rahvuslik usaldus pealtkuulab partide salajast elu
šoti mägismaal asuvas mõisas läbi viidavate uute uuringute eesmärk on paljastada, kuidas pagarid kasutavad maastikku toidu jahtimisel.
Loodetavasti heidavad leiud uut valgust unikaalsete lendavate imetajate käitumisele ja aitavad juhinduda edasistest kaitsetegevusest.
National Trust for Scotland'i teadlaste uuring järgib Wester Rossis Inverewe aias tava- ja soprano pipistrel, samuti pruune pikaealisi ja Daubentoni partiisid.
Kinnisvara olulistesse paikadesse paigutatakse spetsiaalsed salvestised, et jälgida patareide tegevust kogu hooaja vältel.
NHS-i töötajad ja vabatahtlikud teevad ka mobiiliküsitlusi, kasutades käelisi detetektoreid.
Kõikide salvestiste ekspertiis selgitab partiide sageduse ja selle, millised liigid mida teevad.
Seejärel valmib elupaigakaart ja aruanne, et luua nende käitumisest üksikasjalik maastikupilt.
NTS-i looduskaitsmise nõunik Rob Dewar loodab, et tulemused selguvad, millised elupaigapiirkonnad partidele kõige olulisemad ja kuidas kõik liigid neid kõige enam kasutavad.
Kõnealune teave aitab kindlaks teha, millist kasu on elupaikade majandamistöödest, näiteks niitude loomine ja kuidas kõige paremini hooldada metsamaad partide ja teiste nendega seotud liikide puhul.
Shotimaal ja kogu Ühendkuningriigis on viimase saja aasta jooksul märkimisväärselt kahanenud populatsioon.
Neid ohustavad ehitus- ja arendustööd, mis mõjutavad katust ja elukeskkonna kaotust.
Tuule turbiinid ja valgustus võivad kujutada endast samuti ohtu, samuti võivad need olla lendoravad ja ehitusmaterjalide keemiline käitlemine, samuti loomakasside rüvetamine.
Paadid ei ole tegelikult pimedad.
Kuna aga jahiharjumused, on nende kõrvad röövlite püüdmisel eelisjärje kui silmad.
Nad kasutavad oma lennuteel vigade ja takistuste väljatoomiseks keerukat kaja ümberpaigutamise tehnikat.
Enam kui 270 ajaloolise hoone, 38 tähtsa aia ja 76 000 hektari suuruse maa hooldamise eest üle kogu riigi toimuv NTS võtab parte väga tõsiselt.
Tal on kümme koolitatud eksperti, kes teevad regulaarselt küsitlusi, katusekontrolle ja mõnikord päästetöid.
Korraldus on asutanud isegi šotimaa esimese ja ainsa pühendunud partiide reservaadi Threave Kinnisvaras Dumfriesis ja Galloways, mis on koduks kaheksale šotlaste kümnest partiiliigist.
Riigijuht David Thompson ütleb, et vald on nende jaoks ideaalne territoorium.
"Siin Threave'is on meil partiide jaoks suur ala," ütles ta.
"Meil on vanad ehitised, palju veteranpuid ja kõik head elupaigad.
Aga on palju partiidest, mis on veel tundmatud, nii et töö, mida me siin ja teistel kinnistutel teeme, aitab meil rohkem aru saada sellest, mida nad arenguks vajavad. "
Ta rõhutab seda, kui oluline on kontrollida parte enne kinnistute hoolduse teostamist, sest on võimalik, et ühe sünnituskatuse kogemata hävitamine võib tappa kuni 400 naist ja noort, võib-olla lüpsab välja terve kohaliku elanikkonna.
Batid on kaitstud ja on ebaseaduslik neid tappa, ahistada või häirida või hävitada.
Bat Conservation Trusti šotlasest ohvitser Elisabeth Ferrell on julgustanud avalikkust aitama.
Ta ütles: "Meil on ikka veel palju õppida ja paljude meie liikide puhul me lihtsalt ei tea, kuidas nende populatsioonil läheb."
Ronaldo tõrjub vägistamissüüdistused, kuna advokaadid kavatsevad Saksa ajakirja kohtusse kaevata
Cristiano Ronaldo iseloomustas vägistamisväiteid tema vastu "kiireteks uudisteks," väites, et inimesed "tahavad end reklaamida," kasutades tema nime.
Tema advokaadid kaebavad kohtusse Saksa uudisteajakirja Der Spiegel, kes süüdistused avaldas.
Portugali ja Juventust on süüdistatud ameerika naise vägistamises nimega Kathryn Mayorga Las Vegase hotellitoas 2009. aastal Las Vegase hotellitoas.
Väidetavalt maksis ta seejärel 370 000 eurot intsidendist, teatas Der Spiegel reedel, teatas Der Spiegel.
Instagram Live'i videos oma 142 miljonile poolehoidjale mõni tund pärast nõuete teatavakstpakkumist lajatas Ronaldo, 33, teated "kiireks uudiseks."
"Ei, ei.
See, mida nad täna ütlesid, võltsuudised," ütleb viiekordne Ballon d'Ori võitja kaamerasse.
"Nad tahavad ennast reklaamida, kasutades minu nime.
See on normaalne.
Nad tahavad olla kuulsad, et öelda minu nimi, kuid see on osa tööst.
Ma olen õnnelik mees ja kõik on hea," lisas näitleja naeratades.
Ronaldo advokaadid valmistuvad Der Spiegeli kohtusse kaebama seoses süüdistustega, mida nad Reutersi teatel nimetasid "ebameeldivaks teatamiseks kahtlustest eraelu puutumatuse valdkonnas."
Administraator Christian Schertz ütles, et mängija taotleb "moraalset kahju hüvitamist summas, mis vastab rikkumise tõsidusele, mis on tõenäoliselt üks kõige tõsisemaid isiklike õiguste rikkumisi viimastel aastatel."
Väidetav intsideerimine toimus väidetavalt 2009. aasta juunis Las Vegases Palmse hotelli ja kasiino kohvikus.
Pärast ööklubis toimunud koosolekut läksid Ronaldo ja Mayorga väidetavalt tagasi mängija tuppa, kus ta Nevadas Clarki maakonna ringkonnakoonderajärve esitatud paberite kohaselt teda väidetavalt eraviisiliselt vägistas.
Mayorga väidab, et Ronaldo kukkus pärast väidetavat vahejuhtumit põlvili ja ütles, et ta on "99 protsenti" "heast mehest," keda "üks protsent vedas."
Dokumentides väidetakse, et Ronaldo kinnitas, et abielupõlisel oli seks, kuid see oli üksmeelne.
Mayorga väidab ka, et läks politseisse ja tegi haiglas tema vigastustest fotosid, kuid nõustus hiljem kohtuvägise kokkuleppega, sest tundis, et on kättemaksuhimuline, ning oli mures selle pärast, et on avalikult alandatud.
34-aastane neiu ütleb, et püüab nüüd asulat ümber lükata, sest väidetav intsidiatsioon traumeerib teda jätkuvalt.
Ronaldo oli väidetava kallaletungi ajal Manchester Unitedist Madridi Realiga liitumas ning sel suvel siirdus 100 miljoni euro suuruse tehinguga Itaalia gigantidesse Juve.
Brexit: ikäilmed Ühendkuningriigil on igavesti kahju, sest kaotasid autotootjad
ikör võib pärast Brexitit igaveseks kahetseda, kui kaotas pärast Brexitit maailma juhtiva autotootmise liidri, ütles äriminister Greg Clark.
Ta lisas, et on hämmastav, et Toyota UK ütles BBC-le, et juhul, kui Suurbritannia lahkuks Euroopa Liidust ilma kokkuleppeta, peatab ta ajutiselt tootmise Derby lähedal Burnastoni tehases.
"Me vajame kokkulepet," ütles Clark.
Jaa- jaapani autotootja ütles, et piiriviivituste mõju Brexiti rikkumise korral võib maksma minna töökohti.
Toyota Aurist ja Avensis't tootev Burnastoni tehas tootis eelmisel aastal ligi 150 000 autot, millest 90% eksporditi ülejäänud Euroopa Liitu.
"Minu seisukoht on, et juhul, kui Suurbritannia märtsi lõpus Euroopa Liidust välja kukub, näeme oma tehases tootmise seiskumist," ütles Toyota Burntoni tegevdirektor Marvin Cooke.
Teised Ühendkuningriigi autotootjad on väljendanud kartusi EList ilma kokkuleppeta, kuidas piiriülene kaubandus toimima hakkab, nagu Honda, BMW ja Jaguar Land Rover.
Näiteks BMW teatab, et sulgeb oma Mini tehase Oxfordis kuu aega pärast Brexitit.
Peamised mured on seotud sellega, mida autotootjad ütlevad, on tarneaheliga riskid juhul, kui Brexit ei toimu.
Toyota tootmisliin kulgeb "lihtsalt-õhnuliselt" ning osi saabub nii Ühendkuningriigi kui ka Euroopa Liidu tarnijatelt iga 37- minuti järel autode tellimiseks.
Kui Ühendkuningriik lahkub 29. märtsil Euroopa Liidust ilma kokkuleppeta, võivad piiril tekkida häired, mis tööstuse sõnul võivad kaasa tuua viivitusi ja osade nappust.
Firma teatel oleks Toyotal Derbyshire'i tehases rohkem kui ühepäevast inventari ja seega tootmine peatatakse.
Clark ütles, et Theresa May tšetšekkide plaan tulevasteks suheteks ELiga on "täiesti kalibreeritud, et vältida neid kontrolle piiril."
"Meil peab olema kokkulepe ja me tahame, et meil oleks parim tehing, mis võimaldab nautida mitte ainult praegust edukust, vaid selleks, et me sellest võimalusest kinni haaraksime," ütles ta BBC Raadio 4 tänases saates.
"Nii Toyota, vaid ka teiste tootjate tõendid näitavad, et meil peab olema täiesti võimalik jätkata üliedukat tarneahelate kogumit."
Toyota ei osanud öelda, kui kaua tootmine peatatakse, kuid pikemas perspektiivis hoiatati, et lisakulutused vähendavad tehase konkurentsivõimet ja maksavad lõpuks töökohti.
Peeter Tsouvallaris, kes on Burnastonis töötanud 24 aastat ja on tehases ametiühingute kokkukukkuja, ütles, et tema liikmed on üha murelikumad: "Minu kogemusest, kui need töökohad lähevad, ei tule nad kunagi tagasi.
Valitsuse pressiesindaja ütles: "Oleme esitanud täpse ja usutava kava oma tulevasteks suheteks ELiga."
Trumpi kohtumine Rosensteiniga võib Valge Maja sõnul taas edasi lükkuda
Donald Trumpi kõrgetasemeline kohtumine peaprokuröri aseprokuröri Rod Rosensteiniga võib veel üks nädal tagasi lükata, sest võitlus ülemkohtu kandidaadi Brett Kavanaughi pärast jätkub, ütles Valge Maja pühapäeval.
Rosenstein jälgib erinõunik Robert Muelleri tööd, kes uurib Venemaa valimissekkumist, Trumpi abide ja Venemaa vahelisi vahelisi vahelisi seoseid ning presidendi võimalikke õigusemõistmise takistamisi.
Olenemata sellest, kas Trump vallandab peaprokuröri aseprokuröri ja seab sellega ohtu Muelleri iseseisvumise, on juba mitu kuud kütnud Washingtoni minekut.
Selle kuu alguses teatas New York Times, et Rosenstein arutas Trumpiga vestluste jäädvustamiseks juhtme kandmist ja võimalust 25. muudatusettepaneku kaudu presidendi tagandada.
Rosenstein eitas raportit.
Läinud pühkisid ta aga eelmisel esmaspäeval Valgesse Majja, kuna teatas, et kavatseb tagasi astuda.
Selle asemel teatati neljapäevaks kohtumisest Trumpiga, kes viibis toona New Yorgis ÜROs.
Trump ütles, et eelistab Rosensteini vallandamist, kuid siis lükkus kohtumine edasi, et vältida kokkupõrget Senati kohtukomisjoni istungiga, kus Kavanaugh ja üks naisi, kes on süüdistanud teda seksuaalses väärkohtlemises, dr Christine Blasey Ford.
Reedel tellis Trump Kavanaugh' vastu esitatud nõuete ühenädalase FBI uurimise, lükates edasi Senati täishääletuse.
Trumpi pressisekretär Sarah Sanders esines pühapäeval Fox Newsis.
Küsides Rosensteini kohtumise kohta, vastas ta: "Selle kuupäeva ei ole paika pandud, see võib olla sel nädalal, ma nägin, et veel ühe nädala lükkamine arvestades kõiki teisi asju, mis ülemkohtus toimuvad.
Aga me näeme ja mulle meeldib alati ajakirjandust kursis hoida. "
Mõned reporterid vaidlevad sellele väitele vastu: Sanders ei ole alates 10. septembrist korraldanud Valge Maja pressiteavet.
Host Chris Wallace küsis, miks.
Sander Lõhmus ütles, et ülevaadete vähesus ei ole tingitud telereporterite rahulolematusest, kuigi ta ütles: "Ma ei ole nõus asjaoluga, et nad vanameelsed."
Seejärel tegi ta ettepaneku, et Trumpi ja ajakirjanduse vaheline otsekonflikt suureneb.
"President teeb rohkem Q&A istungeid, kui ühelgi varasemal presidendil," ütles ta, lisades tõendeid tsiteerimata: "Oleme neid numbreid vaadanud. "Oleme neid numbreid vaadanud."
Spliiatsioonid juhtuvad veel, ütles Sanders, kuid "kui ajakirjandusel on võimalus Ameerika Ühendriikide presidendile otse küsimusi esitada, on see lõtmatult parem kui minuga rääkimine.
Püüame seda väga palju ära teha ja te olete näinud, kuidas oleme seda viimaste nädalate jooksul palju tegemas ja see võtab pressikonverentsi koha, kui saate rääkida Ameerika Ühendriikide presidendiga. "
Trump esitab Valgest Majast lahkudes või avalikel istungjärkudel või pressikonverentsidel külalissportidega regulaarselt küsimusi.
Solo pressikonverentsid on haruldased.
Sel nädalal New Yorgis näitas president võib-olla, miks, esinedes enne reportereid vabameelselt ja kohati veidrat esinemist.
Haigekassa sekretär kirjutab Brexiti kartuste pärast ELi töötajatele
Tervishoiuminister on kirjutanud šotimaa riiklikus tervishoiuametis töötavatele ELi töötajatele, et väljendada riigi tänast tänu ja soovida, et nad jääksid Brexiti-järgsele kohale.
Jeane Freeman MSP saatsid vähem kui kuueks kuuks kirja, kuni Ühendkuningriik EList taandub.
šoti valitsus on juba võtnud endale kohustuse katta delegeeritud avalikes teenistustes töötavate ELi kodanike kindla staatuse taotluste maksumus.
Proua Freeman kirjutas oma kirjas: "Suvel on läbirääkimised Ühendkuningriigi ja ELi lahkulöömise küsimuses jätkunud, liikudes sel sügisel oodatavate otsuste poole.
Kuid ka Ühendkuningriigi valitsus on kiirendanud oma ettevalmistust võimalikke tehinguvabaid stsenaariume.
Ma tean, et see peab olema teie kõigi jaoks väga rahutu aeg.
Seepärast soovisin nüüd korrata, kui kõrgelt ma väärtustan iga töötaja panust, olenemata nende rahvusest.
Kolleegid kõikjalt Euroopa Liidust ja mujalt toovad väärtuslikke kogemusi ja oskusi, mis tugevdavad ja täiustavad tervishoiuteenistuse tööd ning toovad kasu patsientidele ja kogukondadele, keda me teenime.
Shotimaa on absoluutselt teie kodu ja me tahame väga, et te siia jääksite. "
Christion Abercrombie Undergoes hädakirurgia pärast seda, kui suffering Head Injury
Tennessee osariigi Tigersi tagamängija Christion Abercrombie'le tehti erakorraline operatsioon pärast peavigastust laupäevases 31-27-liikmelises kaotuses Vanderbilt Commodores'ile, vahendas Tennessean Mike Organ.
Tennessee riigi peatreener Rod Reed ütles ajakirjanikele, et vigastus juhtus vahetult enne poolaega.
"Ta tuli kõrvaltvaatajaks ja lihtsalt varises sinna," ütles Reed.
Treenerid ja meditsionalistid kinkisid Abercrombie hapnikku küljejoonele, enne kui panid ta pikali ja viisid ta tagasi täiendavale hindamisele.
Tennessee osariigi ametnik ütles Chris Harrisele WSMV Nashville'is Tennesse'is, et Abercrombie on Vanderbilti meditsiinikeskuse operatsioonist väljas.
Harris lisas, et vigastuse tüübi/väiksuse kohta veel andmeid ei ole ning Tennessee osariik püüab välja selgitada, millal vigastus aset leidis.
Abercrombie, punasärk sophomore, on oma esimest hooaega Tennessee osariigis pärast siirdumist Illinoisist.
Laupäeval enne mängust väljumist oli tal platsil viis väravat, mis tõi tema hooaja kokku 18 väravat.
Välisostjatelt küsitakse Ühendkuningriigis kinnisvara ostmisel kõrgemat tollimaksu
Välisostjatelt küsitakse Ühendkuningriigis kinnistu ostes kõrgemat templimaksu koos lisarahaga, mida kasutatakse kodutute abistamiseks uute tooride kavade alusel.
See samm neutraliseerib Corbyni noorte valitsejate ligimeelitamise edukuse
Templiaktsiisi tõus laekub neile, kes Ühendkuningriigis makse ei maksa.
Rahandusministeerium loodab kodutute abistamiseks koguda kuni 120 miljonit eurot aastas.
Välisostjatelt küsitakse Ühendkuningriigis kinnisvara ostmisel kõrgemat templimaksu määra - kodutute abistamiseks kasutatud lisaraha, teatab Theresa May täna.
Seda sammu peetakse katseks neutraliseerida Jeremy Corbyni soovile meelitada noori valijaid lubadustega pakkuda taskukohast elamispinda ja sihtida kõrgepalgalisi.
Templiaktsiisi tõus kehtestatakse üksikisikutele ja firmadele, kes Ühendkuningriigis makse ei maksa, kusjuures lisaraha suurendab valitsuse püüdlust magamise ohjeldamise vastu võidelda.
Lisamaks, mis on lisaks kehtivale stamptollimaksule, sealhulgas kaks aastat tagasi teisele kodule ja sisseostetud kõrgematele tasemetele, võib ulatuda koguni kolme protsendini.
Rahandusministeerium loodab, et kolimine toob sisse kuni 120 miljonit eurot aastas.
Arvatavasti 13 protsenti vastvalminud Londoni kinnistutest ostavad mitte-eestlastest residendid, kergitades hindu ja raskendades esmaostjate jalutuskepi saamist elamuredelil.
Paljud riigi rikkad piirkonnad - eriti pealinnas - on muutunud "suurteks linnadeks," sest suur arv välisoostjaid, kes veedavad suurema osa oma ajast riigist.
Uus poliitika tuli vaid mõned nädalad pärast seda, kui Boris Johnson nõudis tollimaksu alandamist, et aidata rohkematel noortel oma esimest kodu.
Ta süüdistas suuri ehitusfirmasid kinnisvarahindade kõrgel jätmises, röövides maad, kuid seda mitte kasutades, ning kutsus Mayd üles loobuma kvootidest taskukohastele kodudele, et korvata Suurbritannia "koduhäda."
Härra Corbyn on teatanud pilkupüüdvast seeria kavandatavatest elamuehitusreformidest, sealhulgas üürikontrollist ja "mitteraskete" väljatõstmiste lõpetamisest.
Samuti soovib ta anda volikogudele suuremad volitused uute majade ehitamiseks.
May ütles: "Eelmisel aastal ma ütlesin, et pühendan oma esikoha Briti unelmate taastamisele - et iga uue põlvkonna jaoks oleks elu parem.
Ja see tähendab meie purunenud elamispindade turu fikseerimist.
Suurbritannia on alati avatud inimestele, kes tahavad siin elada, töötada ja elu üles ehitada.
Siiski ei saa olla õige, et Ühendkuningriigis mitteelavatel ja ka välismaistel firmadel olevatel isikutel ja ka välismaistel firmadel on sama lihtne osta kodu töökate Briti elanikena.
Ligi paljude inimeste jaoks on unistus koduomandist liigagi kaugeks muutunud ja rahutu magamise nördimus jääb liiga reaalseks. "
Jack Ross: "Minu ülim ambitsioon on šotlaste juhtimine."
Sunderlandi boss Jack Ross ütleb, et tema "viimane ambitsioon" on mingil etapil šotlase liidriks saada.
šotlane (42) tõrjub väljakutset taaselustada Kirde-Klubi, kes istub hetkel Ühisliigas kolmandal kohal, kolme punkti kaugusel tipust.
Sel suvel siirdus ta Valguse staadionile, olles eelmisel hooajal St Mirreni siirdudes tagasi šoti kõrgrõhkkonda.
"Tahtsin mängijana oma riigi eest mängida.
Sain B-korki ja see oligi kõik," ütles Ross telekanalile.
"Aga ma kasvasin üles Hampdeni juures oma isa kui neiuga ja see on alati midagi, mis on mind tagasi tõmmanud.
See võimalus tuleks siiski vaid juhul, kui olen klubi juhtimises edukas. "
Rossi eelkäijad Sunderlandi juhid on Dick Advocaat, David Moyes, Sam Allardyce, Martin O'Neill, Roy Keane, Gus Poyet ja Paulo Di Canio.
Endine Alloa Athletici boss ütleb, et ta ei tundnud nii suurklubis selliste väljakujunenud nimede eest mingit ärritust, olles varem Barnsley ja Ipswich Towni üleastumised tagasi lükanud.
"Minu jaoks on praegu hinnanguline: "Kas ma võin selle klubi Premier-liigasse tagasi saata?"
Selle klubi struktuuri ja rajatiste tõttu kuulub see kahtlemata kõrgliigasse, "ütles ta.
"Selleni jõudmine ei ole lihtne ülesanne, aga ma näeksin end siin ilmselt ainult õnnestumisena, kui suudan klubi sinna tagasi tuua. "
Ross on vaid kolm aastat oma juhikarjääri pärast Dumbatoni assistendi bossi ja Heartsi juhendamise 15-kuulist ametiaega.
Seejärel aitas ta Alloal toibuda loobumisest kolmandale astmele ning muutis St Mirreni järgmisel hooajal meistritiitli tiitlivõiduni.
Rossi sõnul tunneb ta end praegu mugavamalt kui kunagi varem oma mängijakarjääri Clyde, Hartlepooli, Falkirk, St Mirren ja Hamilton Academical.
"Võib-olla oli tegemist tõelise teelahkmega," meenutas ta Alloa eestvedamisel.
"Olen siiralt uskunud, et ohjamine on minu jaoks õige, rohkem kui mängimine.
Kõlab veidrukalt, sest mul oli kõik korras, teenisin sellest mõistliku elatise ja nautisin mõningaid mõistlikke kõrgpunkte.
Aga mängimine võib olla raske.
On palju asju, millega tuleb iganädalaselt läbi elada.
Ma käin seda ikka tööpingete ja surve poolest, kuid juhtkond tunneb end lihtsalt õigesti.
Ma olen alati tahtnud hakkama saada ja nüüd ma seda teen, see on kõige mugavam, mis ma olen kogu omal nahal olnud. "
Pühapäeval, 30. septembril kell 12.00-7.-13.00 saab kuulata täisintervjuud Sportsoundist.
Täfektne pintsaku aeg on laupäeval kell 17.30, selgub uuringust.
Suvine kuumalaine on hoogustanud võtteid brittide võitlevatele pubidele, kuid suurendanud survet restoranikettidele.
Pubi- ja baarikontsernide müük kasvas juulis 2,7 protsendi võrra, kuid restoranide osakaal vähenes 4,8 protsendi võrra, selgus andmetest.
Peeter Martin ärikonsultandist CGA-st, kes numbreid kogus: "Jütnud päikesepaiste ja Inglismaa oodatust pikem osalemine maailmameistrivõistlustel tähendas, et juuli järgis samasugust mustrit nagu eelmine juunikuu, kui pubid tõusid 2,8 protsenti, välja arvatud see, et restorane tabas veelgi valusamalt.
Restoranidega kauplemise 1,8-kroonine langus juunis halvenes just juulis.
Joogade juhitavad pubid ja baarid, mida sooritati märksa tugevaikäepärasematega rohkem kui restoranid olid maas.
Päike kannatasid ka toidust juhitavad pubid, kuigi mitte nii dramaatiliselt kui restauraatorid.
Paistab, et inimesed tahtsid lihtsalt jooma minna.
Pubide ja baaride jookide müügikäive oli kuu lõikes 6,6 protsenti ja toit kolm protsenti väiksem. "
Paul Newman vaba- ja külalislahkuse analüütikud RSM ütlesid: "Need tulemused jätkavad trendi, mida oleme näinud alates aprilli lõpust.
Koduvälisel turul müümisel on suurimaks teguriks suured sotsiaal- või spordisündmused.
Ei ole üllatav, et restoranide kontsernidel on jätkuvalt raskusi, kuigi aasta-aastalt 4,8-protsendiline hinnalangus on vaatamata jätkuvale hinnasurvele eriti valus.
Pikk kuum suvi ei tohtinud toidukäitlejatele tulla halvemal ajal ja aeg näitab, kas mõõdukamad temperatuur, mida me augustis kogesime, annavad väga vajalikku hingamisharjutust. "
Pubi ja -restoranide kogukäive, kaasa arvatud uued avamised, oli juulis 2,7 protsenti, mis näitab brändi kasutuselevõtu aeglustumist.
Coffer Peach Trackkeri tööstuse müügimonitor Ühendkuningriigi pubi-, baari- ja restoranisektoris kogub ja analüüsib 47 tegevusgrupi tulemusandmeid, mille kogukäive on üle 9 miljardi euro, ning see on väljakujunenud tööstusharu indeks.
Igal viiendal lapsel on salajased sotsiaalmeedia kontod, mida nad peidavad oma vanemate eest
Uuringust selgub, et igal viiendal lapsel - mõnel koguni 11-aastasel - on salajased sotsiaalmeedia kontod, mida nad varjavad oma vanemate ja õpetajate eest.
20 000 gümnaasiumi õpilase uuringust selgus "kiire Insta" lehekülgede kasv
Uudis on süvendanud kartusi, et postitatakse seksuaalset sisu
Kakskümmend protsent õpilastest ütles, et neil on lastevanemate näitamiseks peamine konto
Iga viies laps, kellest mõned on tervelt 11-aastased, loovad sotsiaalmeedia kontosid, mida nad täiskasvanute eest saladuses hoidsid.
20 000 gümnaasiumi õpilase seas läbi viidud uuringust selgus "fake Insta" kontode kiire kasv - viide fotode jagamise saidile Instagram.
Uudis on süvendanud kartusi, et postitatakse seksuaalset sisu.
Kakskümmend protsent õpilastest ütles, et nad tegutsevad lastevanemate tutvustamiseks saneeritud peakontol, omades samal ajal ka eraomandit.
Üks 13-aastase tütre salasepitsuse otsa komistanud ema leidis teismelise, kes kutsus teisi üles mind vägistama.
Digital Awareness Ühendkuningriigi ning sõltumatute koolide peatoimetajate ja peatoimetajate konverentsi (HMC) uuringust selgus, et 40 protsendil 11-18-aastastest on kaks profiiprotsenti, kusjuures pooled neist tunnistas, et peavad erakontot.
HMC juht Mike Buchanan ütles: "On häiriv, et väga paljudel teismelistel on kiusatus luua võrguruume, kus vanemad ja õpetajad neid ei leia."
Eilidh Doyle on sportlaste hääl Eesti Kergejõustiku juhatuses
Eilidh Doyle valiti Eesti kergejõustiku juhatusse mittetäitvaks direktoriks juhtorgani iga-aastasel üldkoosolekul.
Doyle on kõige kaunim raja- ja välissportlane Ian Beattie nimetas seda sammu suurepäraseks võimaluseks neile, kes suunavad sporti viimase kümne aasta jooksul oma laialdasele kogemusele rahvusvahelisel tasandil.
"Eilidhil on suur austus šoti, , Ühendkuningriigi ja maailma kergekäelise kogukonnas ning me oleme kindlad, et šotimaa kergejõustikust võidaks väga palju, tuues ta juhatusse," ütles Beattie.
Doyle ütles: "Olen väga huvitatud sportlaste hääle andmisest ning loodan, et suudan tõesti anda oma panuse ja aidata juhendada sporti Shotimaal."
Ameeriklane, kes võits 1996. aasta mängudel Atlantas 200 meetrit ja 400 meetrit kokku nelja olümpiakulla seas ja on nüüd regulaarne BBC punt, ei saanud kõndida pärast mööduvat isheemiarünnakut.
Ta kirjutas Twitteris: " Kuu aega tagasi kannatasin infarkti.
Ma ei saanud kõndida.
Arstid ütlesid, et ainult aeg näitab, kas ma toibun või millisel määral.
See oli õudne tõbine tekitav töö, tegi täieliku taastumise, õppis uuesti, kuidas kõndida ja teeb täna agility õppusi!
Tänud julgustavate sõnumite eest! "
Rinnapumba kuulutus, mis võrdleb emasid lehmadega, lahutab internetis arvamust
Rinnapulgafirma on internetis eriarvamusi avaldanud kuulutusega, mis võrdleb õdustavaid emasid lüpstavate lehmade lüpsmisega.
Mõeldes, et "Maailma esimeseks vaikseks kantavaks rinnakarbiks," sättis tarbetehnoloogiafirma Elvie välja keelekümblusmuusikavideost inspireeritud reklaami, et esitleda vabadust, mida uus pump emade väljendamiseks annab.
Neli tõelist ema tantsivad heinatäies lehmade platsil platsil, mis sisaldab lütse nagu "Jah, ma lüpsan ise, aga sa ei näe saba" ja "Kui sa ei ole märganud, et need ei ole uimased, need on minu kabiinid."
Koor jätkab: "Kuula see välja, pumba see välja, ma toidan neid lapsi, pumpan need välja, pumpan välja, ma lüpstan oma naisi."
Reklaam, mis on avaldatud firma Facebooki lehel, on aga tekitanud poleemikat internetis.
77 000 vaatamise ja sadade kommentaaridega on video saanud vaatajatelt vastakaid reaktsioone, paljud ütlevad, et see valgustab piimatööstuse "torme."
"Väga vilets otsus selle toote reklaamimiseks lehmi kasutada.
Nagu meiegi, peavad nad rasedaks jääma rasedaks ja sünnitama piima tootmiseks, välja arvatud nende beebid varastatakse neilt mõne päeva jooksul pärast sünnitust," loetles üks.
Elvie rinnapumpumba mahub diskreetselt õenduspiduri (Elvie
Teine kommenteeris: "Väga traumeeriv nii emale kui beebile.
Aga jah, miks mitte kasutada neid rinnapumba reklaamimiseks emadele, kes saavad oma beebid hoida?"
Keegi teine lisas: "Niivõetud reklaam."
Teised kaitsesid kuulutust ning üks naine tunnistas, et peab laulu "hiljepäraseks."
"Minu arvates on see geeniide idee.
Mul oleks see olnud, kui oleksin veel rinnaga toitnud.
Purutamine pani mind tundma täpselt nagu lehm.
Reklaam on natuke hull, aga ma võtsin seda sellisena, nagu see oli.
Tegemist on geniaalse tootega," kirjutati.
Teine kommenteeris: "See on mõnus adreklaam, mis on suunatud emmedele, kes pumbavad (sageli oma töökohtadel või tualettruumides) ja tunnevad end "kroonidena."
Tegemist ei ole piimatööstuse kiidusõnade kiitmise või hindamise kuulutamisega. "
Õppinud video lõpus paljastab rühm naisi, et nad kõik on tantsinud diskreetsete pumbadega, mis on kuhjatud rusikatega.
Kampaania idee aluseks on arusaam, et paljud naised, kes ütlevad, et nad tunnevad end lehmadena.
Elvie pump on aga täiesti vaikne, tal ei ole juhtmeid ega torusid ning ta mahub diskreetselt õenduspuurtorni, mis annab naistele vabaduse liikuda, oma beebidest kinni hoida ja isegi pumbates välja minna.
Ema elukaaslane Ana Balarin kommenteeris: " Elvie Pump on nii revolutsionaalne toode, et väärib julget ja provokatiivset käikulaskmist.
Toodes paralleeli naiste ja lüpsilehmade väljendamise vahel, tahtsime seada esikohale rinnapumpamise ja kõik selle väljakutsed, demonstreerides samal ajal meelelahutuslikul ja suhtelisel viisil uskumatut vabaduse tunnet, mida uus pumbam endaga kaasa toob.
Tegemist ei ole esmakordne kord, kui Elvie pupumm ajalehtede esikülgedele jõuab.
Londoni moenädal ilmus disainer Marta Jakubowski catwalk'ile kahe lapse ema.
Texase piiril asuvasse telgilaagrisse liikusid sajad Migratsioonilapsed.
Kinnipeetavate ümberasujate laste arv on hüppeliselt kasvanud, kuigi igakuine piiriületamine on püsinud suhteliselt muutumatuna, osaliselt seetõttu, et Trumpi administratsiooni kehtestatud karm retoorikas retoorika ja poliitika on raskendanud laste paigutamist sponsoritega.
Traditsiooniliselt on enamik sponsoreid olnud dokumentideta immigrandid ise ning kardetavasti ohustanud oma võimet riiki jääda, astudes edasi last nõudma.
Oht suurenes juunis, kui föderaalvõimud teatasid, et potentsiaalsed sponsorid ja teised nende leibkonna täiskasvanud liikmed peavad esitama sõrmejäljed ning et andmeid jagataks immigratsiooniasutustega.
Läinud nädalal tunnistas immigratsiooni- ja tolliameti kõrge ametnik Matthew Albence kongressi ees, et agentuur on vahistanud kümneid inimesi, kes taotlesid saatjata alaealiste toetamist.
Agentuur kinnitas hiljem, et 70 protsendil vahistatutest ei olnud varasemat karistusregistrit.
"Küsimus 80 protsendist isikutest, kes on kas sponsorid või leibkonna liikmed, on siin riigis ebaseaduslikult ja suur osa neist on kriminaalsed välismaalased.
Seega jätkame nende isikute jälitamist, "ütles Albence.
Püüdes lapsi kiiremini menetleda, kehtestasid ametnikud uued eeskirjad, mille kohaselt peavad mõned neist ilmuma kohtusse kuu aja jooksul, mitte 60 päeva möödudes, mis oli varjupaigatöötajate sõnul varasem tüüp.
Paljud neist ilmuvad pigem videokonverentsi kui isiklikult, et taotleda oma õiguslikku staatust immigratsioonikohtunikule.
Need, keda peetakse kergenduskõlbrikõlbmatuks, küüditatakse kiiresti.
Mida kauem lapsed vahi alla jäävad, seda suurema tõenäosusega muutuvad nad ärevateks või masendavateks, mis võivad peavarjutöötajate ja viimastel kuudel süsteemist tekkinud teadete kohaselt põhjustada vägivaldseid purustusi või põgenemispüüdlusi.
Advokaatide sõnul süvendavad need mured suuremat rajatist nagu Tornillo, kus märgid sellest, et laps on hädas, jäävad selle suuruse tõttu suurema tõenäosusega kahe silma vahele.
Nad lisasid, et laste kolimine telgilinna, andmata piisavalt aega nende emotsionaalseks ettevalmistamiseks ega sõpradega hüvasti hüvasti hüvastijätkamiseks, võib suurendada traumasid, millega paljud juba hädas on.
Sõber käsib USA, Prantslastel ja türgi okupatsioonivägedel viivitamatult tagasi tõmbuda
Pöördudes ÜRO peaassamblee poole, kutsus ka välisminister Walid al-Moualem Süüria põgenikke koju tulema, kuigi riigi sõda on nüüd juba kaheksateist aastat.
Moualem, kes töötab ka asepeaministrina, ütles, et välisväed olid terrorismivastase võitluse ettekäändel Süüria pinnal ebaseaduslikult ning "tegeletakse vastavalt."
"Nad peavad tagasi tõmbuma kohe ja ilma igasuguste tingimusteta," ütles ta üldkogule.
Moualem rõhutas, et terrorismivastane sõda on peaaegu lõppenud Süürias, kus alates 2011. aastast on hukkunud üle 360 000 inimese, kellest miljonid on kodudest välja juuritud.
Ta ütles, et Damaskus jätkab "selle püha lahinguga sõdimist, kuni me puhastame kõiki Süüria territooriume" nii terrorirühmitusi kui ka "mis tahes ebaseaduslikku välislähenemist."
Ameerika Ühendriikides on Süürias umbes 2000 sõdurit, peamiselt koolitavad ja nõustavad president Bashar al-Assadi vastu nii kurdi vägesid kui Süüria araablasi.
Prantsusmaal on üle 1000 sõduri kohapeal sõjast räsitud riigis.
Põgenike küsimuses ütles Moualem, et tingimused on nende tagasipöördumiseks head ning ta süüdistas "mõnesid lääneriike" ebaratsionaalsetes hirmudes, mis ajendasid pagulasi eemale hoidma.
"Oleme kutsunud rahvusvahelist üldsust ja humanitaarorganisatsioone üles neid tagasipöördumisi hõlbustama," ütles ta.
"Nad politiseeerisid seda, mis peaks olema puhtalt humanitaarküsimus."
Ameerika Ühendriigid ja Euroopa Liit on hoiatanud, et Süüriale ei anta ülesehitusabi enne, kui al-Assadi ja opositsiooni vahel on saavutatud poliitiline kokkulepe sõja lõpetamiseks.
ÜRO diplomaadid ütlevad, et hiljutine leping Venemaa ja Türgi vahel puhvervööndi loomiseks viimases suuremas mässuliste tugipunktis Idlib on loonud võimaluse jätkata poliitilisi kõnelusi.
Vene-Türgi kokkulepe hoidis ära Venemaa toetatavate Süüria vägede ulatusliku rünnaku provintsile, kus elab kolm miljonit inimest.
Moualem rõhutas siiski, et lepingus on "puhtad tähtajad" ning avaldas lootust, et sõjaline aktsioon on suunatud jordaanlastele, sealhulgas Al-Qaedaga seotud Nusra Rinde võitlejatele, kes "välja juuritakse."
ÜRO saatkond Staffan de Miskara loodab peagi kokku kutsuda valitsusest ja opositsiooniliikmetest koosneva uue komisjoni esimesed kohtumised, et koostada Süüriale sõjajärgne põhiseadus ja sillutada teed valimistele.
Moualem kehtestas tingimused Süüria valitsuse osalemiseks parlamendikomisjonis, öeldes, et komisjoni tööd tuleks piirata "kehtiva põhiseaduse artiklite läbivaatamisega," ning hoiatati sekkumise eest.
Miks Trump tahab teist ametiaega
Selle loogika järgi võidaks Trump 2020. aastal tagasivalimise, kui paljud liberaalsed vaatajad lootsid, ei lõpetaks tema presidendiks olemine ja skandaal ennetähtaegselt.
Kahtlemata "Kõige dramaatilisemal finaalil üldse "presidendi kõige dramaatilisem finaal!"
Praegu vaataja väsimuse märke ei ole.
Alates 2014. aastast on prime-time reiting enam kui kahekordistunud 1,05 miljonini CNNis ja peaaegu kolmekordistunud 1,6 miljonini MSNBC-s.
Fox Newsil on Nielseni andmeil keskmiselt 2,4 miljonit vaatajat rohkem kui neli aastat tagasi 1,7 miljonit ning MSNBC "The Rachel Maddow Show" on suurematel uudisõhtutel saavutanud kaabellevi retsens juurde koguni 3,5 miljoni vaatajaga.
"Tegemist on tulekahjuga, millesse inimesi tõmbab, sest see ei ole midagi, millest me aru ei saa," ütles ABC draama "Designated Survivor" lavastaja Neal Baer valitsuskabineti sekretärist, kes saab presidendiks pärast rünnakut Kapitooliumi.
Nell Scovell, veterankomöödiakirjanik ja raamatu "Just Funny Parts: Ja mõned Hard Truths About Sneaking Into the Hollywoodi poisid" Klubi autorid, on teine teooria.
Enne 2016. aasta valimisi meenub Bostoni kabiinisõit.
Autojuht ütles talle, et hääletab Trumpi poolt.
Miks ta küsis.
"Ta ütles: "Sest ta paneb mind naerma," ütles Scovell mulle.
Kaosel on meelelahutuslik väärtus.
Loomulikult, erinevalt kõigest muust televiisorist, võivad Washingtonist tulevad jutujooned määrata Roe v. Wade'i tuleviku, selle, kas immigrantide perekonnad suudavad taasühineda ja milline on maailmamajanduse tervis.
Nägemine on luksus, mida ainult kõige privilegeeritumad vaatajad endale lubada saavad.
Ja ometi läheb asi kaugemale teadlikuks kodanikuks olemisest, kui leiad end kuuendast tunnist, kuidas Ekspertide rühm arutleb Bob Woodwardi "sügava tausta" soetamisel oma raamatus "Fear," Paul Manaforti 15 000 euro suurune jalami- ja lüpsep-puidust pommijope ("huumoridest paks pagav riietus," ütles Washington Post) ja Stormy Danielsi naeruväärsete kirjelduste mõju Trump's, um, anatoomiat.
Mina aga ei vaata Super Mariot enam kunagi samamoodi.
"Kõige tähtsam on see, mida ta teeb reality-show'na, et ta toidab teid igal õhtul millegagi," ütles Wheelhouse Entertainmenti tegevjuht ja "Pawn Starsi" looja Brent Montgomery Trumpi pöörleva ja igapäevaste plekkpurkide kohta (põhjendades võitlust N.F.L.-ga, kiites Kim Jong-uni).
Sa ei saa endale lubada ühe episoodi vahelejätmist või mahajäämist.
Sel nädalal Fleissi juurde jõudes oli päikseline 80-kroonine väljaspool tema kodu Kauai põhjakaldal, kuid CNN-i jäädvustades sattus ta MSNBC-d vaatama.
Ta ei osanud end eemale peletada, Brett Kavanaugh ei asuks Senati õiguskomitee ette ja ülemkohtu tulevik ripub tasakaalus.
"Mälestan, kui me kõik need hullumeelsed saated omal ajal tegime ja inimesed ütlesid: "See on lääne tsivilisatsiooni lõpu algus," ütles Fleiss mulle.
"Arvasin, et see on omamoodi nali, aga tuleb, et neil oli õigus. "
Amy Chozick, kirjanik The Times, mis käsitleb äri, poliitikat ja ajakirjandust, on memuaari "Chasing Hillary" autor.
Väljaspool raha upuvad kõige pingelisematesse vahevalimiste meistrivõistlustesse
See ei ole üllatav, et Pennsylvania on nägemas sularaha tulva, seda tänu kongressi rajooni ümbertegelemisele, mis maandus kaks turgu valitsevat inimest võidujooksus samale istmele.
See hiljuti redoitud äärelinna Pittsburgi vald edestab demokraat Conor Lambi, kes võitis eelmisel kevadel toimunud erakorralistel valimistel oma koha mõnes teises ringkonnas.
Lamb tegutseb teise turgu valitseva vabariiklase Keith Rothfusi vastu, kes esindab praegu vana Pennsylvania 12. piirkonda, mis kattub tugevalt uue 17. ringkonnaga.
Kaardid tühistati pärast seda, kui Pennsylvania Ülemkohus jaanuaris otsustas, et vanad linnaringkonnad on vabariiklaste kasuks põhiseadusvastaselt tüdinenud.
Rõigamine uues 17-ndas on puudutanud kampaania rahastamise slugfesti suurte parteide rahastamisrelvade, Demokraatliku Campaigni kongressi komitee (DCCC) ja Rahvusliku Vabariikliku Laamiskomitee (NRCC) vahel.
Lamb sai Pennsylvanias tuttava nimega pärast nappi võitu Pennsylvania 18. kongressi ringkonna märtsikuistel erakorralistel erakorralistel valimistel.
See koht oli vabariiklase käes olnud juba üle kümne aasta ning president Donald Trump võitsid ringkonna 20 punktiga.
Poliitikud on andnud sotsiaaldemokraatidele väikese eelise.
USA määras El Salvadori Hiina toetamise eest
Diplomaadid märkisid, et Domini-Sotsiaal ja Panama tundsid Pepingit juba ära, kuna Washingtonist on vähe vastulööki.
2017. aasta juunis oli Trumpil kohtumine Panama presidendi Juan Carlos Varelaga soe ja tal oli hotell Panamas, kuni partnerid Trumpi organisatsiooni korraldusmeeskonna tõstsid.
Riigidepartemangu ohvitserid otsustasid Ameerika diplomaatiliste esinduste juhid El Salvadorist, Dominikaani Vabariigist ja Panamast tagasi "jätkusuutlikud otsused Taiwani enam mitte tunnustada," ütles ministeeriumi pressiesindaja Heather Nauert selle kuu alguses tehtud avalduses.
Karistusi kaaluti vaid El Salvadori vastu, kes sai 2017. aastal hinnanguliselt 140 miljonit eurot Ameerika abi, kaasa arvatud narko-, arengu- ja majanduslik toetus.
Kavandatud karistused, mis hõlmasid rahalise abi kärpimist ja sihipäraseid viisapiiranguid, olnuks Kesk-Kesk-Anst Ameerika riigile ja selle suurele tööpuudusele ja mõrvade määrale.
Sisekohtumiste edenedes lükkasid Põhja-Ameerika ja Kesk-Ameerika ametnikud edasi julgeolekule ja majanduslikule õitsengule keskenduva kõrgetasemelise konverentsi, et jälgida eelmisel aastal sarnast kokkusaamist, mida peeti sammuks jõupingutustes takistada migrantide suundumist Ameerika Ühendriikidesse.
Septembri keskpaigaks andsid aga kõrged valitsusametnikud selgelt mõista, et nad tahavad, et konverents jätkuks, lõpetades sisuliselt El Salvadori karistuste kaalumise.
Aseesimees Mike Pence kavatseb nüüd oktoobri kesk- ja keskpaika kavandatud konverentsil esineda, andes märku administratsiooni kogunemisele paigutatavast impordist, teatasid diplomaadid.
Kolm Ameerika saadikut naassid vaikselt El Salvadori, Panamasse ja Dominikaani Vabariiki ilma uute karmide sõnumite ja karistusteta Washingtonist.
Boltoni Valge Maja pressiesindaja keeldus kommenteerimast kolm Ameerika ametnikku, sealhulgas kahte diplomaati, kes nõustusid arutama anonüümsuse tingimust puudutavaid sisearutelusid.
Nende raamatupidamist kinnitas välisanalüütik, kes on administratsioonile lähedane ja rääkis anonüümsuse tingimusest.
Õppivad ajalugu
Järgmine šašlõkk võiks olla erinõunik Robert Muelleri raport Trumpi võimaliku õigusemõistmise takistamise kohta, mille kohta on nüüd väga olulisi materjale avalikkuses.
Väidetavasti pöördub Mueller ka selle üle, kas Trumpi kampaania põrkas meie valimiste ründamisel kokku Venemaaga.
Juhul, kui kongress peaks kätt vahetama, leiab Trump end selles organis vastutusest, just siis, kui ta valmistub uuesti valitsema ja võib-olla lõpuks oma eakaaslaste zhürii ette minema.
Tegemist on paljude seigadega ja ma ei taha väita, et Trumpi kukkumine on paratamatu - ega tema ekvivalendid Euroopas.
On valikuid, mida me kõik teeme mõlemal pool Atlandi ookeani, mis mõjutavad seda, kui pikaajaline võib võitlus olla.
1938. aastal olid Saksa ohvitserid valmis korraldama Hitleri-vastast riigipööret, kui vaid lääs oleks talle vastu seisnud ja Münchenis Tšehhoslovaid toetanud.
Me ebaõnnestusime ja lahknesime võimaluse vältida sellele järgnenud tapatalguid.
Ajaloo kulg kulgeb sellistes inflatsioonipunktides ja demokraatia halastamatut marssi kiirendatakse või lükkuvad edasi.
Ameeriklased seisavad nüüd silmitsi mitme sellise inflatsioonipunktiga.
Mida me teeme siis, kui Trump vallandab peaprokuröri asetäitja Rod Rosensteini, mehe, kes kontrollib Muelleri juurdluse saatust?
Rosenstein on olnud kuumas vees sellest ajast saadik, kui see ajaleht teatas, et eelmisel aastal soovitas ta presidenti salaja salvestada ja spekuleeris selle üle, kas ta ei ole ametisse kõlbmatu.
Rosenstein ütleb, et The Timesi konto on ebatäpne.
"Kuidas me reageerime, kui Brett Kavanaugh' äsja taotletav F.B.I. uurimine ei ole täielik ega õiglane - või kinnitatakse ta ülemkohtule, hoolimata usutavatest süüdistustest seksuaalrünnakutes ja ebaausates ütlustes?
Ja mis peamine, kas me hääletame vaheajal kongressi poolt, mis paneb Trumpi vastutavaks?
Kui me need katsed läbi kukume, jääb demokraatia pikaks talveks.
Aga ma usun, et Prahas saadud õppetunni tõttu me ebaõnnestume.
Mu ema oli Tšehhoslovakkia juut, kes küüditas Auschwitzi seesama natsirezhiim, mis kunagi okupeeris mu saadikukodu.
Ta jäi ellu, emigreerus Ameerikasse ja 60 aastat hiljem saatsid mind süstlasse Sabati küünlaid süütama.
Kuidas ma ei saa olla meie tuleviku suhtes optimist? "
Brookingsi instituudi vanemteadur Norman Eisen on Washingtoni Vastutus- ja Eetikakoondise (Viimane palee: "Viimane palee: Euroopa Turbulentne Century in Five Lives and One Legendaarne Maja" autor.
Rangersi Graham Dorrans on Rapid Viini kokkupõrget optimistlik
Rangers võõrustab neljapäeval Rapid Viini, teades, et võit austerlaste üle pärast muljetavaldavat viiki Hispaanias selle kuu alguses Villarreali vastu paneb nad tugevale positsioonile kvalifitseeruda Euroliiga G-grupist.
Põlva vigastus takistas keskmängijal Graham Dorransil tegemast hooaja esimest esinemist kuni 2: 2 viigini Villarrealiga, kuid ta usub, et Rangers võib kasutada seda tulemust hüppelauana suurematele asjadele.
"See oli meie jaoks hea mõte, sest Villarreal on hea pool," ütles 31-aastane neiu.
"Läksime mängu, uskudes, et saame midagi kätte, ja tulsime punktiga minema.
Võib-olla oleksime võinud selle lõpuks noppida, kuid kokkuvõttes oli viik ilmselt õiglane tulemus.
Esimesel poolajal olid nad ilmselt paremad ja tulime teisel poolajal välja ning olime paremad.
Minnes neljapäeva, see on veel üks suur Euroopa öö.
Loodetavasti saame kolm punkti, kuid see on raske mäng, sest neil oli viimases mängus hea tulemus, kuid kuna rahvast on selja taga, olen kindel, et suudame jätkata ja saavutada positiivset tulemust.
Eelmine aasta oli kindlasti raske, kõik, mis minu vigastustega juhtus, ja muutuste vahel klubis endas, kuid praegu on see koht hea.
Väravad on head ja poisid naudivad seda väga, treening on hea.
Loodetavasti suudame nüüd jätkata, eelmise hooaja selja taha panna ja edukas olla. "
Naised kaotavad magada selle pensionisäästuhirmu pärast
Hoolimata sellest, et uuringus osalejatel oli selge ettekujutus sellest, kuidas nende eest hoolitseta tahetakse, vestlesid vähesed sellest oma pereliikmetega.
Umbes pooled Nationwide'i uuringus osalenud isikutest ütlesid, et nad rääkisid oma abikaasadega pikaajalise hoolduse maksumusest.
Ainult 10 protsenti ütles, et nad rääkisid oma lastega sellest.
"Inimesed tahavad, et perekonnaliige hoolitseks nende eest, kuid nad ei astu samme, et vestelda," ütles Nationwide'i elukindlustusseltsi aseesimees Holly Snyder.
Siin on, kust alustada.
Rääkige oma abikaasa ja lastega: te ei saa valmistada oma perekonda hoolitsuse osutamiseks, kui te oma soove aegsasti teatavaks ei tee.
Tee oma nõustajat ja perekonda, et arutada, kus ja kuidas hoolitsust saada, sest need valikud võivad olla oluliseks teguriks kulude määramisel.
Too oma finantsnõustaja: Teie nõustaja võib aidata teil leida viisi, kuidas need kulud kinni maksta.
Pikaajalise hoolduse rahastamisvalikute hulka võib kuuluda traditsiooniline pikaajaline ravikindlustuspoliis, hübriidne sularahaväärtusega elukindlustuspolis, mis aitab neid kulusid katta, või eneseteostus oma rikkusega - niikaua, kui teil on raha.
Hüvasti oma juriidilised dokumentatsioonid: jätkake kohtulahingute möödudes.
Saada tervishoiu proxy, et määraksite usaldusliku inimese, kes valvab oma arstiabi ja tagab, et spetsialistid täidavad teie soove juhul, kui teil ei ole võimalik omavahel suhelda.
Arvestage ka vandeadvokaadi õigust oma rahaasjadele.
Te valiksite usaldusväärse inimese, kes teeb teie eest finantsotsuseid ja tagab, et teie arved saavad töövõimetuse korral tasutud.
Ärge unustage väikseid üksikasju: Kujutage ette, et teie eakal vanematel on tervisehäda ja nad on teel haiglasse.
Kas te oskaksite vastata ravimite ja allergikutega seotud küsimustele?
Tõmba need andmed kirjalikus kavas välja, et sa oleksid valmis.
"See ei ole mitte ainult rahalised vahendid, vaid need, kes on arstid?" küsis Martin.
"Millised on ravimid?
Kes koera eest hoolitseb?
On see plaan paigas. "
Mees tulistas Ilfracombe'is mitu korda õhupüssiga
Meest lasti mitu korda õhupüssiga maha, sest ta kõndis öösel koju.
Kannatanu oli 40ndates Oxford Grove'i piirkonnas Ilfracombe'is, Devonis, kui teda tulistati rindkeresse, kõrisse ja kätt.
Pealtnägijad nimetasid kell 02.30 toimunud tulistavat tulistavat tegu.
Kannatanu ei näinud oma ründajat.
Tema vigastused ei ole eluohtlikud ning politsei on pöördunud tunnistajate poole.
Maavärinad ja hiidlained Indoneesias
Reedel Indoneesia linna Palut tabanud võimsas maavärinas ja hiidlaines hukkusid vähemalt 384 inimest, ametnike sõnul peaks hukkunute arv tõusma.
Side katkemise tõttu ei ole päästeametnikud saanud mingit teavet Palust põhja pool asuvalt alal Donggala regendilt, mis on lähedane 7,5 magnituudise mürsu epitsenterile.
Palus evakueeriti üle 16 000 inimese.
Siin on mõned olulised faktid Palu ja Donggala, Sulawesi saarel:
Palu asub Sulawesi saare lääneranrannikul asuva kitsa lahte lõpus, mille hinnanguline rahvaarv on 2017. aastal hinnanguliselt 379 800.
Linn tähistas oma 40. juubelit, kui möllu ja hiidlaine tabas.
Donggala on regioon, mis ulatub üle 300 km (180 miili) rannajooneni Sulawesi saare loodeosas.
Maakonnast allpool asuva halduspiirkonna regati elanike arv oli 2017. aastal hinnanguliselt 299 200 inimest.
Põllu ja -põllundus on Sulawesi oblasti majanduse tugisammas, eriti Donggala rannikupiirkonna tugisammas.
Nickeli kaevandamine on oluline ka provintsis, kuid on enamasti koondunud Sulawesi vastasrannikule Morowali.
Indoneesia Katastroof Mitigatsiooniagentuuri teatel on Palu ja Dongglat viimase saja aasta jooksul mitmel korral löödud hiidlaineid.
1938. aastal tappis hiid hiid hiid hiigel Dongglas üle 200 inimese ja hävitas sadu maju.
1996. aastal tabas Donggala lääneosa ka hiidlaine, milles hukkus üheksa inimest.
Indoneesia istub seismaalselt Pacific Sõrmuse ääres ja teda tabavad pidevalt maavärinad.
Siin on mõned viimaste aastate suuremad maavärinad ja hiidlained:
2004: Indoneesia Acehi provintsi lääneranniku läänerannikul Sumatra põhjaosas vallandas hiidlaine, mis tabas 14 riiki, tappes 226 000 inimest India ookeani rannajoonel, neist üle poole Acehis.
2005. aasta: Märtsi lõpus ja aprilli alguses tabas Sumatra läänerannikut mitmeid tugevaid kvarke.
Sumatra ranniku lähedal Nias Islandil hukkus sadu inimesi.
2006: 6,8 magnitiiv tabas Indoneesia asustatud saart Javast lõuna pool, vallandades lõunarannikule puhunud hiid hiidlaine, tappes ligi 700 inimest.
2009.-Jõesuus: West Sumatra provintsi pealinna Padangi linna lähedal toimus 7,6 magnituudine mürsk.
Hukkus üle 1100 inimese.
2010: 7,5 magnituudine kvadraat tabas üht Mentawai saari Sumatra lähistel, vallandades kuni 10meetrise hiidlaine, mis hävitas kümneid külasid ja tappis umbes 300 inimest.
2016: madal kvadraat tabas Acehis Pidie Jaya regati, põhjustades purustusi ja paanikat, sest inimestele meenus 2004. aasta surmava maavärina ja hiidlaine laastumine.
Mingit hiidtõmbust seekord ei vallandatud, kuid langenud hoonetes hukkus üle saja inimese.
2018: Indoneesia turismisaarel Lombokis, tappes rohkem kui 500 inimest, peamiselt saare põhjaküljel.
Kvartal hävitas tuhandeid hooneid ja jättis tuhanded turistid ajutiselt hätta.
Koduvägivalla eest vahistati Sarah Palini haldjast poega
Endise Alaska kuberneri vanim poeg Track Palin vahistati ründesüüdistusega.
Alaska osariigi vägede laupäeval avaldatud raporti kohaselt vahistati Alaskal (29) Palin koduvägivallas kahtlustatuna koduvägivallas, sekkudes koduvägivallaraportisse ja seisab vahistamisele.
Politsei andmeil, kui naisnäitlejanna üritas väidetavatest kuritegudest teatamiseks politseisse helistada, võttis ta temalt telefon.
Palin tellitakse Mat-Su preparaati ja teda hoitakse 500-kroonise tagatiseta võlakirjaga, teatas KTUU.
Ta ilmus laupäeval kohtu ette, kus teatas, et ei ole kindlasti süüdi, kui tema palvet küsiti.
Palinit ähvardab kolm A-klassi väärtegu, mis tähendab, et teda võidakse kuni aastaks vangistada ja 250 000 eurot trahvida.
Teda on süüdistatud ka B-klassi väärteos, mille eest on karistatav päevane vangistus ja 2000 euro suurune rahatrahv.
Tegemist ei ole esimest korda kriminaalsüüdistuse esitamisega.
2017. aasta detsembris süüdistati teda isa Todd Palini ründamises.
Tema ema Sarah Palin helistas väidetavast rünnakust teatamiseks politseisse.
Asi on praegu Alaska Veteranide Kohtu menetluses.
2016. aasta jaanuaris esitati talle süüdistus koduvägivallakuriteo raportisse sekkumises ja intsidendiga seotud mürgitatud relva omamises.
Sõnnik oli väitnud, et lõi talle näkku näkku.
Sarah Palinit kritiseerisid 2016. aastal veteranide rühmitused pärast seda, kui nad seostasid oma poja vägivaldset käitumist PTSD-ga, mis tulenes tema teenistusest Iraagis.
Indoneesia maavärina hiidlokaad: sajad inimesed hukkusid
Reedel hukkus Indoneesia Sulawesi saart tabanud maavärina tagajärjel vähemalt 384 inimest.
7,5-magnituudine maavärin vallandas hiidlaine ja on hävitanud tuhandeid kodusid.
Elektri- ja kommunikatsioonivõrgud on vähenemas, hukkunute arv peaks lähipäevil tõusma.
Maavärin tabas Indoneesia pealinnast Jakarta kirdest kirdes asuva Sulawesi keskosa.
Sotsiaalmeedias ringlevad videod, mis näitavad mõju momenti.
Sajad inimesed kogunesid Palu linna rannafestivalile, kui hiid hiid hiilgus kaldale purunes.
Föderaalprokurörid taotlesid NYCi terrorirünnakile haruldast surmanuhtlust
New Yorgi föderaalprokurörid taotlevad surmanuhtlust New Yorgi terrorirüngis kahtlusalusele Sayfullo Saipovile, kes tappis kaheksat inimest - see on haruldane karistus, mida on osariigis föderaalkuriteo eest alates 1953.
Väidetavalt kasutas Saipov (30-aastane Kodu Depoti rendiveok," et korraldada rünnak Alam-Manhattani West Side'i maanteel jalgrattateele, niisutades jalakäijaid ja jalgratast.
Surmanuhtluse õigustamiseks peab produtsent tõestama, et New Yorgi lõuna rügemendis esitatud teade surmanuhtluse taotlemise teate kohaselt tappis Saipov "põhjendamatult" kaheksat ohvrit ja "tahtlikult" raskeid kehavigastusi.
Kohtudokumendi kohaselt kannab mõlemal juhul võimalik surmaotsus.
Rüngisti järel esitas Föderaalne suurkohus Saipovile 22-protsendilise süüdistuse, mis sisaldas kaheksat mõrvasüüdistust väljapressimise toetuseks, mida föderaalprokurör tavaliselt kasutavad organiseeritud kuritegevuse juhtumites, ning süüdistust vägivallas ja mootorsõidukite hävitamises.
Rünnak vajas "olulist planeerimist ja ettekavatsetust," ütles prokurör, kirjeldades viisi, kuidas Saipov seda teostas, "tühjad, julmad ja põlastusväärsed."
"Sayfullo Habibullaevic Saipov põhjustas Diego Enrique Angelini, Nicholas Clevesi, Ann-Laure Decadti, Darren Drake'i, Ariel Erlij, Hernan Ferruchi, Hernan Diego Mendoza ja Alejandro Damian Pagnucco perekondadele ja sõpradele vigastuse, kahju ja kaotuse," teatab kavatsuste teadmine.
Viis ohvrit olid Argentiina turistid.
Sellest on möödas kümme aastat sellest, kui New Yorgi lõunapiirkond viimati surmanuhtluse juhtumit menetles.
Kohtualune Khalid Barnes mõisteti süüdi kahe narkomaani tapmises, kuid mõisteti 2009. aasta septembris lõpuks eluks ajaks vangi.
Viimane kord, kui New Y Yorgi föderaalasjas täideti surmanuhtlus 1953. aastal Julius ja Ethel Rosenberg, abielupaar hukati abielupaari pärast seda, kui kaks aastat varem mõisteti nad süüdi vandenõus Nõukogude Liidu spionaazhi toimepanemises Külma Sõdu ajal.
Kummalised Rosenbergid tapeti elektritooli poolt 1953. aasta 19. juunil.
Usbekistan Usbekistanist pärinev Saipov tõestas rünnakule järgnenud päevade ja -kuude tõttu kahetsuse puudumist.
Ta teatas uurijatele, et tundis tehtut hästi, ütles politsei.
Süüdistuse kohaselt ütles Saipov võimudele, et teda innustas rünnakut pärast ISISe videote vaatamist oma telefonis.
Samuti palus ta oma haiglatoas näidata ISISe lippu, teatas politsei.
Ta ei tunnistanud end 22-protsendilises süüdistuses süüdi.
Saipovit esindav Föderaalprokurörist David Patton ütles, et nad on prokuratuuri otsuses äärmiselt pettunud.
"Arvame, et otsus taotleda surmanuhtlust, selle asemel, et nõustuda süüdimõistva kohtuotsusega eluaegsele vanglakaristusele ilma vabanemisvõimaluseta, ainult pikendab nende sündmuste traumat kõigi asjaosaliste jaoks," ütles Patton.
Saipovi kaitsemeeskond oli varem palunud prokuröril surmanuhtlust mitte taotleda.
Tooride parlamendiliikme sõnul tuleks Brexiti läbirääkimiste eest vastutada NIGEL FARAGE
Nigel Nigel Nigel Farage tõotas täna tooride konverentsil toimunud meeleavaldusel "mobiliseerida rahva armee."
Endine Ukipi liider ütles, et poliitikud peavad euroskeptifikoloogidelt "kuumaks kütma," sest üks Theresa May enda parlamendiliikmetest tegi ettepaneku, et ta vastutaks läbirääkimiste eest Euroopa Liiduga.
Konservatiivide toetaja Peter Bone ütles Birminghamis toimunud marsile, et ikoon on selleks ajaks väljas, kui Nigel Farage oleks Brexiti sekretär.
Kuid seda väljakutset, millega May oma sügavalt lõhenenud ridade lepitamisel silmitsi seisis, on esile toonud see, et toorid liituvad eraldi protestiga Brexiti vastu linnas.
Peaesinejal on Brexiteersi ja ELi rünnakute tõttu vaeva näha tšetšekkide kompromissplaani õigel kursil hoidmisega.
Liitlased toonitasid, et ta jätkab, püüdes saavutada kokkulepet Brüsseliga, hoolimata tagasilöögist - ning sunnivad euroskeptikuid ja leiboristid valima oma paketi ja "šokkide" vahel.
Härra Bone ütles Solihullis toimunud Leave Means Leave rallile, et ta tahab tšetšetšeenidega tüssata.
Ta arvas, et Nigel Nigel Farage pidanuks muutuma vastastikuseks ja andma vastutuse Brüsseliga peetavate läbirääkimiste eest.
"Võinuks ta vastutada, oleksime selleks ajaks välja tulnud," ütles ta.
Wellingborough parlamendisaadik lisas: "Ma seisan Brexiti eest, kuid meil on vaja tšetšekke tüssata."
Tehes oma vastuseisu Euroopa Liidule, ütles ta: "Me ei sõdinud maailmasõdadega, et alluda.
Me tahame teha oma seadusi oma riigis."
Härra Bone lükkas tagasi väited, nagu oleks avalik arvamus alates 2016. aasta hääletusest muutunud: "Mõistus, et britid on meelt muutnud ja soovivad jääda, on täiesti vale."
Marsil viibis ka toor Brexiteerija Andrea Jenkyns, kes ütles reporteritele: "Ma lihtsalt ütlen: peaminister, kuula rahvast.
"Küpsised on avalikkuse seas ebapopulaarsed, opositsioon ei kavatse selle poolt hääletada, see on ebapopulaarne meie erakonna ja meie aktivistide seas, kes tegelikult tänavaid naelutavad ja meid üldse valitavad.
Palun loobuge tšekkidest ja hakake kuulama."
Mayle saadetud läkituses lisas ta: "Põhiministrid säilitavad oma töökohad siis, kui nad oma lubadusi peavad."
Nigel Nigel Farage ütles, et parlamendipoliisid tuleb panna "kuumaks saama," kui nad kavatsevad 2016. aasta referendumil tehtud otsuse reedaks.
"Praegu on tegemist usalduse küsimusega meie - rahva ja meie poliitilise klassi vahel," ütles ta.
"Nad püüavad Brexitit reeta ja me oleme täna siin selleks, et neile öelda, et me ei lase teil sellest pääseda."
Hunti rahvale saadetud läkituses lisas ta: "Ma tahan, et te muudaksite Brexiti reetmise äärel olevad meie poliitilised klassid kuumust.
"Me mobiliseerime selle riigi rahva armee, mis andis meile Brexitis võidu ja ei puhka kunagi enne, kui oleme muutunud iseseisvaks, isevalitsevaks ja uhkeks Ühendkuningriigiks."
Samal ajal marssisid jääjad läbi Birminghamis, enne kui korraldasid kahetunnise meeleavalduse kesklinnas.
Aktivistide näpunäited lehvitasid Brexiti loosungeid pärast rühmituse käikulaskmist sel nädalavahetusel.
Leiborist lord Adonis mõnitas konservatiive turvaprobleemide pärast, mida nad konverentsi avanedes parteirakendusega kannatasid.
"Need on inimesed, kes ütlevad, et neil võivad olla IT-süsteemid paigas ja kogu tehnoloogia Kanada jaoks pluss hõõguva piiri, vabakaubanduse jaoks piirideta ELis," lisas ta.
"See on täielik farss.
Ei ole olemas sellist asja nagu hea Brexit," lisas ta.
Sõdurid plaanivad "raske pilguga" presidendiks kandideerimisele
USA senaator Elizabeth Warren ütleb pärast novembris toimuvaid valimisi "raske pilgu presidendiks kandideerimisele."
Boston Globe teatab Massachusettsi demokraat laupäeval Lääne-Msachusettsi linnahallis oma tulevikust.
President Donald Trumpi sagedane kriitik Warren kandideerib novembris GOPi osariigi Geoff Diehli vastu, kes oli Trumpi 2016. aasta Massachusettsi kampaania kaasesimees.
Ta on olnud spekulatsioonide keskpunktis, et ta võib Trumpi 2020. aastal vastu võtta.
Laupäeva pärastlõunane üritus Holyoke'is oli pärast Trumpi ametisseastumist tema 36. kohtumine valitsioneritega linnavalitsuse formaati.
Osaleja küsis temalt, kas ta kavatseb presidendiks kandideerida.
Warren vastas, et "naistel on aeg, et nad läheksid Washingtoni meie katkist valitsust parandama, ja nende hulka kuulub naine tipus."
Avastati LSU Simmide tulistamissurmas
Laupäeval Baton Rouge'i politsei teatas laupäeval, et kahtlusalune vahistati LSU korvpallur Wayde Simsi tulistamissurmas reedel.
Baton Rouge'i politseijaoskond teatas Dyteon Simpsoni (20) vahistamisest kell 11.00 ET uudistekonverentsil.
Reedel avaldasid nad tulistamise video, paludes abi kaadris nähtud mehe tuvastamisel.
Lõunaüliülikooli telklinnaku lähistel lasti maha ja tapeti Sims (20).
"Wayde Sims kandis torkehaavu pähe ja suri selle tagajärjel," ütles politseiülem Murphy J. Paul laupäeval meediale 247-sportlase kohta.
Wayde astus oma sõpra kaitsma ja Simpson laskis ta maha.
Simpsonit küsitleti ja ta tunnistati, et tal on platsil relv, ning ta tunnistas Wayde Simmi tulistamist.
Simpson vahistati intsidendita ja võeti vahi alla East Baton Rouge Parishi politseijaoskonda.
Baton Rouge'is üleskasvanud kuuejalgne, Sims mängis eelmisel hooajal 10 algkoosseisuga 32 mängus ning kogus keskmiselt 17,4 minutit, 5,6 punkti ja 2,9 lauapalli mängus.
Venemaa Grand Prix: Lewis Hamilton lõpetab maailmameistritiitliga pärast seda, kui meeskonna korraldused annavad talle võit Sebastian Vetteli
Hetkest alates, kui Valtteri Bottas kvalifitseerus laupäeval Lewis Hamiltoni ette kvalifitseeruda, et Mercedese tiimitellimused mängivad võistlusel suurt rolli.
Poolikult sai Bottas hea alguse ja rippus Hamiltoni peaaegu kuivaks, sest ta kaitses oma positsiooni kahel esimesel pöördel ja kutsus Vetteli oma meeskonnakaaslast rünnama.
Vettel läks esimesena aukudesse ja jättis Hamiltoni padriku sabaga sõitma, mis pidanuks olema otsustav.
Järgneb tiiru ja väljus Vetteli selja taha, kuid Hamilton läks pärast mõningast rattasõitu, kus Ferrari sõitja loobus vastumeelselt sisemusest, ähvardades hoida pärast kahekäigulist kaitset kolmandas nurgas.
Max Verstappen alustas võrgu tagareast ja oli oma 21. sünnipäeval esimese laiba lõpuks seitsmes.
Seejärel juhatas ta suure osa võistlustest, sest hoidis oma rehve kiire finiši sihiks ja möödus Kimi Raikkonenist.
Lõpuks pääses ta auku 44. rajal, kuid ei suutnud oma kiirust tõsta ülejäänud kaheksas geimis, sest Raikkonen jäi neljandaks.
See on raske päev, sest Valtteri tegi kogu nädalavahetuse fantastilist tööd ja oli tõeline härrasmees, kes ütles, et las.
Meeskond on teinud sellist erakordset tööd selle nimel, et saada kaks, "ütles Hamilton.
See oli Really Bad Body Language
President Donald Trump mõnitas laupäevasel meeleavaldusel senaator Dianne Feinsteini, nõudes, et ta ei leki Christine Blaney Fordi kirjaga, milles süüdistatakse ülemkohtu kandidaati Brett Kavanaugh'd seksuaalses rünnakus.
Lääne-Virginia rallil esinedes ei käsitlenud president Fordi antud tunnistusi otseselt Senati õiguskomisjoni ees, kommenteerides selle asemel, et Senatis toimuv näitab, et inimesed on "mõistlikud ja ebameeldivad ja ebatõelised."
"Üks asi, mis võib juhtuma, ja ilus asi, mis Senatis viimaste päevade jooksul toimub, kui sa näed viha, kui sa näed inimesi, kes on vihased ja keskmised ja ebameeldivad ja ebatõesed," ütles ta.
"Võib vaadata vabastusi ja lekkeid ja siis öeldakse: "Oh, ma seda ei teinud.
Ma ei teinud. "
Mäletate meelde?
Dianne Feinstein, kas sa lekitasid?
Meenutage tema vastust... kas lekitasite dokumendi: "Oh, oh, mis?
Oh, ei.
Ma ei lekkinud. "
Oodake üks minut.
Kas me lekitasime...Ei, me ei lekkinud," lisas ta senaatorile muljet avaldades.
Feinsteinile saatti kiri, milles kirjeldati Fordi süüdistusi Kavanaughi süüdistusi juba juulis ning see lekkis septembri alguses, kuid Feinstein eitas, et leke pärines tema kabinetist.
"Ma ei peitnud dr Fordi süüdistusi, ma ei lekitanud tema lugu," ütles Feinstein komisjonile, The Hill.
"Ta palus mul seda konfidentsiaalsena hoida ja ma hoidsin seda konfidentsiaalsena, nagu ta palus."
Kuid tema eitamine ei paistnud istuvat hästi presidendile, kes laupäevaõhtusel meeleavaldusel kommenteeris: "Ütlen, mis, see oli tõesti halb kehakeel.
Võib-olla ta seda ei teinud, aga see on halvim kehakeel, mida ma eales näinud olen. "
Kolme naise seksuaalses väärkäsitluses süüdistatud Ülem-kohtu kandidaadi kaitsmist jätkas president, et demokraadid kasutaksid süüdistusi nende endi huvides.
"Nad on kindlalt otsustanud võimu tagasi võtta mis tahes vajalike vahenditega.
Sa näed mõtlemisaega, naiivsust, neid ei huvita, kellele nad haiget teevad, kellest nad peavad üle jooksma, et saada võim ja kontroll," vahendas Mediaite presidendi sõnu.
Eliitliiga: Dundee Stars 5-3 Belfast Giants
Patrick Dwyer lõi kaks väravat Dundee
Dundee Stars põhjendas reedest Elite League'i kaotust Belfast Giantsi vastu, võites laupäeval Dundees 5-3.
Koonderakonnad pääsesid Patrick Dwyeri ja Francis Beauvillieri löökidega varakult kaheväravalisse eduseisu.
Mike Slullivan ja Jordan Cownie tõid kodupubliku ette, enne kui Dwyer koondise edumaa taastas.
Francois Bouchard võrdus Dundeega enne seda, kui kaks Lukas Lundvald Nielseni väravat oma võitu kindlustasid.
Hooaja kolmas Eliteliiga alistamine Adam Keefe meestele, kes olid reede õhtul Belfastis Dundeele 2-1 löönud.
Tegemist oli neljateistkümnenda kohtumisega poolte omavahelises kohtumises, kus eestlased võitsid kolm eelmist matši.
Dwyeri avavärav sündis neljandal minutil Kendall McFaulli abiga 3:35, David Rutherford andis abi, kui Beauvillier neli minutit hiljem kaks korda juhtima läks.
Tihedal avaajal tõi Sullivan koduväljakul mängu tagasi 13:10, enne kui Matt Marquardt sai Cownie võrdkuju 15: 16.
Dwyer hoolitses selle eest, et inglased asuksid esimeses pausi, kui lõi esimese perioodi lõpus oma teise värava.
Koduväljakul koondus ja Bouchard asetas nad taas võrdsetesse tingimustesse jõumängu väravaga 27:37.
Cownie ja Charles Corcoran aitasid Nielsenil esimest korda teise perioodi hilisõhtul Dundeele esimest korda platsile tõusta ning ta veendus oma meeskonna viiendal poolajal viimase perioodiga.
Viimasest viiest matšist neli kaotanud koondislased on reedese järgmises matšis Milton Keynesiga kodus.
Õhuliikluse kontrollialune sööb, et puhastada sajad plaanid võivad Maavärinast põgeneda
Indoneesia lennujuhtimist tervitatakse kangelasena pärast tema hukkumist, tagades, et sadade inimestega vedanud lennuk paistis selle turvaliselt maapinnast välja.
Reedel Sulawesi saart tabanud ulatuslikus maavärinas hukkus üle 800 inimese ja paljud neist on kadunud, põhjustades hiidlaine.
Tugevad järeltõuked valutavad piirkonda jätkuvalt ja paljud on Palu linnas rusudes rusudes lõksus.
Kuid hoolimata sellest, et tema kolleegid oma elu eest põgenesid, keeldus 21-aastane Anthonius Gunawan Agung lahkumast Mutiara Sis Al Jufri lennujaama Palu lennuvälja metsikus kontrolltorni.
Ta püsis, veendumaks, et Batik Air Flight 6321, mis oli sel ajal lennuteel, suutis ohutult õhku tõusta.
Siis hüppas ta liikluskorraldustornist välja, kui arvas, et see kukub kokku.
Ta suri hiljem haiglas.
Õlisnavigatsiooni Indoneesia pressiesindaja Yohannes Sirait ütles, et otsus võis päästa sadu inimelusid, vahendas ABC News.
Valmistasime Kalimantanist Balikpapanist helikopterit, et viia ta teise linna suuremasse haiglasse.
Kahjuks kaotasime ta täna varahommikul, kui helikopterist Paluni jõudis.
"Meie süda murrab, et sellest kuulda," lisas ta.
Samal ajal kardavad võimud, et hukkunute arv võib ulatuda tuhandeteni ning riigi katastroofide leevendamise agentuur väidab, et juurdepääs Donggala, Sigi ja Boutongi linnadele on piiratud.
"Arvatakse, et hukkunute arv veel kasvab, sest paljud surnukehad olid veel vraki all, samal ajal kui paljudeni pole suudetud jõuda," ütles agentuuri pressiesindaja Sutopo Purwo Nugroho.
Palu on laastanud kuni kuuemeetrised lained, mis korraldavad pühapäeval massimatuse.
Sõja- ja kommertslennukid toovad abi ja varustust.
35-aastane pereema Risa Kusuma ütles Sky Newsile: "Iga minut toob kiirabi surnukeha.
Puhtat vett napib.
Miniturge rüüstatakse igal pool. "
Indoneesia Rahvusvahelise Punase Risti juht Jan Gelfand ütles CNN-ile: "Indoneesia Punane Rist sõidab ellujäänuid aitama, kuid me ei tea, mida nad sealt leiavad.
Tegemist on juba tragöödiaga, kuid see võib palju hullemaks minna. "
Indoneesia president Joko Widodo saabus Palusse pühapäeval ja ütles riigi sõjaväele: "Ma palun teil kõigil töötada päeval ja öösel, et täita kõik evakueerimisega seotud ülesanded.
Olete valmis?" teatas CNN.
Selle aasta alguses tabas Indoneesiat Lombokis toimunud maavärinad, milles hukkus üle 550 inimese.
Mikroneesia lennuõnnetus: Air Niugini sõnul jäi üks mees pärast laguuni lennuõnnetust kadunuks
Mikroneesia Vaiksesse laguuni alla kukkunud lendu sõitev lennufirma teatab nüüd, et üks mees on kadunud, olles eelnevalt öelnud, et kõik 47 reisijat ja meeskond olid uppuva lennuki ohutult evakueerinud.
Air Niugini teatas oma teates, et laupäeva pärastlõuna seisuga ei saanud ta meesreisijat vastutusele võtta.
Lennufirma teatas, et teeb mehe leidmiseks koostööd kohalike omavalitsuste, haiglate ja uurijatega.
Lennufirma ei vastanud kohe palvetele saada täpsemaid andmeid reisija kohta, näiteks tema vanust või kodakondsust.
Kohalikud paadid aidaku päästsid teisi reisijaid ja meeskonda pärast seda, kui lennuk Chuuki saare lennuväljal maanduda üritas.
Reedel teatasid ametnikud, et seitse inimest viidi haiglasse.
Lennufirma teatel viibis laupäeval haiglas kuus reisijat ning kõik nad olid stabiilses seisundis.
Õnnetuse ja täpse sündmuste jada põhjustas, jääb selgusetuks.
Lennufirma ja USA merevägi teatasid mõlemad, et lennuk maandub laguunis.
Mõned pealtnägijad arvasid, et lennuk keerab lennuraja.
Ameeriklane Bill Jaynes ütles, et lennuk oli väga madal.
"See on äärmiselt hea," ütles Jaynes.
Jaynes ütles, et temal ja teistel õnnestus vahast lagune vesi uppuva lennuki avariiväljapääsudeni kummarduda.
Ütles, et lendurid olid paanikas ja jõhkrud ning et ta sai väikese peavigastuse.
USA merejalaväelased teatasid, et lähiümbrusega vehklemise parandamisel töötavad meremehed aitasid päästetöödele kaasa, kasutades täispuhutavat paati, et inimesi kaldale upitada enne, kui lennuk umbes 30meetrist (100 meetrit) vette vajus.
Aviation Safety Networki andmeil on viimase kahe aastakümne jooksul PNG registreeritud lennuettevõtjate avariides hukkunud 111 inimest, kuid ükski neist ei puudutanud Air Niugini.
Analüütik pani paika öise naise ajaraenduse
Süüdistaja tugines laupäevases kohtumõistmises mehele, keda süüdistatakse Mississippi naise elusal põletamises 2014. aastal.
USA justiitsministeeriumi ananalüütik Paul Rowlett tunnistas tundide kaupa jälitus-analüüsi asjatundliku tunnistajaks.
Ta kirjeldas zhüriile, kuidas ta kasutas mobiiltelefoni andmeid 29-aastase kostja Quinton Tellise ja 19-aastase ohvri Jessica Chambersi liigutuste kokkupanimiseks öösel, mil ta suri.
Rowlett ütles, et ta sai asukohaandmed mitmelt mobiiltelefonilt, mis näitasid, et Tellis oli kodadega tema surma õhtul, mis on vastuolus tema varasemate väidetega, vahendas The Clarion Ledger.
Kui andmed näitasid, et tema mobiiltelefon oli Chambersiga sel ajal, kui ta ütles, et on koos oma sõbra Michael Sanfordiga, läks politsei Sanfordiga vestlema.
Sanford astus laupäeval platsile ja kinnitas, et sel päeval teda linnas pole.
Prokurörid küsisid, kas Tellis räägib tõtt, kui ütles, et oli sel ööl Sanfordi veokis, vastas Sanford, et ta valetab, sest mu veok oli Nashville'is.
Järjekordne ebajärjetõenäosus oli see, et Tellise sõnul tundis ta kodasid umbes kaks nädalat, kui ta suri.
Cellofoni kirjed näitasid, et nad tundsid teineteist vaid nädal aega.
Rowlett ütles, et mõni aeg-ajalt pärast Chambersi surma kustutas Tellis kodade teksti-, kõne- ja kontaktandmed telefonist.
"Ta kustutas ta oma elust," ütles Hale.
Kaitsja alustab oma lõppargumente pühapäeval.
Ekspertiister ütles, et ta lootis, et kohtualune läheb veel samal päeval.
High Breed: Mis on teadlik hip hop?
Hip hop trio tahab vaidlustada negatiivset vaadet geenile, täites oma muusika positiivsete sõnumitega.
High Breed Bristolist väidab Bristolist, et hiphop eemaldus poliitiliste sõnumite ja sotsiaalsete probleemide lahendamisest.
Nad tahavad minna oma juurte juurde tagasi ja muuta teadlik hip hopi jälle populaarseks.
Kunstnikud, nagu The Fugees ja Common, on Ühendkuningriigis viimasel ajal sagenenud selliste kunstnikega nagu Akala ja Lowkey.
Veel üks mustanahaline?!
NY lapsehoidja kaebas abielupaari "rassistliku" teksti pärast
New Yorgi lapsehoidja kaebab paari diskrimineeriva tulistamise eest kohtusse pärast seda, kui oli saanud emalt valesti suunatud teksti, kurtes, et ta on "teine mustanahaline."
Paar eitab, et nad on rassistid, võrreldes ülikonna "väljutamisega."
Lynsey Plasco-Flaxman väljendas nördimust, saades teada, et uus lastehoiuteenuse osutaja Giselle Maurice oli 2016. aastal oma esimesele tööpäevale saabudes mustanahaline.
"NOOOOOOOOO o ustav ANOTHER BLACK PERSON," kirjutas Plasco-Flaxman oma abikaasale tekstis.
Kuid selle asemel, et see oma mehele saata, saatis ta selle Maurice'ile kaks korda.
New Yorgi Posti teatel vallandas "ebameeldiv" Plasco-Flaxman Maurice'i, teatades, et nende ametist lahkuv lapsehoidja, kes oli afroameeriklane, on teinud halba tööd ja ta ootas hoopis Filipiini.
Maurice'ile maksti ühepäevase töö eest ja ta saadeti siis koju Uberile.
Nüüd kaebab Maurice abielupaari vallandamise eest kohtusse ning taotleb hüvitist 350 eurot päevas kuuekuulise live-in gigandi eest, kellele ta oli algselt palgatud tegema, kuigi ilma lepinguta.
"Ta tahan neile näidata, vaadake, selliseid asju ei tee," ütles ta reedel Postimehele, lisades: "Ma tean, et see on diskrimineerimine."
Paar on tõrjunud väiteid, et nad on rassistlikud, öeldes, et Maurice'i töö katkestamine on mõistlik, kartes, et nad ei saa teda pärast tema solvamist usaldada.
"Minu naine oli talle saatnud midagi, mida ta öelda ei tahtnud.
Ta ei ole rassist.
Me ei ole rassistlikud inimesed," ütles abikaasa Joel Plasco Postimehele.
"Aga kas te annaksite oma lapsed kellegi kätte, kelle vastu olete olnud ebaviisakas, isegi kui see oli eksitee?
Sinu vastsündinud laps?
Tulge: "
Mõeldes ülikonna "väljundamisele," ütles Plasco, et tema naine on vaid kahe kuu kaugusel lapse saamisest ja on "väga raskes olukorras."
"Te lähete kellegi sellise järele?
See ei ole väga tore asi," lisas investeerimispankur.
Samal ajal, kui kohtuasi on veel pooleli, on avalik-õiguslik välikommertpaar sotsiaalmeedias kärsitu hukka mõistnud, kärpides neid nende käitumise ja loogika eest.
Paddingtoni kirjastajad kartsid, et lugejad ei ole rääkiva karuga seotud, selgub uuest kirjast.
Bondi tütar Karen Jankel, kes on sündinud vahetult pärast raamatu vastuvõtmist, ütles tähe kohta: "Võimalik on panna ennast kinga, kus keegi seda esimest korda enne selle avaldamist luges.
On väga mõnus teadmine nüüd, mida me Paddingtoni tohutust edust teame. "
Öeldes, et tema isa, kes töötas BBC kaameramehena enne, kui teda inspireeris lasteraamatut kirjutama väike mängukaru, olnuks tema töö tagasilükamise kohta sanguine, lisas ta, et raamatute väljaande 60. juubel on pärast tema tapmist eelmisel aastal.
Paddingtonist, keda ta nimetab "väga tähtsaks meie perekonna liikmeks," lisas ta, et isa oli vaikselt uhke oma lõpliku edu üle.
"Ta oli üsna vaikselt mees ja ta ei olnud kiiduväärne inimene," ütles ta.
"Aga kuna Paddington oli tema jaoks nii tõbine, siis oli see peaaegu nagu siis, kui sul on laps, kes midagi saavutab: sa oled nende üle uhke, kuigi see ei ole tegelikult sinu tegu.
Ma arvan, et ta vaatles Paddingtoni õnnestumist omamoodi.
Kuigi see oli tema looming ja kujutelm, andis ta alati au Paddington ise. "
Mu tütar oli suremas ja ma pidin hüvasti hüvasti jätma.
Maandumisel tormas tema tütar Nice'i haiglasse Louis Pasteur 2, kus arstid tema elu päästmiseks asjatult töötasid.
"Nad helistas regulaarselt, öeldes, et see on väga halb, et ta ei peaks seda tegema," ütles proua Ednan-Laperouse.
"Siis helistas mulle Nad, et ta sureb järgmise kahe minuti jooksul ja ma pidin temaga hüvasti jätma.
Ja ma tegingi seda.
Ütlesin: "Tashi, ma armastan sind nii väga, darling.
Ma olen varsti sinuga.
Ma olen koos sinuga.
Uimastid, mida arstid olid talle andnud selleks, et hoida oma südant pumbata, olid aeglaselt rippumas ja tema süsteemist lahkumas.
Ta oli juba mõnda aega varem surnud ja see kõik suleti.
Ma pidin lihtsalt istuma ja oodama, teades, et see kõik toimub.
Ma ei osanud viriseda ega karjuda ega nutta, sest olin olukorras, mida ümbritsesid perekonnad ja inimesed.
Pidin seda tõesti koos hoidma. "
Õhtul astus proua Ednan-Laperouse, olles nüüd leinanud oma tütre kaotuse pärast, koos teiste sõitjatega lennukiga - tülgasttuna katsumusest, mida ta läbi elas.
"Keegi ei teadnud," ütles ta.
"Mul oli pea maas ja pisarad kadusid kogu aeg.
Seda on raske seletada, kuid just lennu ajal tundsin seda meeletut sümpaatiat Nadi vastu.
Et ta vajas mu armastust ja mõistmist.
Ma teadsin, kui väga ta teda armastas. "
Nõrgad naised postitavad kaarte, et vältida enesetappe sillal
Kaks naist, kes kaotasid lähedase enesetappu, töötavad selle nimel, et takistada teistel endalt elu minemast.
Sharon Davis ja Kelly Humphreys on postitanud Walesi sillale kaarte inspireerivate sõnumite ja telefoninumbritega, mida inimesed saavad toetada.
Davise poeg Tyler oli 13-aastane, kui ta hakkas kannatama depressiooni ja tappis end 18aastaselt.
"Ma ei taha, et ükski lapsevanem tunneks end sellisena, nagu pean end igapäevaselt tundma," ütles ta.
Lydneys elav 45-aastane Davis ütles, et tema poeg on paljutõotav kokk, kellel on nakatav lõhn.
"Kõik tundis teda oma naeratuse pärast.
Öeldi alati, et tema naeratus põles igas toas. "
Siiski loobus ta enne surma tööst, sest oli "tõeliselt pimedas kohas."
2014. aastal oli Tyleri vend, kes oli tollal 11-aastane, see, kes leidis oma õe pärast seda, kui ta oli endalt elu võtnud.
Proua Davis ütles: "Olen pidevalt mures selle pärast, et see avaldab mõju."
Proua Davis lõi kaardid: "Andke inimestele teada, et seal on inimesi, kelle juurde võid minna ja kellega saab rääkida, isegi kui see on sõber.
Ärge istuge vaikselt - sa pead rääkima. "
Humphreys, kes on proua Daviesega aastaid sõber olnud, kaotas oma 15-aastast elukaaslast Marki veidi aega pärast ema surma.
"Ta ei öelnud, et tunneb end halvasti või masendununa ega midagi," ütles ta.
"Paar päeva enne jõule märkasime tema suhtumise muutust.
Jõulupühkival oli ta esimesel jõululaupäeval - kui lapsed oma kingitusi avasid, ei teinud ta nendega ega midagi. "
Ütles, et tema surm oli neile suur trauma, kuid nad peavad selle läbi töötama: "See riputab augu läbi perekonna.
See rebib meid tükkideks.
Aga me kõik peame jätkama ja võitlema. "
Kui teil on raske toime tulla, võite samariitlastele tasuta helistada telefonil 116 123 (Ühendkuningriik ja Iirimaa), e-mail jo@samaritans.
Brett Kavanaughi tulevik ripub FBI uurimise alustamisel tasakaalus
"Mõõtlesin, et kui me tegelikult saame midagi sellist, mida ta taotles - uurimine, mis on ajaliselt piiratud, piiratud ulatusega -, võiksime ehk tuua väikese ühtsuse," ütles Flake laupäeval, lisades, et kartis, et komisjon laguneb keset juurdunud erakondlikku võrku.
Miks härra Kavanaugh ja tema vabariiklastest pooldajad ei tahtnud FBI uurida?
Nende vastumeelsus on tingitud ajastusest.
Vahevalimised on vaid viie nädala kaugusel, 6. novembril - kui vabariiklastel halvasti läheb, nagu oodatult halvasti läheb, siis on nad oluliselt nõrgenenud oma püüdlustes saada mees, keda nad tahavad maal kõrgeimale kohtule valituks teha.
George W. Bush võttis sensitiividele helistamiseks kriipsu peale, tehes neile lobitööd, et toetada Valges Majas Bushi heaks ja tema kaudu kohtus oma abikaasa Ashleyga, kes oli Bushi isiklik sekretär.
Mis juhtub pärast seda, kui FBI esitab oma raporti?
Senatis, kus istub praegu 51 vabariiklast ja 49 demokraati.
Ei ole ikka veel selge, kas härra Kavanaugh saab Senati saalis vähemalt 50 häält, mis lubaks asepresidendil Mike Pence'il lipsust lõhkuda ja teda ülemkohtusse kinnitada.
Põhja-Cõe-Cari defitsiitfiguurinumbrid Kimi all
Põhja-Korea deminentide arv Lõuna-Cõlis-Cõlis-Caster on alates Kim Jong-uni võimuletulekust seitse aastat tagasi vähenenud, teatas Lõuna-Korea korrakaitsja.
Park Byeong-seug ütles Lõuna-Soome sideministeeriumi andmetele viidates, et eelmisel aastal esines 1112 viga, 2011. aastal oli neid 2300.
Park ütles, et peamisteks teguriteks on Põhja-Tal-Põhja-Jões-Põhja-Jões-Hiina vaheline rangem piirirefitsiit ning inimeste salakaubavedajate kõrgemad määrad
Pyongyang ei ole teinud avalikke märkusi.
Suurele osale põhjast lahkunutele pakutakse lõpuks Lõuna-Tallinna kodakondsust.
Souli sõnul on alates Korea sõja lõpust 1953. aastal ebaseaduslikult piiri ületanud üle 30 000 põhjakorealase.
Suurem osa põgeneb Hiinast, millel on pikim piir Põhja-Koreaga ja mida on kergem ületada kui tugevalt kaitstud demilitariseeritud tsöönd (DMZ).
Hiina suhtub vigastatutesse ebaseaduslikesse migrantidesse, mitte pagulastesse ja saadab nad sageli jõuga kodumaale tagasi.
Põhja- ja Lõuna-Korea suhted, kes on endiselt tehniliselt sõdimas, on viimastel kuudel märkimisväärselt paranenud.
Selle kuu alguses kohtusid kahe riigi liidrid Pyongyangis, et pidada kõnelusi, mis keskendusid statsionaarsetele lõppepitsioneerimisläbirääkimistele.
See toimus pärast juunikuist ajaloolist kohtumist USA presidendi Donald Trumpi ja Kim Jong-uni vahel Singap Singapuris, mil nad leppisid laias laastus kokku töötada tuumavaba Korea poolsaare suunas.
Laupäeval aga süüdistas Põhja-Korea välisminister Ri Yong-ho USA sanktsioone edusammude puudumises.
"Ilma igasuguse usalduseta ei usaldata meie rahvuslikku julgeolekut ja sellistes tingimustes ei tohi me end ühepoolselt desarmeeruda," ütles Ri New Yorgis ÜRO peaassambleel peetud kõnes.
Nancy Pelosi nimetab Brett Kavanaugh'd hüsteeripoisiks ja ütleb, et ei sobi ülemkohtusse.
Maja vähemusliider Nancy Pelosi nimetas ülemkohtu kandidaati Brett Kavanaugh'd hüsteerilisteks ja ütles, et on temperamentselt kombinesoonil ülemkohtu teenistuses.
Pelosi kommenteeris laupäeval Texas Tribune'is Austinis Texase Tribune'is antud intervjuus.
"Mul ei jäänud muud üle, kui arvata, et kui naine oleks kunagi niimoodi käitunud, ütlevad nad "hüsteerilised," ütles Pelosi oma reaktsiooni kohta Kavanaughi tunnistusi senati õiguskomitee ees neljapäeval.
Kavanaugh eitas emotsionaalselt süüdistusi selle kohta, nagu oleks ta teismeliste puhul doktor Christine Blasey Fordi seksuaalselt rünnanud.
Avakõne ajal oli Kavanaugh väga emotsionaalne, aeg-ajalt peaaegu lämbunud ja lämbunud, arutledes samal ajal oma perekonna ja gümnaasiumiaastate üle.
Samuti mõistis ta demokraadid komisjonis selgesõnaliselt hukka, nimetades tema vastu esitatud süüdistusi groteskseks ja koordineeritud tegelasmõrvadeks, mille organiseerisid leitvad liberaalid, et Hillary Clinton kaotas 2016. aasta presidendivalimised.
Pelosi ütles, et tema arvates tõestavad Kavanaughi tunnistused, et ta ei saa ülemkokohtus teenida, sest see näitab, et ta on demokraatide vastu kallutatud.
"Arvan, et ta diskvalifitseerib end nende avaldustega ja sellega, kuidas ta Clintonite ja Demokraate järel läks," ütles ta.
Pelosi kummardus, kui temalt küsiti, kas ta püüab Kavanaugh'd umbusaldada siis, kui ta on kinnitatud ja kas demokraadid saavad Esindajatekojas enamuse.
"Räägin seda - kui ta ei räägi tõtt kongressile ega FBI-le, siis ei sobi ta mitte ainult ülemkokohtusse kuuluda, vaid olla praegu kohtus," ütles Pelosi.
Kavanaugh on praegu USA apellatsioonikohtu kohtunik.
Pelosi lisas, et demokraadina on ta mures vägevate Kalenaugh' otsuste pärast Affordable Care Act või Roe v. Wade, kuna teda peetakse konservatiivseks õigusemõistjaks.
Kinnistavatel kuulamistel hoidus Kavanaugh kõrvale küsimustest, kas ta tühistab teatud ülemkohtu otsused.
"Ei ole aeg hüsteerilisel ja kallutatud isikul minna kohtusse ja oodata, et me ütleksime, et see ei ole nii imeline," ütles Pelosi.
Ja naised vajavad seda.
Tegemist on õigsandistliku diatriibiga, kuude- ja aastatepikkuse raevu ülekandumine ning ta ei saa sellest ilma nutmata.
"Me hüüame siis, kui vihaseks saame," ütles Steinem mulle 45 aastat hiljem.
"Ma ei usu, et see on haruldane, kas sina?"
"Mulle aitas väga üks naine, kes oli kusagil täidesaatev naine, kes ütles, et nuttis ka siis, kui ta vihaseks sai, kuid arendas välja tehnika, mis tähendas, et kui ta vihastas ja hakkas nutma, ütles ta inimesele, kellega ta rääkis: "Sa võid arvata, et ma olen kurb, sest ma nutan.
Ma olen vihane. "
Ja siis ta lihtsalt jätkas.
Ma mõtlesin, et see on geniaalne. "
Osalt seetõttu, et neist on põhimõtteliselt valesti haatud.
Üks mu teravamaid mälestusi varasest töökohast, meeste domineeritud kabinetis, kus ma kunagi sattusin nutma mittemidagiütlevat raevu, oli see, et mu kaelast haaras üks vanem naine, kellest ma olin alati veidi ehmunud -, kes tiris mu trepikotta.
"Ära kunagi lase neil sind nutmas näha," ütles ta mulle.
"Nad ei tea, et oled maruvihane.
Nad arvavad, et sa oled kurvad ja on õnnelikud, sest nad jõudsid sinuni. "
Patricia Schroeder, tollane Coloradost pärit demokraadist kongresmen, töötas koos Gary Hartiga tema presidendivalimistel.
1987. aastal, kui Hart tabati abieluväline afäär paadi nimega Monkey Business pardal ja kummardus võistlusest, arvas Schroeder sügavalt nördinud Schroeder, et pole mingit põhjust, miks ta ei peaks ise presidendiks kandideerimise ideed uurima.
"See ei olnud läbimõeldud otsus," ütles ta 30 aastat hiljem mulle naerdes.
" Võistlusel oli veel seitse kandidaati ja viimane asi, mida nad vajasid, oli teine.
Keegi nimetas seda "Lumivalgeke ja seitse päkapikku.""
Kuna see oli juba hilja, oli ta rahakogumisest maas ja seega lubas ta, et ei astu sõitu, välja arvatud juhul, kui ta 2 miljonit eurot kogus.
See oli kaotatud lahing.
Ta avastas, et mõned tema toetajad, kes andsid meestele 1000 eurot, annaksid talle ainult 250 eurot.
"Kas nad arvavad, et saan allahindlust?" imestas ta.
Kui ta esines, teatades, et ei alusta ametlikku kampaaniat, sai ta nii palju jagu emotsioonidest - tänulikkusest inimestest, kes teda toetasid, frustratsioon süsteemiga, mis raskendas raha kogumist ja valitsejate, mitte delegaatide sihikulekutsumist, ning viha seksikusest -, et ta lämbus.
"Oleks võinud arvata, et mul on närvivapustus," meenutas Schroeder, kuidas ajakirjandus talle reageeris.
Olete arvanud, et Kleenex on minu korporatiivne sponsor.
Mäletatavasti mõtlesin, et mida nad mu hauakivile panevad?
"Ta nuttis"?""
See, kuidas USA-Hiina kaubandussõda võiks Pekingile hea olla
USA ja Hiina vahelise kaubandus-sõja avapauk oli kõrvulukustav ning kuigi lahing pole veel kaugeltki lõppenud, võib riikidevaheline lõhe pikemas perspektiivis olla Pekingile kasulik, ütlevad eksperdid.
USA president Donald Trump vallandas selle aasta alguses esimese hoiatuse sellega, et maksustas peamisi Hiina eksportööre, sealhulgas päikesepaneele, terast ja alumiiniumi.
Sel nädalal toimus kõige suurem eskaleerumine uute tariifidega, mis puudutasid 200 miljardi euro (150 miljardi euro) väärtuses objekte, maksustades tõhusalt poole kõigist Hiinast USA-sse saabuvatest kaupadest.
Peking on iga kord omamoodi kätte maksnud, kärpides viimasel ajal viie- kuni kümneprotsendilisi tariife 60 miljardi USA kauba pealt.
Hiina on tõotanud sobituda ja maailma suuruselt teine majandus tõenäoliselt niipea lõkkele ei jää.
Washingtoni tagaplaanile jäämine tähendab nõudmiste klibisemist, kuid avalikult kummardumine USA ees oleks Hiina presidendi Xi Jinpingi jaoks liiga piinlik.
Eksperdid ütlevad siiski, et juhul, kui Peking suudab oma kaarte õigesti mängida, võib USA kaubandussõja surve pikemas perspektiivis Hiinat positiivselt toetada, alandades kahe majanduse iseseisvumist.
"See, et kiire poliitiline otsus kas Washingtonis või Pekingis võib luua tingimused, mis alustavad mõlemas riigis majanduslikku saba, on tegelikult palju ohtlikum kui pealtnägijad on varem tunnistanud," ütles mõttekoja Uus-Ameerika Julgeoleku Keskus Aasiale keskenduv teadur Abigail Grace.
Välisministri sõnul on Süüria pagulaste tagasipöördumiseks valmis
Sõber teatab, et on pagulaste vabatahtlikuks tagasipöördumiseks valmis ja palub abi enam kui seitse aastat kestnud sõjast laastatud riigi ülesehitamiseks.
Välisminister Walid al-Moualem ütles ÜRO peaassambleel esinedes, et tingimused riigis on paranemas.
"Täna on olukord kohapeal stabiilsem ja turvalisem tänu terrorismivastases võitluses tehtud edusammudele," ütles ta.
Valitsus rehabiliteerib jätkuvalt terroristide poolt hävitatud alasid, et taastada normaalsus.
Nüüd on olemas kõik tingimused pagulaste vabatahtlikuks tagasipöördumiseks riiki, kust nad pidid lahkuma terrorismi ja ühepoolsete majandusmeetmete tõttu, mis võtsid sihikule nende igapäevaelu ja elatise.
Arvatakse, et alates sõja algusest 2011. aastal on riigist põgenenud üle 5,5 miljoni süürlase.
Veel kuus miljonit riigis elavat inimest vajavad humanitaarabi.
Al-Moualem ütles, et Süüria rezhiim tervitab abi laastatud riigi ülesehitamisel.
Samas rõhutas ta, et ei võta vastu tingimuslikku abi ega abi mässu toetanud riikidelt.
Euroopa nopib Ryder Cupi võitu Pariisis
Team Europe võitis 2018. aasta Ryder karikavõidud, alistades Ameerika Ühendriikide võistkonna lõppskooriga 16,5: 10,5 Le Golf Nationalis väljaspool Pariisi.
USA on nüüd Euroopa pinnal kaotanud kuus järjestikust korda ega ole alates 1993. aastast Euroopas Ryderi karikat võitnud.
Euroopa sai krooni tagasi, sest taanlasest kapten Thomas Bjorni meeskond jõudis 14,5 punktini, mida nad pidid Ameerika Ühendriike võitma.
USA staar Phil Mickelson, kes võitles suurema osa turneest, põrutas par-3 16.augustil vette, andes oma matši Francesco Molinarile.
Itaalia golfiäss Molinari säras kõigis oma voorudes, muutudes 1--4 mängijaks, kes pärast turniiri praeguse formaadi algust 1979.
Ameeriklane Jordan Spieth puhus Euroopa võistkonna kõige madalama asetusega mängija Thorbjorn Oleseni (etas 5&4).
Maailma esireket Dustin Johnson langes kahe- ja 1-aastaseks Ian Poulterile Inglismaalt, kes võis mängida oma viimasel Ryder Cup'il.
Kaheksa Ryderi karika veteran, hispaanlane Sergio Garcia sai 25,5 karjäärpunktiga kõigi aegade edukaimaks eurooplaseks.
"Mina tavaliselt ei nuta, aga täna ei saa ma seda aidata.
On olnud tormiline aasta.
Nii tänulik, et Toomas mind valis ja minusse usub.
Mul on nii hea meel karikas.
Tegemist on tiimiga ja mul on hea meel, et suutsin aidata, "ütles emotsionaalne Garcia pärast Euroopa võitu.
Pühapäeval annab ta üle oma kaasmaalasele John Ramile USA golfi legendi Tiger Woodsi 2&1.
"Uskumatu uhkus, mida ma Tiger Woodsi pekstes tundsin, kasvasin selle poisi vaatamiseks üles," ütles 23-aastane Rahm.
Woods kaotas kõik neli oma matši Prantsusmaal ja on nüüd rekord 13-21-3 Karjääri Ryder Cupi rekord.
Kummaline statistik kõigi aegade üks suurimaid mängijaid, olles võitnud 14 suurt tiitel sekundis vaid Jack Nicklausile.
Meeskond USA võitles terve nädalavahetuse selle nimel, et leida rada, välja arvatud Patrick Reed, Justin Thomas ja Tony Finau, kes mängisid kogu turniiri vältel kõrg-kaliibrilist golfi.
USA Kapten Jim Furyk kõneles pärast pettumust valmistavat etteteatiivset etendust: "Olen nende poiste üle uhke, nad võitlesid.
Täna hommikul oli aeg, kui panime Euroopale veidi soojust.
Me loobusime.
Hüvasti Toomas.
Ta on suurepärane kapten.
Kõik 12 tema mängijat mängisid väga hästi.
Gümnaasume ümber, ma töötan Ameerika PGA ja meie Ryder Cupi komiteega ning me liigume edasi.
Ma armastan neid 12 poissi ja olen uhke, et teenin end kaptenina.
Sa pead näppima oma korki.
Hakkasime endast jagu saama. "
Red Tide Update: Kontsentraktsioonide vähenemine Pinellas, Manatees ja Sarasotas
Florida kala- ja eluslooduse komisjoni uusim aruanne näitab, et Tampa lahe piirkonna osades on Red Tide kontsentratsioon üldiselt vähenenud.
FWC teatel teatatakse Pinellasi, Manatee, Sarasota, Charlotte'i ja Collieri maakondades lapitumatest õiematest õitsvatest tingimustest, mis viitab kontsentratsiooni vähenemisele.
Punane Tide laieneb umbes 130 kilomeetrit rannajoont Põhja-Pinellasest Lõuna-Lee maakonda.
Plahvatusi võib leida Hillsborough' krahvkonnast umbes 10 miili kaugusel, kuid võrreldes eelmise nädala platsidega.
Pasco maakonnas on täheldatud ka Pasco maakonnas.
Pinellase krahvkonna keskmise sörgi kontsentratsioonist või avamerest on viimase nädala jooksul teatatud madalast, suurest kontsentratsioonist Hillsborough krahvkonnas, kõrge ööhulkuse taustast Sarasota krahv'i maakonnas või avamerest ning madalast kontsentratsioonist Sarasota maakonnas keskmise kontsentratsiooniga ning madalast kontsentratsioonist Coleri maakonnas.
Respireeritud ärritusest on jätkuvalt teatatud Pinellase, Manatee, Sarasota, Lee ja Collieri maakondades.
Respireerivat ärritust Florida Loode-Floridas viimase nädala jooksul ei teatatud.
